source,target,score,prediction
tranco_benign_proxy,0,0.3902274433244832,0
phishtank,1,0.232699723111053,0
phishtank,1,0.8999846437564107,1
phishtank,1,0.986849820455164,1
phishtank,1,0.9968541274511663,1
phishtank,1,0.9680117932308057,1
phishtank,1,0.6418862663005832,0
tranco_benign_proxy,0,0.7287037552161554,0
tranco_benign_proxy,0,0.32077537781040305,0
tranco_benign_proxy,0,0.5927188226375824,0
phishtank,1,0.8454432179102268,1
phishtank,1,0.05715589811506061,0
phishtank,1,0.9770965402591358,1
phishtank,1,0.997793715208948,1
tranco_benign_proxy,0,0.6175388987650215,0
tranco_benign_proxy,0,0.08022527684039617,0
phishtank,1,0.9860912700757548,1
tranco_benign_proxy,0,0.23325243955040387,0
tranco_benign_proxy,0,0.9414243129734013,1
phishtank,1,0.8807710766244231,1
tranco_benign_proxy,0,0.1040972761596081,0
tranco_benign_proxy,0,0.06788028981199289,0
phishtank,1,0.9714384930848566,1
phishtank,1,0.9478383073722435,1
phishtank,1,0.9981636149641069,1
phishtank,1,0.8169688624219168,1
tranco_benign_proxy,0,0.07342534182177887,0
tranco_benign_proxy,0,0.8644412723611615,1
tranco_benign_proxy,0,0.20992105766754263,0
phishtank,1,0.9899092411565934,1
tranco_benign_proxy,0,0.23382740342544348,0
phishtank,1,0.9994213488569874,1
phishtank,1,0.9988266305694355,1
tranco_benign_proxy,0,0.16876333958052692,0
tranco_benign_proxy,0,0.7282592670318914,0
tranco_benign_proxy,0,0.09227990359797365,0
phishtank,1,0.9995610983879392,1
tranco_benign_proxy,0,0.15079820337883174,0
phishtank,1,0.10270497232345531,0
phishtank,1,0.3909708529745754,0
phishtank,1,0.9985208016096381,1
phishtank,1,0.9983530485398056,1
phishtank,1,0.055550310219828716,0
tranco_benign_proxy,0,0.940380806185949,1
phishtank,1,0.9992290882921625,1
tranco_benign_proxy,0,0.11904469771535238,0
phishtank,1,0.2529141987557379,0
phishtank,1,0.9987963733177273,1
tranco_benign_proxy,0,0.8131289820816407,1
phishtank,1,0.9902964898592148,1
tranco_benign_proxy,0,0.8763115804939458,1
tranco_benign_proxy,0,0.00506610110348453,0
phishtank,1,0.998376678038641,1
phishtank,1,0.999329762262065,1
tranco_benign_proxy,0,0.2533072543831959,0
tranco_benign_proxy,0,0.07152502911672799,0
tranco_benign_proxy,0,0.43423338763321606,0
tranco_benign_proxy,0,0.6008940083816174,0
tranco_benign_proxy,0,0.2949895532749821,0
phishtank,1,0.999634059811021,1
tranco_benign_proxy,0,0.14385441093319407,0
phishtank,1,0.9976502113895385,1
tranco_benign_proxy,0,0.1486595978849425,0
tranco_benign_proxy,0,0.07495203453216477,0
phishtank,1,0.9945595719332819,1
tranco_benign_proxy,0,0.9017409796864664,1
tranco_benign_proxy,0,0.012954766974309731,0
phishtank,1,0.9925655592640673,1
phishtank,1,0.9809149319303487,1
tranco_benign_proxy,0,0.23529919357742177,0
phishtank,1,0.9972590493445885,1
tranco_benign_proxy,0,0.09400248101467161,0
phishtank,1,0.9998898400773042,1
tranco_benign_proxy,0,0.3201567266338564,0
phishtank,1,0.998263998150069,1
phishtank,1,0.9999524776952815,1
phishtank,1,0.7324643612994473,0
tranco_benign_proxy,0,0.21409109481607738,0
tranco_benign_proxy,0,0.3647291976058232,0
tranco_benign_proxy,0,0.4861928501201756,0
tranco_benign_proxy,0,0.9232228099523707,1
tranco_benign_proxy,0,0.9793837688766736,1
tranco_benign_proxy,0,0.2553624389434488,0
phishtank,1,0.3831848394439441,0
phishtank,1,0.8780978491463969,1
tranco_benign_proxy,0,0.6825689765672546,0
phishtank,1,0.9981411620997557,1
phishtank,1,0.9473101203256743,1
tranco_benign_proxy,0,0.8391937597911558,1
tranco_benign_proxy,0,0.03381815304919318,0
tranco_benign_proxy,0,0.12560523455485445,0
phishtank,1,0.9987393635058054,1
tranco_benign_proxy,0,0.535994287606111,0
tranco_benign_proxy,0,0.7265004672652073,0
phishtank,1,0.7875324996835752,1
phishtank,1,0.9972806630345449,1
tranco_benign_proxy,0,0.20746036034515683,0
phishtank,1,0.946915426053027,1
tranco_benign_proxy,0,0.21022680527299545,0
phishtank,1,0.9979206824138906,1
tranco_benign_proxy,0,0.6436355203462728,0
tranco_benign_proxy,0,0.10605871743508306,0
phishtank,1,0.8275557076703923,1
tranco_benign_proxy,0,0.16616403041492378,0
tranco_benign_proxy,0,0.10462507505544161,0
tranco_benign_proxy,0,0.3096562532061002,0
tranco_benign_proxy,0,0.811450862444195,1
phishtank,1,0.9983615267176835,1
phishtank,1,0.99999211333603,1
phishtank,1,0.993991158679077,1
tranco_benign_proxy,0,0.5640260126796142,0
tranco_benign_proxy,0,0.9449509015290337,1
tranco_benign_proxy,0,0.21567472753686792,0
phishtank,1,0.21491894419743507,0
phishtank,1,0.08002368467048447,0
tranco_benign_proxy,0,0.9435444811439171,1
tranco_benign_proxy,0,0.032190638701668946,0
tranco_benign_proxy,0,0.3993145917240585,0
tranco_benign_proxy,0,0.30577486940832316,0
tranco_benign_proxy,0,0.6041124404174686,0
phishtank,1,0.8735075655484853,1
tranco_benign_proxy,0,0.22620134858760887,0
tranco_benign_proxy,0,0.5773075545556791,0
tranco_benign_proxy,0,0.09721410585782514,0
phishtank,1,0.29538099535593504,0
phishtank,1,0.9999533448340832,1
tranco_benign_proxy,0,0.9955498223346924,1
phishtank,1,0.9999900672759374,1
tranco_benign_proxy,0,0.9743029873801616,1
phishtank,1,0.2191453860970814,0
phishtank,1,0.13848780273039224,0
phishtank,1,0.995967693405475,1
phishtank,1,0.9986958673815053,1
phishtank,1,0.9863980148131838,1
phishtank,1,0.9914944199569554,1
phishtank,1,0.9948570248793055,1
tranco_benign_proxy,0,0.7097250768157524,0
phishtank,1,0.9989472699467399,1
tranco_benign_proxy,0,0.48988346805057637,0
tranco_benign_proxy,0,0.007352699809319108,0
phishtank,1,0.9969597390991898,1
phishtank,1,0.972023118676664,1
phishtank,1,0.9932572427368238,1
phishtank,1,0.9999656985931259,1
tranco_benign_proxy,0,0.7643559876623515,0
tranco_benign_proxy,0,0.8611002596702427,1
tranco_benign_proxy,0,0.07724703569747321,0
phishtank,1,0.5961552376672715,0
tranco_benign_proxy,0,0.06047186489602848,0
phishtank,1,0.9695434839932082,1
tranco_benign_proxy,0,0.3602728088923325,0
tranco_benign_proxy,0,0.9949637739779564,1
phishtank,1,0.9998279958381546,1
phishtank,1,0.9999172353418696,1
phishtank,1,0.9992460198735155,1
phishtank,1,0.999851918739416,1
phishtank,1,0.7072814277611037,0
phishtank,1,0.1392213238560878,0
phishtank,1,0.9983648928926813,1
phishtank,1,0.9947299303228402,1
tranco_benign_proxy,0,0.30764111448139825,0
tranco_benign_proxy,0,0.8368229956420427,1
phishtank,1,0.9954903483503996,1
tranco_benign_proxy,0,0.3157985777636873,0
tranco_benign_proxy,0,0.11113617022690397,0
tranco_benign_proxy,0,0.993491513062812,1
tranco_benign_proxy,0,0.6445757253212491,0
tranco_benign_proxy,0,0.21146624831524144,0
tranco_benign_proxy,0,0.9747529444755295,1
tranco_benign_proxy,0,0.6299134380946092,0
tranco_benign_proxy,0,0.3288109101896651,0
tranco_benign_proxy,0,0.031312261429155844,0
tranco_benign_proxy,0,0.06729759033126055,0
phishtank,1,0.9691781923507762,1
phishtank,1,0.02248319181352794,0
phishtank,1,0.9484891316117826,1
phishtank,1,0.6381643316939812,0
phishtank,1,0.9970291371321623,1
phishtank,1,0.7877963889608978,1
phishtank,1,0.9975565546864247,1
phishtank,1,0.9011018755575436,1
tranco_benign_proxy,0,0.16657549087600038,0
phishtank,1,0.9877152451065819,1
tranco_benign_proxy,0,0.5625430359262413,0
tranco_benign_proxy,0,0.7953045874737428,1
phishtank,1,0.9862138202627198,1
phishtank,1,0.8281945626222398,1
phishtank,1,0.15583284407556777,0
phishtank,1,0.9856692171544084,1
phishtank,1,0.9937001622676037,1
phishtank,1,0.9124734537696141,1
phishtank,1,0.9772110524085105,1
phishtank,1,0.982617381801807,1
tranco_benign_proxy,0,0.018671137207855376,0
tranco_benign_proxy,0,0.7880019262522551,1
phishtank,1,0.6745116096718927,0
tranco_benign_proxy,0,0.3482419334936263,0
phishtank,1,0.873523793639574,1
phishtank,1,0.9904307797776699,1
tranco_benign_proxy,0,0.4399585097668998,0
tranco_benign_proxy,0,0.7104346299287041,0
tranco_benign_proxy,0,0.4035710738312623,0
phishtank,1,0.6020572885078209,0
phishtank,1,0.9906213688873694,1
phishtank,1,0.9974639209789212,1
phishtank,1,0.9604763510250635,1
phishtank,1,0.9381247179036089,1
phishtank,1,0.9987673166712007,1
tranco_benign_proxy,0,0.7567938875630057,0
tranco_benign_proxy,0,0.2089132463681967,0
phishtank,1,0.9970271897602271,1
tranco_benign_proxy,0,0.14469494930019808,0
phishtank,1,0.3105674963708182,0
phishtank,1,0.7821050215333681,1
tranco_benign_proxy,0,0.12064582704454566,0
tranco_benign_proxy,0,0.6205113627932138,0
phishtank,1,0.9998373828727201,1
phishtank,1,0.9882251886297911,1
tranco_benign_proxy,0,0.9818573914805425,1
phishtank,1,0.9946438592922187,1
phishtank,1,0.7614346561374077,0
tranco_benign_proxy,0,0.36293762148743425,0
tranco_benign_proxy,0,0.053867101829014684,0
phishtank,1,0.9998390907822027,1
tranco_benign_proxy,0,0.8322152779376923,1
tranco_benign_proxy,0,0.21787716885402353,0
tranco_benign_proxy,0,0.6405572481722992,0
tranco_benign_proxy,0,0.23825774822338353,0
tranco_benign_proxy,0,0.48034319273425985,0
phishtank,1,0.9998194859648041,1
phishtank,1,0.6933791615142401,0
phishtank,1,0.9999828842847638,1
phishtank,1,0.994881512179593,1
tranco_benign_proxy,0,0.109656962388309,0
phishtank,1,0.9999254161131156,1
tranco_benign_proxy,0,0.349452859771537,0
phishtank,1,0.9388092615010315,1
phishtank,1,0.9959743284086866,1
tranco_benign_proxy,0,0.12801476757459176,0
tranco_benign_proxy,0,0.14060567631398851,0
tranco_benign_proxy,0,0.11230432455119509,0
phishtank,1,0.9645587936050442,1
phishtank,1,0.9998119249654951,1
tranco_benign_proxy,0,0.6656673313429847,0
tranco_benign_proxy,0,0.3425085928615577,0
phishtank,1,0.9866944550156407,1
phishtank,1,0.9996681678368062,1
tranco_benign_proxy,0,0.019303190181829154,0
tranco_benign_proxy,0,0.5376193348117398,0
phishtank,1,0.8203788804917589,1
phishtank,1,0.9908668899390465,1
tranco_benign_proxy,0,0.08257716623670135,0
phishtank,1,0.9976348098301077,1
tranco_benign_proxy,0,0.2730182810477004,0
phishtank,1,0.9928908036558747,1
tranco_benign_proxy,0,0.8748274023030309,1
phishtank,1,0.4414394795562806,0
tranco_benign_proxy,0,0.9969361376727379,1
tranco_benign_proxy,0,0.23686892132050708,0
phishtank,1,0.9923808407835489,1
phishtank,1,0.999674672843401,1
phishtank,1,0.9995548207041797,1
tranco_benign_proxy,0,0.25388705185393506,0
phishtank,1,0.47609648703940194,0
tranco_benign_proxy,0,0.08116225650597265,0
phishtank,1,0.9961990747511678,1
phishtank,1,0.9946750870833433,1
tranco_benign_proxy,0,0.07711227689525284,0
phishtank,1,0.9972957175086756,1
tranco_benign_proxy,0,0.19186735863056162,0
tranco_benign_proxy,0,0.35195316520916875,0
tranco_benign_proxy,0,0.7251294850017516,0
phishtank,1,0.3477475244602086,0
tranco_benign_proxy,0,0.029513031222575762,0
phishtank,1,0.9934993439448209,1
tranco_benign_proxy,0,0.6222152881118496,0
phishtank,1,0.857586422749039,1
phishtank,1,0.9715188765980081,1
tranco_benign_proxy,0,0.08363222845842838,0
phishtank,1,0.9003015744609887,1
tranco_benign_proxy,0,0.13336425536224916,0
phishtank,1,0.9932451645508514,1
phishtank,1,0.984932428497855,1
tranco_benign_proxy,0,0.6175497593637889,0
phishtank,1,0.9900599491200557,1
tranco_benign_proxy,0,0.16870878159983613,0
tranco_benign_proxy,0,0.049375474508892424,0
phishtank,1,0.9992943993621396,1
tranco_benign_proxy,0,0.544259471614095,0
tranco_benign_proxy,0,0.10370000879293526,0
tranco_benign_proxy,0,0.11609962221273672,0
tranco_benign_proxy,0,0.8426690698497453,1
tranco_benign_proxy,0,0.09888243010657047,0
tranco_benign_proxy,0,0.7052634416710091,0
tranco_benign_proxy,0,0.019174222050297774,0
tranco_benign_proxy,0,0.4519215894788218,0
tranco_benign_proxy,0,0.28947063232687625,0
phishtank,1,0.9502545133627779,1
tranco_benign_proxy,0,0.2918008092739288,0
tranco_benign_proxy,0,0.13761761590050256,0
phishtank,1,0.9975062910797337,1
phishtank,1,0.9989612192655203,1
tranco_benign_proxy,0,0.3993764260529463,0
tranco_benign_proxy,0,0.9859115462651261,1
tranco_benign_proxy,0,0.7990650292023475,1
tranco_benign_proxy,0,0.40031839811421976,0
tranco_benign_proxy,0,0.13136393313957123,0
tranco_benign_proxy,0,0.7667899670078338,0
phishtank,1,0.36693751133124447,0
phishtank,1,0.9988558906785105,1
tranco_benign_proxy,0,0.00021750529356322202,0
phishtank,1,0.6029593664152596,0
tranco_benign_proxy,0,0.8817913133253343,1
tranco_benign_proxy,0,0.8086930990406012,1
phishtank,1,0.9821028309818172,1
phishtank,1,0.9814429809253433,1
phishtank,1,0.9140515281926042,1
tranco_benign_proxy,0,0.22662469381467226,0
tranco_benign_proxy,0,0.417053782722967,0
tranco_benign_proxy,0,0.926348939032264,1
tranco_benign_proxy,0,0.16566966158053556,0
tranco_benign_proxy,0,0.9778655850988383,1
tranco_benign_proxy,0,0.025099233231334925,0
tranco_benign_proxy,0,0.1531219774657943,0
phishtank,1,0.9953570186758101,1
phishtank,1,0.9978385230004664,1
phishtank,1,0.9916677756786817,1
phishtank,1,0.9678964750503902,1
tranco_benign_proxy,0,0.9816761976735165,1
phishtank,1,0.3428142137881034,0
phishtank,1,0.8288969223046998,1
tranco_benign_proxy,0,0.23000733077336502,0
tranco_benign_proxy,0,0.02863643493240628,0
tranco_benign_proxy,0,0.6610186132500278,0
phishtank,1,0.998563473888357,1
phishtank,1,0.9813700318439947,1
tranco_benign_proxy,0,0.53374401742402,0
phishtank,1,0.7541359102303417,0
tranco_benign_proxy,0,0.13063898659077708,0
phishtank,1,0.9992774441156606,1
phishtank,1,0.9988002728584483,1
tranco_benign_proxy,0,0.05551290851818092,0
tranco_benign_proxy,0,0.015441591459779604,0
phishtank,1,0.9972199427728977,1
tranco_benign_proxy,0,0.19845753065221805,0
tranco_benign_proxy,0,0.7063799121357098,0
tranco_benign_proxy,0,0.6622562727240052,0
phishtank,1,0.4228264335520071,0
tranco_benign_proxy,0,0.310571204303951,0
phishtank,1,0.9992158084290836,1
tranco_benign_proxy,0,0.4696937860152815,0
tranco_benign_proxy,0,0.8577864188656501,1
tranco_benign_proxy,0,0.6422989236060744,0
phishtank,1,0.5963507316165588,0
phishtank,1,0.9543013123963381,1
phishtank,1,0.34263960288323525,0
phishtank,1,0.27885139504704437,0
tranco_benign_proxy,0,0.5638365292530595,0
tranco_benign_proxy,0,0.21193583536399754,0
phishtank,1,0.9816530028681327,1
tranco_benign_proxy,0,0.28895143858662786,0
tranco_benign_proxy,0,0.1005052536693782,0
phishtank,1,0.9934969130386568,1
tranco_benign_proxy,0,0.2557943738804262,0
phishtank,1,0.9910950171767486,1
phishtank,1,0.9998865130259609,1
tranco_benign_proxy,0,0.376959576674385,0
tranco_benign_proxy,0,0.4008038514529961,0
tranco_benign_proxy,0,0.13057552791857632,0
phishtank,1,0.8219646951177519,1
phishtank,1,0.965871390291341,1
tranco_benign_proxy,0,0.05147609146348051,0
phishtank,1,0.07015921806168625,0
tranco_benign_proxy,0,0.9647611527699684,1
tranco_benign_proxy,0,0.24963832024496857,0
phishtank,1,0.9983431815810627,1
tranco_benign_proxy,0,0.3598864903110152,0
phishtank,1,0.6813649481775332,0
tranco_benign_proxy,0,0.9727644931567696,1
phishtank,1,0.9869449643246977,1
tranco_benign_proxy,0,0.6852355595589587,0
phishtank,1,0.9981232960528705,1
tranco_benign_proxy,0,0.8113849655789569,1
tranco_benign_proxy,0,0.03359579705985164,0
tranco_benign_proxy,0,0.13994346175263586,0
phishtank,1,0.9992887436037254,1
phishtank,1,0.35668204054921937,0
tranco_benign_proxy,0,0.1081575207251756,0
phishtank,1,0.5537064601509206,0
tranco_benign_proxy,0,0.2651300490465012,0
phishtank,1,0.9385175400699831,1
phishtank,1,0.9973112095756462,1
phishtank,1,0.9974447349644487,1
tranco_benign_proxy,0,0.3274299822725723,0
tranco_benign_proxy,0,0.7060321895368707,0
tranco_benign_proxy,0,0.10220688294263522,0
tranco_benign_proxy,0,0.8633790239285413,1
phishtank,1,0.8122999237837443,1
phishtank,1,0.9978873054272698,1
phishtank,1,0.9847217630957508,1
phishtank,1,0.9999820862990019,1
phishtank,1,0.9985768251334325,1
tranco_benign_proxy,0,0.5532342565454775,0
tranco_benign_proxy,0,0.12099512136524387,0
phishtank,1,0.846336976347798,1
phishtank,1,0.8229600936332685,1
phishtank,1,0.9999459182526158,1
phishtank,1,0.4862955197280719,0
phishtank,1,0.4786699713025198,0
phishtank,1,0.9980007124285465,1
tranco_benign_proxy,0,0.6160447312416459,0
tranco_benign_proxy,0,0.13602403151057832,0
tranco_benign_proxy,0,0.17368970381405557,0
phishtank,1,0.9979279480560083,1
phishtank,1,0.7070265835275615,0
tranco_benign_proxy,0,0.5994598450776584,0
phishtank,1,0.9999527008090016,1
tranco_benign_proxy,0,0.440426414980485,0
phishtank,1,0.9994019617654568,1
tranco_benign_proxy,0,0.2289566812150671,0
phishtank,1,0.9962181628420844,1
tranco_benign_proxy,0,0.2549705041234665,0
phishtank,1,0.9834124823497825,1
tranco_benign_proxy,0,0.28283958692918604,0
phishtank,1,0.9695856641445939,1
phishtank,1,0.9768898103929902,1
tranco_benign_proxy,0,0.898416174143647,1
phishtank,1,0.9988491958462183,1
tranco_benign_proxy,0,0.6823067501043966,0
tranco_benign_proxy,0,0.11746957379280021,0
phishtank,1,0.8980822115987874,1
phishtank,1,0.9784263862317759,1
tranco_benign_proxy,0,0.5154005674332368,0
phishtank,1,0.8845112995851955,1
phishtank,1,0.8849550072795982,1
tranco_benign_proxy,0,0.08942748845593412,0
tranco_benign_proxy,0,0.05271288550871577,0
phishtank,1,0.9465950251705456,1
tranco_benign_proxy,0,0.9894498783122009,1
tranco_benign_proxy,0,0.21234958773931464,0
phishtank,1,0.9946874733915017,1
phishtank,1,0.3986504694153432,0
phishtank,1,0.45158769842686997,0
phishtank,1,0.9915582322147259,1
tranco_benign_proxy,0,0.5552261330257101,0
tranco_benign_proxy,0,0.022174000223118166,0
tranco_benign_proxy,0,0.8786615538924595,1
tranco_benign_proxy,0,0.9832994735848206,1
tranco_benign_proxy,0,0.07171708181408805,0
phishtank,1,0.4279254063319467,0
phishtank,1,0.991056130414937,1
tranco_benign_proxy,0,0.21487394279784341,0
tranco_benign_proxy,0,0.047359040740464604,0
tranco_benign_proxy,0,0.030744480351384842,0
phishtank,1,0.9811924911137181,1
tranco_benign_proxy,0,0.31333458752142085,0
phishtank,1,0.9588264982214727,1
tranco_benign_proxy,0,0.13827560975313302,0
tranco_benign_proxy,0,0.14160622445884602,0
phishtank,1,0.9411579207393171,1
phishtank,1,0.9999736376427483,1
phishtank,1,0.9995760786328307,1
tranco_benign_proxy,0,0.9590157257259465,1
tranco_benign_proxy,0,0.9626964381292016,1
tranco_benign_proxy,0,0.18051316982003995,0
tranco_benign_proxy,0,0.4599235126716717,0
phishtank,1,0.9948981006288337,1
phishtank,1,0.9962679066648903,1
tranco_benign_proxy,0,0.9738547979436191,1
tranco_benign_proxy,0,0.03023271523123948,0
phishtank,1,0.9134684563191398,1
phishtank,1,0.7568231861668165,0
phishtank,1,0.9903805555782893,1
tranco_benign_proxy,0,0.11020322412013783,0
tranco_benign_proxy,0,0.8924933212979101,1
tranco_benign_proxy,0,0.15969553351319477,0
tranco_benign_proxy,0,0.2435654075941516,0
tranco_benign_proxy,0,0.5299907191948368,0
phishtank,1,0.9999730880088743,1
phishtank,1,0.7716312411195738,1
tranco_benign_proxy,0,0.4575367436609343,0
phishtank,1,0.9317690567742395,1
phishtank,1,0.9597382948011097,1
phishtank,1,0.9965559152663656,1
tranco_benign_proxy,0,0.4288107626003981,0
phishtank,1,0.9998684132070453,1
phishtank,1,0.6988990955407111,0
tranco_benign_proxy,0,0.5208074485191871,0
tranco_benign_proxy,0,0.8635621847091907,1
tranco_benign_proxy,0,0.09823706582475245,0
tranco_benign_proxy,0,0.19301213892655752,0
phishtank,1,0.9894281204444717,1
tranco_benign_proxy,0,0.27412226231274733,0
phishtank,1,0.9959139068532905,1
phishtank,1,0.9980216689922662,1
tranco_benign_proxy,0,0.020930696223505955,0
tranco_benign_proxy,0,0.78640193810128,1
tranco_benign_proxy,0,0.26149165281119047,0
tranco_benign_proxy,0,0.253700758139217,0
tranco_benign_proxy,0,0.6994105446889483,0
phishtank,1,0.35602054954280316,0
phishtank,1,0.9971667450116934,1
tranco_benign_proxy,0,0.7054294118134119,0
phishtank,1,0.9963782084591181,1
phishtank,1,0.9708174123120162,1
phishtank,1,0.9999721010232784,1
phishtank,1,0.9967827213337948,1
phishtank,1,0.35199631310003304,0
phishtank,1,0.9997707455784152,1
phishtank,1,0.9688274684918905,1
phishtank,1,0.9158879719684262,1
phishtank,1,0.9896202622614124,1
phishtank,1,0.9957020762060514,1
phishtank,1,0.9983480590613123,1
tranco_benign_proxy,0,0.5288130636891221,0
tranco_benign_proxy,0,0.6404585266282666,0
tranco_benign_proxy,0,0.748973040955073,0
tranco_benign_proxy,0,0.2540423922566108,0
tranco_benign_proxy,0,0.8027731407627282,1
phishtank,1,0.921601779306943,1
phishtank,1,0.9998271510810799,1
tranco_benign_proxy,0,0.2193514912869508,0
phishtank,1,0.997937942249341,1
tranco_benign_proxy,0,0.643093378280057,0
tranco_benign_proxy,0,0.029595737174191842,0
tranco_benign_proxy,0,0.028708527806920556,0
phishtank,1,0.999249626746523,1
phishtank,1,0.9483807335905177,1
phishtank,1,0.965188795791896,1
tranco_benign_proxy,0,0.893560294705498,1
phishtank,1,0.996598251169057,1
tranco_benign_proxy,0,0.2238024361647869,0
tranco_benign_proxy,0,0.1727186936657731,0
phishtank,1,0.999778625670475,1
phishtank,1,0.9706967865277455,1
tranco_benign_proxy,0,0.2448138912101452,0
phishtank,1,0.9370963589618576,1
phishtank,1,0.9995643418475948,1
tranco_benign_proxy,0,0.36328499974754447,0
phishtank,1,0.28769673563887005,0
tranco_benign_proxy,0,0.369138511631977,0
phishtank,1,0.9996280347202505,1
phishtank,1,0.02020174116543773,0
phishtank,1,0.41855036138351503,0
phishtank,1,0.955576419054913,1
tranco_benign_proxy,0,0.05645678958267065,0
tranco_benign_proxy,0,0.13903906337327257,0
tranco_benign_proxy,0,0.08482336792814421,0
phishtank,1,0.8878657890541355,1
phishtank,1,0.875459774020661,1
phishtank,1,0.9976990105709435,1
phishtank,1,0.9546687550208377,1
tranco_benign_proxy,0,0.4644399953911205,0
tranco_benign_proxy,0,0.9113829516216294,1
phishtank,1,0.9970732145303804,1
phishtank,1,0.33237383989423736,0
tranco_benign_proxy,0,0.7145336654168787,0
tranco_benign_proxy,0,0.022697063687905653,0
phishtank,1,0.9975528871359575,1
phishtank,1,0.9990604038482573,1
phishtank,1,0.9993502343638604,1
phishtank,1,0.9993727500544926,1
tranco_benign_proxy,0,0.9199748269439276,1
phishtank,1,0.9674275849126855,1
phishtank,1,0.9976580474263705,1
phishtank,1,0.9985381498489025,1
tranco_benign_proxy,0,0.21684603577064876,0
tranco_benign_proxy,0,0.10925168473890227,0
phishtank,1,0.9976825136571356,1
phishtank,1,0.9999084872472948,1
tranco_benign_proxy,0,0.04534972062473308,0
tranco_benign_proxy,0,0.2743061672987975,0
tranco_benign_proxy,0,0.6432155415024501,0
tranco_benign_proxy,0,0.21884631664159887,0
phishtank,1,0.9701144002157823,1
tranco_benign_proxy,0,0.10853171032876187,0
tranco_benign_proxy,0,0.4471197713587094,0
tranco_benign_proxy,0,0.7050074535882113,0
tranco_benign_proxy,0,0.17773046088909467,0
phishtank,1,0.9968636585666966,1
tranco_benign_proxy,0,0.04587890189543315,0
tranco_benign_proxy,0,0.09281627402595255,0
tranco_benign_proxy,0,0.20113861331274774,0
phishtank,1,0.937895657409211,1
tranco_benign_proxy,0,0.16839589100963256,0
tranco_benign_proxy,0,0.8830238691049817,1
phishtank,1,0.6635872921010055,0
tranco_benign_proxy,0,0.9878583175240926,1
tranco_benign_proxy,0,0.0069963641672288555,0
tranco_benign_proxy,0,0.06032792704332429,0
phishtank,1,0.9897866811087856,1
phishtank,1,0.3629393242057816,0
tranco_benign_proxy,0,0.07006120475544955,0
tranco_benign_proxy,0,0.009556814526185618,0
tranco_benign_proxy,0,0.29949323854724674,0
tranco_benign_proxy,0,0.03239047644545742,0
phishtank,1,0.9342975227464152,1
tranco_benign_proxy,0,0.13899981753349452,0
phishtank,1,0.9876072644512689,1
phishtank,1,0.9939169125556088,1
phishtank,1,0.9983282793331705,1
phishtank,1,0.971499681274288,1
tranco_benign_proxy,0,0.5285023849803451,0
tranco_benign_proxy,0,0.39075445283973725,0
tranco_benign_proxy,0,0.9796966222651999,1
phishtank,1,0.8339126126101634,1
phishtank,1,0.9995072670561085,1
phishtank,1,0.48453415724757953,0
phishtank,1,0.9888078310525741,1
phishtank,1,0.999523285328845,1
phishtank,1,0.9980808256646541,1
tranco_benign_proxy,0,0.630214716900153,0
phishtank,1,0.9561276106839942,1
phishtank,1,0.9917709005903159,1
phishtank,1,0.985991425773202,1
phishtank,1,0.9994349804653263,1
phishtank,1,0.9957793939003518,1
tranco_benign_proxy,0,0.3842037429457526,0
phishtank,1,0.9519500728836382,1
phishtank,1,0.9974814796738863,1
phishtank,1,0.9272791639455784,1
tranco_benign_proxy,0,0.17808755935569462,0
phishtank,1,0.9984345692747295,1
tranco_benign_proxy,0,0.45597030253204746,0
phishtank,1,0.3428002904334414,0
tranco_benign_proxy,0,0.05609084436699609,0
phishtank,1,0.9945118774646968,1
tranco_benign_proxy,0,0.4743356573346765,0
tranco_benign_proxy,0,0.3935218168075349,0
phishtank,1,0.3061209485966628,0
tranco_benign_proxy,0,0.05450703234270572,0
tranco_benign_proxy,0,0.9990931418263966,1
phishtank,1,0.9998783459301717,1
phishtank,1,0.9927580956775259,1
tranco_benign_proxy,0,0.341227186570523,0
tranco_benign_proxy,0,0.00024653320588177545,0
tranco_benign_proxy,0,0.47307821710284126,0
tranco_benign_proxy,0,0.5563199716695577,0
tranco_benign_proxy,0,0.06971559080571343,0
tranco_benign_proxy,0,0.028078188903786744,0
tranco_benign_proxy,0,0.2650695953369007,0
tranco_benign_proxy,0,0.6803060138203622,0
tranco_benign_proxy,0,0.5209735588772121,0
tranco_benign_proxy,0,0.4328027033420502,0
tranco_benign_proxy,0,0.17244133644439283,0
tranco_benign_proxy,0,0.9863211422802778,1
phishtank,1,0.7494735418272856,0
phishtank,1,0.9984396923916005,1
phishtank,1,0.1821519119325524,0
phishtank,1,0.1221157413890536,0
phishtank,1,0.7104134352923772,0
phishtank,1,0.9915636562719317,1
phishtank,1,0.9987444258729584,1
tranco_benign_proxy,0,0.9645083675056603,1
phishtank,1,0.9988169804097415,1
tranco_benign_proxy,0,0.014337280942221366,0
tranco_benign_proxy,0,0.9908213708356933,1
phishtank,1,0.8786746536693091,1
tranco_benign_proxy,0,0.7290854301102747,0
tranco_benign_proxy,0,0.1573343159562608,0
phishtank,1,0.9932206870191128,1
tranco_benign_proxy,0,0.020404588383131007,0
tranco_benign_proxy,0,0.33304993200388977,0
phishtank,1,0.9976409663215744,1
tranco_benign_proxy,0,0.005074664143481139,0
tranco_benign_proxy,0,0.2976424476924481,0
phishtank,1,0.9916762555013003,1
phishtank,1,0.3598124779469948,0
phishtank,1,0.9973529340943673,1
tranco_benign_proxy,0,0.5261130983556622,0
tranco_benign_proxy,0,0.30172307152287126,0
phishtank,1,0.9838401402258244,1
phishtank,1,0.9943395732627128,1
phishtank,1,0.0912120283936257,0
phishtank,1,0.9981252084172703,1
phishtank,1,0.709491738430146,0
phishtank,1,0.8371596981646163,1
tranco_benign_proxy,0,0.2226085614611591,0
phishtank,1,0.9980461767334714,1
tranco_benign_proxy,0,0.2263404091466239,0
phishtank,1,0.9951523812247386,1
tranco_benign_proxy,0,0.17596841472449942,0
phishtank,1,0.9870947869072458,1
phishtank,1,0.9999333968189194,1
phishtank,1,0.9743560950989872,1
tranco_benign_proxy,0,0.32556634014978764,0
phishtank,1,0.9518300184797006,1
tranco_benign_proxy,0,0.8570794865581834,1
tranco_benign_proxy,0,0.5313309822067362,0
phishtank,1,0.9797706341637018,1
tranco_benign_proxy,0,0.21167434123848658,0
tranco_benign_proxy,0,0.9425940143836895,1
tranco_benign_proxy,0,0.8508329066838934,1
phishtank,1,0.9970765075951593,1
tranco_benign_proxy,0,0.31487996246112676,0
phishtank,1,0.9982169668499213,1
phishtank,1,0.9999401054195641,1
phishtank,1,0.9950295411530736,1
phishtank,1,0.6055189527281075,0
tranco_benign_proxy,0,0.19864960301413936,0
phishtank,1,0.9764434985263305,1
phishtank,1,0.9857085299021245,1
phishtank,1,0.9921356237048864,1
tranco_benign_proxy,0,0.17011680636567827,0
phishtank,1,0.9883161936898354,1
phishtank,1,0.9593130993501608,1
phishtank,1,0.64354000630411,0
phishtank,1,0.9982665032358782,1
phishtank,1,0.9982962887296695,1
phishtank,1,0.9938542788807221,1
phishtank,1,0.9852239057554634,1
tranco_benign_proxy,0,0.3063586420506191,0
phishtank,1,0.06411275950598837,0
tranco_benign_proxy,0,0.9481150992435018,1
phishtank,1,0.9784635154852697,1
tranco_benign_proxy,0,0.016932135252762145,0
phishtank,1,0.9727125457970776,1
tranco_benign_proxy,0,0.5623351798196763,0
phishtank,1,0.9952063620289023,1
phishtank,1,0.9929771952437918,1
tranco_benign_proxy,0,0.010297206233880212,0
tranco_benign_proxy,0,0.7413632201242243,0
tranco_benign_proxy,0,0.26761339765186604,0
tranco_benign_proxy,0,0.3121866329724651,0
phishtank,1,0.9977533143539042,1
tranco_benign_proxy,0,0.05258331972016159,0
tranco_benign_proxy,0,0.18174389619416578,0
tranco_benign_proxy,0,0.43381156900182144,0
tranco_benign_proxy,0,0.1760237269592379,0
tranco_benign_proxy,0,0.2958670129194865,0
tranco_benign_proxy,0,0.7225402111191467,0
phishtank,1,0.774082254846614,1
phishtank,1,0.9951853480134148,1
phishtank,1,0.9931272988728727,1
tranco_benign_proxy,0,0.05330461243196342,0
tranco_benign_proxy,0,0.05271965012743604,0
phishtank,1,0.9975529774967714,1
phishtank,1,0.9998967354568715,1
tranco_benign_proxy,0,0.20928694675205634,0
tranco_benign_proxy,0,0.8289744074532343,1
phishtank,1,0.3666346730319055,0
tranco_benign_proxy,0,0.8094255597667163,1
tranco_benign_proxy,0,0.9849942937960021,1
tranco_benign_proxy,0,0.0038476534001084797,0
phishtank,1,0.9996326420362008,1
phishtank,1,0.967170452046224,1
tranco_benign_proxy,0,0.30713928063221674,0
tranco_benign_proxy,0,0.9619467258217995,1
tranco_benign_proxy,0,0.034069772505477415,0
phishtank,1,0.950281203014413,1
tranco_benign_proxy,0,0.1827320741353092,0
tranco_benign_proxy,0,0.8191435102635656,1
phishtank,1,0.9994783352461245,1
tranco_benign_proxy,0,0.5267136560691952,0
phishtank,1,0.9803554074847747,1
tranco_benign_proxy,0,0.11765380242248237,0
phishtank,1,0.936141842832781,1
tranco_benign_proxy,0,0.06139174615774273,0
tranco_benign_proxy,0,0.05050564941317642,0
phishtank,1,0.6248506062065597,0
tranco_benign_proxy,0,0.8173620791580174,1
phishtank,1,0.22263199480607315,0
tranco_benign_proxy,0,0.9478628458596953,1
tranco_benign_proxy,0,0.9047366352281235,1
phishtank,1,0.0970495054327756,0
tranco_benign_proxy,0,0.3708220552842527,0
tranco_benign_proxy,0,0.26982329773441366,0
phishtank,1,0.9879086272703568,1
phishtank,1,0.9993235483835078,1
tranco_benign_proxy,0,0.24970820414861222,0
phishtank,1,0.9846364304474885,1
phishtank,1,0.6518389727531717,0
phishtank,1,0.7790275495227643,1
phishtank,1,0.999792676228403,1
tranco_benign_proxy,0,0.045103594935391275,0
phishtank,1,0.9998311765895086,1
tranco_benign_proxy,0,0.45311444753241187,0
phishtank,1,0.4235755737665462,0
phishtank,1,0.9484255477476569,1
phishtank,1,0.9972415791107426,1
phishtank,1,0.9595157328216771,1
tranco_benign_proxy,0,0.5197547675434412,0
tranco_benign_proxy,0,0.6077950105957297,0
phishtank,1,0.9535934221084205,1
tranco_benign_proxy,0,0.47105889604144785,0
phishtank,1,0.9991298770096055,1
phishtank,1,0.9965168892541124,1
phishtank,1,0.39035836112551764,0
phishtank,1,0.9266510064402619,1
tranco_benign_proxy,0,0.1303342031088625,0
tranco_benign_proxy,0,0.8849292623015877,1
phishtank,1,0.7773570409580038,1
phishtank,1,0.03142559726252376,0
tranco_benign_proxy,0,0.8524907464777781,1
tranco_benign_proxy,0,0.8509753812842115,1
tranco_benign_proxy,0,0.7861508992261493,1
phishtank,1,0.9994793276973654,1
tranco_benign_proxy,0,0.10616624911241611,0
tranco_benign_proxy,0,0.3891359589330075,0
tranco_benign_proxy,0,0.9828045063423585,1
tranco_benign_proxy,0,0.591080062863701,0
tranco_benign_proxy,0,0.8191417513654452,1
tranco_benign_proxy,0,0.5945312605632287,0
phishtank,1,0.8268915462402064,1
tranco_benign_proxy,0,0.3218660401796635,0
tranco_benign_proxy,0,0.5197644016796724,0
tranco_benign_proxy,0,0.9935783590244954,1
phishtank,1,0.8860916919662142,1
phishtank,1,0.9974258572493439,1
tranco_benign_proxy,0,0.09924129238843908,0
phishtank,1,0.9688002232699295,1
tranco_benign_proxy,0,0.11839435142031704,0
tranco_benign_proxy,0,0.4413089440467196,0
phishtank,1,0.9102738326246949,1
tranco_benign_proxy,0,0.1739155600840657,0
tranco_benign_proxy,0,0.10583826154792512,0
phishtank,1,0.9994745350727063,1
tranco_benign_proxy,0,0.16001293443253306,0
phishtank,1,0.24734717886755125,0
tranco_benign_proxy,0,0.6750583791495006,0
tranco_benign_proxy,0,0.8743511225537167,1
tranco_benign_proxy,0,0.8858629946728357,1
tranco_benign_proxy,0,0.5644519831155496,0
phishtank,1,0.06710285417225187,0
phishtank,1,0.9998987525114785,1
phishtank,1,0.5937316643281804,0
tranco_benign_proxy,0,0.2817396717003038,0
tranco_benign_proxy,0,0.4045398049366194,0
phishtank,1,0.42169857864416394,0
tranco_benign_proxy,0,0.20257189656835425,0
tranco_benign_proxy,0,0.10165803081008751,0
phishtank,1,0.9752767447509368,1
phishtank,1,0.9999475821845617,1
phishtank,1,0.9993865365613889,1
tranco_benign_proxy,0,0.24900115492647448,0
tranco_benign_proxy,0,0.8490278778807587,1
phishtank,1,0.9453162801086361,1
phishtank,1,0.9708993836765626,1
tranco_benign_proxy,0,0.08791708566006938,0
tranco_benign_proxy,0,0.1402293536234971,0
phishtank,1,0.9999119529692329,1
tranco_benign_proxy,0,0.651253941273268,0
phishtank,1,0.9903205015075265,1
phishtank,1,0.16829925355190056,0
phishtank,1,0.94090047914375,1
phishtank,1,0.9999968627216529,1
tranco_benign_proxy,0,0.34048941812486927,0
tranco_benign_proxy,0,0.15871238752553757,0
phishtank,1,0.9992206733632593,1
tranco_benign_proxy,0,0.9137928387915997,1
tranco_benign_proxy,0,0.5829544909510731,0
tranco_benign_proxy,0,0.09720590254606945,0
tranco_benign_proxy,0,0.8117666972970715,1
phishtank,1,0.9984563065777068,1
tranco_benign_proxy,0,0.20998971372463454,0
phishtank,1,0.9547878314881957,1
phishtank,1,0.9977374507219952,1
tranco_benign_proxy,0,0.34462122309073523,0
tranco_benign_proxy,0,0.09167101963451241,0
tranco_benign_proxy,0,0.5819702436472322,0
tranco_benign_proxy,0,0.7946961606721028,1
phishtank,1,0.9511325426602393,1
tranco_benign_proxy,0,0.06217651805655761,0
tranco_benign_proxy,0,0.40683970826191224,0
phishtank,1,0.9996368817364871,1
tranco_benign_proxy,0,0.9031884656917984,1
phishtank,1,0.9251075639431579,1
tranco_benign_proxy,0,0.7859595989901527,1
tranco_benign_proxy,0,0.7961643528758893,1
tranco_benign_proxy,0,0.2045323481643331,0
phishtank,1,0.9932614406390259,1
tranco_benign_proxy,0,0.1587506307985323,0
tranco_benign_proxy,0,0.83358767766538,1
phishtank,1,0.8026404461329073,1
phishtank,1,0.8424256324685807,1
phishtank,1,0.8840241450783729,1
phishtank,1,0.9998572528307506,1
phishtank,1,0.9897096302088126,1
tranco_benign_proxy,0,0.061697162011356624,0
phishtank,1,0.9937786921143439,1
phishtank,1,0.9338743688656117,1
phishtank,1,0.9968080065550644,1
phishtank,1,0.9892539800835735,1
tranco_benign_proxy,0,0.142413111237076,0
phishtank,1,0.9459994428952044,1
phishtank,1,0.9986046382162479,1
phishtank,1,0.9606673977738794,1
tranco_benign_proxy,0,0.38832245056086323,0
phishtank,1,0.7731516681695438,1
phishtank,1,0.9931060825983825,1
tranco_benign_proxy,0,0.07725298362772287,0
tranco_benign_proxy,0,0.11563697104604949,0
tranco_benign_proxy,0,0.7611747876522141,0
phishtank,1,0.30972372016558297,0
phishtank,1,0.1938973867443395,0
phishtank,1,0.9998050169592994,1
phishtank,1,0.9995542739611109,1
tranco_benign_proxy,0,0.8826378211520234,1
phishtank,1,0.9147159252783058,1
phishtank,1,0.998036603489071,1
tranco_benign_proxy,0,0.10925902432150716,0
tranco_benign_proxy,0,0.25026031284151873,0
tranco_benign_proxy,0,0.5731182173857589,0
phishtank,1,0.990229489762403,1
phishtank,1,0.9445315733141361,1
phishtank,1,0.7428916936143994,0
phishtank,1,0.9998116613436616,1
phishtank,1,0.9575288160766101,1
phishtank,1,0.593649220466992,0
tranco_benign_proxy,0,0.2315998778586554,0
tranco_benign_proxy,0,0.28813783452083996,0
tranco_benign_proxy,0,0.35552279539136905,0
tranco_benign_proxy,0,0.3602811832366615,0
tranco_benign_proxy,0,0.577895984335759,0
phishtank,1,0.9715630878218399,1
phishtank,1,0.20851177150807512,0
tranco_benign_proxy,0,0.9631975740021935,1
phishtank,1,0.9977371097350891,1
phishtank,1,0.9874865944645606,1
tranco_benign_proxy,0,0.9432228097299159,1
phishtank,1,0.9986204528376185,1
phishtank,1,0.9606582558502555,1
tranco_benign_proxy,0,0.006458271067558575,0
phishtank,1,0.5373272068429339,0
tranco_benign_proxy,0,0.10225991789884993,0
phishtank,1,0.47641128362922497,0
phishtank,1,0.9730654482513482,1
tranco_benign_proxy,0,0.8627029242556414,1
tranco_benign_proxy,0,0.11661702332604382,0
phishtank,1,0.44328603178596176,0
tranco_benign_proxy,0,0.4394614820595197,0
phishtank,1,0.9587803887238185,1
tranco_benign_proxy,0,0.9536813546914998,1
phishtank,1,0.9092771223428128,1
phishtank,1,0.8851818604845169,1
tranco_benign_proxy,0,0.06788813628461263,0
tranco_benign_proxy,0,0.09015637064895933,0
phishtank,1,0.9986938881160068,1
tranco_benign_proxy,0,0.9941875455339692,1
phishtank,1,0.9993901396523263,1
tranco_benign_proxy,0,0.768430255407371,1
tranco_benign_proxy,0,0.47871529275021063,0
phishtank,1,0.9800258323055059,1
tranco_benign_proxy,0,0.026689337981506783,0
tranco_benign_proxy,0,0.17273616374290227,0
phishtank,1,0.9981450872035528,1
tranco_benign_proxy,0,0.13444581345907036,0
tranco_benign_proxy,0,0.2869190288670835,0
phishtank,1,0.9955938273035638,1
phishtank,1,0.9997947491737573,1
tranco_benign_proxy,0,0.5942068974588778,0
phishtank,1,0.9894996409005437,1
phishtank,1,0.26047777864751265,0
tranco_benign_proxy,0,0.770094808761114,1
phishtank,1,0.9877544088785616,1
tranco_benign_proxy,0,0.02397433829740698,0
tranco_benign_proxy,0,0.8556294775230577,1
phishtank,1,0.9544390504922208,1
phishtank,1,0.9572614058252118,1
tranco_benign_proxy,0,0.156804614839723,0
phishtank,1,0.8988781325624203,1
tranco_benign_proxy,0,0.18848846159027743,0
phishtank,1,0.9970832214020748,1
phishtank,1,0.984585893434678,1
phishtank,1,0.9934764479751105,1
tranco_benign_proxy,0,0.9330573335505048,1
tranco_benign_proxy,0,0.5739678068932653,0
phishtank,1,0.958383206414487,1
tranco_benign_proxy,0,0.21995562344204903,0
tranco_benign_proxy,0,0.9175048688534376,1
phishtank,1,0.9987144301681969,1
tranco_benign_proxy,0,0.03148963206329016,0
phishtank,1,0.22991641679161612,0
tranco_benign_proxy,0,0.10079756544249524,0
tranco_benign_proxy,0,0.693424937599796,0
tranco_benign_proxy,0,0.03304491798105403,0
tranco_benign_proxy,0,0.03025042134719306,0
phishtank,1,0.7731841430958613,1
tranco_benign_proxy,0,0.1528546079892838,0
tranco_benign_proxy,0,0.09116186466383744,0
tranco_benign_proxy,0,0.26330278115511696,0
phishtank,1,0.998949680696143,1
tranco_benign_proxy,0,0.9952535332905609,1
tranco_benign_proxy,0,0.08145401322957088,0
phishtank,1,0.9757766576754484,1
phishtank,1,0.3748700907124903,0
phishtank,1,0.9935751911190284,1
tranco_benign_proxy,0,0.0030578907952878587,0
tranco_benign_proxy,0,0.98200641601785,1
tranco_benign_proxy,0,0.6824083248387666,0
tranco_benign_proxy,0,0.8806151146566439,1
tranco_benign_proxy,0,0.06385572055089393,0
tranco_benign_proxy,0,0.16886210829971432,0
phishtank,1,0.7971285762187746,1
tranco_benign_proxy,0,0.03297505116538959,0
tranco_benign_proxy,0,0.38141564927973554,0
phishtank,1,0.99908909246464,1
tranco_benign_proxy,0,0.2594581501645053,0
tranco_benign_proxy,0,0.11511282767215616,0
phishtank,1,0.8950062502991277,1
phishtank,1,0.9719318521375567,1
tranco_benign_proxy,0,0.12792851426459925,0
tranco_benign_proxy,0,0.2640275721715516,0
tranco_benign_proxy,0,0.9456740101099989,1
tranco_benign_proxy,0,0.26420613227386847,0
phishtank,1,0.999090250908373,1
phishtank,1,0.9885366419830991,1
phishtank,1,0.999814756294403,1
tranco_benign_proxy,0,0.05892527510662896,0
phishtank,1,0.9926414085958631,1
phishtank,1,0.9741357620259304,1
phishtank,1,0.9996640394086125,1
phishtank,1,0.9948610382942582,1
phishtank,1,0.9793715839977486,1
phishtank,1,0.9881803873539334,1
tranco_benign_proxy,0,0.20950025076865308,0
tranco_benign_proxy,0,0.006246365169119565,0
tranco_benign_proxy,0,0.838358738880689,1
phishtank,1,0.9914928810293459,1
phishtank,1,0.905285112582843,1
phishtank,1,0.9985364995831132,1
tranco_benign_proxy,0,0.6511668157098965,0
phishtank,1,0.9648847704647308,1
tranco_benign_proxy,0,0.19297928726616667,0
tranco_benign_proxy,0,0.11942254524037234,0
phishtank,1,0.9269291256369109,1
tranco_benign_proxy,0,0.17117881194740475,0
tranco_benign_proxy,0,0.15493994302888278,0
tranco_benign_proxy,0,0.896011714811194,1
phishtank,1,0.9351385109661821,1
phishtank,1,0.9995224250133831,1
phishtank,1,0.7141129249198777,0
phishtank,1,0.9993883035319924,1
phishtank,1,0.9956186126672426,1
tranco_benign_proxy,0,0.37999584990390584,0
phishtank,1,0.9744942292237492,1
tranco_benign_proxy,0,0.6555313150331273,0
phishtank,1,0.9902195583026596,1
tranco_benign_proxy,0,0.0837245974100779,0
tranco_benign_proxy,0,0.10686888348946935,0
tranco_benign_proxy,0,0.08489303585647522,0
phishtank,1,0.9753395625733686,1
tranco_benign_proxy,0,0.10244329917423273,0
tranco_benign_proxy,0,0.49709488290659287,0
phishtank,1,0.9971258023738259,1
phishtank,1,0.8578057526174393,1
phishtank,1,0.9387310975206224,1
phishtank,1,0.983740210767967,1
tranco_benign_proxy,0,0.35741641305089733,0
phishtank,1,0.9843897988390701,1
phishtank,1,0.9981913974607022,1
tranco_benign_proxy,0,0.4408259033464068,0
tranco_benign_proxy,0,0.07820541770017835,0
phishtank,1,0.999595028786109,1
tranco_benign_proxy,0,0.008518294605193509,0
tranco_benign_proxy,0,0.07464743044110157,0
phishtank,1,0.9997744508511552,1
phishtank,1,0.9951852994484438,1
tranco_benign_proxy,0,0.9445697243977701,1
phishtank,1,0.9695574866880424,1
phishtank,1,0.9994490218010613,1
tranco_benign_proxy,0,0.14021570533944203,0
tranco_benign_proxy,0,0.7572520676696748,0
tranco_benign_proxy,0,0.7523561543158269,0
phishtank,1,0.12098963837406394,0
phishtank,1,0.9939149500017235,1
tranco_benign_proxy,0,0.9898349635301651,1
tranco_benign_proxy,0,0.25127694949668083,0
phishtank,1,0.9999229426902747,1
tranco_benign_proxy,0,0.18897925618556333,0
phishtank,1,0.8465882246088035,1
tranco_benign_proxy,0,0.04710856093067831,0
phishtank,1,0.9988046479116418,1
tranco_benign_proxy,0,0.007948443212927694,0
phishtank,1,0.9999632849158685,1
phishtank,1,0.9999751238385277,1
tranco_benign_proxy,0,0.24987470654282556,0
tranco_benign_proxy,0,0.056630330080242916,0
phishtank,1,0.9981248164104098,1
phishtank,1,0.9971884781280055,1
tranco_benign_proxy,0,0.19126147465457086,0
tranco_benign_proxy,0,0.19630297444847117,0
phishtank,1,0.8620370886408818,1
tranco_benign_proxy,0,0.13584694664599242,0
phishtank,1,0.9993452718991063,1
phishtank,1,0.9906537441769089,1
phishtank,1,0.9625666739890453,1
phishtank,1,0.05514138649299447,0
phishtank,1,0.9993256396208189,1
phishtank,1,0.9950652693285736,1
tranco_benign_proxy,0,0.8480981834111789,1
tranco_benign_proxy,0,0.5436589763343641,0
tranco_benign_proxy,0,0.04323564145155545,0
phishtank,1,0.9929274767041117,1
phishtank,1,0.9721403042143376,1
tranco_benign_proxy,0,0.7136306030962064,0
tranco_benign_proxy,0,0.4296954717026234,0
tranco_benign_proxy,0,0.426667525239658,0
tranco_benign_proxy,0,0.249300372804575,0
tranco_benign_proxy,0,0.20041074209145987,0
tranco_benign_proxy,0,0.30555235328380315,0
phishtank,1,0.9814581044098187,1
tranco_benign_proxy,0,0.229311721813609,0
phishtank,1,0.9879462686276422,1
tranco_benign_proxy,0,0.5665824423306733,0
phishtank,1,0.9885693340438444,1
phishtank,1,0.998951903615182,1
tranco_benign_proxy,0,0.3461965132948904,0
phishtank,1,0.7206509748637508,0
phishtank,1,0.9575055979258212,1
phishtank,1,0.9672643234595298,1
tranco_benign_proxy,0,0.582499578373026,0
phishtank,1,0.9894085479818627,1
tranco_benign_proxy,0,0.5550031690633124,0
phishtank,1,0.9999164545421408,1
tranco_benign_proxy,0,0.9297766166765353,1
tranco_benign_proxy,0,0.9480866768502484,1
phishtank,1,0.9612468033365217,1
tranco_benign_proxy,0,0.99273312605074,1
tranco_benign_proxy,0,0.2491267467895002,0
tranco_benign_proxy,0,0.23343416021046096,0
tranco_benign_proxy,0,0.30300742121397833,0
phishtank,1,0.9964028658080164,1
tranco_benign_proxy,0,0.15677908231354523,0
tranco_benign_proxy,0,0.2999001344909923,0
phishtank,1,0.8625338350147659,1
phishtank,1,0.9395404862221666,1
tranco_benign_proxy,0,0.0733964617832093,0
tranco_benign_proxy,0,0.43283805169278544,0
tranco_benign_proxy,0,0.717979244162087,0
phishtank,1,0.9884967919603558,1
phishtank,1,0.760584845509154,0
tranco_benign_proxy,0,0.13660009103082438,0
phishtank,1,0.8061428952268785,1
tranco_benign_proxy,0,0.05072603092072659,0
tranco_benign_proxy,0,0.8149171204139579,1
phishtank,1,0.9736736493244161,1
phishtank,1,0.9869634793332319,1
phishtank,1,0.9989809149134455,1
tranco_benign_proxy,0,0.890885285467791,1
phishtank,1,0.21221440472578718,0
phishtank,1,0.9831167164835811,1
phishtank,1,0.9995607967043797,1
tranco_benign_proxy,0,0.342067323809625,0
tranco_benign_proxy,0,0.4863424638300117,0
phishtank,1,0.9850237009810007,1
phishtank,1,0.981638320551216,1
phishtank,1,0.8593705954453068,1
tranco_benign_proxy,0,0.017297030686091293,0
tranco_benign_proxy,0,0.3840368455004457,0
tranco_benign_proxy,0,0.054745305894666044,0
tranco_benign_proxy,0,0.15020193978821864,0
tranco_benign_proxy,0,0.030471007004815073,0
tranco_benign_proxy,0,0.6333847541160842,0
phishtank,1,0.9898495979194569,1
phishtank,1,0.9988490679108247,1
phishtank,1,0.9996987128907793,1
tranco_benign_proxy,0,0.44013309225985825,0
phishtank,1,0.7468558616254826,0
phishtank,1,0.9843354128989595,1
phishtank,1,0.9985851342723878,1
tranco_benign_proxy,0,0.25509878396719793,0
tranco_benign_proxy,0,0.9736655685807482,1
tranco_benign_proxy,0,0.23867928272621844,0
phishtank,1,0.9260630449240714,1
phishtank,1,0.9988479459453323,1
phishtank,1,0.9065151855311946,1
phishtank,1,0.1216023404715614,0
tranco_benign_proxy,0,0.020149302325865474,0
phishtank,1,0.9853444864423534,1
phishtank,1,0.9993272276085303,1
tranco_benign_proxy,0,0.19036688825177267,0
tranco_benign_proxy,0,0.8898582634181075,1
phishtank,1,0.9958279680936402,1
tranco_benign_proxy,0,0.4222678055483462,0
tranco_benign_proxy,0,0.27222653925593754,0
tranco_benign_proxy,0,0.9966882714789579,1
phishtank,1,0.9531997354151032,1
phishtank,1,0.9994934237364863,1
tranco_benign_proxy,0,0.009062898653147897,0
phishtank,1,0.9935543576884308,1
phishtank,1,0.9769001489769813,1
phishtank,1,0.998636776596537,1
phishtank,1,0.9992013993713912,1
phishtank,1,0.9914364858918508,1
phishtank,1,0.9979788555959993,1
phishtank,1,0.9994794076975734,1
tranco_benign_proxy,0,0.3549801702206653,0
phishtank,1,0.999774526680338,1
phishtank,1,0.14753982431891224,0
tranco_benign_proxy,0,0.756904063793839,0
tranco_benign_proxy,0,0.06728874051547062,0
phishtank,1,0.9982445166687386,1
tranco_benign_proxy,0,0.07952042415738016,0
phishtank,1,0.7483963454564981,0
tranco_benign_proxy,0,0.14078239134661194,0
tranco_benign_proxy,0,0.06587947274071232,0
tranco_benign_proxy,0,0.9011613066724681,1
phishtank,1,0.953897586059891,1
tranco_benign_proxy,0,0.8790770552567683,1
tranco_benign_proxy,0,0.021288832452020866,0
tranco_benign_proxy,0,0.30275333510949115,0
phishtank,1,0.9449540673779465,1
phishtank,1,0.9974370478119482,1
tranco_benign_proxy,0,0.06618295670831807,0
tranco_benign_proxy,0,0.09816422385489437,0
phishtank,1,0.977308678021811,1
phishtank,1,0.9998944558294959,1
tranco_benign_proxy,0,0.10232831415493367,0
phishtank,1,0.6319551686764439,0
tranco_benign_proxy,0,0.19317631563612198,0
tranco_benign_proxy,0,0.30498435357647363,0
phishtank,1,0.9993457772683147,1
tranco_benign_proxy,0,0.029565557313417257,0
phishtank,1,0.8785195118255977,1
tranco_benign_proxy,0,0.99729715808166,1
tranco_benign_proxy,0,0.7983231809245686,1
tranco_benign_proxy,0,0.1492702728196904,0
phishtank,1,0.8291715549169615,1
phishtank,1,0.9997884030701629,1
phishtank,1,0.9198334970190312,1
phishtank,1,0.8009724860192298,1
phishtank,1,0.8223771699633469,1
tranco_benign_proxy,0,0.17590844476100764,0
tranco_benign_proxy,0,0.21293031120020006,0
phishtank,1,0.9734919628762183,1
tranco_benign_proxy,0,0.049530876926191715,0
phishtank,1,0.9991992853589514,1
tranco_benign_proxy,0,0.0316549342667204,0
phishtank,1,0.5891712221564571,0
tranco_benign_proxy,0,0.15998185627976985,0
phishtank,1,0.9998123491412972,1
tranco_benign_proxy,0,0.8856146748306566,1
tranco_benign_proxy,0,0.9924368284541984,1
phishtank,1,0.999930476697169,1
phishtank,1,0.9986830846500291,1
phishtank,1,0.9407656558979438,1
tranco_benign_proxy,0,0.2431367300110855,0
tranco_benign_proxy,0,0.12247099804634733,0
tranco_benign_proxy,0,0.07774034958729859,0
phishtank,1,0.6522017191809237,0
phishtank,1,0.9589897476579454,1
phishtank,1,0.9982755680900308,1
phishtank,1,0.9999579494307241,1
phishtank,1,0.08881813064448914,0
phishtank,1,0.9812376648543473,1
tranco_benign_proxy,0,0.2381042062160256,0
tranco_benign_proxy,0,0.10200072284663261,0
tranco_benign_proxy,0,0.4599964889707593,0
phishtank,1,0.06881970596100806,0
phishtank,1,0.9994971369645675,1
phishtank,1,0.9963974604239303,1
phishtank,1,0.9887864417745472,1
phishtank,1,0.901389392612779,1
phishtank,1,0.9929196947096609,1
phishtank,1,0.4305862162896582,0
phishtank,1,0.9923591422421232,1
phishtank,1,0.04452429803763397,0
phishtank,1,0.9998503363508211,1
phishtank,1,0.9999534055723315,1
tranco_benign_proxy,0,0.16386964416463434,0
tranco_benign_proxy,0,0.8681550248064523,1
tranco_benign_proxy,0,0.17392291287850517,0
tranco_benign_proxy,0,0.23989270951880698,0
tranco_benign_proxy,0,0.23085610576457566,0
phishtank,1,0.9995561271309202,1
phishtank,1,0.9821088309956555,1
tranco_benign_proxy,0,0.4827181093564113,0
tranco_benign_proxy,0,0.95526412294583,1
tranco_benign_proxy,0,0.3958556004467889,0
tranco_benign_proxy,0,0.18442281692480655,0
phishtank,1,0.22096702859793835,0
phishtank,1,0.9999604759130465,1
tranco_benign_proxy,0,0.28765149516489263,0
phishtank,1,0.9791855689880334,1
phishtank,1,0.8801177962891191,1
phishtank,1,0.9889294565312711,1
tranco_benign_proxy,0,0.1305321118888407,0
phishtank,1,0.9111378091308655,1
phishtank,1,0.9922538147162799,1
tranco_benign_proxy,0,0.9149863110154568,1
tranco_benign_proxy,0,0.5096418006788048,0
phishtank,1,0.9998226997762554,1
tranco_benign_proxy,0,0.7408413720572505,0
tranco_benign_proxy,0,0.10576958016418432,0
tranco_benign_proxy,0,0.3048725408094338,0
tranco_benign_proxy,0,0.9699431099460958,1
phishtank,1,0.9999930805686321,1
tranco_benign_proxy,0,0.5532297814513989,0
phishtank,1,0.9618930485721163,1
phishtank,1,0.9947712676276808,1
tranco_benign_proxy,0,0.4922455118991591,0
tranco_benign_proxy,0,0.003009000126873542,0
tranco_benign_proxy,0,0.2199443689430204,0
phishtank,1,0.990802733328374,1
phishtank,1,0.9997795732284044,1
phishtank,1,0.9959319769114104,1
tranco_benign_proxy,0,0.8509483618026902,1
tranco_benign_proxy,0,0.08120918163828508,0
tranco_benign_proxy,0,0.10075565232490372,0
phishtank,1,0.986127278819002,1
phishtank,1,0.9690001644198868,1
tranco_benign_proxy,0,0.49614212315557715,0
phishtank,1,0.9532898650468723,1
phishtank,1,0.40409104801606943,0
phishtank,1,0.18424399051867382,0
phishtank,1,0.9984994424059537,1
tranco_benign_proxy,0,0.9990918475791644,1
tranco_benign_proxy,0,0.7681967055476739,1
tranco_benign_proxy,0,0.06057407087642583,0
tranco_benign_proxy,0,0.38177794207369453,0
tranco_benign_proxy,0,0.22865358060938565,0
phishtank,1,0.9907665030178938,1
phishtank,1,0.9973167602922526,1
phishtank,1,0.9933111895868437,1
tranco_benign_proxy,0,0.35644088827821874,0
phishtank,1,0.040245084494711814,0
phishtank,1,0.8880903389119325,1
tranco_benign_proxy,0,0.15291755320700362,0
tranco_benign_proxy,0,0.21649065765727493,0
phishtank,1,0.9671467159265951,1
phishtank,1,0.9296547731009581,1
phishtank,1,0.9998468991272578,1
phishtank,1,0.9987493831075168,1
phishtank,1,0.8305031262644346,1
phishtank,1,0.9852319104093588,1
phishtank,1,0.9565597073951746,1
phishtank,1,0.8024668361244496,1
tranco_benign_proxy,0,0.05858805380255312,0
tranco_benign_proxy,0,0.576728516760286,0
phishtank,1,0.9976408309315563,1
tranco_benign_proxy,0,0.435542981751487,0
tranco_benign_proxy,0,0.3931264703144843,0
tranco_benign_proxy,0,0.6093657342078006,0
phishtank,1,0.9899963279597895,1
tranco_benign_proxy,0,0.08757509637452082,0
phishtank,1,0.6752098165436554,0
phishtank,1,0.9640587574593533,1
tranco_benign_proxy,0,0.7391968799774947,0
phishtank,1,0.930885057069721,1
phishtank,1,0.9852262508533906,1
tranco_benign_proxy,0,0.46076287694128887,0
tranco_benign_proxy,0,0.0003761315535194524,0
phishtank,1,0.14818942051845263,0
phishtank,1,0.34361005827573354,0
phishtank,1,0.9991438127083785,1
tranco_benign_proxy,0,0.15431477251576875,0
tranco_benign_proxy,0,0.9845561793113736,1
tranco_benign_proxy,0,0.3378739553398663,0
phishtank,1,0.992070657833972,1
phishtank,1,0.9916025381121646,1
phishtank,1,0.3760379682991744,0
phishtank,1,0.9996777473029959,1
phishtank,1,0.9965208446551388,1
tranco_benign_proxy,0,0.11202433491727994,0
tranco_benign_proxy,0,0.005190625291409796,0
tranco_benign_proxy,0,0.05590885396771513,0
phishtank,1,0.9884640042707016,1
tranco_benign_proxy,0,0.26901302781503134,0
phishtank,1,0.9933237243778892,1
phishtank,1,0.4319074344834789,0
phishtank,1,0.8492371508961375,1
phishtank,1,0.999826149388989,1
phishtank,1,0.9998657191319829,1
phishtank,1,0.3769122136810929,0
phishtank,1,0.9971391169818439,1
tranco_benign_proxy,0,0.2191165425260069,0
tranco_benign_proxy,0,0.8163649283293258,1
phishtank,1,0.9872930695724706,1
tranco_benign_proxy,0,0.0952774878230918,0
phishtank,1,0.9977263397782963,1
tranco_benign_proxy,0,0.22784098326265906,0
phishtank,1,0.8761740961372986,1
tranco_benign_proxy,0,0.5871815728927137,0
tranco_benign_proxy,0,0.0847072144412774,0
phishtank,1,0.9993496247947877,1
tranco_benign_proxy,0,0.6478552462747053,0
tranco_benign_proxy,0,0.14471929731162397,0
phishtank,1,0.974504321975879,1
tranco_benign_proxy,0,0.7834021762773662,1
phishtank,1,0.9991292670286052,1
tranco_benign_proxy,0,0.41139197630029534,0
phishtank,1,0.9914846028768101,1
phishtank,1,0.9904817462931828,1
phishtank,1,0.9991275223737964,1
tranco_benign_proxy,0,0.14819469211657088,0
tranco_benign_proxy,0,0.056525692709434,0
phishtank,1,0.9917814719135175,1
tranco_benign_proxy,0,0.04889123499398362,0
tranco_benign_proxy,0,0.29152282362134185,0
phishtank,1,0.32024985259841826,0
phishtank,1,0.9599199459667278,1
tranco_benign_proxy,0,0.4249507791472378,0
phishtank,1,0.995125806095231,1
phishtank,1,0.9802394285686139,1
tranco_benign_proxy,0,0.9503348317456871,1
phishtank,1,0.9984394042795666,1
phishtank,1,0.9861123564584143,1
tranco_benign_proxy,0,0.6031508674089815,0
tranco_benign_proxy,0,0.5954991964134282,0
phishtank,1,0.815303207173314,1
phishtank,1,0.9999813310199971,1
phishtank,1,0.7943564179526993,1
phishtank,1,0.9648142739544048,1
tranco_benign_proxy,0,0.6377302186640348,0
tranco_benign_proxy,0,0.10246473757988056,0
phishtank,1,0.25011105858539334,0
tranco_benign_proxy,0,0.3003166289017574,0
phishtank,1,0.9970696922594408,1
tranco_benign_proxy,0,0.15557960987890754,0
phishtank,1,0.668096311020737,0
phishtank,1,0.9883306524001033,1
phishtank,1,0.8679647399987752,1
tranco_benign_proxy,0,0.9839078935612999,1
phishtank,1,0.9903985017743175,1
phishtank,1,0.9941983900346917,1
phishtank,1,0.9867051463547996,1
phishtank,1,0.9945814702446906,1
tranco_benign_proxy,0,0.994780249610147,1
tranco_benign_proxy,0,0.005967123252371841,0
phishtank,1,0.9959962327389911,1
phishtank,1,0.4396515476608316,0
phishtank,1,0.9989477312514936,1
phishtank,1,0.9771797904319026,1
phishtank,1,0.9919967079231109,1
tranco_benign_proxy,0,0.09777532794678452,0
tranco_benign_proxy,0,0.06657194105003696,0
tranco_benign_proxy,0,0.18609711907738635,0
phishtank,1,0.991457063907341,1
tranco_benign_proxy,0,0.2402458244563843,0
tranco_benign_proxy,0,0.20531911713179393,0
tranco_benign_proxy,0,0.04994934500612176,0
tranco_benign_proxy,0,0.4595239956743666,0
tranco_benign_proxy,0,0.0038416421888132052,0
tranco_benign_proxy,0,0.7990906737017974,1
tranco_benign_proxy,0,0.45768818400578737,0
phishtank,1,0.9889971434874473,1
tranco_benign_proxy,0,0.4840098377055899,0
tranco_benign_proxy,0,0.06869820499994468,0
tranco_benign_proxy,0,0.011025171846616567,0
phishtank,1,0.9617058688328852,1
tranco_benign_proxy,0,0.8287090235466887,1
phishtank,1,0.9989344602685271,1
tranco_benign_proxy,0,0.27813601242635816,0
phishtank,1,0.9782584171509203,1
tranco_benign_proxy,0,0.27923992985416773,0
tranco_benign_proxy,0,0.05268092768120909,0
phishtank,1,0.6671593774295771,0
phishtank,1,0.9986736983363735,1
phishtank,1,0.9705636272837429,1
tranco_benign_proxy,0,0.9921333873680157,1
tranco_benign_proxy,0,0.28726434854431976,0
phishtank,1,0.9961408410287296,1
phishtank,1,0.9693192632075607,1
tranco_benign_proxy,0,0.03963150078786271,0
tranco_benign_proxy,0,0.20105636498376087,0
phishtank,1,0.43916741803980663,0
tranco_benign_proxy,0,0.2793511670223191,0
phishtank,1,0.9996302246254567,1
phishtank,1,0.9978771591486129,1
tranco_benign_proxy,0,0.08236186173998077,0
phishtank,1,0.9543969933575965,1
phishtank,1,0.9762656075510078,1
tranco_benign_proxy,0,0.9481050219260257,1
tranco_benign_proxy,0,0.11250673718194582,0
tranco_benign_proxy,0,0.5884218326235174,0
phishtank,1,0.9815594601186346,1
phishtank,1,0.9842204893905644,1
phishtank,1,0.9869546397485272,1
phishtank,1,0.9757880970936245,1
tranco_benign_proxy,0,0.09456715186615311,0
tranco_benign_proxy,0,0.6650197616122349,0
tranco_benign_proxy,0,0.6861273853479256,0
phishtank,1,0.8974589170424698,1
tranco_benign_proxy,0,0.671082920084185,0
tranco_benign_proxy,0,0.7758702366551262,1
tranco_benign_proxy,0,0.7614739485201462,0
tranco_benign_proxy,0,0.38806163355361456,0
phishtank,1,0.9977455995881721,1
tranco_benign_proxy,0,0.17777936732826546,0
tranco_benign_proxy,0,0.9367593089907642,1
tranco_benign_proxy,0,0.009029290501043376,0
tranco_benign_proxy,0,0.7378219047113389,0
phishtank,1,0.8156337857130204,1
phishtank,1,0.9527012564133075,1
tranco_benign_proxy,0,0.8942866782506154,1
phishtank,1,0.5905528060613776,0
phishtank,1,0.9992601496435672,1
tranco_benign_proxy,0,0.13176753110763048,0
phishtank,1,0.9840112473707943,1
phishtank,1,0.9998409274745713,1
phishtank,1,0.9747029387388215,1
tranco_benign_proxy,0,0.9859883687435876,1
phishtank,1,0.9868305293502855,1
phishtank,1,0.9001916810826204,1
tranco_benign_proxy,0,0.4011219528158573,0
tranco_benign_proxy,0,0.3646783396297224,0
tranco_benign_proxy,0,0.2842832905119812,0
phishtank,1,0.9879871549122292,1
tranco_benign_proxy,0,0.15214692781769934,0
tranco_benign_proxy,0,0.6979796632753009,0
tranco_benign_proxy,0,0.41584903017710334,0
tranco_benign_proxy,0,0.7654150608606163,0
tranco_benign_proxy,0,0.02999494891348609,0
phishtank,1,0.9964965124517772,1
tranco_benign_proxy,0,0.6563852919317164,0
phishtank,1,0.9930146238290498,1
tranco_benign_proxy,0,0.6747233079201335,0
tranco_benign_proxy,0,0.6343367070684695,0
phishtank,1,0.19971788036512136,0
phishtank,1,0.4265729043995475,0
phishtank,1,0.9999475930627243,1
tranco_benign_proxy,0,0.5705679320425653,0
phishtank,1,0.9996212095792292,1
tranco_benign_proxy,0,0.13124807276800526,0
tranco_benign_proxy,0,0.018129799537624953,0
phishtank,1,0.9993639693896091,1
tranco_benign_proxy,0,0.40582519013730756,0
phishtank,1,0.6261663023325083,0
tranco_benign_proxy,0,0.5144480627068391,0
tranco_benign_proxy,0,0.27870678818034383,0
phishtank,1,0.9997288968930285,1
tranco_benign_proxy,0,0.2517537494669786,0
tranco_benign_proxy,0,0.9758426975929949,1
tranco_benign_proxy,0,0.7727841688442921,1
tranco_benign_proxy,0,0.9285465431044231,1
phishtank,1,0.9999683769579776,1
phishtank,1,0.9472146171098798,1
phishtank,1,0.9547851629874976,1
phishtank,1,0.9996344831473143,1
tranco_benign_proxy,0,0.07960792492087045,0
phishtank,1,0.7216442521123593,0
phishtank,1,0.7800081683815588,1
phishtank,1,0.8381359182052748,1
phishtank,1,0.9364985067686056,1
tranco_benign_proxy,0,0.04011883201828356,0
tranco_benign_proxy,0,0.17445496946162076,0
tranco_benign_proxy,0,0.6564337689426831,0
tranco_benign_proxy,0,0.7227222082569115,0
phishtank,1,0.5405091589396195,0
phishtank,1,0.9999832393389695,1
phishtank,1,0.8916634665297195,1
tranco_benign_proxy,0,0.1830768924247857,0
tranco_benign_proxy,0,0.015490740481859423,0
phishtank,1,0.9991242005545043,1
tranco_benign_proxy,0,0.05997918253077122,0
tranco_benign_proxy,0,0.163811930129761,0
phishtank,1,0.9972495358462389,1
tranco_benign_proxy,0,0.533621209475602,0
tranco_benign_proxy,0,0.2164649662576354,0
phishtank,1,0.975987544416042,1
tranco_benign_proxy,0,0.6187229839442772,0
phishtank,1,0.9828348424714011,1
phishtank,1,0.9957439634556594,1
phishtank,1,0.49562734907279987,0
tranco_benign_proxy,0,0.024578723175559532,0
tranco_benign_proxy,0,0.13400915079853126,0
tranco_benign_proxy,0,0.03755427491598508,0
phishtank,1,0.16434754815961006,0
phishtank,1,0.9951445137098647,1
phishtank,1,0.9917727416321809,1
tranco_benign_proxy,0,0.6383866903125216,0
tranco_benign_proxy,0,0.13974735437665464,0
phishtank,1,0.9950248349843918,1
phishtank,1,0.8446601526670858,1
phishtank,1,0.9996535261885685,1
phishtank,1,0.8308729050445794,1
phishtank,1,0.8481477979268555,1
phishtank,1,0.9504826694703619,1
phishtank,1,0.8631206488861833,1
phishtank,1,0.29588822437494494,0
phishtank,1,0.9961850397227885,1
tranco_benign_proxy,0,0.25144014156380834,0
phishtank,1,0.9302475415784512,1
phishtank,1,0.9908760353508876,1
tranco_benign_proxy,0,0.341797821328686,0
phishtank,1,0.9988130680831975,1
tranco_benign_proxy,0,0.23635408189718293,0
phishtank,1,0.9994222643472018,1
tranco_benign_proxy,0,0.007618826712906151,0
tranco_benign_proxy,0,0.41155349567944266,0
phishtank,1,0.9892732196135996,1
phishtank,1,0.7573846664966071,0
tranco_benign_proxy,0,0.47507622103344804,0
tranco_benign_proxy,0,0.6640209887517701,0
tranco_benign_proxy,0,0.17945825247362085,0
tranco_benign_proxy,0,0.1823890577433776,0
phishtank,1,0.9999063532621343,1
phishtank,1,0.9863070691215778,1
phishtank,1,0.9993245009799523,1
phishtank,1,0.9992360558005909,1
tranco_benign_proxy,0,0.8386198197930421,1
phishtank,1,0.9982164620044751,1
phishtank,1,0.9998809003344445,1
phishtank,1,0.28494964723453536,0
phishtank,1,0.9999941537733156,1
phishtank,1,0.8836083401282888,1
tranco_benign_proxy,0,0.37889292516991496,0
tranco_benign_proxy,0,0.05721912635066513,0
tranco_benign_proxy,0,0.35138700853688976,0
tranco_benign_proxy,0,0.20151248448172634,0
phishtank,1,0.9999552122225941,1
tranco_benign_proxy,0,0.3994822841092064,0
phishtank,1,0.7919048242399899,1
tranco_benign_proxy,0,0.09510901747859425,0
tranco_benign_proxy,0,0.023913825723475217,0
phishtank,1,0.9999496716068954,1
tranco_benign_proxy,0,0.4173033751426095,0
phishtank,1,0.9968552490870558,1
tranco_benign_proxy,0,0.08795158256486309,0
phishtank,1,0.2687219203419941,0
tranco_benign_proxy,0,0.2677984742146207,0
phishtank,1,0.9973841499516529,1
phishtank,1,0.9996402645780427,1
phishtank,1,0.9987869536114252,1
tranco_benign_proxy,0,0.3249756263745569,0
phishtank,1,0.9913223392439161,1
phishtank,1,0.9978583823867644,1
tranco_benign_proxy,0,0.9740396187782295,1
tranco_benign_proxy,0,0.03435138670726162,0
phishtank,1,0.997050758473735,1
tranco_benign_proxy,0,0.8183806375590744,1
phishtank,1,0.9986032249101056,1
tranco_benign_proxy,0,0.922937416670113,1
tranco_benign_proxy,0,0.8481258420318766,1
tranco_benign_proxy,0,0.9880977224539335,1
phishtank,1,0.9802098925817911,1
tranco_benign_proxy,0,0.4485279996844739,0
phishtank,1,0.9998929315850453,1
tranco_benign_proxy,0,0.6905904027599676,0
phishtank,1,0.9987787894595354,1
tranco_benign_proxy,0,0.13371565800893412,0
tranco_benign_proxy,0,0.029245509091211958,0
phishtank,1,0.9922275692479638,1
tranco_benign_proxy,0,0.9636481761412943,1
phishtank,1,0.9870169828442286,1
phishtank,1,0.9992429735566202,1
phishtank,1,0.7706151545987266,1
tranco_benign_proxy,0,0.2801329777125029,0
phishtank,1,0.966553962295909,1
phishtank,1,0.9307205554314574,1
phishtank,1,0.9819418301927197,1
tranco_benign_proxy,0,0.04727099486832201,0
tranco_benign_proxy,0,0.9779156218945317,1
phishtank,1,0.9472583319032826,1
phishtank,1,0.9906874650048734,1
phishtank,1,0.9989919986544635,1
tranco_benign_proxy,0,0.786236659871142,1
tranco_benign_proxy,0,0.12241051299869142,0
tranco_benign_proxy,0,0.31320606799896517,0
tranco_benign_proxy,0,0.0372556056100492,0
tranco_benign_proxy,0,0.15859680472676493,0
tranco_benign_proxy,0,0.11852768476017038,0
tranco_benign_proxy,0,0.19293823364503745,0
tranco_benign_proxy,0,0.11691931370953973,0
tranco_benign_proxy,0,0.24259482062461626,0
tranco_benign_proxy,0,0.019294522139315644,0
phishtank,1,0.6941919361575309,0
phishtank,1,0.9988016301627297,1
tranco_benign_proxy,0,0.9128850687856236,1
tranco_benign_proxy,0,0.478347232644624,0
tranco_benign_proxy,0,0.03457423739966463,0
tranco_benign_proxy,0,0.7246332592936704,0
phishtank,1,0.8938745279179562,1
phishtank,1,0.9982384121344149,1
phishtank,1,0.9314626432042483,1
phishtank,1,0.994133796471847,1
phishtank,1,0.9993933298017488,1
tranco_benign_proxy,0,0.22813436880182839,0
tranco_benign_proxy,0,0.006868688835590342,0
phishtank,1,0.9990957621489366,1
phishtank,1,0.19938021085007696,0
phishtank,1,0.952092122987526,1
tranco_benign_proxy,0,0.16013762954526603,0
tranco_benign_proxy,0,0.0058889275320324515,0
tranco_benign_proxy,0,0.0038975845319342292,0
phishtank,1,0.9914168034914211,1
phishtank,1,0.9885426841996121,1
phishtank,1,0.9878293797203389,1
phishtank,1,0.23187743647597672,0
phishtank,1,0.9991790591012981,1
tranco_benign_proxy,0,0.9758663392666408,1
phishtank,1,0.9993118132708806,1
phishtank,1,0.9952617496840359,1
tranco_benign_proxy,0,0.17863796555965095,0
phishtank,1,0.995584409494002,1
tranco_benign_proxy,0,0.1982665293443009,0
tranco_benign_proxy,0,0.20489436711326037,0
phishtank,1,0.9933551328690252,1
tranco_benign_proxy,0,0.7382798055694695,0
phishtank,1,0.9959081200255434,1
tranco_benign_proxy,0,0.2516153728624677,0
tranco_benign_proxy,0,0.2715026265988547,0
tranco_benign_proxy,0,0.19106249161475944,0
phishtank,1,0.9884043386512417,1
tranco_benign_proxy,0,0.5314838416176656,0
tranco_benign_proxy,0,0.4429524074879,0
phishtank,1,0.5949959250361821,0
tranco_benign_proxy,0,0.9921127587466764,1
phishtank,1,0.9928393868966542,1
phishtank,1,0.9971702108863537,1
tranco_benign_proxy,0,0.16097142059043354,0
tranco_benign_proxy,0,0.5332863203565769,0
phishtank,1,0.3539735144061808,0
tranco_benign_proxy,0,0.07753957274331426,0
phishtank,1,0.9906539351249605,1
tranco_benign_proxy,0,0.9006157352669055,1
phishtank,1,0.7935533710734627,1
tranco_benign_proxy,0,0.2394959877000307,0
phishtank,1,0.8891875452298486,1
phishtank,1,0.9899829259176112,1
tranco_benign_proxy,0,0.03549509811492296,0
tranco_benign_proxy,0,0.3262600928035187,0
tranco_benign_proxy,0,0.004870167997663198,0
phishtank,1,0.36281888767604914,0
phishtank,1,0.8337898599868192,1
tranco_benign_proxy,0,0.7535170142145635,0
tranco_benign_proxy,0,0.13555071287457487,0
phishtank,1,0.9557276020848653,1
phishtank,1,0.9457553694998266,1
phishtank,1,0.9990863983684265,1
phishtank,1,0.06290637655563866,0
tranco_benign_proxy,0,0.7055679581218367,0
phishtank,1,0.9927961422884768,1
tranco_benign_proxy,0,0.07678954165604883,0
tranco_benign_proxy,0,0.8600822814733865,1
phishtank,1,0.992001792369369,1
phishtank,1,0.9991515541246464,1
tranco_benign_proxy,0,0.09410203305161373,0
phishtank,1,0.6022474397589516,0
phishtank,1,0.23809702338685487,0
tranco_benign_proxy,0,0.2359357019662033,0
phishtank,1,0.9993351886122406,1
phishtank,1,0.9546524920170574,1
tranco_benign_proxy,0,0.17269059185764526,0
tranco_benign_proxy,0,0.6853443950499724,0
phishtank,1,0.9985902312034812,1
phishtank,1,0.9975518371671199,1
phishtank,1,0.9475158521157482,1
tranco_benign_proxy,0,0.05138962613264921,0
phishtank,1,0.999987149962764,1
tranco_benign_proxy,0,0.6603794866765517,0
phishtank,1,0.9814801210632307,1
tranco_benign_proxy,0,0.0329735370874979,0
phishtank,1,0.8190704997646147,1
phishtank,1,0.9851471527218455,1
phishtank,1,0.9999786153774742,1
phishtank,1,0.9988462638450344,1
tranco_benign_proxy,0,0.6694481807691977,0
phishtank,1,0.9995438597880579,1
tranco_benign_proxy,0,0.20698119991788305,0
tranco_benign_proxy,0,0.11627566431907954,0
tranco_benign_proxy,0,0.08422776673365102,0
tranco_benign_proxy,0,0.44572488984824105,0
phishtank,1,0.9997579088331006,1
tranco_benign_proxy,0,0.32650930464913464,0
tranco_benign_proxy,0,0.13339429134283728,0
tranco_benign_proxy,0,0.12840140176845752,0
tranco_benign_proxy,0,0.20292285456876652,0
phishtank,1,0.9995567544445262,1
tranco_benign_proxy,0,0.1701091175447516,0
phishtank,1,0.9679886876464776,1
tranco_benign_proxy,0,0.16800788536988864,0
tranco_benign_proxy,0,0.5573713780209092,0
phishtank,1,0.9306272107463078,1
phishtank,1,0.1850132909396877,0
phishtank,1,0.9978927450618695,1
tranco_benign_proxy,0,0.12401369115815512,0
phishtank,1,0.9999234107225803,1
tranco_benign_proxy,0,0.15688156660226632,0
tranco_benign_proxy,0,0.09961676518242948,0
tranco_benign_proxy,0,0.9901918588118962,1
phishtank,1,0.9997512919426275,1
phishtank,1,0.9954533385388651,1
tranco_benign_proxy,0,0.2914758329868795,0
tranco_benign_proxy,0,0.35265862614956167,0
phishtank,1,0.5412888747964983,0
phishtank,1,0.06621115642153065,0
phishtank,1,0.9469591373747179,1
tranco_benign_proxy,0,0.05780589944578769,0
phishtank,1,0.9920981567611166,1
tranco_benign_proxy,0,0.3935307575219446,0
tranco_benign_proxy,0,0.3182414221860314,0
phishtank,1,0.9999594164972441,1
tranco_benign_proxy,0,0.8569808617609963,1
phishtank,1,0.9942102116901884,1
tranco_benign_proxy,0,0.047763155223777685,0
phishtank,1,0.9994050724327309,1
phishtank,1,0.9760521114853041,1
phishtank,1,0.9996764336773648,1
tranco_benign_proxy,0,0.6227553454768313,0
phishtank,1,0.9991487040309326,1
tranco_benign_proxy,0,0.1465563541886738,0
tranco_benign_proxy,0,0.9937926422665405,1
phishtank,1,0.9998168707327172,1
tranco_benign_proxy,0,0.724968908972155,0
tranco_benign_proxy,0,0.24473133888989185,0
tranco_benign_proxy,0,0.6257657561954816,0
tranco_benign_proxy,0,0.8038291028272005,1
phishtank,1,0.9478051679964773,1
tranco_benign_proxy,0,0.13249384598844166,0
tranco_benign_proxy,0,0.42556019987647475,0
tranco_benign_proxy,0,0.11805155010940077,0
phishtank,1,0.49408963875463324,0
phishtank,1,0.9988833334682611,1
tranco_benign_proxy,0,0.8354711308745941,1
tranco_benign_proxy,0,0.14498692377154915,0
tranco_benign_proxy,0,0.5029255747611027,0
tranco_benign_proxy,0,0.10796610381723214,0
phishtank,1,0.9929531539798606,1
tranco_benign_proxy,0,0.4248201314055399,0
tranco_benign_proxy,0,0.11264403804356142,0
phishtank,1,0.6518787644497746,0
phishtank,1,0.9961513792674392,1
tranco_benign_proxy,0,0.23442590200129,0
phishtank,1,0.4751085342494134,0
tranco_benign_proxy,0,0.8590697244349454,1
tranco_benign_proxy,0,0.658635396011023,0
phishtank,1,0.41380725458783496,0
tranco_benign_proxy,0,0.5315258812770203,0
phishtank,1,0.9984110899247656,1
tranco_benign_proxy,0,0.13464693553867252,0
phishtank,1,0.9991874578988165,1
phishtank,1,0.9980873328909823,1
tranco_benign_proxy,0,0.9914031673882518,1
phishtank,1,0.6970886111579683,0
phishtank,1,0.999657519873901,1
phishtank,1,0.09091619139492234,0
phishtank,1,0.9492504387908759,1
phishtank,1,0.9965344866338758,1
phishtank,1,0.9489407961513939,1
phishtank,1,0.9888180725116106,1
tranco_benign_proxy,0,0.2204268370840022,0
tranco_benign_proxy,0,0.9320338928141201,1
phishtank,1,0.8118742721802303,1
tranco_benign_proxy,0,0.36407362989192854,0
tranco_benign_proxy,0,0.12782422285253064,0
tranco_benign_proxy,0,0.022629840675092237,0
phishtank,1,0.8179841771720577,1
phishtank,1,0.9996578425541225,1
tranco_benign_proxy,0,0.9442836995697834,1
tranco_benign_proxy,0,0.2168509971087438,0
tranco_benign_proxy,0,0.12044271261659809,0
phishtank,1,0.9991656172845156,1
phishtank,1,0.9992669568262045,1
phishtank,1,0.18481412946503398,0
phishtank,1,0.7554927953440733,0
tranco_benign_proxy,0,0.36931054211569764,0
phishtank,1,0.9994973301982465,1
phishtank,1,0.9929339394558433,1
phishtank,1,0.9926479963249984,1
phishtank,1,0.9977928381679099,1
tranco_benign_proxy,0,0.903089887527083,1
phishtank,1,0.9759940279624825,1
phishtank,1,0.9684280706309198,1
tranco_benign_proxy,0,0.20122402497368336,0
tranco_benign_proxy,0,0.002919691352074365,0
tranco_benign_proxy,0,0.4101770570725419,0
phishtank,1,0.9050831517924199,1
tranco_benign_proxy,0,0.9668598829897109,1
tranco_benign_proxy,0,0.12494262488366323,0
phishtank,1,0.9958324556764694,1
phishtank,1,0.9941922372906015,1
phishtank,1,0.9948408304228561,1
tranco_benign_proxy,0,0.1877374340018113,0
phishtank,1,0.9987402574028225,1
phishtank,1,0.998587180808878,1
tranco_benign_proxy,0,0.1978095773951104,0
tranco_benign_proxy,0,0.11938611055505115,0
tranco_benign_proxy,0,0.4066753940746878,0
phishtank,1,0.9979266374147496,1
phishtank,1,0.9638759432498006,1
phishtank,1,0.985253802042796,1
phishtank,1,0.976970920419729,1
tranco_benign_proxy,0,0.9602251062278762,1
phishtank,1,0.4685425367785848,0
tranco_benign_proxy,0,0.9141948895058623,1
tranco_benign_proxy,0,0.4091664606996549,0
phishtank,1,0.30512705804496476,0
phishtank,1,0.9630387219399744,1
tranco_benign_proxy,0,0.9847993259201842,1
phishtank,1,0.9776546274763789,1
phishtank,1,0.9965388302025655,1
phishtank,1,0.9880694470852148,1
tranco_benign_proxy,0,0.9449225310680929,1
tranco_benign_proxy,0,0.5803012828019913,0
tranco_benign_proxy,0,0.93706393198566,1
phishtank,1,0.16940437933914781,0
phishtank,1,0.969315482040032,1
phishtank,1,0.20113782853440276,0
phishtank,1,0.9953997732508079,1
tranco_benign_proxy,0,0.018320448420055858,0
phishtank,1,0.4234272895718051,0
phishtank,1,0.9666130372542201,1
tranco_benign_proxy,0,0.3132714186212315,0
tranco_benign_proxy,0,0.3673390881041214,0
phishtank,1,0.9769162837407117,1
phishtank,1,0.9999282303510538,1
tranco_benign_proxy,0,0.17853924095197135,0
phishtank,1,0.5760024555044881,0
phishtank,1,0.9936086038522716,1
phishtank,1,0.996364598777802,1
tranco_benign_proxy,0,0.8053587241591382,1
tranco_benign_proxy,0,0.6160503508409718,0
tranco_benign_proxy,0,0.9927327882482636,1
tranco_benign_proxy,0,0.2118023558496382,0
phishtank,1,0.984402924791858,1
tranco_benign_proxy,0,0.9869294147688196,1
phishtank,1,0.9058297488695283,1
phishtank,1,0.982598251576175,1
phishtank,1,0.9996307131744893,1
tranco_benign_proxy,0,0.015230207897642331,0
tranco_benign_proxy,0,0.6235646629762438,0
phishtank,1,0.9986111599788411,1
tranco_benign_proxy,0,0.6755184973036803,0
tranco_benign_proxy,0,0.949581549407294,1
tranco_benign_proxy,0,0.11917218080134345,0
phishtank,1,0.9999432972540077,1
phishtank,1,0.9938903075980144,1
phishtank,1,0.9981096013045087,1
phishtank,1,0.40312452290973444,0
phishtank,1,0.16462136947180114,0
tranco_benign_proxy,0,0.4604125211600153,0
tranco_benign_proxy,0,0.6880867744821784,0
tranco_benign_proxy,0,0.41746319961894063,0
phishtank,1,0.9985517199176963,1
tranco_benign_proxy,0,0.9610403005177613,1
tranco_benign_proxy,0,0.18030526645134382,0
tranco_benign_proxy,0,0.13211994171117594,0
phishtank,1,0.9937143023880206,1
tranco_benign_proxy,0,0.41156554776520626,0
tranco_benign_proxy,0,0.7509763220286968,0
phishtank,1,0.991208686195207,1
tranco_benign_proxy,0,0.7204868589272447,0
phishtank,1,0.9988455499179999,1
phishtank,1,0.9328476386415196,1
tranco_benign_proxy,0,0.7093975657111322,0
phishtank,1,0.9665700974838027,1
tranco_benign_proxy,0,0.02104692847248676,0
tranco_benign_proxy,0,0.184517194432816,0
tranco_benign_proxy,0,0.1496472086894312,0
tranco_benign_proxy,0,0.21651230944059527,0
tranco_benign_proxy,0,0.8613374255376858,1
phishtank,1,0.9847738310535809,1
tranco_benign_proxy,0,0.5058886227901307,0
phishtank,1,0.9312271676756229,1
tranco_benign_proxy,0,0.1253019556098761,0
tranco_benign_proxy,0,0.3749915967086512,0
phishtank,1,0.9956179466034748,1
tranco_benign_proxy,0,0.977506357836122,1
phishtank,1,0.9385435611110302,1
tranco_benign_proxy,0,0.006976341883236822,0
tranco_benign_proxy,0,0.09489399262321616,0
phishtank,1,0.9614362395144342,1
tranco_benign_proxy,0,0.4665991610310723,0
phishtank,1,0.9936734320610449,1
tranco_benign_proxy,0,0.12199191249430567,0
phishtank,1,0.9998843236099559,1
tranco_benign_proxy,0,0.8566910349471797,1
tranco_benign_proxy,0,0.5155623249378904,0
tranco_benign_proxy,0,0.17402731600573002,0
phishtank,1,0.9990976295528233,1
tranco_benign_proxy,0,0.2914229781518543,0
phishtank,1,0.5530150455275868,0
tranco_benign_proxy,0,0.5611010591251199,0
tranco_benign_proxy,0,0.16511490978339025,0
tranco_benign_proxy,0,0.9122735517538676,1
tranco_benign_proxy,0,0.8989331076714066,1
tranco_benign_proxy,0,0.0011344199804979702,0
phishtank,1,0.9999285329284716,1
phishtank,1,0.9914214189380817,1
phishtank,1,0.9998629007683001,1
phishtank,1,0.9875774590124262,1
phishtank,1,0.9732549116623402,1
phishtank,1,0.9942240705788316,1
phishtank,1,0.9947740235361425,1
tranco_benign_proxy,0,0.02107156968369351,0
phishtank,1,0.9565460986602731,1
phishtank,1,0.20809546696209189,0
phishtank,1,0.9907942602605463,1
phishtank,1,0.9999072894461493,1
tranco_benign_proxy,0,0.2338199509270135,0
tranco_benign_proxy,0,0.011337539435872842,0
phishtank,1,0.9999698503284823,1
tranco_benign_proxy,0,0.041530533615078725,0
tranco_benign_proxy,0,0.26174648833008946,0
tranco_benign_proxy,0,0.1810290877772528,0
phishtank,1,0.902818185829947,1
phishtank,1,0.8187512332344505,1
phishtank,1,0.9748154078742679,1
phishtank,1,0.9952864565348294,1
phishtank,1,0.9998029024672087,1
tranco_benign_proxy,0,0.41615284745119513,0
phishtank,1,0.9967478207228164,1
tranco_benign_proxy,0,0.3420888760183796,0
phishtank,1,0.9991840780755117,1
phishtank,1,0.9765960062922919,1
tranco_benign_proxy,0,0.04385717226522886,0
phishtank,1,0.9998737190852783,1
phishtank,1,0.9651159095768663,1
tranco_benign_proxy,0,0.9967595141246312,1
phishtank,1,0.9697196467755611,1
phishtank,1,0.9588823757603017,1
tranco_benign_proxy,0,0.029408621582052402,0
tranco_benign_proxy,0,0.188760791899898,0
phishtank,1,0.9930819529831705,1
phishtank,1,0.8054183981129832,1
tranco_benign_proxy,0,0.03872830482224534,0
tranco_benign_proxy,0,0.8705039621454409,1
phishtank,1,0.4017834638797111,0
tranco_benign_proxy,0,0.753746245957958,0
tranco_benign_proxy,0,0.8053663693332758,1
phishtank,1,0.9962056443590772,1
phishtank,1,0.9994353603776618,1
tranco_benign_proxy,0,0.9943963768171723,1
tranco_benign_proxy,0,0.09469014596214334,0
phishtank,1,0.9992451482277297,1
phishtank,1,0.9958479592825725,1
phishtank,1,0.990138616894092,1
tranco_benign_proxy,0,0.07459477657562823,0
phishtank,1,0.9986831490319859,1
tranco_benign_proxy,0,0.16952523943448214,0
tranco_benign_proxy,0,0.7109807720388102,0
phishtank,1,0.4134621617916518,0
tranco_benign_proxy,0,0.853543572775302,1
tranco_benign_proxy,0,0.8416859856394501,1
tranco_benign_proxy,0,0.27667704528302156,0
phishtank,1,0.9113058847764414,1
tranco_benign_proxy,0,0.137950914806412,0
phishtank,1,0.9904725757882014,1
phishtank,1,0.29234509956271787,0
phishtank,1,0.9978530136405378,1
phishtank,1,0.9751471807554879,1
phishtank,1,0.9716627882915233,1
tranco_benign_proxy,0,0.19970767279675294,0
tranco_benign_proxy,0,0.337728227294873,0
phishtank,1,0.995216193553447,1
phishtank,1,0.999436137064825,1
tranco_benign_proxy,0,0.28614946880871944,0
tranco_benign_proxy,0,0.9053467502164233,1
tranco_benign_proxy,0,0.8750255124683359,1
phishtank,1,0.8853876079137709,1
tranco_benign_proxy,0,0.2583983611808282,0
tranco_benign_proxy,0,0.12680296510748343,0
tranco_benign_proxy,0,0.6567984878549933,0
tranco_benign_proxy,0,0.9988790399117239,1
phishtank,1,0.9866017630041551,1
phishtank,1,0.9376793795203734,1
tranco_benign_proxy,0,0.6284303007744556,0
phishtank,1,0.9868393713553413,1
phishtank,1,0.2740291169025694,0
phishtank,1,0.5208786971916691,0
tranco_benign_proxy,0,0.5141689359615254,0
phishtank,1,0.9950960255489658,1
tranco_benign_proxy,0,0.035470775934676964,0
phishtank,1,0.9937353464968645,1
phishtank,1,0.9944075979894181,1
tranco_benign_proxy,0,0.39873174441443926,0
phishtank,1,0.9978080307704646,1
phishtank,1,0.9959987894942263,1
tranco_benign_proxy,0,0.01436969363135991,0
phishtank,1,0.9871466007719821,1
phishtank,1,0.9568057229733995,1
phishtank,1,0.9863314674303779,1
phishtank,1,0.19629301284858558,0
phishtank,1,0.9718344628522598,1
phishtank,1,0.18288967135552747,0
tranco_benign_proxy,0,0.9563297013640082,1
tranco_benign_proxy,0,0.039649663994603956,0
phishtank,1,0.9945373086803531,1
tranco_benign_proxy,0,0.2635169348043904,0
tranco_benign_proxy,0,0.6110906686323525,0
tranco_benign_proxy,0,0.00488455707243309,0
phishtank,1,0.9899232321912552,1
phishtank,1,0.9959536701422821,1
phishtank,1,0.6934376831707069,0
tranco_benign_proxy,0,0.2826802907440698,0
tranco_benign_proxy,0,0.44291875889762017,0
phishtank,1,0.9997248572923259,1
tranco_benign_proxy,0,0.11523793017616225,0
phishtank,1,0.9993061664642616,1
phishtank,1,0.9875258634278942,1
tranco_benign_proxy,0,0.9015007776836939,1
phishtank,1,0.9979673716747867,1
tranco_benign_proxy,0,0.5259518616723247,0
phishtank,1,0.9931538768296974,1
phishtank,1,0.8759158446318366,1
phishtank,1,0.9868382113397586,1
tranco_benign_proxy,0,0.8841335824108162,1
tranco_benign_proxy,0,0.3730967616741437,0
phishtank,1,0.9999089453139374,1
phishtank,1,0.9899197959467745,1
phishtank,1,0.9776208312824431,1
phishtank,1,0.9661869538205027,1
tranco_benign_proxy,0,0.0009198113457488306,0
phishtank,1,0.03705676657807717,0
tranco_benign_proxy,0,0.21406574458111355,0
phishtank,1,0.9755089414967046,1
tranco_benign_proxy,0,0.3139946508155261,0
phishtank,1,0.9975524737850451,1
tranco_benign_proxy,0,0.5578817549901783,0
phishtank,1,0.9912432130069868,1
phishtank,1,0.99723192338872,1
phishtank,1,0.9995672276219612,1
tranco_benign_proxy,0,0.6887000596973409,0
tranco_benign_proxy,0,0.07330075004267295,0
phishtank,1,0.7660138806213758,0
phishtank,1,0.9574471367818588,1
phishtank,1,0.8238855322651045,1
phishtank,1,0.987573974268026,1
tranco_benign_proxy,0,0.159606013994069,0
tranco_benign_proxy,0,0.0053867536353382735,0
phishtank,1,0.8650676690076432,1
tranco_benign_proxy,0,0.3865271286124702,0
tranco_benign_proxy,0,0.2031191126724301,0
phishtank,1,0.6634904597536062,0
tranco_benign_proxy,0,0.05641550842748882,0
phishtank,1,0.999801921744412,1
phishtank,1,0.9996576519370597,1
tranco_benign_proxy,0,0.09906143991864486,0
phishtank,1,0.9991883223700812,1
phishtank,1,0.9646513566614556,1
phishtank,1,0.2144632379785552,0
tranco_benign_proxy,0,0.10138074007567822,0
tranco_benign_proxy,0,0.2545181673383809,0
tranco_benign_proxy,0,0.25090296005462015,0
phishtank,1,0.9962231625476411,1
tranco_benign_proxy,0,0.5143909208841059,0
phishtank,1,0.9996788795220957,1
phishtank,1,0.34681532090989636,0
phishtank,1,0.9984669828353325,1
tranco_benign_proxy,0,0.10126241588913258,0
phishtank,1,0.9992810471733651,1
phishtank,1,0.9993854228314123,1
tranco_benign_proxy,0,0.8647767445715698,1
phishtank,1,0.9999470266712746,1
phishtank,1,0.9920898544422803,1
phishtank,1,0.9926038416488894,1
tranco_benign_proxy,0,0.028238004314275953,0
tranco_benign_proxy,0,0.829022877239225,1
tranco_benign_proxy,0,0.13024839107688282,0
tranco_benign_proxy,0,0.9903757491997863,1
tranco_benign_proxy,0,0.6555721059930224,0
phishtank,1,0.9681924851932994,1
tranco_benign_proxy,0,0.31471832504758657,0
phishtank,1,0.8936021996542233,1
phishtank,1,0.9649142639219139,1
tranco_benign_proxy,0,0.24135028136625689,0
phishtank,1,0.9749675642894048,1
tranco_benign_proxy,0,0.056374430666407654,0
phishtank,1,0.9958880539668552,1
tranco_benign_proxy,0,0.12020430743062807,0
tranco_benign_proxy,0,0.07187255656296622,0
tranco_benign_proxy,0,0.07629070619229633,0
tranco_benign_proxy,0,0.2318700135114808,0
tranco_benign_proxy,0,0.5387659105101323,0
phishtank,1,0.9564918421174988,1
tranco_benign_proxy,0,0.08991929559868436,0
tranco_benign_proxy,0,0.7159252088620658,0
phishtank,1,0.9962364355199173,1
phishtank,1,0.9975291324328414,1
phishtank,1,0.9991051084259254,1
tranco_benign_proxy,0,0.6499298764312155,0
tranco_benign_proxy,0,0.8238511161939045,1
tranco_benign_proxy,0,0.04065667753913604,0
phishtank,1,0.8481435875544084,1
tranco_benign_proxy,0,0.6211314067203646,0
tranco_benign_proxy,0,0.3855190034507169,0
phishtank,1,0.994377880497822,1
tranco_benign_proxy,0,0.29745964869813724,0
tranco_benign_proxy,0,0.03869519462774439,0
phishtank,1,0.9994761424771657,1
phishtank,1,0.4271381702828797,0
tranco_benign_proxy,0,0.8817559800656577,1
phishtank,1,0.9969187897458925,1
tranco_benign_proxy,0,0.3142696812078693,0
tranco_benign_proxy,0,0.04593089543848324,0
phishtank,1,0.990581135197768,1
phishtank,1,0.9996705683561372,1
phishtank,1,0.9945805982380862,1
tranco_benign_proxy,0,0.46935261805208306,0
tranco_benign_proxy,0,0.4555893778413511,0
phishtank,1,0.23433967213274692,0
phishtank,1,0.272919498721477,0
tranco_benign_proxy,0,0.40816527160064725,0
tranco_benign_proxy,0,0.9235306099586336,1
tranco_benign_proxy,0,0.021583200778943275,0
tranco_benign_proxy,0,0.39315389105150994,0
phishtank,1,0.2451432809496499,0
phishtank,1,0.8454189777387958,1
phishtank,1,0.9998594772059185,1
tranco_benign_proxy,0,0.8987526438816362,1
phishtank,1,0.9098706852232792,1
phishtank,1,0.9824787558632883,1
phishtank,1,0.9986465730091112,1
tranco_benign_proxy,0,0.984279716413384,1
tranco_benign_proxy,0,0.3975958858564528,0
tranco_benign_proxy,0,0.9535262517652555,1
tranco_benign_proxy,0,0.8431796081537856,1
phishtank,1,0.9996630746739777,1
tranco_benign_proxy,0,0.8537746490185202,1
phishtank,1,0.6072238307968914,0
phishtank,1,0.9979580992808091,1
tranco_benign_proxy,0,0.1064895999682009,0
phishtank,1,0.9996256449749443,1
phishtank,1,0.9998290565455602,1
phishtank,1,0.9057412952381584,1
phishtank,1,0.9950797714846417,1
tranco_benign_proxy,0,0.46525495502567615,0
tranco_benign_proxy,0,0.0511753389753987,0
phishtank,1,0.9991329160153231,1
phishtank,1,0.772273927679592,1
phishtank,1,0.9286848020913812,1
tranco_benign_proxy,0,0.15547781005635025,0
tranco_benign_proxy,0,0.01914411794133407,0
phishtank,1,0.9997578115279813,1
phishtank,1,0.9544115943399079,1
tranco_benign_proxy,0,0.21681690452644928,0
phishtank,1,0.9999217956798148,1
tranco_benign_proxy,0,0.1011799088647512,0
tranco_benign_proxy,0,0.12597124490046746,0
tranco_benign_proxy,0,0.13269505169363907,0
phishtank,1,0.23118634632296908,0
tranco_benign_proxy,0,0.14160973599297758,0
phishtank,1,0.7029834291187965,0
phishtank,1,0.9857090744539517,1
phishtank,1,0.9793250865305038,1
phishtank,1,0.9955512926905642,1
tranco_benign_proxy,0,0.11768759972333213,0
phishtank,1,0.9654211281949852,1
phishtank,1,0.9795846250500665,1
tranco_benign_proxy,0,0.3838654979658636,0
tranco_benign_proxy,0,0.7559650197345976,0
phishtank,1,0.9722157673936429,1
tranco_benign_proxy,0,0.16263067750232393,0
tranco_benign_proxy,0,0.012430399088718734,0
phishtank,1,0.820703584629549,1
tranco_benign_proxy,0,0.6892092380604228,0
tranco_benign_proxy,0,0.22327100333572875,0
phishtank,1,0.9996591801302941,1
phishtank,1,0.978856659270374,1
phishtank,1,0.852331112536051,1
phishtank,1,0.9984081537803438,1
tranco_benign_proxy,0,0.1918594485346203,0
phishtank,1,0.9963392216804758,1
phishtank,1,0.9980783714515876,1
phishtank,1,0.9334633910572897,1
tranco_benign_proxy,0,0.09413348502304426,0
tranco_benign_proxy,0,0.06603018689101413,0
tranco_benign_proxy,0,0.14486934624256864,0
tranco_benign_proxy,0,0.19086024533871546,0
phishtank,1,0.8109210820859359,1
phishtank,1,0.9903030187592781,1
tranco_benign_proxy,0,0.9659209272095619,1
phishtank,1,0.4891761281987282,0
tranco_benign_proxy,0,0.12834855843356374,0
phishtank,1,0.9999405271436753,1
phishtank,1,0.9366714242747143,1
phishtank,1,0.7516251241653286,0
phishtank,1,0.9999552119753107,1
tranco_benign_proxy,0,0.11302546799302594,0
phishtank,1,0.9984939095146731,1
tranco_benign_proxy,0,0.05734520312053464,0
tranco_benign_proxy,0,0.684282205613367,0
tranco_benign_proxy,0,0.8729172310430703,1
phishtank,1,0.9959408911037883,1
tranco_benign_proxy,0,0.1930202100974956,0
phishtank,1,0.9575744801625291,1
phishtank,1,0.999874341365414,1
phishtank,1,0.9876190503716419,1
phishtank,1,0.9563863359023156,1
tranco_benign_proxy,0,0.0272038309961618,0
tranco_benign_proxy,0,0.34308335326973866,0
tranco_benign_proxy,0,0.8159179093381392,1
tranco_benign_proxy,0,0.655141257658535,0
phishtank,1,0.5949528892512698,0
phishtank,1,0.949172593648344,1
phishtank,1,0.998738443642846,1
tranco_benign_proxy,0,0.6811535998726177,0
tranco_benign_proxy,0,0.15100055717544097,0
phishtank,1,0.9994337439985167,1
tranco_benign_proxy,0,0.3816923792597788,0
tranco_benign_proxy,0,0.0054638463287106365,0
phishtank,1,0.9979378959899241,1
tranco_benign_proxy,0,0.10455976852537974,0
tranco_benign_proxy,0,0.6573157675306434,0
phishtank,1,0.8670271122445136,1
tranco_benign_proxy,0,0.4660616408236984,0
tranco_benign_proxy,0,0.14111357183451484,0
phishtank,1,0.9393967654700272,1
tranco_benign_proxy,0,0.2147926130335879,0
phishtank,1,0.9997295783413436,1
tranco_benign_proxy,0,0.08784092287775452,0
phishtank,1,0.9922086715874385,1
phishtank,1,0.996742249253281,1
phishtank,1,0.9752412159826594,1
tranco_benign_proxy,0,0.1389443527407792,0
phishtank,1,0.9900257773111899,1
phishtank,1,0.9553748171486863,1
phishtank,1,0.6363492848800772,0
phishtank,1,0.9975489428232767,1
phishtank,1,0.9975057640398259,1
tranco_benign_proxy,0,0.19382966330384815,0
phishtank,1,0.9935491003117655,1
phishtank,1,0.93596635181714,1
tranco_benign_proxy,0,0.08081472717210245,0
phishtank,1,0.6927665945239462,0
tranco_benign_proxy,0,0.196914223598315,0
phishtank,1,0.9833380829345467,1
tranco_benign_proxy,0,0.2568646112757706,0
phishtank,1,0.9835840883678734,1
phishtank,1,0.7350509198354435,0
phishtank,1,0.9995124962288722,1
phishtank,1,0.9964230077565189,1
phishtank,1,0.962164940702256,1
phishtank,1,0.9995959556748162,1
phishtank,1,0.4568571521765438,0
phishtank,1,0.9911322275137897,1
phishtank,1,0.9590839234116261,1
tranco_benign_proxy,0,0.012724752657218565,0
phishtank,1,0.9791701489269131,1
phishtank,1,0.999668257467177,1
tranco_benign_proxy,0,0.19794092961361737,0
phishtank,1,0.9862588289054764,1
phishtank,1,0.9469854572224425,1
phishtank,1,0.9964348745711948,1
tranco_benign_proxy,0,0.032473641692108715,0
phishtank,1,0.9972069304301717,1
phishtank,1,0.18427886545352398,0
phishtank,1,0.9940162166508245,1
phishtank,1,0.9976936285696915,1
phishtank,1,0.9990827687629092,1
tranco_benign_proxy,0,0.05530005868548999,0
tranco_benign_proxy,0,0.7662229365900037,0
tranco_benign_proxy,0,0.7477256250840777,0
tranco_benign_proxy,0,0.25312921343926226,0
tranco_benign_proxy,0,0.5565661885895198,0
phishtank,1,0.9840489767518616,1
phishtank,1,0.041785609488608794,0
phishtank,1,0.5883828185510378,0
tranco_benign_proxy,0,0.8575470994304188,1
tranco_benign_proxy,0,0.37318840689221544,0
tranco_benign_proxy,0,0.10739840569768012,0
phishtank,1,0.9947565560914323,1
phishtank,1,0.813782547676277,1
phishtank,1,0.7992744462093352,1
phishtank,1,0.9963968873552196,1
tranco_benign_proxy,0,0.17800357502335745,0
phishtank,1,0.903152909635296,1
tranco_benign_proxy,0,0.6842967670634272,0
phishtank,1,0.9773647965882304,1
tranco_benign_proxy,0,0.06229942098930512,0
tranco_benign_proxy,0,0.07281884624286573,0
phishtank,1,0.9997602676856564,1
phishtank,1,0.9932070424446043,1
phishtank,1,0.8640866540353033,1
tranco_benign_proxy,0,0.252464627671513,0
phishtank,1,0.19219954894093874,0
tranco_benign_proxy,0,0.2880082399217966,0
tranco_benign_proxy,0,0.8217683250198781,1
phishtank,1,0.8515900253062035,1
phishtank,1,0.08758258335110548,0
phishtank,1,0.9803185413690753,1
tranco_benign_proxy,0,0.315493161414314,0
tranco_benign_proxy,0,0.18224909315084042,0
phishtank,1,0.9999957275548677,1
phishtank,1,0.9991709283367008,1
phishtank,1,0.6436138015284889,0
tranco_benign_proxy,0,0.1442266586655852,0
tranco_benign_proxy,0,0.4559179779093632,0
phishtank,1,0.9993629013057846,1
phishtank,1,0.9830695562032407,1
tranco_benign_proxy,0,0.0642164152021412,0
tranco_benign_proxy,0,0.3535631805704185,0
tranco_benign_proxy,0,0.08194292692325712,0
tranco_benign_proxy,0,0.39780450397750255,0
tranco_benign_proxy,0,0.6105125410637585,0
phishtank,1,0.999687758161788,1
tranco_benign_proxy,0,0.9696303345810534,1
phishtank,1,0.3989160861131037,0
phishtank,1,0.9992525474186307,1
tranco_benign_proxy,0,0.35194582540815494,0
tranco_benign_proxy,0,0.25068808808988186,0
phishtank,1,0.9999802593828933,1
phishtank,1,0.9914526046210674,1
phishtank,1,0.9614169260810804,1
tranco_benign_proxy,0,0.31101698376362114,0
phishtank,1,0.9304583197127493,1
phishtank,1,0.9912961749132704,1
tranco_benign_proxy,0,0.9388166445026271,1
phishtank,1,0.9645027044141018,1
phishtank,1,0.994811510082099,1
phishtank,1,0.5925813624908255,0
tranco_benign_proxy,0,0.09597527920120225,0
phishtank,1,0.9968870450310083,1
tranco_benign_proxy,0,0.14647998349245592,0
phishtank,1,0.9850152078158018,1
tranco_benign_proxy,0,0.05871911267261759,0
tranco_benign_proxy,0,0.6583835611674204,0
phishtank,1,0.9838580577263656,1
tranco_benign_proxy,0,0.19898696051431158,0
tranco_benign_proxy,0,0.9664895375863006,1
tranco_benign_proxy,0,0.4280806613714285,0
tranco_benign_proxy,0,0.17321986264266817,0
phishtank,1,0.006538093608393068,0
tranco_benign_proxy,0,0.06368372954087284,0
tranco_benign_proxy,0,0.3115940523030021,0
tranco_benign_proxy,0,0.583815451955569,0
phishtank,1,0.9931855601475726,1
tranco_benign_proxy,0,0.7776052547960444,1
tranco_benign_proxy,0,0.3429105919330355,0
tranco_benign_proxy,0,0.22212777711113427,0
tranco_benign_proxy,0,0.1343906917657874,0
phishtank,1,0.9249560325834588,1
phishtank,1,0.9981797269661455,1
tranco_benign_proxy,0,0.10616846451611672,0
phishtank,1,0.9651851776573371,1
tranco_benign_proxy,0,0.917138382886169,1
tranco_benign_proxy,0,0.08970829777115198,0
tranco_benign_proxy,0,0.08536549191179209,0
tranco_benign_proxy,0,0.03758185513261501,0
tranco_benign_proxy,0,0.8044975971900319,1
tranco_benign_proxy,0,0.15602347318344634,0
phishtank,1,0.9999946649527273,1
phishtank,1,0.9932787450786789,1
phishtank,1,0.9835552009189852,1
tranco_benign_proxy,0,0.03515428341372517,0
phishtank,1,0.9760804959549717,1
tranco_benign_proxy,0,0.5519901812756195,0
phishtank,1,0.9993772958349043,1
tranco_benign_proxy,0,0.2097993454474137,0
phishtank,1,0.998991096923898,1
phishtank,1,0.9912437151171155,1
phishtank,1,0.9936090742693091,1
tranco_benign_proxy,0,0.004850832207510163,0
tranco_benign_proxy,0,0.6631556041729796,0
phishtank,1,0.9844363474399284,1
tranco_benign_proxy,0,0.18650994390745027,0
phishtank,1,0.9925745106693558,1
phishtank,1,0.982623960883676,1
phishtank,1,0.4420440716780795,0
tranco_benign_proxy,0,0.20569839115271618,0
phishtank,1,0.9999720082049981,1
phishtank,1,0.9965367943178802,1
tranco_benign_proxy,0,0.185612261043892,0
tranco_benign_proxy,0,0.9470342801606497,1
phishtank,1,0.9998574858440517,1
phishtank,1,0.456849690598798,0
phishtank,1,0.9725360078580285,1
tranco_benign_proxy,0,0.37290196734400344,0
phishtank,1,0.9947165356449965,1
phishtank,1,0.97219594431312,1
phishtank,1,0.9977630262557962,1
phishtank,1,0.9921974190072775,1
phishtank,1,0.9514889209670278,1
phishtank,1,0.9788148388201351,1
phishtank,1,0.9489007026469095,1
phishtank,1,0.32783336182724415,0
tranco_benign_proxy,0,0.2938972177094394,0
phishtank,1,0.4100596327549405,0
phishtank,1,0.10997936431690643,0
phishtank,1,0.998875292780173,1
phishtank,1,0.995942446313554,1
phishtank,1,0.9903103918333294,1
phishtank,1,0.03645956957615726,0
tranco_benign_proxy,0,0.07639754262852926,0
phishtank,1,0.1394553478992744,0
phishtank,1,0.3025523390780768,0
phishtank,1,0.9973418344181103,1
phishtank,1,0.2084226501586893,0
tranco_benign_proxy,0,0.7064234469754723,0
phishtank,1,0.9991719076130838,1
phishtank,1,0.23578907779476918,0
tranco_benign_proxy,0,0.6604662750925862,0
phishtank,1,0.9829800218386844,1
tranco_benign_proxy,0,0.830413096916279,1
tranco_benign_proxy,0,0.9873221423557822,1
tranco_benign_proxy,0,0.22653220256461795,0
tranco_benign_proxy,0,0.847240182639277,1
phishtank,1,0.9787412260493098,1
tranco_benign_proxy,0,0.040935740358212465,0
phishtank,1,0.9907596169459286,1
phishtank,1,0.9998016925069101,1
tranco_benign_proxy,0,0.20871246126896945,0
phishtank,1,0.9775872536297217,1
phishtank,1,0.27181274280290296,0
tranco_benign_proxy,0,0.3334363340617761,0
phishtank,1,0.9716890282620787,1
phishtank,1,0.9996478335319099,1
phishtank,1,0.9887579891190779,1
phishtank,1,0.9761738293530092,1
phishtank,1,0.9348533709831821,1
phishtank,1,0.9787844424808922,1
phishtank,1,0.9976150240355902,1
phishtank,1,0.9905318681584113,1
tranco_benign_proxy,0,0.6062762780468809,0
phishtank,1,0.7622094510432252,0
tranco_benign_proxy,0,0.08463252719407185,0
phishtank,1,0.9791358325934353,1
phishtank,1,0.9995326056600938,1
tranco_benign_proxy,0,0.11227514277504286,0
phishtank,1,0.9837959716541134,1
phishtank,1,0.3210219811226635,0
phishtank,1,0.980711795436147,1
phishtank,1,0.9443775487698586,1
phishtank,1,0.9337589018087147,1
phishtank,1,0.07651937867753937,0
phishtank,1,0.9998571913917587,1
phishtank,1,0.9972748966435114,1
tranco_benign_proxy,0,0.6744970107444154,0
phishtank,1,0.9807533544210154,1
tranco_benign_proxy,0,0.7147219224804761,0
phishtank,1,0.8946505225989158,1
tranco_benign_proxy,0,0.007509973909513627,0
tranco_benign_proxy,0,0.004734048180890735,0
phishtank,1,0.996890756265765,1
phishtank,1,0.27053840699346166,0
tranco_benign_proxy,0,0.9055210854580603,1
phishtank,1,0.9954910737660195,1
tranco_benign_proxy,0,0.00795276397443572,0
phishtank,1,0.9999223964032231,1
phishtank,1,0.9965363456168688,1
phishtank,1,0.9977595269897408,1
tranco_benign_proxy,0,0.4867506571877986,0
phishtank,1,0.145943149545618,0
phishtank,1,0.996597802087653,1
phishtank,1,0.5758679938418116,0
tranco_benign_proxy,0,0.3756412947082148,0
tranco_benign_proxy,0,0.9435455327843332,1
tranco_benign_proxy,0,0.0013732199054693204,0
phishtank,1,0.10433923101392056,0
tranco_benign_proxy,0,0.2261620212025327,0
phishtank,1,0.1313159906918045,0
tranco_benign_proxy,0,0.38649846398179943,0
tranco_benign_proxy,0,0.6199816127370281,0
tranco_benign_proxy,0,0.11934991318007107,0
tranco_benign_proxy,0,0.2643835403851002,0
tranco_benign_proxy,0,0.0013392933793990316,0
tranco_benign_proxy,0,0.8426191200198547,1
phishtank,1,0.9993887875307417,1
phishtank,1,0.9917488850003855,1
phishtank,1,0.9873492434709454,1
phishtank,1,0.9980741360632518,1
phishtank,1,0.999791133125846,1
phishtank,1,0.9998573304107308,1
tranco_benign_proxy,0,0.9682826762079386,1
phishtank,1,0.9507587495593218,1
phishtank,1,0.9993672583755058,1
phishtank,1,0.9989215929463469,1
phishtank,1,0.9983531027828709,1
phishtank,1,0.2501915159923956,0
phishtank,1,0.9440481636397172,1
tranco_benign_proxy,0,0.11392847115621006,0
phishtank,1,0.8679740115699933,1
phishtank,1,0.7914454564901688,1
phishtank,1,0.9970079831790225,1
phishtank,1,0.9579341163326305,1
tranco_benign_proxy,0,0.15548896240627488,0
phishtank,1,0.9993608085187217,1
tranco_benign_proxy,0,0.046658621320457165,0
tranco_benign_proxy,0,0.009195352547173559,0
tranco_benign_proxy,0,0.00592866671245666,0
phishtank,1,0.8211739148845492,1
phishtank,1,0.2176015043568493,0
phishtank,1,0.34988777833800644,0
tranco_benign_proxy,0,0.1505726034420649,0
phishtank,1,0.9835659015243435,1
tranco_benign_proxy,0,0.33035076034540567,0
phishtank,1,0.9996278268758149,1
tranco_benign_proxy,0,0.44978641211281256,0
phishtank,1,0.9475253270159678,1
phishtank,1,0.9936066354012817,1
tranco_benign_proxy,0,0.24772525392712877,0
phishtank,1,0.7665751121868086,0
phishtank,1,0.9959917996414263,1
tranco_benign_proxy,0,0.04904427594181672,0
phishtank,1,0.9226337101766879,1
phishtank,1,0.19993977147944292,0
tranco_benign_proxy,0,0.38244013667294996,0
phishtank,1,0.9999000073844939,1
tranco_benign_proxy,0,0.20382837358865954,0
phishtank,1,0.9895393075264147,1
tranco_benign_proxy,0,0.046953137558503985,0
phishtank,1,0.07822273211582823,0
phishtank,1,0.99984941387067,1
phishtank,1,0.9935226384748571,1
tranco_benign_proxy,0,0.040491255087751823,0
phishtank,1,0.10456887931751548,0
tranco_benign_proxy,0,0.8994793869752142,1
phishtank,1,0.9997499283756431,1
phishtank,1,0.9916476086459272,1
tranco_benign_proxy,0,0.40010369455696615,0
phishtank,1,0.2623265945066049,0
tranco_benign_proxy,0,0.1357264688460728,0
phishtank,1,0.9987233971737747,1
tranco_benign_proxy,0,0.19046642064710734,0
tranco_benign_proxy,0,0.9822500928419258,1
tranco_benign_proxy,0,0.3270890839462619,0
tranco_benign_proxy,0,0.0013296548923266477,0
tranco_benign_proxy,0,0.0030192740363560633,0
phishtank,1,0.7517684851011209,0
phishtank,1,0.9932349407810209,1
tranco_benign_proxy,0,0.5259748325184331,0
tranco_benign_proxy,0,0.9919768514402499,1
phishtank,1,0.9986660814998201,1
phishtank,1,0.9998658203709131,1
tranco_benign_proxy,0,0.2083545363289754,0
phishtank,1,0.9999369564808016,1
tranco_benign_proxy,0,0.1349663785829527,0
tranco_benign_proxy,0,0.014526741843340551,0
phishtank,1,0.9994234695752572,1
phishtank,1,0.5325830335408274,0
tranco_benign_proxy,0,0.5847257182356154,0
tranco_benign_proxy,0,0.19790833581590997,0
tranco_benign_proxy,0,0.08013439145733316,0
phishtank,1,0.9845332344940362,1
phishtank,1,0.9803516296392626,1
phishtank,1,0.9956363137142864,1
phishtank,1,0.9992270517158309,1
phishtank,1,0.999899895382208,1
phishtank,1,0.719953073622652,0
tranco_benign_proxy,0,0.006943194630391571,0
tranco_benign_proxy,0,0.13546870072024958,0
phishtank,1,0.9916991975241547,1
tranco_benign_proxy,0,0.09154491573183347,0
phishtank,1,0.9588038237960537,1
phishtank,1,0.9772515926471655,1
tranco_benign_proxy,0,0.887311318787329,1
phishtank,1,0.995611449753974,1
tranco_benign_proxy,0,0.07129542620257333,0
phishtank,1,0.9988429803703706,1
phishtank,1,0.933420595467899,1
tranco_benign_proxy,0,0.08489652959918695,0
tranco_benign_proxy,0,0.012940007121583571,0
phishtank,1,0.4284801272487496,0
phishtank,1,0.999446409169722,1
tranco_benign_proxy,0,0.24101742139338647,0
tranco_benign_proxy,0,0.3484054592045809,0
phishtank,1,0.9874121671642084,1
tranco_benign_proxy,0,0.15092227688899754,0
tranco_benign_proxy,0,0.2539640182363259,0
tranco_benign_proxy,0,0.09949318538428535,0
tranco_benign_proxy,0,0.05133617523187486,0
tranco_benign_proxy,0,0.33010877268639854,0
tranco_benign_proxy,0,0.41628562282817294,0
tranco_benign_proxy,0,0.07257765105196706,0
tranco_benign_proxy,0,0.6264096070840407,0
phishtank,1,0.9907744714138239,1
tranco_benign_proxy,0,0.656783114432851,0
phishtank,1,0.9943836184059202,1
phishtank,1,0.9806443998067524,1
phishtank,1,0.938035732607832,1
tranco_benign_proxy,0,0.22754171520574767,0
phishtank,1,0.9995446945059209,1
phishtank,1,0.04891351445309259,0
phishtank,1,0.8733518148546251,1
phishtank,1,0.8892015216645796,1
phishtank,1,0.993956226816696,1
phishtank,1,0.9620367984738049,1
phishtank,1,0.3350935393132858,0
tranco_benign_proxy,0,0.4556637693687632,0
phishtank,1,0.9991384727022503,1
tranco_benign_proxy,0,0.11181286876642485,0
tranco_benign_proxy,0,0.18570368984794375,0
phishtank,1,0.979182832334478,1
phishtank,1,0.9987334743613955,1
phishtank,1,0.9904836176147922,1
phishtank,1,0.15541346462399122,0
phishtank,1,0.41858476240633674,0
tranco_benign_proxy,0,0.17750205934447766,0
tranco_benign_proxy,0,0.01366510740880957,0
tranco_benign_proxy,0,0.6685797896471958,0
tranco_benign_proxy,0,0.01701825837182279,0
phishtank,1,0.9857024916338057,1
tranco_benign_proxy,0,0.16807928094989483,0
tranco_benign_proxy,0,0.803968203289627,1
phishtank,1,0.9776993332672368,1
tranco_benign_proxy,0,0.4752458360280561,0
phishtank,1,0.9998803460849149,1
tranco_benign_proxy,0,0.3403658063586086,0
phishtank,1,0.9953367108015208,1
tranco_benign_proxy,0,0.33483533591868936,0
phishtank,1,0.9988116391264524,1
tranco_benign_proxy,0,0.40942066066985383,0
phishtank,1,0.9985162537545191,1
tranco_benign_proxy,0,0.2483387681053462,0
phishtank,1,0.8916308702531855,1
tranco_benign_proxy,0,0.9355482439675746,1
tranco_benign_proxy,0,0.09363055213637361,0
phishtank,1,0.9993396565788134,1
phishtank,1,0.9740624232441055,1
phishtank,1,0.9980161084848791,1
tranco_benign_proxy,0,0.2210793376107616,0
tranco_benign_proxy,0,0.180206259804152,0
phishtank,1,0.998338680441098,1
phishtank,1,0.999941145278813,1
tranco_benign_proxy,0,0.07137282916556213,0
phishtank,1,0.9769056223045463,1
phishtank,1,0.9980807553439845,1
tranco_benign_proxy,0,0.6782997690259992,0
tranco_benign_proxy,0,0.2585248815588842,0
phishtank,1,0.1780492785801164,0
tranco_benign_proxy,0,0.14886075488451928,0
phishtank,1,0.07231167016887581,0
tranco_benign_proxy,0,0.34091804796228226,0
phishtank,1,0.9890407711757263,1
tranco_benign_proxy,0,0.010999503237643966,0
tranco_benign_proxy,0,0.03108000006482588,0
phishtank,1,0.9958461278621267,1
tranco_benign_proxy,0,0.0007818854737443845,0
tranco_benign_proxy,0,0.013813441331764327,0
phishtank,1,0.9977507054093732,1
phishtank,1,0.9978368448127166,1
phishtank,1,0.9961076889041306,1
phishtank,1,0.9999967992611521,1
tranco_benign_proxy,0,0.10818749937521746,0
tranco_benign_proxy,0,0.8844630800307701,1
tranco_benign_proxy,0,0.07935201258954855,0
tranco_benign_proxy,0,0.3607898501548624,0
tranco_benign_proxy,0,0.8214476964596162,1
tranco_benign_proxy,0,0.8394347886163859,1
tranco_benign_proxy,0,0.0068743229584252875,0
phishtank,1,0.5028099823894352,0
tranco_benign_proxy,0,0.3846367449557186,0
phishtank,1,0.9870506789893068,1
phishtank,1,0.9971685444756759,1
tranco_benign_proxy,0,0.011447582182046948,0
tranco_benign_proxy,0,0.0009499800753555048,0
tranco_benign_proxy,0,0.07424119848758325,0
phishtank,1,0.9872636797007608,1
tranco_benign_proxy,0,0.008141619496877809,0
phishtank,1,0.15043681220312205,0
tranco_benign_proxy,0,0.13593680297616267,0
tranco_benign_proxy,0,0.07176605894940474,0
phishtank,1,0.9678676715781183,1
phishtank,1,0.9784839114538688,1
phishtank,1,0.8478948022442465,1
tranco_benign_proxy,0,0.7227674056932559,0
phishtank,1,0.9996511807341559,1
phishtank,1,0.7396587363684294,0
tranco_benign_proxy,0,0.05650674833269608,0
phishtank,1,0.8055660937586836,1
phishtank,1,0.3016741669037493,0
phishtank,1,0.9906258478386321,1
tranco_benign_proxy,0,0.49318179432967574,0
tranco_benign_proxy,0,0.688438010878695,0
tranco_benign_proxy,0,0.0050155018196249386,0
phishtank,1,0.9937712314055424,1
phishtank,1,0.7853128579087766,1
phishtank,1,0.9340176838150218,1
phishtank,1,0.9997901169877222,1
tranco_benign_proxy,0,0.15830307364590204,0
tranco_benign_proxy,0,0.2278618305956593,0
tranco_benign_proxy,0,0.3831028910837999,0
tranco_benign_proxy,0,0.9408847468461893,1
tranco_benign_proxy,0,0.9536801610283734,1
tranco_benign_proxy,0,0.060685970006040604,0
phishtank,1,0.9996195671760841,1
phishtank,1,0.6040616324441617,0
tranco_benign_proxy,0,0.009289812515511739,0
phishtank,1,0.9968507819432939,1
tranco_benign_proxy,0,0.9542180111768814,1
tranco_benign_proxy,0,0.03235951879200025,0
phishtank,1,0.996294917714963,1
tranco_benign_proxy,0,0.5776239212999761,0
phishtank,1,0.9836283845141537,1
phishtank,1,0.9982388222295117,1
phishtank,1,0.9919089201906872,1
phishtank,1,0.783484755208177,1
tranco_benign_proxy,0,0.2756580547461821,0
tranco_benign_proxy,0,0.1304604206042279,0
tranco_benign_proxy,0,0.1352884807386855,0
tranco_benign_proxy,0,0.5340266135167583,0
tranco_benign_proxy,0,0.20419823869487075,0
phishtank,1,0.995783541089052,1
tranco_benign_proxy,0,0.22820525279397155,0
phishtank,1,0.9990679541605627,1
tranco_benign_proxy,0,0.20977632981999436,0
tranco_benign_proxy,0,0.040191677219904576,0
phishtank,1,0.9963642569355171,1
phishtank,1,0.988752749783879,1
tranco_benign_proxy,0,0.009245215154123323,0
tranco_benign_proxy,0,0.9134794746608759,1
phishtank,1,0.6369380259163223,0
tranco_benign_proxy,0,0.272526640603416,0
tranco_benign_proxy,0,0.9429657441402485,1
tranco_benign_proxy,0,0.6218169272106213,0
tranco_benign_proxy,0,0.04761332195458927,0
phishtank,1,0.9677872442504377,1
tranco_benign_proxy,0,0.820586703197851,1
phishtank,1,0.9960556058993254,1
phishtank,1,0.9782265057483391,1
tranco_benign_proxy,0,0.3963366274030871,0
phishtank,1,0.32654110049156254,0
phishtank,1,0.9931879291011514,1
phishtank,1,0.9907645914292859,1
phishtank,1,0.9999473770164427,1
phishtank,1,0.9929615692650029,1
tranco_benign_proxy,0,0.12588546896824623,0
phishtank,1,0.9955067547676141,1
phishtank,1,0.8868088796620944,1
phishtank,1,0.99473885521461,1
phishtank,1,0.9999141701918821,1
tranco_benign_proxy,0,0.22025876309839876,0
tranco_benign_proxy,0,0.3869691158697344,0
phishtank,1,0.8186208321321888,1
phishtank,1,0.6483294698314049,0
phishtank,1,0.9802940484715202,1
phishtank,1,0.9692273991060468,1
tranco_benign_proxy,0,0.9897148789414008,1
tranco_benign_proxy,0,0.1066098986567804,0
tranco_benign_proxy,0,0.0874499885559238,0
tranco_benign_proxy,0,0.058405688508039774,0
tranco_benign_proxy,0,0.8366136144811255,1
phishtank,1,0.22430228175520303,0
tranco_benign_proxy,0,0.4234016251347539,0
phishtank,1,0.1277801296642028,0
phishtank,1,0.9777538589606874,1
phishtank,1,0.999210493546053,1
tranco_benign_proxy,0,0.9744346339749143,1
tranco_benign_proxy,0,0.22952686808408654,0
tranco_benign_proxy,0,0.35803944484128264,0
phishtank,1,0.9428593342679548,1
phishtank,1,0.9993560312923084,1
tranco_benign_proxy,0,0.3549817787890068,0
phishtank,1,0.9998089056782256,1
phishtank,1,0.9994617305096699,1
tranco_benign_proxy,0,0.9803519310840468,1
phishtank,1,0.9759661661032601,1
phishtank,1,0.9796596079568568,1
tranco_benign_proxy,0,0.7782200293886621,1
tranco_benign_proxy,0,0.09586096272152862,0
phishtank,1,0.9972833694805302,1
phishtank,1,0.9996756306459625,1
tranco_benign_proxy,0,0.06462250426281943,0
phishtank,1,0.9985017439714459,1
tranco_benign_proxy,0,0.6754783921518636,0
tranco_benign_proxy,0,0.34441668540459214,0
tranco_benign_proxy,0,0.2232119001398735,0
phishtank,1,0.9846702615377253,1
phishtank,1,0.3806926184797937,0
phishtank,1,0.998207364719561,1
tranco_benign_proxy,0,0.33801474833611467,0
phishtank,1,0.9946749141496951,1
phishtank,1,0.9844112447206776,1
phishtank,1,0.9999420180451094,1
tranco_benign_proxy,0,0.9009757228607284,1
phishtank,1,0.9730215293059702,1
tranco_benign_proxy,0,0.5388994169100746,0
phishtank,1,0.9990350850749367,1
tranco_benign_proxy,0,0.6050981299145449,0
phishtank,1,0.9907734625931686,1
tranco_benign_proxy,0,0.04632268181994813,0
tranco_benign_proxy,0,0.2518852929334029,0
tranco_benign_proxy,0,0.2095231810618766,0
phishtank,1,0.9993125481535772,1
tranco_benign_proxy,0,0.1843371979047239,0
phishtank,1,0.9978668331113246,1
tranco_benign_proxy,0,0.1830844410377786,0
phishtank,1,0.9888208474506749,1
tranco_benign_proxy,0,0.9218283407127382,1
phishtank,1,0.34664522958290644,0
tranco_benign_proxy,0,0.10812454804905104,0
phishtank,1,0.9938385037633866,1
phishtank,1,0.9884513335154063,1
phishtank,1,0.983898218470121,1
tranco_benign_proxy,0,0.6548581229865363,0
phishtank,1,0.5533296738880065,0
tranco_benign_proxy,0,0.16290414189652022,0
tranco_benign_proxy,0,0.8991764417905537,1
phishtank,1,0.9985387037001952,1
tranco_benign_proxy,0,0.0844650118824447,0
phishtank,1,0.9914761459862237,1
phishtank,1,0.9354375767753063,1
tranco_benign_proxy,0,0.6236120826491419,0
tranco_benign_proxy,0,0.4345498826031722,0
tranco_benign_proxy,0,0.8253475649621375,1
tranco_benign_proxy,0,0.5065399615045126,0
tranco_benign_proxy,0,0.8040757629088963,1
phishtank,1,0.9944446903584447,1
tranco_benign_proxy,0,0.3981100725417733,0
phishtank,1,0.96876279605999,1
tranco_benign_proxy,0,0.7257343538803974,0
tranco_benign_proxy,0,0.15592731735897725,0
phishtank,1,0.44309155201343786,0
tranco_benign_proxy,0,0.10344566086131193,0
tranco_benign_proxy,0,0.5013591525097258,0
tranco_benign_proxy,0,0.5620960137648728,0
tranco_benign_proxy,0,0.1959095772284456,0
tranco_benign_proxy,0,0.33752889172557177,0
phishtank,1,0.9982026992361152,1
phishtank,1,0.6904685711686921,0
phishtank,1,0.9995274950881153,1
tranco_benign_proxy,0,0.296266155577943,0
tranco_benign_proxy,0,0.634957192855694,0
tranco_benign_proxy,0,0.8312901442034956,1
phishtank,1,0.999756850340622,1
phishtank,1,0.6895859259226694,0
phishtank,1,0.9922903497175218,1
tranco_benign_proxy,0,0.4530106507835787,0
tranco_benign_proxy,0,0.8681519573974008,1
tranco_benign_proxy,0,0.030134420423101813,0
phishtank,1,0.9990374949243471,1
tranco_benign_proxy,0,0.14537193942808135,0
tranco_benign_proxy,0,0.2471120238420479,0
phishtank,1,0.26519590782609626,0
phishtank,1,0.24481018858070344,0
phishtank,1,0.8876397116795799,1
phishtank,1,0.9686896219886258,1
tranco_benign_proxy,0,0.2730756141905094,0
tranco_benign_proxy,0,0.385468177384578,0
tranco_benign_proxy,0,0.5427971245646721,0
phishtank,1,0.9996798852418056,1
phishtank,1,0.9995760105889252,1
phishtank,1,0.9939422193711813,1
phishtank,1,0.9944660643914817,1
tranco_benign_proxy,0,0.9759354172563641,1
phishtank,1,0.9912809891903892,1
phishtank,1,0.9945174694949259,1
tranco_benign_proxy,0,0.17787340174354785,0
phishtank,1,0.9971275653485515,1
phishtank,1,0.998942232630445,1
phishtank,1,0.9999187686554051,1
phishtank,1,0.810408406343322,1
tranco_benign_proxy,0,0.10603833556136623,0
phishtank,1,0.996228138181831,1
tranco_benign_proxy,0,0.7937011820557544,1
tranco_benign_proxy,0,0.1225268263395521,0
phishtank,1,0.9971115785765059,1
phishtank,1,0.31836930639830385,0
phishtank,1,0.752986961883234,0
tranco_benign_proxy,0,0.1428445566657316,0
phishtank,1,0.9995246383121839,1
phishtank,1,0.986703507781731,1
tranco_benign_proxy,0,0.003471155337225549,0
tranco_benign_proxy,0,0.6575387143714854,0
phishtank,1,0.99962465530656,1
phishtank,1,0.925415602001616,1
phishtank,1,0.6565823115395651,0
phishtank,1,0.9994836802128902,1
tranco_benign_proxy,0,0.8905481146644865,1
phishtank,1,0.5738440848370594,0
tranco_benign_proxy,0,0.17798128694232532,0
tranco_benign_proxy,0,0.001186048234243476,0
tranco_benign_proxy,0,0.30816677430698997,0
tranco_benign_proxy,0,0.6595934020164523,0
tranco_benign_proxy,0,0.1682495894331903,0
phishtank,1,0.995445801614615,1
phishtank,1,0.5829141561411798,0
tranco_benign_proxy,0,0.2287220898345531,0
tranco_benign_proxy,0,0.37735749177456523,0
tranco_benign_proxy,0,0.2835448315118559,0
tranco_benign_proxy,0,0.19369990073806248,0
tranco_benign_proxy,0,0.3137936342273587,0
tranco_benign_proxy,0,0.5837431638213713,0
phishtank,1,0.9855937451351556,1
tranco_benign_proxy,0,0.43314413156880216,0
tranco_benign_proxy,0,0.5622299983016092,0
tranco_benign_proxy,0,0.03526370360995796,0
phishtank,1,0.9953533768346692,1
phishtank,1,0.9910456446453889,1
phishtank,1,0.8550837287981198,1
phishtank,1,0.9999257560998591,1
phishtank,1,0.9842299428071674,1
phishtank,1,0.9820030239608577,1
phishtank,1,0.16403652250607925,0
phishtank,1,0.9827962750198224,1
tranco_benign_proxy,0,0.1069507295449947,0
tranco_benign_proxy,0,0.6250981740339457,0
tranco_benign_proxy,0,0.8085349899046158,1
tranco_benign_proxy,0,0.24123531557161124,0
phishtank,1,0.981612244542684,1
phishtank,1,0.8823218553795729,1
tranco_benign_proxy,0,0.046486214648697836,0
tranco_benign_proxy,0,0.48319572953903994,0
tranco_benign_proxy,0,0.3908800847633569,0
phishtank,1,0.9989427142797241,1
tranco_benign_proxy,0,0.6399032001128371,0
tranco_benign_proxy,0,0.05177899730420103,0
phishtank,1,0.9936485912168973,1
tranco_benign_proxy,0,0.3624035181205265,0
tranco_benign_proxy,0,0.8356105840981544,1
tranco_benign_proxy,0,0.9415444344512488,1
phishtank,1,0.4923325873954869,0
tranco_benign_proxy,0,0.9577922162902952,1
phishtank,1,0.9996881514994406,1
phishtank,1,0.9973287505792882,1
tranco_benign_proxy,0,0.2199892669098225,0
phishtank,1,0.9812821777151672,1
phishtank,1,0.9998976281714114,1
phishtank,1,0.9882006243489161,1
tranco_benign_proxy,0,0.9264820856446676,1
tranco_benign_proxy,0,0.20812178400350154,0
phishtank,1,0.9902734241921579,1
phishtank,1,0.9922596993855283,1
phishtank,1,0.37708138043581585,0
phishtank,1,0.9712918688612169,1
phishtank,1,0.9946767558967687,1
tranco_benign_proxy,0,0.08222723666671489,0
phishtank,1,0.992808156295338,1
tranco_benign_proxy,0,0.2624727321108577,0
tranco_benign_proxy,0,0.2819744365334909,0
tranco_benign_proxy,0,0.05796541510112553,0
tranco_benign_proxy,0,0.5185127943059481,0
phishtank,1,0.9960045036330462,1
phishtank,1,0.8718798759316073,1
phishtank,1,0.9872098504242317,1
phishtank,1,0.9989629325184504,1
phishtank,1,0.9993894882912422,1
tranco_benign_proxy,0,0.7450438983233676,0
phishtank,1,0.7822751946462504,1
tranco_benign_proxy,0,0.04307462568877454,0
phishtank,1,0.9999527174518591,1
phishtank,1,0.9964860101348959,1
phishtank,1,0.9902438784326375,1
tranco_benign_proxy,0,0.05801329926673787,0
tranco_benign_proxy,0,0.8032038782717594,1
phishtank,1,0.9186241273993833,1
tranco_benign_proxy,0,0.1140021842186239,0
tranco_benign_proxy,0,0.6106636616504026,0
tranco_benign_proxy,0,0.5353219935924562,0
tranco_benign_proxy,0,0.9539369547166017,1
tranco_benign_proxy,0,0.17234778187702604,0
phishtank,1,0.9824724660593067,1
tranco_benign_proxy,0,0.03266050859207656,0
phishtank,1,0.9354681075496241,1
tranco_benign_proxy,0,0.5262771323852531,0
phishtank,1,0.9942334853780422,1
tranco_benign_proxy,0,0.06614650491048103,0
tranco_benign_proxy,0,0.5785050237846361,0
tranco_benign_proxy,0,0.982978075415749,1
tranco_benign_proxy,0,0.7867599668126953,1
phishtank,1,0.8518525009609609,1
phishtank,1,0.9774344151043082,1
phishtank,1,0.9777877876211465,1
tranco_benign_proxy,0,0.701159518457946,0
tranco_benign_proxy,0,0.49468073989810313,0
phishtank,1,0.98897531205564,1
tranco_benign_proxy,0,0.8344852739306445,1
phishtank,1,0.9537980742657568,1
phishtank,1,0.9999868623364095,1
tranco_benign_proxy,0,0.792356088381141,1
tranco_benign_proxy,0,0.2222724681776825,0
tranco_benign_proxy,0,0.9488700155994447,1
phishtank,1,0.7636656492959368,0
tranco_benign_proxy,0,0.2888002085396594,0
phishtank,1,0.9999720347214425,1
tranco_benign_proxy,0,0.18134564393624575,0
tranco_benign_proxy,0,0.23884900884165208,0
phishtank,1,0.8438788163674172,1
tranco_benign_proxy,0,0.9640398590599373,1
tranco_benign_proxy,0,0.32465484210978596,0
phishtank,1,0.9979784327550388,1
tranco_benign_proxy,0,0.4719220852227551,0
phishtank,1,0.06519848597072937,0
phishtank,1,0.9734614744236115,1
phishtank,1,0.9999820117840145,1
phishtank,1,0.9999135860131783,1
phishtank,1,0.12522333545514977,0
tranco_benign_proxy,0,0.8600079086938013,1
phishtank,1,0.9980308020975058,1
phishtank,1,0.08889461631848616,0
phishtank,1,0.9944437039917223,1
tranco_benign_proxy,0,0.1702232139570776,0
phishtank,1,0.9933297923495197,1
tranco_benign_proxy,0,0.19743300717401818,0
phishtank,1,0.9160102128342669,1
tranco_benign_proxy,0,0.1510607567075497,0
tranco_benign_proxy,0,0.8967745421383855,1
phishtank,1,0.9940877374551711,1
tranco_benign_proxy,0,0.40359158148950197,0
tranco_benign_proxy,0,0.9921737223052333,1
tranco_benign_proxy,0,0.21496522584206113,0
phishtank,1,0.8998854499646182,1
phishtank,1,0.9673559512095666,1
phishtank,1,0.709077382495158,0
tranco_benign_proxy,0,0.7594602541152098,0
tranco_benign_proxy,0,0.5490434108693852,0
tranco_benign_proxy,0,0.06855316332144626,0
tranco_benign_proxy,0,0.26997719978130147,0
tranco_benign_proxy,0,0.3377887169053224,0
phishtank,1,0.9997711656886397,1
tranco_benign_proxy,0,0.8344579110795856,1
phishtank,1,0.9995049625237002,1
phishtank,1,0.9973892573092535,1
tranco_benign_proxy,0,0.08631114113117472,0
phishtank,1,0.9977999506730171,1
phishtank,1,0.17679139102835098,0
phishtank,1,0.7562777016093347,0
phishtank,1,0.985078542011463,1
phishtank,1,0.8737114265454489,1
tranco_benign_proxy,0,0.010748924430562924,0
tranco_benign_proxy,0,0.007242790652223623,0
tranco_benign_proxy,0,0.5787406392147414,0
tranco_benign_proxy,0,0.006863469787738578,0
phishtank,1,0.9795280203889082,1
tranco_benign_proxy,0,0.7043284873482958,0
phishtank,1,0.1742909773166935,0
tranco_benign_proxy,0,0.16214844907177367,0
phishtank,1,0.9988346480252643,1
tranco_benign_proxy,0,0.05457971893853439,0
tranco_benign_proxy,0,0.00512044093174399,0
tranco_benign_proxy,0,0.04654617942504619,0
phishtank,1,0.8011088627663216,1
tranco_benign_proxy,0,0.6887875898875354,0
phishtank,1,0.9881523932740695,1
tranco_benign_proxy,0,0.5453924069464611,0
phishtank,1,0.9905511671945496,1
tranco_benign_proxy,0,0.5933591614325463,0
tranco_benign_proxy,0,0.40414005779113454,0
phishtank,1,0.3450511627189753,0
tranco_benign_proxy,0,0.01783618293391043,0
tranco_benign_proxy,0,0.14787820477939917,0
tranco_benign_proxy,0,0.07778163567511052,0
tranco_benign_proxy,0,0.042337259741629676,0
tranco_benign_proxy,0,0.3307444349461647,0
phishtank,1,0.9221207680838273,1
phishtank,1,0.9935805283793706,1
tranco_benign_proxy,0,0.40287017004684383,0
tranco_benign_proxy,0,0.21128892705409388,0
phishtank,1,0.9533140727861786,1
tranco_benign_proxy,0,0.9608504308014129,1
phishtank,1,0.1286938553552194,0
phishtank,1,0.9904905409301102,1
tranco_benign_proxy,0,0.05703692881585662,0
tranco_benign_proxy,0,0.21771279737244867,0
phishtank,1,0.9998460556611833,1
tranco_benign_proxy,0,0.023546266255398747,0
phishtank,1,0.8359510402554592,1
tranco_benign_proxy,0,0.9258436585143293,1
tranco_benign_proxy,0,0.5829834220065793,0
tranco_benign_proxy,0,0.830829996640505,1
phishtank,1,0.9498906257826493,1
tranco_benign_proxy,0,0.4310084749829856,0
tranco_benign_proxy,0,0.17455258576568736,0
phishtank,1,0.9997488554472419,1
phishtank,1,0.8901320395100424,1
phishtank,1,0.9839761861050542,1
tranco_benign_proxy,0,0.741440356742952,0
phishtank,1,0.9994029498828542,1
tranco_benign_proxy,0,0.0880443978358248,0
tranco_benign_proxy,0,0.5489597810721224,0
tranco_benign_proxy,0,0.407460568262804,0
phishtank,1,0.9984876977068262,1
phishtank,1,0.10119873252826898,0
phishtank,1,0.99942576927097,1
phishtank,1,0.9942464688887243,1
phishtank,1,0.9926239226916351,1
phishtank,1,0.9991100745577218,1
tranco_benign_proxy,0,0.1671166380503871,0
phishtank,1,0.9990706664150716,1
phishtank,1,0.9997990063849946,1
tranco_benign_proxy,0,0.30961850816979847,0
tranco_benign_proxy,0,0.12520746888747897,0
tranco_benign_proxy,0,0.716105451449748,0
tranco_benign_proxy,0,0.7354578742547337,0
phishtank,1,0.9726011506985899,1
phishtank,1,0.3046951513508439,0
phishtank,1,0.5860639721955934,0
tranco_benign_proxy,0,0.8046419864223252,1
phishtank,1,0.97989371853582,1
tranco_benign_proxy,0,0.007746604455235133,0
phishtank,1,0.9999473839262563,1
tranco_benign_proxy,0,0.7917722414476839,1
phishtank,1,0.1479461806067721,0
phishtank,1,0.9999750232069645,1
tranco_benign_proxy,0,0.16011093418043282,0
tranco_benign_proxy,0,0.00030474088169249404,0
phishtank,1,0.9428188585483869,1
phishtank,1,0.9875159505219044,1
phishtank,1,0.999990324720916,1
tranco_benign_proxy,0,0.9838020538793031,1
tranco_benign_proxy,0,0.29042213607462636,0
phishtank,1,0.8289387648633247,1
tranco_benign_proxy,0,0.23170642063325783,0
phishtank,1,0.8981212847251268,1
tranco_benign_proxy,0,0.020984805689242988,0
phishtank,1,0.9915543169280697,1
tranco_benign_proxy,0,0.011870410001925642,0
tranco_benign_proxy,0,0.9482953162188271,1
tranco_benign_proxy,0,0.5538916244959233,0
tranco_benign_proxy,0,0.10350195397485502,0
phishtank,1,0.990694939821857,1
phishtank,1,0.8782993285686003,1
tranco_benign_proxy,0,0.8291741592030828,1
phishtank,1,0.7787037913641328,1
phishtank,1,0.9999380165766011,1
phishtank,1,0.15908683021386782,0
phishtank,1,0.9949350342825531,1
tranco_benign_proxy,0,0.027417018083545318,0
tranco_benign_proxy,0,0.05368211653983185,0
tranco_benign_proxy,0,0.12997807664406275,0
tranco_benign_proxy,0,0.6773546925362258,0
phishtank,1,0.9958603443904421,1
tranco_benign_proxy,0,0.3187113290060632,0
tranco_benign_proxy,0,0.02088583017903248,0
phishtank,1,0.9998666636241239,1
tranco_benign_proxy,0,0.4167505687430258,0
tranco_benign_proxy,0,0.011520904949638101,0
tranco_benign_proxy,0,0.365833429718229,0
phishtank,1,0.999750401356672,1
phishtank,1,0.9991967535781637,1
tranco_benign_proxy,0,0.2723765697901127,0
tranco_benign_proxy,0,0.03881246662736273,0
phishtank,1,0.9999452135648492,1
phishtank,1,0.9987516071189745,1
phishtank,1,0.5594801258503783,0
phishtank,1,0.9993928572957302,1
phishtank,1,0.9820032790456851,1
phishtank,1,0.9683548679899548,1
tranco_benign_proxy,0,0.6181142740630897,0
tranco_benign_proxy,0,0.09532778667684011,0
tranco_benign_proxy,0,0.09369653297950967,0
phishtank,1,0.9992489010522387,1
phishtank,1,0.7611266188452203,0
phishtank,1,0.8034883291964027,1
tranco_benign_proxy,0,0.3434530677378301,0
phishtank,1,0.9807227878286721,1
phishtank,1,0.9999025107713199,1
phishtank,1,0.4196221412484099,0
phishtank,1,0.9914065077729084,1
phishtank,1,0.9999694219887723,1
phishtank,1,0.7983142652505976,1
phishtank,1,0.9304483124579466,1
phishtank,1,0.9402591604049381,1
phishtank,1,0.9121565941542459,1
phishtank,1,0.9867376358773323,1
phishtank,1,0.402053694117258,0
phishtank,1,0.9826308279185295,1
tranco_benign_proxy,0,0.29313083188610783,0
tranco_benign_proxy,0,0.8668090007042698,1
tranco_benign_proxy,0,0.1116028371217156,0
phishtank,1,0.8956662618271188,1
phishtank,1,0.9993422263411195,1
phishtank,1,0.7412339807527861,0
tranco_benign_proxy,0,0.505720264299539,0
phishtank,1,0.31104746898655644,0
phishtank,1,0.977764583953396,1
phishtank,1,0.997185991558609,1
tranco_benign_proxy,0,0.26963667182852036,0
phishtank,1,0.8584657794065278,1
phishtank,1,0.9998237515284234,1
phishtank,1,0.9719746134213597,1
phishtank,1,0.6647842751878952,0
phishtank,1,0.9982647834122766,1
tranco_benign_proxy,0,0.7018966564465287,0
phishtank,1,0.9999292971787541,1
tranco_benign_proxy,0,0.03801462096736137,0
phishtank,1,0.8416235184256113,1
phishtank,1,0.9104634663329385,1
phishtank,1,0.999736602892618,1
phishtank,1,0.9939068236196678,1
phishtank,1,0.9994205845457163,1
phishtank,1,0.9998547904295937,1
tranco_benign_proxy,0,0.23899973547792924,0
tranco_benign_proxy,0,0.07559886731899133,0
phishtank,1,0.999705212601239,1
tranco_benign_proxy,0,0.5668876554593077,0
tranco_benign_proxy,0,0.04731705236784626,0
phishtank,1,0.9997708074620475,1
tranco_benign_proxy,0,0.9198253033635554,1
phishtank,1,0.9985787232918092,1
tranco_benign_proxy,0,0.2935063207862728,0
tranco_benign_proxy,0,0.6162501944251487,0
phishtank,1,0.9988653337819614,1
phishtank,1,0.9999295565951704,1
tranco_benign_proxy,0,0.5168371346072613,0
phishtank,1,0.8415111260768112,1
tranco_benign_proxy,0,0.8465205088378556,1
tranco_benign_proxy,0,0.9212191733720101,1
tranco_benign_proxy,0,0.15332411682765085,0
phishtank,1,0.998341010822435,1
phishtank,1,0.9948998231356248,1
phishtank,1,0.9980510524212528,1
tranco_benign_proxy,0,0.15759325684080336,0
tranco_benign_proxy,0,0.04593477247239314,0
phishtank,1,0.6295248880683035,0
tranco_benign_proxy,0,0.6375189726090212,0
tranco_benign_proxy,0,0.112993595288452,0
phishtank,1,0.1832328398363825,0
tranco_benign_proxy,0,0.034647164897841226,0
phishtank,1,0.9826433601520194,1
phishtank,1,0.914998266107131,1
tranco_benign_proxy,0,0.3939778495436222,0
phishtank,1,0.9972540221992298,1
tranco_benign_proxy,0,0.8408624656099614,1
tranco_benign_proxy,0,0.48462862499232934,0
tranco_benign_proxy,0,0.557504468426719,0
phishtank,1,0.9545648918853965,1
tranco_benign_proxy,0,0.09383071312136883,0
tranco_benign_proxy,0,0.5281404062593691,0
tranco_benign_proxy,0,0.08075639812597282,0
phishtank,1,0.9880312692462081,1
phishtank,1,0.9999146904810853,1
tranco_benign_proxy,0,0.4880909643526048,0
phishtank,1,0.9749253207387326,1
tranco_benign_proxy,0,0.7522656163812684,0
tranco_benign_proxy,0,0.8049514685779364,1
phishtank,1,0.41963430179099387,0
tranco_benign_proxy,0,0.6524316234774007,0
phishtank,1,0.9957174661519188,1
tranco_benign_proxy,0,0.9825925250612246,1
tranco_benign_proxy,0,0.5344904094780261,0
phishtank,1,0.9889058154210622,1
tranco_benign_proxy,0,0.02272733862798009,0
tranco_benign_proxy,0,0.023107179018591845,0
phishtank,1,0.9469659458424778,1
tranco_benign_proxy,0,0.09048855778660066,0
phishtank,1,0.7942153058795443,1
phishtank,1,0.9591272123703277,1
tranco_benign_proxy,0,0.5872627773795128,0
phishtank,1,0.9989078671945564,1
tranco_benign_proxy,0,0.6715143075027907,0
phishtank,1,0.9986141303248346,1
phishtank,1,0.5589268641700252,0
phishtank,1,0.8879778659231665,1
tranco_benign_proxy,0,0.1195738274256843,0
phishtank,1,0.9479846136303487,1
phishtank,1,0.9724495265509616,1
phishtank,1,0.9810402605614059,1
phishtank,1,0.9977043628735035,1
tranco_benign_proxy,0,0.16171715463199873,0
phishtank,1,0.9985852776080807,1
phishtank,1,0.9999412303482739,1
phishtank,1,0.9364382003286152,1
tranco_benign_proxy,0,0.9775334490941975,1
tranco_benign_proxy,0,0.9915623177351539,1
tranco_benign_proxy,0,0.10675809882088516,0
phishtank,1,0.253551662307581,0
tranco_benign_proxy,0,0.0561256270762879,0
tranco_benign_proxy,0,0.1020669484106245,0
tranco_benign_proxy,0,0.123538806794939,0
phishtank,1,0.9934987325986536,1
phishtank,1,0.5708958823021667,0
tranco_benign_proxy,0,0.17356019821605378,0
phishtank,1,0.921211484451027,1
tranco_benign_proxy,0,0.0983978074207721,0
phishtank,1,0.9660984837646046,1
tranco_benign_proxy,0,0.3675203459986064,0
tranco_benign_proxy,0,0.8732047044879644,1
phishtank,1,0.9946536374888267,1
tranco_benign_proxy,0,0.13686132115382682,0
tranco_benign_proxy,0,0.8894046462783474,1
phishtank,1,0.9999767982788589,1
tranco_benign_proxy,0,0.06896524693934637,0
phishtank,1,0.9545905114736168,1
tranco_benign_proxy,0,0.7908581501295643,1
phishtank,1,0.9942246617649463,1
phishtank,1,0.9997087678919828,1
phishtank,1,0.6221252869418141,0
phishtank,1,0.9876370235496739,1
phishtank,1,0.4146504840283457,0
phishtank,1,0.7268012112852607,0
phishtank,1,0.11375567052719048,0
phishtank,1,0.9987935685386848,1
tranco_benign_proxy,0,0.00839547046084481,0
tranco_benign_proxy,0,0.5863570569849461,0
tranco_benign_proxy,0,0.6214861255973957,0
tranco_benign_proxy,0,0.01605642211274533,0
tranco_benign_proxy,0,0.027704531949072946,0
phishtank,1,0.9890803906781435,1
tranco_benign_proxy,0,0.46593482601214126,0
tranco_benign_proxy,0,0.623688088029547,0
phishtank,1,0.9328371071804061,1
phishtank,1,0.9927164597613197,1
phishtank,1,0.49945128027880126,0
tranco_benign_proxy,0,0.5516152524448333,0
tranco_benign_proxy,0,0.9304756323595487,1
tranco_benign_proxy,0,0.3924953162719965,0
tranco_benign_proxy,0,0.7264140319390493,0
tranco_benign_proxy,0,0.8940916614086075,1
phishtank,1,0.9441035083588453,1
tranco_benign_proxy,0,0.04565100737713345,0
phishtank,1,0.9993442753471091,1
phishtank,1,0.969693487181291,1
phishtank,1,0.9975676213938656,1
phishtank,1,0.9996688617216082,1
tranco_benign_proxy,0,0.278844798695027,0
phishtank,1,0.9864488937308912,1
tranco_benign_proxy,0,0.8330567539640817,1
phishtank,1,0.9990943569749218,1
tranco_benign_proxy,0,0.006662842031191107,0
phishtank,1,0.9775379140451016,1
tranco_benign_proxy,0,0.22556080712622906,0
phishtank,1,0.9963432028979318,1
tranco_benign_proxy,0,0.056889251737359765,0
tranco_benign_proxy,0,0.9308586685648259,1
phishtank,1,0.9997068300218753,1
tranco_benign_proxy,0,0.4695913225174053,0
phishtank,1,0.985927473270147,1
phishtank,1,0.9874380278525638,1
tranco_benign_proxy,0,0.3254709736430164,0
phishtank,1,0.9998457936121716,1
tranco_benign_proxy,0,0.09033718712815915,0
tranco_benign_proxy,0,0.16365905685727675,0
phishtank,1,0.8766330602433147,1
phishtank,1,0.9960573411766132,1
phishtank,1,0.9965499303551449,1
phishtank,1,0.9998641738674473,1
phishtank,1,0.9816377756810128,1
phishtank,1,0.770288985801172,1
phishtank,1,0.9950699635928166,1
phishtank,1,0.9901651228393534,1
phishtank,1,0.9968473744555143,1
tranco_benign_proxy,0,0.47798229802685094,0
phishtank,1,0.9133710738607727,1
phishtank,1,0.9941554189175471,1
phishtank,1,0.5973623539297648,0
tranco_benign_proxy,0,0.8070295442715663,1
phishtank,1,0.9892865941187842,1
tranco_benign_proxy,0,0.9175757993983241,1
tranco_benign_proxy,0,0.960723686671828,1
tranco_benign_proxy,0,0.1699590077311224,0
phishtank,1,0.9969582250639333,1
phishtank,1,0.9749652533229675,1
tranco_benign_proxy,0,0.6338287509930126,0
phishtank,1,0.9907979187060267,1
phishtank,1,0.9770673992151766,1
tranco_benign_proxy,0,0.011216580103284756,0
phishtank,1,0.9976714271026335,1
tranco_benign_proxy,0,0.11925091582692075,0
tranco_benign_proxy,0,0.7059388168561928,0
tranco_benign_proxy,0,0.6702337284355805,0
phishtank,1,0.9685871087727143,1
phishtank,1,0.9652215650727013,1
phishtank,1,0.9641749675636504,1
phishtank,1,0.9982736647123889,1
phishtank,1,0.9997711935439163,1
tranco_benign_proxy,0,0.08304512491383283,0
tranco_benign_proxy,0,0.22752124044563457,0
tranco_benign_proxy,0,0.12306389625766888,0
tranco_benign_proxy,0,0.9978518880956352,1
phishtank,1,0.9981935262051806,1
phishtank,1,0.9899651305347885,1
phishtank,1,0.9998358541143312,1
phishtank,1,0.9991745357286176,1
phishtank,1,0.99871157023347,1
tranco_benign_proxy,0,0.5595819262022025,0
tranco_benign_proxy,0,0.025772926822424755,0
tranco_benign_proxy,0,0.056301501657613086,0
phishtank,1,0.9224988626307153,1
tranco_benign_proxy,0,0.8574521326897666,1
phishtank,1,0.9987270040333139,1
phishtank,1,0.8382674537136143,1
tranco_benign_proxy,0,0.7989616922083741,1
phishtank,1,0.9910637328571918,1
phishtank,1,0.9701416713190625,1
phishtank,1,0.9747384758021524,1
phishtank,1,0.9854705498280848,1
tranco_benign_proxy,0,0.26119297811903835,0
tranco_benign_proxy,0,0.1722450305373499,0
phishtank,1,0.997865202320852,1
phishtank,1,0.9856247577686575,1
phishtank,1,0.9505192775827126,1
phishtank,1,0.9718807270845982,1
phishtank,1,0.9892723798259985,1
tranco_benign_proxy,0,0.18268078165576804,0
phishtank,1,0.9989564116318577,1
tranco_benign_proxy,0,0.8098682478247063,1
phishtank,1,0.9829039586753605,1
phishtank,1,0.998798657677991,1
tranco_benign_proxy,0,0.9935297824859517,1
tranco_benign_proxy,0,0.9549540525176692,1
phishtank,1,0.06449464321802152,0
tranco_benign_proxy,0,0.18709538810648832,0
tranco_benign_proxy,0,0.15716561604835622,0
tranco_benign_proxy,0,0.0865711773990416,0
phishtank,1,0.9622965150426754,1
tranco_benign_proxy,0,0.030966292862111312,0
tranco_benign_proxy,0,0.42595958129159633,0
tranco_benign_proxy,0,0.2246325466430953,0
phishtank,1,0.9842137091637924,1
tranco_benign_proxy,0,0.9470974748953441,1
phishtank,1,0.9990243289337883,1
phishtank,1,0.9999615856682724,1
tranco_benign_proxy,0,0.02852926184569225,0
tranco_benign_proxy,0,0.013722193926849546,0
tranco_benign_proxy,0,0.3276600375152984,0
phishtank,1,0.9960731140500221,1
tranco_benign_proxy,0,0.10556609592168932,0
tranco_benign_proxy,0,0.4094658822105227,0
tranco_benign_proxy,0,0.8832663221072194,1
tranco_benign_proxy,0,0.699885576131146,0
tranco_benign_proxy,0,0.1216979023401178,0
tranco_benign_proxy,0,0.5100718117987282,0
phishtank,1,0.9993064739278873,1
phishtank,1,0.9860059220910772,1
tranco_benign_proxy,0,0.9563007223098063,1
tranco_benign_proxy,0,0.35148549372503024,0
phishtank,1,0.9660638943073436,1
phishtank,1,0.9214536919651898,1
phishtank,1,0.9984834132823078,1
tranco_benign_proxy,0,0.170263735034444,0
tranco_benign_proxy,0,0.43666695392679283,0
phishtank,1,0.9995795766602077,1
tranco_benign_proxy,0,0.007132970391297474,0
tranco_benign_proxy,0,0.6188103486203026,0
phishtank,1,0.998881795599293,1
phishtank,1,0.9996945252629297,1
phishtank,1,0.9738219110360107,1
tranco_benign_proxy,0,0.9744375120334754,1
phishtank,1,0.9995707190636774,1
tranco_benign_proxy,0,0.6521367759075148,0
phishtank,1,0.2715966350126318,0
tranco_benign_proxy,0,0.6815741419266427,0
tranco_benign_proxy,0,0.9857279603072819,1
tranco_benign_proxy,0,0.8102653623089814,1
tranco_benign_proxy,0,0.04503970133443108,0
phishtank,1,0.9779823575692578,1
tranco_benign_proxy,0,0.38615163496021554,0
phishtank,1,0.8940650574452008,1
tranco_benign_proxy,0,0.13652613905658392,0
tranco_benign_proxy,0,0.31815254375586316,0
phishtank,1,0.9985083065329682,1
phishtank,1,0.8827690182343392,1
phishtank,1,0.8660380963252537,1
tranco_benign_proxy,0,0.590479393777604,0
tranco_benign_proxy,0,0.9106364747612239,1
phishtank,1,0.9997888908747202,1
tranco_benign_proxy,0,0.19503841362448981,0
tranco_benign_proxy,0,0.0974966407295291,0
tranco_benign_proxy,0,0.7456120182308528,0
tranco_benign_proxy,0,0.09652343813483008,0
phishtank,1,0.9461633423093617,1
tranco_benign_proxy,0,0.02144468092354895,0
tranco_benign_proxy,0,0.15248172150579686,0
phishtank,1,0.9966676484229984,1
phishtank,1,0.7701750199535113,1
tranco_benign_proxy,0,0.16711994363109095,0
tranco_benign_proxy,0,0.08476875334750693,0
phishtank,1,0.9993527309951712,1
phishtank,1,0.9955375221323975,1
phishtank,1,0.9984437986851638,1
tranco_benign_proxy,0,0.07571682384738723,0
tranco_benign_proxy,0,0.045677100417309845,0
phishtank,1,0.8541871427572336,1
tranco_benign_proxy,0,0.026017352721640324,0
tranco_benign_proxy,0,0.0048603987701570294,0
tranco_benign_proxy,0,0.4851524289571848,0
phishtank,1,0.7322165045562476,0
tranco_benign_proxy,0,0.304088324641529,0
tranco_benign_proxy,0,0.9942695391568801,1
tranco_benign_proxy,0,0.26327179576817605,0
phishtank,1,0.9779451715882516,1
tranco_benign_proxy,0,0.2903848562920122,0
tranco_benign_proxy,0,0.16845150665631928,0
phishtank,1,0.9998065657495774,1
tranco_benign_proxy,0,0.8879125040696008,1
tranco_benign_proxy,0,0.4793826733894755,0
tranco_benign_proxy,0,0.8079906242172844,1
tranco_benign_proxy,0,0.3061180331973754,0
tranco_benign_proxy,0,0.18307776656250518,0
phishtank,1,0.9781951987456708,1
tranco_benign_proxy,0,0.3957567397693249,0
phishtank,1,0.9072041975104677,1
phishtank,1,0.927321216222518,1
tranco_benign_proxy,0,0.7813792248894053,1
tranco_benign_proxy,0,0.18337208837632854,0
tranco_benign_proxy,0,0.45171284420385477,0
phishtank,1,0.989638205861229,1
phishtank,1,0.9920382606390827,1
tranco_benign_proxy,0,0.09810865097149325,0
tranco_benign_proxy,0,0.0035156288120491296,0
phishtank,1,0.5296603199542076,0
tranco_benign_proxy,0,0.11977619871543399,0
tranco_benign_proxy,0,0.3319557202344609,0
phishtank,1,0.9908039045578275,1
tranco_benign_proxy,0,0.3877603101434742,0
phishtank,1,0.9992389696649879,1
phishtank,1,0.3307359189630071,0
tranco_benign_proxy,0,0.340096504810659,0
phishtank,1,0.987842709428648,1
tranco_benign_proxy,0,0.4444991485711183,0
phishtank,1,0.9874292674887839,1
tranco_benign_proxy,0,0.49705508727338704,0
tranco_benign_proxy,0,0.04871942049865384,0
phishtank,1,0.974206610248445,1
tranco_benign_proxy,0,0.7671344470937659,0
phishtank,1,0.9991119114287124,1
tranco_benign_proxy,0,0.1185626820028013,0
phishtank,1,0.7871521241870436,1
phishtank,1,0.7335067365570166,0
phishtank,1,0.41294331514710597,0
tranco_benign_proxy,0,0.9709407655010078,1
phishtank,1,0.9957837960226779,1
tranco_benign_proxy,0,0.25099085085283956,0
tranco_benign_proxy,0,0.15427122580745822,0
tranco_benign_proxy,0,0.16451322808557614,0
tranco_benign_proxy,0,0.6816383111546802,0
phishtank,1,0.6053923876717626,0
tranco_benign_proxy,0,0.009712726306887399,0
tranco_benign_proxy,0,0.6532738481892805,0
tranco_benign_proxy,0,0.30994292750542723,0
phishtank,1,0.9974285583299161,1
phishtank,1,0.8458711747107607,1
phishtank,1,0.9996312027046697,1
tranco_benign_proxy,0,0.09284802669652507,0
phishtank,1,0.9998749692014344,1
phishtank,1,0.8813168469718393,1
phishtank,1,0.9994382818013168,1
tranco_benign_proxy,0,0.2941953573074837,0
tranco_benign_proxy,0,0.4091842494723664,0
phishtank,1,0.9877916052452131,1
tranco_benign_proxy,0,0.5013044692069215,0
phishtank,1,0.168032953061336,0
tranco_benign_proxy,0,0.0015157482323883025,0
tranco_benign_proxy,0,0.016485035457048533,0
tranco_benign_proxy,0,0.15305245841778164,0
phishtank,1,0.9406151498984024,1
tranco_benign_proxy,0,0.8994405016250593,1
phishtank,1,0.9999991982875497,1
phishtank,1,0.9992577432834787,1
tranco_benign_proxy,0,0.034780834521726374,0
phishtank,1,0.9993436007061899,1
phishtank,1,0.9999484294787995,1
phishtank,1,0.9949935022065721,1
tranco_benign_proxy,0,0.2265490546181955,0
phishtank,1,0.9022966211811676,1
tranco_benign_proxy,0,0.9210359338449563,1
tranco_benign_proxy,0,0.3766781220923998,0
phishtank,1,0.9982611229327869,1
tranco_benign_proxy,0,0.22447595658352615,0
tranco_benign_proxy,0,0.55771562396593,0
phishtank,1,0.9886837357131391,1
tranco_benign_proxy,0,0.022402909220821634,0
tranco_benign_proxy,0,0.03145047084637043,0
phishtank,1,0.9846480934009659,1
tranco_benign_proxy,0,0.7426272793929519,0
tranco_benign_proxy,0,0.7571563273848724,0
tranco_benign_proxy,0,0.1622750106074634,0
tranco_benign_proxy,0,0.48303965708792723,0
tranco_benign_proxy,0,0.5435186222522931,0
tranco_benign_proxy,0,0.2713477864489969,0
tranco_benign_proxy,0,0.48566278778735156,0
phishtank,1,0.999491624689149,1
tranco_benign_proxy,0,0.09038617667641856,0
tranco_benign_proxy,0,0.034574883676510314,0
phishtank,1,0.8888379354121287,1
phishtank,1,0.9118581004751255,1
tranco_benign_proxy,0,0.4864159802613306,0
phishtank,1,0.9996048897073072,1
tranco_benign_proxy,0,0.28645367296328106,0
phishtank,1,0.9643556801306792,1
phishtank,1,0.9945656623760073,1
tranco_benign_proxy,0,0.7052325125924013,0
phishtank,1,0.9958041271422416,1
tranco_benign_proxy,0,0.2457453912984773,0
tranco_benign_proxy,0,0.6155472791521289,0
tranco_benign_proxy,0,0.543796990376382,0
phishtank,1,0.9455405162958791,1
phishtank,1,0.9432679118399517,1
tranco_benign_proxy,0,0.10888617801025138,0
phishtank,1,0.9885765576947054,1
tranco_benign_proxy,0,0.18674098139852685,0
tranco_benign_proxy,0,0.09384036871918446,0
tranco_benign_proxy,0,0.37574824468321233,0
phishtank,1,0.9993751106942508,1
phishtank,1,0.9949222335921153,1
phishtank,1,0.9956732631496695,1
phishtank,1,0.98864082104554,1
tranco_benign_proxy,0,0.4897907598742169,0
tranco_benign_proxy,0,0.9468696106737424,1
phishtank,1,0.9898846841429307,1
tranco_benign_proxy,0,0.11789759631488718,0
tranco_benign_proxy,0,0.4961401535891075,0
phishtank,1,0.9999774578556571,1
tranco_benign_proxy,0,0.7180173074796519,0
phishtank,1,0.9999684544917048,1
phishtank,1,0.3406076219969969,0
tranco_benign_proxy,0,0.9930478984827389,1
phishtank,1,0.9760464514041594,1
tranco_benign_proxy,0,0.09578739638620577,0
tranco_benign_proxy,0,0.1574440510677317,0
tranco_benign_proxy,0,0.7603486096044644,0
tranco_benign_proxy,0,0.951599014539769,1
phishtank,1,0.9951505597695347,1
phishtank,1,0.9998089162433274,1
phishtank,1,0.8559926015491084,1
tranco_benign_proxy,0,0.5856819669673354,0
tranco_benign_proxy,0,0.08869029952682705,0
tranco_benign_proxy,0,0.4609515087271544,0
tranco_benign_proxy,0,0.1304800113648906,0
tranco_benign_proxy,0,0.5640140675725231,0
tranco_benign_proxy,0,0.9854416453942965,1
tranco_benign_proxy,0,0.2595320170625835,0
tranco_benign_proxy,0,0.2274285911809937,0
tranco_benign_proxy,0,0.12215399093117346,0
phishtank,1,0.9933004223579459,1
phishtank,1,0.9683986077803706,1
phishtank,1,0.9999511361110675,1
tranco_benign_proxy,0,0.24433859876859956,0
phishtank,1,0.9977096543931069,1
phishtank,1,0.9941559651888824,1
phishtank,1,0.8360950370406417,1
tranco_benign_proxy,0,0.9713260733978921,1
phishtank,1,0.9890623544450619,1
phishtank,1,0.9911820226345422,1
phishtank,1,0.997877471522942,1
phishtank,1,0.997545992024762,1
tranco_benign_proxy,0,0.7806124377816626,1
phishtank,1,0.9984296005190022,1
phishtank,1,0.7213943535615142,0
tranco_benign_proxy,0,0.9611658970253885,1
phishtank,1,0.604560107908056,0
phishtank,1,0.9595149480197284,1
phishtank,1,0.9999208045411225,1
tranco_benign_proxy,0,0.17664198514059407,0
phishtank,1,0.9335954845818764,1
tranco_benign_proxy,0,0.9910390327680001,1
phishtank,1,0.9839731725733579,1
phishtank,1,0.9987774242117008,1
tranco_benign_proxy,0,0.3595261386709204,0
tranco_benign_proxy,0,0.07404579170083744,0
tranco_benign_proxy,0,0.24452356855885965,0
tranco_benign_proxy,0,0.3344601613686993,0
tranco_benign_proxy,0,0.18660187398134107,0
tranco_benign_proxy,0,0.22782618590353756,0
phishtank,1,0.9955740046236274,1
phishtank,1,0.9907179299181582,1
tranco_benign_proxy,0,0.2712345722151488,0
phishtank,1,0.9950249600221875,1
tranco_benign_proxy,0,0.1581209691688797,0
tranco_benign_proxy,0,0.04753138464262321,0
phishtank,1,0.9440197534814112,1
phishtank,1,0.9955285560468909,1
phishtank,1,0.999980322564122,1
tranco_benign_proxy,0,0.03912699129525196,0
tranco_benign_proxy,0,0.8253571113467478,1
tranco_benign_proxy,0,0.7860051965466589,1
phishtank,1,0.3931115185012479,0
tranco_benign_proxy,0,0.8949057328110331,1
tranco_benign_proxy,0,0.855945259753772,1
phishtank,1,0.9602807489605216,1
phishtank,1,0.25478440261247065,0
phishtank,1,0.10767768200573537,0
phishtank,1,0.49064411016974124,0
phishtank,1,0.9984037034133432,1
phishtank,1,0.9898227553934529,1
phishtank,1,0.9989296320621601,1
tranco_benign_proxy,0,0.7030323007791643,0
phishtank,1,0.9998888171305629,1
phishtank,1,0.9940302269688863,1
phishtank,1,0.8919726722863703,1
phishtank,1,0.9986026316880728,1
tranco_benign_proxy,0,0.10869804577038397,0
phishtank,1,0.992232944755809,1
phishtank,1,0.9986565950102708,1
tranco_benign_proxy,0,0.46175861468482854,0
phishtank,1,0.9999825288757528,1
tranco_benign_proxy,0,0.10046390680858605,0
tranco_benign_proxy,0,0.34322838228165714,0
phishtank,1,0.8948605759082827,1
tranco_benign_proxy,0,0.5883492028576369,0
tranco_benign_proxy,0,0.9486339033886908,1
phishtank,1,0.9709902839661957,1
tranco_benign_proxy,0,0.3907417370316526,0
phishtank,1,0.9849018978309242,1
tranco_benign_proxy,0,0.05402191077461993,0
phishtank,1,0.9589810555294552,1
tranco_benign_proxy,0,0.9506224134763882,1
tranco_benign_proxy,0,0.15913424863616973,0
tranco_benign_proxy,0,0.18550891056103647,0
phishtank,1,0.9884446362865043,1
tranco_benign_proxy,0,0.07687013408240427,0
phishtank,1,0.9875226031132738,1
tranco_benign_proxy,0,0.9539247752416663,1
phishtank,1,0.9970121930256179,1
phishtank,1,0.9978300139778843,1
phishtank,1,0.997740135002516,1
phishtank,1,0.9994956869195812,1
phishtank,1,0.9504569745028687,1
tranco_benign_proxy,0,0.0163543491412443,0
phishtank,1,0.9996061794670027,1
tranco_benign_proxy,0,0.01025937570297633,0
phishtank,1,0.9994181881421061,1
tranco_benign_proxy,0,0.43621679160282256,0
tranco_benign_proxy,0,0.10540227206067812,0
phishtank,1,0.6622963423010213,0
phishtank,1,0.9994230655443525,1
phishtank,1,0.9998634462457405,1
phishtank,1,0.999920178680443,1
phishtank,1,0.9981617660989868,1
tranco_benign_proxy,0,0.04088545634235529,0
tranco_benign_proxy,0,0.12208979366948176,0
phishtank,1,0.9978119166172491,1
tranco_benign_proxy,0,0.8239857141790202,1
tranco_benign_proxy,0,0.254003650475924,0
tranco_benign_proxy,0,0.5069238417492249,0
tranco_benign_proxy,0,0.6423525695825506,0
phishtank,1,0.9961805616598565,1
tranco_benign_proxy,0,0.5424343712121364,0
tranco_benign_proxy,0,0.5480255389059692,0
phishtank,1,0.9935959197511379,1
tranco_benign_proxy,0,0.5938569606078256,0
tranco_benign_proxy,0,0.10099689938873245,0
phishtank,1,0.7808189463914815,1
phishtank,1,0.9989148751993275,1
tranco_benign_proxy,0,0.06389522976561186,0
phishtank,1,0.3165847386009526,0
phishtank,1,0.5474893465065542,0
phishtank,1,0.9999761352762313,1
tranco_benign_proxy,0,0.8372122142325156,1
tranco_benign_proxy,0,0.6508580836742623,0
phishtank,1,0.9729990998616188,1
phishtank,1,0.9997872453853421,1
phishtank,1,0.5843675374206252,0
tranco_benign_proxy,0,0.27147432319136117,0
phishtank,1,0.9651211919679855,1
phishtank,1,0.999963488139116,1
phishtank,1,0.9999716401952943,1
tranco_benign_proxy,0,0.706039074131573,0
phishtank,1,0.9994844608918032,1
phishtank,1,0.9982530277068778,1
tranco_benign_proxy,0,0.7583015257800026,0
phishtank,1,0.6640562783798114,0
tranco_benign_proxy,0,0.49224454886046864,0
tranco_benign_proxy,0,0.2746357607194791,0
phishtank,1,0.9943744584638906,1
tranco_benign_proxy,0,0.3130780497707205,0
tranco_benign_proxy,0,0.8407670187891468,1
tranco_benign_proxy,0,0.4209010718782074,0
tranco_benign_proxy,0,0.24675516469296213,0
phishtank,1,0.9990709682907803,1
phishtank,1,0.9917108956413888,1
phishtank,1,0.8710431677897229,1
phishtank,1,0.9832929502138439,1
phishtank,1,0.9998624992153097,1
phishtank,1,0.9998281966562246,1
phishtank,1,0.9908086249398124,1
phishtank,1,0.9999585172773018,1
phishtank,1,0.9980425821518341,1
tranco_benign_proxy,0,0.08152241135907645,0
phishtank,1,0.9701958004107594,1
tranco_benign_proxy,0,0.8906977183993579,1
phishtank,1,0.8784074248381215,1
tranco_benign_proxy,0,0.5957094384370433,0
tranco_benign_proxy,0,0.6988777356724039,0
tranco_benign_proxy,0,0.947810616283821,1
phishtank,1,0.5582509382848554,0
tranco_benign_proxy,0,0.748904243355919,0
tranco_benign_proxy,0,0.1417296005963852,0
phishtank,1,0.9965164577233725,1
phishtank,1,0.910501054658377,1
phishtank,1,0.9998877932604039,1
tranco_benign_proxy,0,0.3203643304592017,0
phishtank,1,0.2606118899688323,0
tranco_benign_proxy,0,0.2732418204819372,0
tranco_benign_proxy,0,0.9816637929089777,1
phishtank,1,0.999545157829606,1
tranco_benign_proxy,0,0.6485954036031538,0
phishtank,1,0.7590893812086443,0
phishtank,1,0.40122119152938657,0
tranco_benign_proxy,0,0.39622279454426057,0
tranco_benign_proxy,0,0.7294040260814241,0
phishtank,1,0.9997089890009824,1
tranco_benign_proxy,0,0.2223446862191897,0
tranco_benign_proxy,0,0.045659529692107764,0
phishtank,1,0.9986838482584491,1
tranco_benign_proxy,0,0.8485133155925668,1
tranco_benign_proxy,0,0.9503408897783251,1
phishtank,1,0.9890248382323649,1
tranco_benign_proxy,0,0.3422205633266052,0
phishtank,1,0.9993798729910726,1
phishtank,1,0.9954767333545564,1
tranco_benign_proxy,0,0.16499508700853033,0
tranco_benign_proxy,0,0.5853882178475494,0
tranco_benign_proxy,0,0.27942411629034813,0
phishtank,1,0.9899163973102899,1
phishtank,1,0.9912705277469944,1
phishtank,1,0.9995160542918293,1
tranco_benign_proxy,0,0.19080691543050982,0
tranco_benign_proxy,0,0.6857654637542124,0
tranco_benign_proxy,0,0.022700150559107582,0
phishtank,1,0.9524409485807472,1
phishtank,1,0.9986627353854937,1
tranco_benign_proxy,0,0.11206272989208031,0
tranco_benign_proxy,0,0.8834021346126226,1
tranco_benign_proxy,0,0.3243516045258686,0
phishtank,1,0.9913304005127664,1
phishtank,1,0.9960112288381779,1
phishtank,1,0.9953283059125689,1
phishtank,1,0.9658817435334855,1
tranco_benign_proxy,0,0.8528576802089205,1
tranco_benign_proxy,0,0.4086268085310712,0
tranco_benign_proxy,0,0.11429822505802578,0
phishtank,1,0.20813990753181746,0
phishtank,1,0.9931451682448164,1
phishtank,1,0.9966682875898801,1
phishtank,1,0.9997716316769958,1
tranco_benign_proxy,0,0.7590414810625237,0
tranco_benign_proxy,0,0.20924325706643954,0
tranco_benign_proxy,0,0.8075399484272462,1
tranco_benign_proxy,0,0.7703115802277398,1
phishtank,1,0.9999578862701511,1
tranco_benign_proxy,0,0.1317036302937628,0
phishtank,1,0.3541949771419537,0
tranco_benign_proxy,0,0.8963670644786119,1
tranco_benign_proxy,0,0.11473297639809349,0
phishtank,1,0.3909824669299085,0
tranco_benign_proxy,0,0.1853153417714354,0
tranco_benign_proxy,0,0.756853939936726,0
phishtank,1,0.9985468903785263,1
tranco_benign_proxy,0,0.21768178309817207,0
tranco_benign_proxy,0,0.6559373762907937,0
tranco_benign_proxy,0,0.13842588663434938,0
phishtank,1,0.993098159169853,1
tranco_benign_proxy,0,0.8429769361685749,1
tranco_benign_proxy,0,0.018111702193344677,0
tranco_benign_proxy,0,0.8786271211059703,1
tranco_benign_proxy,0,0.1977873600566591,0
tranco_benign_proxy,0,0.27278166245586,0
phishtank,1,0.045004879444764036,0
phishtank,1,0.9939799573369142,1
phishtank,1,0.9444941959769082,1
phishtank,1,0.9979947225077501,1
phishtank,1,0.9833232480564165,1
phishtank,1,0.9999936333377921,1
phishtank,1,0.4760937927510619,0
tranco_benign_proxy,0,0.8398914283776021,1
phishtank,1,0.9007189794726903,1
tranco_benign_proxy,0,0.1283644156074891,0
phishtank,1,0.9908994299098224,1
phishtank,1,0.998292569483648,1
phishtank,1,0.9999956319824037,1
phishtank,1,0.9993732318372894,1
phishtank,1,0.5588353122288555,0
tranco_benign_proxy,0,0.6888661870329826,0
tranco_benign_proxy,0,0.07710640474089381,0
tranco_benign_proxy,0,0.062496732032793344,0
tranco_benign_proxy,0,0.24309658353661237,0
phishtank,1,0.9662936358581725,1
phishtank,1,0.18522296140953226,0
tranco_benign_proxy,0,0.9442543124161448,1
phishtank,1,0.9659098461154051,1
phishtank,1,0.15777641885290367,0
phishtank,1,0.9990056570931879,1
tranco_benign_proxy,0,0.22037340480563916,0
tranco_benign_proxy,0,0.9381893999911727,1
tranco_benign_proxy,0,0.42629006434523203,0
tranco_benign_proxy,0,0.003244920086652142,0
phishtank,1,0.9995784300756633,1
tranco_benign_proxy,0,0.11538267187582203,0
tranco_benign_proxy,0,0.056332867963761635,0
tranco_benign_proxy,0,0.10205268029237399,0
tranco_benign_proxy,0,0.27619705509319376,0
phishtank,1,0.9700854889335836,1
tranco_benign_proxy,0,0.8096035580440002,1
phishtank,1,0.998867399763254,1
phishtank,1,0.9969152222484664,1
phishtank,1,0.9618109719199934,1
tranco_benign_proxy,0,0.4452917178351398,0
phishtank,1,0.9999919345232355,1
tranco_benign_proxy,0,0.04491170476523629,0
tranco_benign_proxy,0,0.2688927235402465,0
phishtank,1,0.9978315319168017,1
tranco_benign_proxy,0,0.8817026228044236,1
phishtank,1,0.9352412720924129,1
tranco_benign_proxy,0,0.012361655955059914,0
tranco_benign_proxy,0,0.4913616743359377,0
phishtank,1,0.9990590662405627,1
phishtank,1,0.9905142082645128,1
tranco_benign_proxy,0,0.6441642787661558,0
phishtank,1,0.9844392221985919,1
phishtank,1,0.9878853578836899,1
phishtank,1,0.9937851772562639,1
tranco_benign_proxy,0,0.36229031983502263,0
phishtank,1,0.9999198084344878,1
tranco_benign_proxy,0,0.10927178047480098,0
tranco_benign_proxy,0,0.9984501486167932,1
tranco_benign_proxy,0,0.09280751992118744,0
tranco_benign_proxy,0,0.3925726900321648,0
phishtank,1,0.7289591010848564,0
tranco_benign_proxy,0,0.22400846982031866,0
tranco_benign_proxy,0,0.3056561181312586,0
phishtank,1,0.9604750686567161,1
phishtank,1,0.9951669824387703,1
tranco_benign_proxy,0,0.4507985606636311,0
tranco_benign_proxy,0,0.09184651735078443,0
tranco_benign_proxy,0,0.12710008768462827,0
tranco_benign_proxy,0,0.9765224099374649,1
phishtank,1,0.9912633200413372,1
tranco_benign_proxy,0,0.7082612199328012,0
phishtank,1,0.9998253560206005,1
tranco_benign_proxy,0,0.07745230802336764,0
tranco_benign_proxy,0,0.0020963382602060413,0
phishtank,1,0.9930327017928267,1
phishtank,1,0.989958576728463,1
tranco_benign_proxy,0,0.019060061584384818,0
tranco_benign_proxy,0,0.8266445176523473,1
phishtank,1,0.9992157923306964,1
phishtank,1,0.9578438656486363,1
tranco_benign_proxy,0,0.09910007042997199,0
phishtank,1,0.99989292059539,1
phishtank,1,0.9419277355814831,1
tranco_benign_proxy,0,0.9798998381093217,1
phishtank,1,0.9772628044557049,1
phishtank,1,0.9998912334838937,1
tranco_benign_proxy,0,0.7606388841907813,0
tranco_benign_proxy,0,0.7766759676803514,1
tranco_benign_proxy,0,0.2071686140735184,0
tranco_benign_proxy,0,0.6268509576003759,0
phishtank,1,0.9501052111211938,1
tranco_benign_proxy,0,0.31209152549022257,0
phishtank,1,0.999856365443167,1
phishtank,1,0.9777535753918213,1
phishtank,1,0.9984730905097011,1
phishtank,1,0.8745235883285999,1
tranco_benign_proxy,0,0.3489012647866832,0
phishtank,1,0.989373202363825,1
phishtank,1,0.9925772253400459,1
phishtank,1,0.43836063605322206,0
phishtank,1,0.9866395164062444,1
tranco_benign_proxy,0,0.04346718507684582,0
phishtank,1,0.9904018927470807,1
phishtank,1,0.9721788059300012,1
phishtank,1,0.20640976050961524,0
phishtank,1,0.9948688706237606,1
phishtank,1,0.9980737169993276,1
tranco_benign_proxy,0,0.7886536608650043,1
phishtank,1,0.9373207283917133,1
tranco_benign_proxy,0,0.21841004490754812,0
tranco_benign_proxy,0,0.1091415884396472,0
phishtank,1,0.9989721474648269,1
tranco_benign_proxy,0,0.13397924896201918,0
tranco_benign_proxy,0,0.9446247570730493,1
tranco_benign_proxy,0,0.025091831183278936,0
phishtank,1,0.9963760788643291,1
tranco_benign_proxy,0,0.6522353783347886,0
tranco_benign_proxy,0,0.09813887326793289,0
phishtank,1,0.6841708230628708,0
tranco_benign_proxy,0,0.12684208407774294,0
tranco_benign_proxy,0,0.7021588689922736,0
phishtank,1,0.9817692358613909,1
tranco_benign_proxy,0,0.24704714732509672,0
tranco_benign_proxy,0,0.02805802046198379,0
phishtank,1,0.9773424822486466,1
phishtank,1,0.9943113207692001,1
phishtank,1,0.5505787788813048,0
phishtank,1,0.9684005669890251,1
phishtank,1,0.9902972113794637,1
phishtank,1,0.9961437640828155,1
phishtank,1,0.9973174364429536,1
phishtank,1,0.9981129152375979,1
tranco_benign_proxy,0,0.6067491948485071,0
phishtank,1,0.9746957370153719,1
tranco_benign_proxy,0,0.795011619603313,1
tranco_benign_proxy,0,0.16234114341842512,0
phishtank,1,0.999779391584728,1
phishtank,1,0.9724701632514328,1
tranco_benign_proxy,0,0.24413493368115008,0
phishtank,1,0.9577160888625517,1
phishtank,1,0.9807732459540199,1
phishtank,1,0.2462330856110505,0
tranco_benign_proxy,0,0.5722164337650429,0
tranco_benign_proxy,0,0.19942550486201802,0
tranco_benign_proxy,0,0.40932195803203464,0
tranco_benign_proxy,0,0.5921448613022786,0
tranco_benign_proxy,0,0.15473348608326207,0
tranco_benign_proxy,0,0.48593397207746286,0
phishtank,1,0.9999974725655393,1
tranco_benign_proxy,0,0.2372546008162387,0
tranco_benign_proxy,0,0.0028401573185414175,0
tranco_benign_proxy,0,0.574013484609506,0
tranco_benign_proxy,0,0.9486087801260358,1
phishtank,1,0.9778457490722876,1
phishtank,1,0.9994388186127191,1
phishtank,1,0.9829977356309798,1
tranco_benign_proxy,0,0.9694755621109763,1
tranco_benign_proxy,0,0.17537295007713544,0
tranco_benign_proxy,0,0.7521245431639458,0
tranco_benign_proxy,0,0.04014109468606059,0
phishtank,1,0.9946456741882023,1
phishtank,1,0.9946918117176788,1
phishtank,1,0.9996198511447388,1
tranco_benign_proxy,0,0.9599245957962027,1
tranco_benign_proxy,0,0.2838774187959539,0
tranco_benign_proxy,0,0.3269942278534037,0
tranco_benign_proxy,0,0.6920472892788114,0
phishtank,1,0.9999627934854817,1
tranco_benign_proxy,0,0.09558374920063016,0
phishtank,1,0.8990146248527945,1
phishtank,1,0.9999601078633755,1
phishtank,1,0.8678873093540721,1
tranco_benign_proxy,0,0.2245204452848112,0
tranco_benign_proxy,0,0.19304157753522622,0
phishtank,1,0.2966876339076046,0
phishtank,1,0.9864148457281595,1
phishtank,1,0.5116703786281228,0
phishtank,1,0.9998720102796523,1
tranco_benign_proxy,0,0.2935054993868548,0
tranco_benign_proxy,0,0.2308348832953942,0
tranco_benign_proxy,0,0.9996863989538552,1
phishtank,1,0.9734700283999449,1
tranco_benign_proxy,0,0.9928692919538775,1
tranco_benign_proxy,0,0.02103634312697118,0
tranco_benign_proxy,0,0.1574739625045101,0
phishtank,1,0.9870366229886836,1
tranco_benign_proxy,0,0.3144935050623992,0
tranco_benign_proxy,0,0.6558362288249306,0
phishtank,1,0.9994828207994914,1
phishtank,1,0.9759360240970573,1
tranco_benign_proxy,0,0.006007987692681052,0
phishtank,1,0.9998796384407559,1
phishtank,1,0.9971237626622202,1
phishtank,1,0.9982897824633946,1
phishtank,1,0.9978972020829566,1
phishtank,1,0.9837099183387122,1
tranco_benign_proxy,0,0.8244189165921967,1
tranco_benign_proxy,0,0.8515520938290533,1
tranco_benign_proxy,0,0.19904081157397066,0
tranco_benign_proxy,0,0.5893465249337188,0
tranco_benign_proxy,0,0.047848350215684246,0
phishtank,1,0.9180735008225704,1
tranco_benign_proxy,0,0.1545718812966024,0
tranco_benign_proxy,0,0.03528780480575592,0
phishtank,1,0.9883152030340631,1
tranco_benign_proxy,0,0.46763774065164415,0
tranco_benign_proxy,0,0.18230395092342433,0
tranco_benign_proxy,0,0.10547876082564052,0
tranco_benign_proxy,0,0.06137530454795332,0
phishtank,1,0.8865614810287404,1
tranco_benign_proxy,0,0.20347634927356723,0
phishtank,1,0.9968227548421325,1
tranco_benign_proxy,0,0.7351261334812245,0
phishtank,1,0.9995784320316617,1
phishtank,1,0.7808287012699981,1
tranco_benign_proxy,0,0.3420376575282069,0
tranco_benign_proxy,0,0.33458750244653446,0
phishtank,1,0.6616433455725477,0
tranco_benign_proxy,0,0.023707166539044776,0
tranco_benign_proxy,0,0.6430304901433472,0
tranco_benign_proxy,0,0.7067801046164978,0
phishtank,1,0.9700427736865039,1
tranco_benign_proxy,0,0.8321101072995316,1
phishtank,1,0.9848529063858031,1
phishtank,1,0.9950364318027493,1
phishtank,1,0.999715188084507,1
phishtank,1,0.3546477524974461,0
phishtank,1,0.9878332600677429,1
tranco_benign_proxy,0,0.2969738256652054,0
phishtank,1,0.525388276595943,0
tranco_benign_proxy,0,0.9712295013771182,1
tranco_benign_proxy,0,0.04393066013292596,0
tranco_benign_proxy,0,0.05032879210372803,0
phishtank,1,0.7963029038210961,1
phishtank,1,0.9806174113299798,1
phishtank,1,0.9876118565235443,1
tranco_benign_proxy,0,0.10458987192918098,0
phishtank,1,0.8372214921725595,1
tranco_benign_proxy,0,0.20094246473315405,0
tranco_benign_proxy,0,0.2586167334988742,0
tranco_benign_proxy,0,0.2205717254007734,0
phishtank,1,0.9487266973399935,1
tranco_benign_proxy,0,0.08446616464793004,0
phishtank,1,0.9995937814203552,1
phishtank,1,0.9841653776012436,1
phishtank,1,0.9721191273713389,1
tranco_benign_proxy,0,0.8402382765928021,1
tranco_benign_proxy,0,0.011541563978129228,0
phishtank,1,0.9971200953103527,1
tranco_benign_proxy,0,0.18790580592696524,0
phishtank,1,0.9925923150990424,1
tranco_benign_proxy,0,0.1613136561398092,0
phishtank,1,0.7873838901823692,1
tranco_benign_proxy,0,0.06852626013483111,0
phishtank,1,0.9995296749800591,1
phishtank,1,0.974280971396826,1
tranco_benign_proxy,0,0.2706334896402827,0
tranco_benign_proxy,0,0.9752575134191769,1
phishtank,1,0.9999714292274746,1
phishtank,1,0.7741617863762688,1
tranco_benign_proxy,0,0.16093727157154417,0
tranco_benign_proxy,0,0.8751922098574062,1
phishtank,1,0.9877497495060662,1
phishtank,1,0.9944627858279048,1
phishtank,1,0.9960060611242137,1
tranco_benign_proxy,0,0.5272418054783786,0
phishtank,1,0.9999304030533468,1
phishtank,1,0.9996312203741402,1
phishtank,1,0.9966538851677539,1
phishtank,1,0.9963088744005261,1
phishtank,1,0.3481122511895243,0
phishtank,1,0.13187196538795765,0
tranco_benign_proxy,0,0.07690530907739666,0
phishtank,1,0.9685376261981988,1
phishtank,1,0.9995997108491441,1
tranco_benign_proxy,0,0.2559988571108935,0
tranco_benign_proxy,0,0.8697059734577952,1
phishtank,1,0.2981819175043892,0
phishtank,1,0.9986465940168954,1
tranco_benign_proxy,0,0.3056030949694594,0
tranco_benign_proxy,0,0.08983291028129474,0
phishtank,1,0.8853332164313622,1
tranco_benign_proxy,0,0.30118795031933726,0
tranco_benign_proxy,0,0.42428133829354936,0
phishtank,1,0.9995870881302907,1
tranco_benign_proxy,0,0.31661772292758567,0
phishtank,1,0.995860426701785,1
tranco_benign_proxy,0,0.07253680287839775,0
tranco_benign_proxy,0,0.20530552222680673,0
tranco_benign_proxy,0,0.33222150723877314,0
phishtank,1,0.9771182649631781,1
tranco_benign_proxy,0,0.5828076102155917,0
tranco_benign_proxy,0,0.24383640311911972,0
tranco_benign_proxy,0,0.8400475433819815,1
phishtank,1,0.985896340920787,1
tranco_benign_proxy,0,0.015559099395362774,0
tranco_benign_proxy,0,0.20037709256696992,0
phishtank,1,0.9951077453003142,1
tranco_benign_proxy,0,0.4468948774564867,0
phishtank,1,0.9912807045365157,1
tranco_benign_proxy,0,0.08734926241193318,0
tranco_benign_proxy,0,0.1407115211436384,0
tranco_benign_proxy,0,0.15606505417520788,0
phishtank,1,0.9759889722178002,1
phishtank,1,0.9997927200785534,1
tranco_benign_proxy,0,0.5729236659132068,0
tranco_benign_proxy,0,0.050596218241963184,0
tranco_benign_proxy,0,0.009751418218769948,0
tranco_benign_proxy,0,0.807902043839549,1
phishtank,1,0.9978507235498546,1
tranco_benign_proxy,0,0.5045705799129235,0
tranco_benign_proxy,0,0.3377169228245957,0
phishtank,1,0.9226467944371495,1
phishtank,1,0.9828696397299517,1
phishtank,1,0.9991120220478243,1
phishtank,1,0.9985097584883995,1
tranco_benign_proxy,0,0.4278195131427174,0
tranco_benign_proxy,0,0.06618320726918568,0
tranco_benign_proxy,0,0.9487036410529633,1
phishtank,1,0.9955732083394184,1
tranco_benign_proxy,0,0.04076675648019644,0
phishtank,1,0.9990169120422666,1
tranco_benign_proxy,0,0.9040358992013104,1
phishtank,1,0.9991405510080126,1
tranco_benign_proxy,0,0.16738462094160972,0
tranco_benign_proxy,0,0.3425905866381072,0
tranco_benign_proxy,0,0.6373649239424958,0
tranco_benign_proxy,0,0.7695022317546957,1
phishtank,1,0.9948848348227132,1
tranco_benign_proxy,0,0.7402932483903649,0
tranco_benign_proxy,0,0.31930794109879096,0
tranco_benign_proxy,0,0.4052920622237649,0
phishtank,1,0.9845905330179988,1
phishtank,1,0.8551796389758379,1
phishtank,1,0.986267418035462,1
tranco_benign_proxy,0,0.4933388992870342,0
tranco_benign_proxy,0,0.01820460794772755,0
phishtank,1,0.9311259387565184,1
phishtank,1,0.9970260249336326,1
tranco_benign_proxy,0,0.16406431717905076,0
phishtank,1,0.9971640997784262,1
phishtank,1,0.6455378372677016,0
phishtank,1,0.9980522587715892,1
phishtank,1,0.9225791498955709,1
phishtank,1,0.9863648837876333,1
phishtank,1,0.988755454166565,1
tranco_benign_proxy,0,0.31706401316534066,0
tranco_benign_proxy,0,0.3355228332548081,0
phishtank,1,0.9640352268175664,1
phishtank,1,0.9998001111974348,1
tranco_benign_proxy,0,0.2937594895813405,0
phishtank,1,0.9986161160561132,1
tranco_benign_proxy,0,0.11061398205973363,0
tranco_benign_proxy,0,0.668486359127485,0
phishtank,1,0.9926836037357647,1
phishtank,1,0.13463524319097078,0
phishtank,1,0.9964133497686669,1
phishtank,1,0.9984469659660886,1
tranco_benign_proxy,0,0.0313497382312001,0
tranco_benign_proxy,0,0.049236223964512174,0
phishtank,1,0.9999979184518512,1
phishtank,1,0.9941406464714524,1
phishtank,1,0.969316032112106,1
phishtank,1,0.8598215186597707,1
tranco_benign_proxy,0,0.08062402702482908,0
phishtank,1,0.995633382521331,1
phishtank,1,0.9975139180345264,1
phishtank,1,0.9752710628994373,1
phishtank,1,0.9197646819533603,1
tranco_benign_proxy,0,0.39314273997026256,0
phishtank,1,0.9913233045331171,1
phishtank,1,0.9967527466430196,1
tranco_benign_proxy,0,0.09602319016855124,0
phishtank,1,0.644838995733332,0
phishtank,1,0.9766330367064847,1
phishtank,1,0.9823189873231369,1
tranco_benign_proxy,0,0.9932839584588028,1
tranco_benign_proxy,0,0.04949902360502597,0
phishtank,1,0.9996551308337943,1
phishtank,1,0.9916675898070503,1
tranco_benign_proxy,0,0.0745186362607258,0
tranco_benign_proxy,0,0.054873187779524664,0
tranco_benign_proxy,0,0.6606295691032205,0
tranco_benign_proxy,0,0.19982302102922686,0
phishtank,1,0.9979733292479498,1
tranco_benign_proxy,0,0.7108134954400515,0
phishtank,1,0.10542963153090516,0
tranco_benign_proxy,0,0.3033052333754682,0
phishtank,1,0.9848185655176469,1
phishtank,1,0.9999455034824939,1
phishtank,1,0.999095312285804,1
phishtank,1,0.9487401125050033,1
tranco_benign_proxy,0,0.8054542369356159,1
phishtank,1,0.9650076988993292,1
phishtank,1,0.9905406506674761,1
phishtank,1,0.9770945466412664,1
tranco_benign_proxy,0,0.5611757389828185,0
tranco_benign_proxy,0,0.08901641446082585,0
phishtank,1,0.997964627290872,1
phishtank,1,0.9813985393406689,1
tranco_benign_proxy,0,0.20300881972829837,0
tranco_benign_proxy,0,0.37815011766472184,0
tranco_benign_proxy,0,0.8311806297087755,1
tranco_benign_proxy,0,0.6798649570814513,0
tranco_benign_proxy,0,0.27591815233123124,0
phishtank,1,0.9999423968451587,1
phishtank,1,0.9277892796833603,1
tranco_benign_proxy,0,0.246585075917642,0
phishtank,1,0.9819799551848261,1
phishtank,1,0.9983750969795167,1
phishtank,1,0.9997252651650002,1
tranco_benign_proxy,0,0.9661150909895797,1
tranco_benign_proxy,0,0.24236157851845427,0
tranco_benign_proxy,0,0.3859826325129357,0
phishtank,1,0.2905749370271039,0
phishtank,1,0.16669111317108604,0
phishtank,1,0.9553264852626863,1
tranco_benign_proxy,0,0.13712600648621523,0
tranco_benign_proxy,0,0.08527673503065474,0
tranco_benign_proxy,0,0.38243919994934067,0
tranco_benign_proxy,0,0.31104100218688424,0
tranco_benign_proxy,0,0.8205040491272106,1
tranco_benign_proxy,0,0.6479101581461779,0
phishtank,1,0.913458787420641,1
phishtank,1,0.9996563419186152,1
tranco_benign_proxy,0,0.08210541766801614,0
phishtank,1,0.9346758258187964,1
phishtank,1,0.9851467416836027,1
tranco_benign_proxy,0,0.026808542225569054,0
phishtank,1,0.9266643963133346,1
phishtank,1,0.9999117420447025,1
phishtank,1,0.9242094171751094,1
phishtank,1,0.27566590007760733,0
phishtank,1,0.9722007964681001,1
phishtank,1,0.9914565844827814,1
tranco_benign_proxy,0,0.0424723548285242,0
phishtank,1,0.3265187937052847,0
phishtank,1,0.5671828871996901,0
tranco_benign_proxy,0,0.5050800802144026,0
tranco_benign_proxy,0,0.20736954392746762,0
phishtank,1,0.4931073108683284,0
tranco_benign_proxy,0,0.3142313634519926,0
phishtank,1,0.9957830463703595,1
tranco_benign_proxy,0,0.58150788546029,0
phishtank,1,0.9875957340705469,1
phishtank,1,0.9881225671353062,1
phishtank,1,0.43269674075019005,0
tranco_benign_proxy,0,0.03378333252929838,0
phishtank,1,0.6202979078523548,0
tranco_benign_proxy,0,0.1881468297649721,0
tranco_benign_proxy,0,0.5251610018263507,0
tranco_benign_proxy,0,0.5334095902999959,0
tranco_benign_proxy,0,0.17113675841365625,0
tranco_benign_proxy,0,0.8492221638311487,1
tranco_benign_proxy,0,0.044691270189407245,0
tranco_benign_proxy,0,0.5358435225151653,0
tranco_benign_proxy,0,0.6359369662643757,0
phishtank,1,0.881264471755246,1
phishtank,1,0.9574746395290437,1
tranco_benign_proxy,0,0.6413614500507092,0
tranco_benign_proxy,0,0.43501315635744914,0
phishtank,1,0.9695565526653727,1
tranco_benign_proxy,0,0.05340889727398318,0
tranco_benign_proxy,0,0.11251830276161838,0
tranco_benign_proxy,0,0.22103104315056085,0
tranco_benign_proxy,0,0.3130580546319877,0
tranco_benign_proxy,0,0.9585126183658176,1
phishtank,1,0.9995880897217171,1
phishtank,1,0.9989179816546142,1
phishtank,1,0.9999233905126635,1
phishtank,1,0.18774445125914704,0
phishtank,1,0.5984758363488665,0
tranco_benign_proxy,0,0.11145258050596896,0
phishtank,1,0.9984696578046094,1
tranco_benign_proxy,0,0.7074339806448959,0
phishtank,1,0.9567127374076146,1
phishtank,1,0.9999935933968543,1
phishtank,1,0.9673448769313869,1
tranco_benign_proxy,0,0.32452394180567734,0
phishtank,1,0.9756180724380349,1
tranco_benign_proxy,0,0.02046186725770544,0
phishtank,1,0.9862015566247171,1
phishtank,1,0.6770925512658217,0
tranco_benign_proxy,0,0.08061146245934325,0
tranco_benign_proxy,0,0.30432621805543475,0
tranco_benign_proxy,0,0.5424492950580379,0
tranco_benign_proxy,0,0.06674409566182936,0
phishtank,1,0.9988854659822394,1
phishtank,1,0.9984581953419187,1
phishtank,1,0.9886536016183267,1
tranco_benign_proxy,0,0.05766241391839586,0
tranco_benign_proxy,0,0.9685923308535519,1
phishtank,1,0.9999596666220606,1
tranco_benign_proxy,0,0.14830125759679075,0
phishtank,1,0.7164408060180162,0
phishtank,1,0.985035502058276,1
tranco_benign_proxy,0,0.25286666035413025,0
phishtank,1,0.15189632518116802,0
tranco_benign_proxy,0,0.7248172906819492,0
phishtank,1,0.9991860137594121,1
tranco_benign_proxy,0,0.0642706672601233,0
phishtank,1,0.9994656479833959,1
tranco_benign_proxy,0,0.0080824511352208,0
phishtank,1,0.9913247558933863,1
phishtank,1,0.9991080508275636,1
phishtank,1,0.9997470414835663,1
tranco_benign_proxy,0,0.8097322509847938,1
tranco_benign_proxy,0,0.5848312154766986,0
phishtank,1,0.7728822697726502,1
tranco_benign_proxy,0,0.5312496882724435,0
phishtank,1,0.18180591798702467,0
phishtank,1,0.9996760326919085,1
phishtank,1,0.9902133212679832,1
tranco_benign_proxy,0,0.3792101305736282,0
phishtank,1,0.896532856025657,1
tranco_benign_proxy,0,0.06198704544112269,0
phishtank,1,0.9312492778531745,1
phishtank,1,0.898199968511398,1
tranco_benign_proxy,0,0.8922970370543909,1
tranco_benign_proxy,0,0.14534093023667782,0
tranco_benign_proxy,0,0.7245722124123328,0
tranco_benign_proxy,0,0.2497377749979525,0
phishtank,1,0.9899446705558268,1
phishtank,1,0.958728383111395,1
phishtank,1,0.9848500765837098,1
tranco_benign_proxy,0,0.0829915441795662,0
tranco_benign_proxy,0,0.44550878272776584,0
tranco_benign_proxy,0,0.8614104915377903,1
tranco_benign_proxy,0,0.09867099974288027,0
tranco_benign_proxy,0,0.18069555266086815,0
phishtank,1,0.9997364836441592,1
phishtank,1,0.47469917565261593,0
phishtank,1,0.9996160395008741,1
phishtank,1,0.9959874351556367,1
phishtank,1,0.11128796472211751,0
tranco_benign_proxy,0,0.35870406467748756,0
phishtank,1,0.9923259455380689,1
tranco_benign_proxy,0,0.23977175309905926,0
phishtank,1,0.9867960740488524,1
tranco_benign_proxy,0,0.9722764877204944,1
tranco_benign_proxy,0,0.39956105442615614,0
tranco_benign_proxy,0,0.07577170172571511,0
tranco_benign_proxy,0,0.7637052822857682,0
tranco_benign_proxy,0,0.38249671803849217,0
phishtank,1,0.9621115478915793,1
tranco_benign_proxy,0,0.048486678967088345,0
tranco_benign_proxy,0,0.6565687753934184,0
phishtank,1,0.731958857361575,0
tranco_benign_proxy,0,0.9819774451792038,1
phishtank,1,0.9567761623801068,1
phishtank,1,0.9720300512137341,1
phishtank,1,0.9970763059338678,1
phishtank,1,0.9985678985076943,1
tranco_benign_proxy,0,0.23419213199193614,0
phishtank,1,0.638767934673896,0
tranco_benign_proxy,0,0.03621995521757539,0
tranco_benign_proxy,0,0.0340272213772389,0
tranco_benign_proxy,0,0.9980006208885981,1
tranco_benign_proxy,0,0.5269692711431945,0
tranco_benign_proxy,0,0.814310291028269,1
tranco_benign_proxy,0,0.21300292924419523,0
phishtank,1,0.5704441531438588,0
phishtank,1,0.9968635478762026,1
tranco_benign_proxy,0,0.8807267566915672,1
tranco_benign_proxy,0,0.3613815618299978,0
tranco_benign_proxy,0,0.13586722526209793,0
phishtank,1,0.9952590668609166,1
phishtank,1,0.8650946952234891,1
tranco_benign_proxy,0,0.4455910350807031,0
tranco_benign_proxy,0,0.06828971979396496,0
tranco_benign_proxy,0,0.24465988040127598,0
tranco_benign_proxy,0,0.5980971910289172,0
tranco_benign_proxy,0,0.9819952128881383,1
phishtank,1,0.9962360825560169,1
tranco_benign_proxy,0,0.46133215200804695,0
tranco_benign_proxy,0,0.7240517757823952,0
tranco_benign_proxy,0,0.6928975568843607,0
phishtank,1,0.9738373624355651,1
phishtank,1,0.981435528534543,1
phishtank,1,0.9181714107825024,1
phishtank,1,0.9840027058371911,1
tranco_benign_proxy,0,0.24444521019425736,0
tranco_benign_proxy,0,0.36727213717400425,0
tranco_benign_proxy,0,0.2215070429542632,0
phishtank,1,0.9549272201650709,1
tranco_benign_proxy,0,0.11082444796410046,0
tranco_benign_proxy,0,0.8270439629103598,1
tranco_benign_proxy,0,0.7272579039502531,0
phishtank,1,0.5499179391042713,0
tranco_benign_proxy,0,0.33753725351963587,0
tranco_benign_proxy,0,0.0032570280211675962,0
phishtank,1,0.9339835750941948,1
tranco_benign_proxy,0,0.6363135016889641,0
tranco_benign_proxy,0,0.9887356016143181,1
phishtank,1,0.976295180252329,1
tranco_benign_proxy,0,0.36832047900201387,0
phishtank,1,0.4371982044404977,0
tranco_benign_proxy,0,0.03452223874707029,0
phishtank,1,0.9884952976948432,1
phishtank,1,0.9611856837451518,1
tranco_benign_proxy,0,0.1734367808423389,0
tranco_benign_proxy,0,0.19921069512554607,0
phishtank,1,0.9991276215827336,1
tranco_benign_proxy,0,0.08242370837486204,0
tranco_benign_proxy,0,0.9229910518338691,1
tranco_benign_proxy,0,0.05962040290956726,0
tranco_benign_proxy,0,0.9431484143123349,1
phishtank,1,0.9798327047528644,1
phishtank,1,0.9977718790361865,1
phishtank,1,0.9944150965127759,1
phishtank,1,0.9287523903933814,1
tranco_benign_proxy,0,0.06334198277843976,0
tranco_benign_proxy,0,0.9970407558475667,1
phishtank,1,0.9617479833218366,1
phishtank,1,0.9976741830352734,1
phishtank,1,0.9764364304892265,1
phishtank,1,0.6455535298873859,0
tranco_benign_proxy,0,0.12902034255329256,0
tranco_benign_proxy,0,0.4335855929816241,0
phishtank,1,0.9997246827589095,1
tranco_benign_proxy,0,0.3286178532202257,0
tranco_benign_proxy,0,0.21794019994476846,0
phishtank,1,0.9991382225978139,1
tranco_benign_proxy,0,0.07079581713260945,0
tranco_benign_proxy,0,0.9495931901445731,1
tranco_benign_proxy,0,0.4726139890403848,0
phishtank,1,0.994827436714216,1
tranco_benign_proxy,0,0.5378268072927179,0
phishtank,1,0.7822129079852738,1
tranco_benign_proxy,0,0.0018116752717132025,0
tranco_benign_proxy,0,0.22778571785445081,0
tranco_benign_proxy,0,0.46059841284783887,0
tranco_benign_proxy,0,0.4815724558196446,0
phishtank,1,0.9989263914351668,1
phishtank,1,0.9414344349710302,1
phishtank,1,0.9996849236334995,1
phishtank,1,0.9993170132256374,1
phishtank,1,0.9999822382818896,1
tranco_benign_proxy,0,0.08476573735695835,0
tranco_benign_proxy,0,0.9620006964856775,1
phishtank,1,0.9981712448476932,1
phishtank,1,0.9829960185733937,1
phishtank,1,0.9976820883096634,1
tranco_benign_proxy,0,0.9859903706096079,1
phishtank,1,0.999787406114756,1
tranco_benign_proxy,0,0.663198749938546,0
tranco_benign_proxy,0,0.10580760912306088,0
phishtank,1,0.9999940046123749,1
phishtank,1,0.955954207193939,1
phishtank,1,0.9952884148702593,1
phishtank,1,0.9949567437908816,1
tranco_benign_proxy,0,0.05902054315499721,0
tranco_benign_proxy,0,0.4150230880346567,0
tranco_benign_proxy,0,0.045492097082623736,0
phishtank,1,0.6548377404173936,0
phishtank,1,0.9701545501479117,1
tranco_benign_proxy,0,0.31366217902448695,0
tranco_benign_proxy,0,0.1315897752407314,0
tranco_benign_proxy,0,0.06896581795682055,0
tranco_benign_proxy,0,0.2028454768375234,0
tranco_benign_proxy,0,0.06575463080030762,0
phishtank,1,0.7912223120541315,1
phishtank,1,0.9239563668676565,1
phishtank,1,0.9868977376268275,1
phishtank,1,0.98980409488164,1
tranco_benign_proxy,0,0.05008357858100587,0
tranco_benign_proxy,0,0.715418416572661,0
phishtank,1,0.9990704565712937,1
phishtank,1,0.9248106618689269,1
tranco_benign_proxy,0,0.4170655131223195,0
tranco_benign_proxy,0,0.3572895171480782,0
phishtank,1,0.9954198632809546,1
phishtank,1,0.980542980469451,1
tranco_benign_proxy,0,0.013394239097989513,0
tranco_benign_proxy,0,0.15579084522450465,0
tranco_benign_proxy,0,0.2098279646550261,0
phishtank,1,0.9999908578450223,1
phishtank,1,0.8946106998287243,1
tranco_benign_proxy,0,0.049262094299907064,0
tranco_benign_proxy,0,0.09336167434096843,0
phishtank,1,0.9997897457941849,1
tranco_benign_proxy,0,0.20153132926074402,0
tranco_benign_proxy,0,0.1325376428553428,0
phishtank,1,0.9072173035237594,1
phishtank,1,0.9458969976339692,1
tranco_benign_proxy,0,0.11854305189795875,0
phishtank,1,0.9989231524208618,1
phishtank,1,0.9977142991586149,1
phishtank,1,0.9997861782766199,1
tranco_benign_proxy,0,0.016330559593782826,0
phishtank,1,0.9500875426754217,1
phishtank,1,0.9028006085160459,1
phishtank,1,0.07712111009356461,0
phishtank,1,0.999200884253137,1
phishtank,1,0.9988384347188786,1
phishtank,1,0.9478977206142822,1
phishtank,1,0.994046970583082,1
phishtank,1,0.9965928486415128,1
tranco_benign_proxy,0,0.06032353329647231,0
tranco_benign_proxy,0,0.7621496010847899,0
tranco_benign_proxy,0,0.8306489836974247,1
phishtank,1,0.9979564605936954,1
tranco_benign_proxy,0,0.10006355103234225,0
phishtank,1,0.9995412660932647,1
tranco_benign_proxy,0,0.3645929872768605,0
tranco_benign_proxy,0,0.04565223426109066,0
tranco_benign_proxy,0,0.059981999414547786,0
tranco_benign_proxy,0,0.8683048242295053,1
phishtank,1,0.9857766862212667,1
phishtank,1,0.9230126564570051,1
tranco_benign_proxy,0,0.04775265202125219,0
tranco_benign_proxy,0,0.5788931765782949,0
tranco_benign_proxy,0,0.9332565258007157,1
tranco_benign_proxy,0,0.2009535613722939,0
tranco_benign_proxy,0,0.34200074582352,0
phishtank,1,0.8359156464372497,1
tranco_benign_proxy,0,0.9852568023737223,1
phishtank,1,0.9684953443828038,1
tranco_benign_proxy,0,0.11992967354099379,0
phishtank,1,0.7015324710441551,0
phishtank,1,0.9848945853444347,1
tranco_benign_proxy,0,0.9885672683738013,1
phishtank,1,0.7318038074741585,0
phishtank,1,0.9947475728427007,1
phishtank,1,0.9998756496651469,1
phishtank,1,0.9996291671803744,1
tranco_benign_proxy,0,0.02094232920182961,0
tranco_benign_proxy,0,0.046179419920123116,0
phishtank,1,0.16907130990415203,0
phishtank,1,0.9886197542555238,1
phishtank,1,0.9993776904696853,1
phishtank,1,0.9960727672089028,1
tranco_benign_proxy,0,0.10029375861191768,0
tranco_benign_proxy,0,0.6685477905119124,0
phishtank,1,0.5280843036020104,0
tranco_benign_proxy,0,0.3847242686730173,0
phishtank,1,0.9996663396923284,1
tranco_benign_proxy,0,0.356314708119879,0
phishtank,1,0.992996798500843,1
tranco_benign_proxy,0,0.09374729192978365,0
tranco_benign_proxy,0,0.03956647997359168,0
phishtank,1,0.9952966209442972,1
tranco_benign_proxy,0,0.2867815909130726,0
tranco_benign_proxy,0,0.03361961181761981,0
phishtank,1,0.9995936366379312,1
tranco_benign_proxy,0,0.47921835418796077,0
phishtank,1,0.9898145859213627,1
phishtank,1,0.6076462973370178,0
tranco_benign_proxy,0,0.1307670737665817,0
phishtank,1,0.36315852301667373,0
phishtank,1,0.9744974675623784,1
phishtank,1,0.5513385370661894,0
phishtank,1,0.9998309993804089,1
phishtank,1,0.9987933750115174,1
phishtank,1,0.9999457644198805,1
tranco_benign_proxy,0,0.21450567527990316,0
tranco_benign_proxy,0,0.6217476506478905,0
phishtank,1,0.9654076028525572,1
tranco_benign_proxy,0,0.464569447416274,0
phishtank,1,0.7297178241430189,0
phishtank,1,0.9861263872489437,1
phishtank,1,0.9748366909090913,1
tranco_benign_proxy,0,0.3859922164719045,0
phishtank,1,0.9705328300263193,1
tranco_benign_proxy,0,0.7981841586479324,1
tranco_benign_proxy,0,0.010282925728162659,0
tranco_benign_proxy,0,0.11579956804001668,0
tranco_benign_proxy,0,0.7380517622738567,0
tranco_benign_proxy,0,0.5731498523625332,0
tranco_benign_proxy,0,0.18503162819657837,0
phishtank,1,0.9999886836233092,1
tranco_benign_proxy,0,0.2073820460055773,0
tranco_benign_proxy,0,0.9956967578111707,1
phishtank,1,0.33730848799505087,0
tranco_benign_proxy,0,0.9779733943649692,1
tranco_benign_proxy,0,0.6359854920546218,0
phishtank,1,0.87183546084165,1
tranco_benign_proxy,0,0.16849129201316815,0
phishtank,1,0.9181064759833735,1
phishtank,1,0.8559620088288918,1
phishtank,1,0.9540808474869538,1
phishtank,1,0.9297355014231207,1
tranco_benign_proxy,0,0.34547148742947,0
phishtank,1,0.9707331663609553,1
phishtank,1,0.9998316974237194,1
phishtank,1,0.9834457058942915,1
phishtank,1,0.9996674433325395,1
phishtank,1,0.9946526430914461,1
phishtank,1,0.9865796811276323,1
phishtank,1,0.4431706673470169,0
phishtank,1,0.9716318482182885,1
tranco_benign_proxy,0,0.9593263295591999,1
tranco_benign_proxy,0,0.08677121746945382,0
tranco_benign_proxy,0,0.9045683379732714,1
tranco_benign_proxy,0,0.048708838817489844,0
phishtank,1,0.9996466298159982,1
phishtank,1,0.999906396355566,1
phishtank,1,0.9998193472020646,1
phishtank,1,0.9367295553351018,1
phishtank,1,0.999267240270378,1
phishtank,1,0.9895225916688946,1
tranco_benign_proxy,0,0.7522185249502052,0
phishtank,1,0.8091595429900105,1
tranco_benign_proxy,0,0.6105668957725205,0
phishtank,1,0.9962944920050457,1
tranco_benign_proxy,0,0.5522347075269243,0
phishtank,1,0.8384797613177672,1
phishtank,1,0.9775090120655902,1
tranco_benign_proxy,0,0.075112751728024,0
tranco_benign_proxy,0,0.5558653264284559,0
phishtank,1,0.9993661384699839,1
tranco_benign_proxy,0,0.7199107174624243,0
phishtank,1,0.9999637570249188,1
tranco_benign_proxy,0,0.8027809400924467,1
phishtank,1,0.9999515269481338,1
phishtank,1,0.9388807167197961,1
tranco_benign_proxy,0,0.1086217866903622,0
tranco_benign_proxy,0,0.9409927511439145,1
tranco_benign_proxy,0,0.17283069158838965,0
tranco_benign_proxy,0,0.009934920938974166,0
tranco_benign_proxy,0,0.01757602597580778,0
phishtank,1,0.997283573197681,1
tranco_benign_proxy,0,0.2784959761922452,0
tranco_benign_proxy,0,0.8614578208162734,1
phishtank,1,0.033827423667755305,0
tranco_benign_proxy,0,0.015207917630851548,0
phishtank,1,0.9741453642513922,1
phishtank,1,0.7552334269698173,0
tranco_benign_proxy,0,0.45387369084069545,0
phishtank,1,0.9867211520602778,1
phishtank,1,0.26455837684085004,0
phishtank,1,0.9968741359096243,1
phishtank,1,0.9991034536693788,1
phishtank,1,0.4881941106887251,0
tranco_benign_proxy,0,0.7512224501245769,0
tranco_benign_proxy,0,0.587821436333418,0
phishtank,1,0.9915860932326679,1
tranco_benign_proxy,0,0.022028762287638268,0
tranco_benign_proxy,0,0.26086067333865176,0
tranco_benign_proxy,0,0.5486731272132258,0
tranco_benign_proxy,0,0.0655223776938307,0
phishtank,1,0.9159379686555077,1
tranco_benign_proxy,0,0.6529568872860498,0
phishtank,1,0.9908714619862745,1
tranco_benign_proxy,0,0.008736838670221281,0
tranco_benign_proxy,0,0.9431077614273461,1
tranco_benign_proxy,0,0.9575070210044505,1
phishtank,1,0.994730459772853,1
tranco_benign_proxy,0,0.7116662308478058,0
tranco_benign_proxy,0,0.19519850717296838,0
phishtank,1,0.8045140897658759,1
phishtank,1,0.9816622942221149,1
phishtank,1,0.26187835028660256,0
tranco_benign_proxy,0,0.8027002831770069,1
phishtank,1,0.8992563856671281,1
phishtank,1,0.9993200934653269,1
tranco_benign_proxy,0,0.389709139610817,0
tranco_benign_proxy,0,0.012187599849146556,0
phishtank,1,0.14175267606214823,0
phishtank,1,0.99785762245881,1
phishtank,1,0.9925195223449769,1
phishtank,1,0.9979480616371554,1
tranco_benign_proxy,0,0.7516147015301208,0
tranco_benign_proxy,0,0.17030673060807705,0
phishtank,1,0.9970410828608076,1
phishtank,1,0.9967541045636256,1
phishtank,1,0.9980379627474463,1
phishtank,1,0.9991385247302709,1
tranco_benign_proxy,0,0.17132956117609605,0
tranco_benign_proxy,0,0.5465581492068099,0
phishtank,1,0.2743422610276806,0
tranco_benign_proxy,0,0.1085881513579631,0
phishtank,1,0.9901909902413302,1
tranco_benign_proxy,0,0.4709285884453546,0
phishtank,1,0.9951063981065069,1
phishtank,1,0.9957021601013566,1
phishtank,1,0.8758718795438424,1
tranco_benign_proxy,0,0.7353225843931392,0
tranco_benign_proxy,0,0.9015218770006269,1
phishtank,1,0.9997679167440354,1
tranco_benign_proxy,0,0.2831765155029196,0
phishtank,1,0.8889542686897851,1
phishtank,1,0.9722666228103707,1
phishtank,1,0.9957093349396263,1
tranco_benign_proxy,0,0.21174565208916235,0
tranco_benign_proxy,0,0.0892780690643862,0
tranco_benign_proxy,0,0.9910428714895051,1
tranco_benign_proxy,0,0.13957576276596081,0
tranco_benign_proxy,0,0.40143652628826404,0
tranco_benign_proxy,0,0.5545717286837344,0
tranco_benign_proxy,0,0.84862439287932,1
tranco_benign_proxy,0,0.34565509769380803,0
tranco_benign_proxy,0,0.08056053112125815,0
phishtank,1,0.9906838033500864,1
phishtank,1,0.8802161243007092,1
tranco_benign_proxy,0,0.6930002267970435,0
phishtank,1,0.9894455493204555,1
phishtank,1,0.3954285204541795,0
phishtank,1,0.9610568628835828,1
tranco_benign_proxy,0,0.011615522076655062,0
phishtank,1,0.10576851419011066,0
tranco_benign_proxy,0,0.6379928542663399,0
phishtank,1,0.9900636084468073,1
tranco_benign_proxy,0,0.8173814626661773,1
tranco_benign_proxy,0,0.41082183282425816,0
tranco_benign_proxy,0,0.8435830056710335,1
tranco_benign_proxy,0,0.16817480246489613,0
phishtank,1,0.9975318589047958,1
tranco_benign_proxy,0,0.2642248987710046,0
tranco_benign_proxy,0,0.9646321965623593,1
phishtank,1,0.9562972890654908,1
phishtank,1,0.998644524477099,1
tranco_benign_proxy,0,0.46141624198358616,0
phishtank,1,0.9999431271709579,1
tranco_benign_proxy,0,0.8209251491146276,1
phishtank,1,0.9988375496492569,1
phishtank,1,0.9999631483036687,1
tranco_benign_proxy,0,0.14564078208432737,0
phishtank,1,0.9996724215278525,1
tranco_benign_proxy,0,0.4695244775165403,0
tranco_benign_proxy,0,0.8768954079695603,1
phishtank,1,0.9997109335055592,1
phishtank,1,0.8540921740462634,1
tranco_benign_proxy,0,0.9759570026063253,1
phishtank,1,0.9826512904631047,1
tranco_benign_proxy,0,0.27326120700132045,0
phishtank,1,0.99769782131215,1
tranco_benign_proxy,0,0.28524803051274417,0
tranco_benign_proxy,0,0.08137806308344417,0
tranco_benign_proxy,0,0.37877264831712987,0
tranco_benign_proxy,0,0.2777163504260126,0
tranco_benign_proxy,0,0.8021948513819487,1
phishtank,1,0.9714369426906507,1
tranco_benign_proxy,0,0.6454388542517657,0
tranco_benign_proxy,0,0.025971957493255326,0
tranco_benign_proxy,0,0.04087659949293564,0
phishtank,1,0.9984871737523361,1
phishtank,1,0.9978476260761943,1
tranco_benign_proxy,0,0.34280432796516935,0
tranco_benign_proxy,0,0.9217650386061519,1
phishtank,1,0.9946960847317506,1
phishtank,1,0.9974317580247991,1
phishtank,1,0.9992499426138294,1
tranco_benign_proxy,0,0.05912360162903206,0
phishtank,1,0.9990488249155602,1
phishtank,1,0.6615380622160901,0
phishtank,1,0.9980475156008128,1
tranco_benign_proxy,0,0.6113607219804758,0
tranco_benign_proxy,0,0.8048997783064044,1
tranco_benign_proxy,0,0.2619201716011337,0
tranco_benign_proxy,0,0.31080418207476,0
tranco_benign_proxy,0,0.9915985638331704,1
phishtank,1,0.9912942769769767,1
tranco_benign_proxy,0,0.12214182279502296,0
tranco_benign_proxy,0,0.0061371852913775305,0
phishtank,1,0.9976504353498612,1
tranco_benign_proxy,0,0.09532205547088923,0
tranco_benign_proxy,0,0.825256017445823,1
phishtank,1,0.9956318607061819,1
tranco_benign_proxy,0,0.5071674167982888,0
phishtank,1,0.9724629422844997,1
phishtank,1,0.9993503105319588,1
phishtank,1,0.24307127149708813,0
tranco_benign_proxy,0,0.23048492875823615,0
tranco_benign_proxy,0,0.27378973685644625,0
tranco_benign_proxy,0,0.5415011358759604,0
tranco_benign_proxy,0,0.8388371238425895,1
tranco_benign_proxy,0,0.9337356084771196,1
tranco_benign_proxy,0,0.7430326716442078,0
phishtank,1,0.9980420271911833,1
tranco_benign_proxy,0,0.4316934152684487,0
phishtank,1,0.9999793593721218,1
phishtank,1,0.9812535896016195,1
tranco_benign_proxy,0,0.5646469705259067,0
tranco_benign_proxy,0,0.10226207034148392,0
tranco_benign_proxy,0,0.4981434629109442,0
tranco_benign_proxy,0,0.10006687124415607,0
phishtank,1,0.4157544871234239,0
phishtank,1,0.9999612517714875,1
tranco_benign_proxy,0,0.14002810689759163,0
tranco_benign_proxy,0,0.29575234326043764,0
phishtank,1,0.9923763689284262,1
tranco_benign_proxy,0,0.19048266364453342,0
phishtank,1,0.8898254613019133,1
tranco_benign_proxy,0,0.6386816666030902,0
tranco_benign_proxy,0,0.10950214953047152,0
phishtank,1,0.9954385880215241,1
phishtank,1,0.999706066786299,1
phishtank,1,0.9982914938342083,1
phishtank,1,0.12195593388215432,0
phishtank,1,0.9178761395781313,1
tranco_benign_proxy,0,0.25985939132538594,0
phishtank,1,0.9672971254881862,1
tranco_benign_proxy,0,0.24726891389164685,0
tranco_benign_proxy,0,0.2238189597328786,0
phishtank,1,0.9875675446219582,1
tranco_benign_proxy,0,0.14411543326491907,0
tranco_benign_proxy,0,0.4984351495090225,0
phishtank,1,0.5240982616939385,0
phishtank,1,0.9968224441774352,1
tranco_benign_proxy,0,0.3017509170540731,0
tranco_benign_proxy,0,0.7969376731485122,1
phishtank,1,0.4960840530080138,0
tranco_benign_proxy,0,0.9762280304276881,1
tranco_benign_proxy,0,0.6475510688803406,0
tranco_benign_proxy,0,0.42542459107049463,0
tranco_benign_proxy,0,0.9708763825957619,1
tranco_benign_proxy,0,0.2800038240649889,0
phishtank,1,0.991203417282659,1
phishtank,1,0.9969357538275223,1
phishtank,1,0.9255977188144004,1
phishtank,1,0.9908768330940774,1
phishtank,1,0.9984316101797818,1
phishtank,1,0.6034599116531186,0
tranco_benign_proxy,0,0.06897745858783012,0
phishtank,1,0.9912020515715583,1
phishtank,1,0.997259336751386,1
phishtank,1,0.7039260280241272,0
phishtank,1,0.808814253502965,1
phishtank,1,0.9935752631512856,1
phishtank,1,0.9996713666948523,1
tranco_benign_proxy,0,0.22126984000843933,0
phishtank,1,0.9984796226348875,1
tranco_benign_proxy,0,0.33322114711124157,0
tranco_benign_proxy,0,0.06541882887384289,0
phishtank,1,0.9976910504460935,1
tranco_benign_proxy,0,0.03671534321383586,0
tranco_benign_proxy,0,0.12874593481234553,0
tranco_benign_proxy,0,0.16823465348791566,0
phishtank,1,0.9989137998436243,1
phishtank,1,0.973378627909891,1
tranco_benign_proxy,0,0.6866762137342227,0
tranco_benign_proxy,0,0.1305646729130951,0
tranco_benign_proxy,0,0.6983811199168524,0
tranco_benign_proxy,0,0.0036581584153167397,0
tranco_benign_proxy,0,0.9276343674219364,1
phishtank,1,0.9952475960824902,1
tranco_benign_proxy,0,0.537996024046698,0
phishtank,1,0.9877487038270834,1
phishtank,1,0.998096321845936,1
tranco_benign_proxy,0,0.0812690949055114,0
tranco_benign_proxy,0,0.2322024427758593,0
phishtank,1,0.46489286407843516,0
tranco_benign_proxy,0,0.5174484285326474,0
phishtank,1,0.975864750035248,1
tranco_benign_proxy,0,0.09928713506444435,0
tranco_benign_proxy,0,0.8607296891816908,1
tranco_benign_proxy,0,0.034944275533639504,0
phishtank,1,0.9887858403503146,1
tranco_benign_proxy,0,0.23172256355463663,0
phishtank,1,0.976639000083096,1
tranco_benign_proxy,0,0.3899944472038238,0
phishtank,1,0.9594197885056359,1
tranco_benign_proxy,0,0.38837855898257395,0
tranco_benign_proxy,0,0.6025881800100619,0
phishtank,1,0.9750472344475476,1
phishtank,1,0.9957298194042625,1
tranco_benign_proxy,0,0.2943552816705384,0
phishtank,1,0.9998397931403111,1
tranco_benign_proxy,0,0.5450655046801958,0
phishtank,1,0.9988266644799755,1
tranco_benign_proxy,0,0.9486461701290535,1
tranco_benign_proxy,0,0.47349969451022594,0
phishtank,1,0.989336975385831,1
tranco_benign_proxy,0,0.7340378501188226,0
phishtank,1,0.17840707714606577,0
tranco_benign_proxy,0,0.28014649888070503,0
phishtank,1,0.931888862532096,1
tranco_benign_proxy,0,0.09282318916153111,0
phishtank,1,0.800786000101546,1
tranco_benign_proxy,0,0.15858820694740694,0
tranco_benign_proxy,0,0.10408536895719404,0
tranco_benign_proxy,0,0.6834483952278188,0
tranco_benign_proxy,0,0.11462644178821296,0
tranco_benign_proxy,0,0.053628724763676035,0
phishtank,1,0.46217870329872907,0
phishtank,1,0.994015335180978,1
phishtank,1,0.994194263956834,1
tranco_benign_proxy,0,0.19390057331148638,0
phishtank,1,0.8957376875640872,1
tranco_benign_proxy,0,0.8180914517599874,1
phishtank,1,0.9606522311767798,1
phishtank,1,0.9991600528321519,1
phishtank,1,0.159518792891372,0
phishtank,1,0.999828509112775,1
tranco_benign_proxy,0,0.0037319556110294266,0
tranco_benign_proxy,0,0.34235061493639674,0
phishtank,1,0.9879301476865688,1
phishtank,1,0.9689626621276702,1
phishtank,1,0.9919230969068064,1
phishtank,1,0.9905763057921443,1
phishtank,1,0.9854431969095859,1
tranco_benign_proxy,0,0.05433730500717023,0
tranco_benign_proxy,0,0.0400292330646897,0
tranco_benign_proxy,0,0.013907193349346631,0
phishtank,1,0.9982963618361332,1
tranco_benign_proxy,0,0.7929571472028677,1
phishtank,1,0.9985537602199649,1
tranco_benign_proxy,0,0.8700072548079711,1
tranco_benign_proxy,0,0.3576601211251883,0
tranco_benign_proxy,0,0.9839304838224016,1
tranco_benign_proxy,0,0.2114790715072113,0
phishtank,1,0.8823495968622329,1
tranco_benign_proxy,0,0.8210334234647497,1
phishtank,1,0.9879495597049557,1
tranco_benign_proxy,0,0.17651599335119303,0
phishtank,1,0.7951084938600039,1
phishtank,1,0.9985023964040225,1
tranco_benign_proxy,0,0.6151691028294058,0
phishtank,1,0.24400977957834732,0
phishtank,1,0.8709186708237827,1
phishtank,1,0.9917085960991764,1
tranco_benign_proxy,0,0.9252505643974847,1
phishtank,1,0.9245150776462404,1
phishtank,1,0.9963810675890417,1
tranco_benign_proxy,0,0.948216705641342,1
phishtank,1,0.9824464753835355,1
phishtank,1,0.9776740259793042,1
phishtank,1,0.9995975163871565,1
tranco_benign_proxy,0,0.5636122890007761,0
tranco_benign_proxy,0,0.8765020956187713,1
tranco_benign_proxy,0,0.35186078160953677,0
phishtank,1,0.7183557349695361,0
phishtank,1,0.1539179466866648,0
tranco_benign_proxy,0,0.23268377720964645,0
phishtank,1,0.9698718204599455,1
phishtank,1,0.9897881299137998,1
tranco_benign_proxy,0,0.048456273112834215,0
tranco_benign_proxy,0,0.7449385630866333,0
tranco_benign_proxy,0,0.5433796890468533,0
phishtank,1,0.9597607705265458,1
tranco_benign_proxy,0,0.536107751122633,0
phishtank,1,0.9975542573569179,1
tranco_benign_proxy,0,0.857183040273334,1
phishtank,1,0.9799352451784322,1
phishtank,1,0.9993771602618223,1
tranco_benign_proxy,0,0.2545248913217882,0
tranco_benign_proxy,0,0.13527870658250105,0
phishtank,1,0.7189985359122781,0
tranco_benign_proxy,0,0.3148597363355307,0
tranco_benign_proxy,0,0.3683451544352947,0
phishtank,1,0.9994662096585522,1
phishtank,1,0.9928509044622479,1
phishtank,1,0.9367847347565469,1
phishtank,1,0.9956470128593838,1
tranco_benign_proxy,0,0.35589395207489366,0
tranco_benign_proxy,0,0.14052935143122722,0
phishtank,1,0.9826621899714262,1
tranco_benign_proxy,0,0.34457645904861856,0
phishtank,1,0.06883613023398778,0
phishtank,1,0.0808091300260782,0
tranco_benign_proxy,0,0.2039938521310955,0
phishtank,1,0.6495202684036395,0
tranco_benign_proxy,0,0.1443194889992298,0
phishtank,1,0.9862799527838376,1
phishtank,1,0.9965968712850113,1
phishtank,1,0.9849316468139937,1
phishtank,1,0.9797990690073451,1
phishtank,1,0.9629250340966371,1
phishtank,1,0.997082617863524,1
phishtank,1,0.997498335051297,1
tranco_benign_proxy,0,0.486903287122778,0
tranco_benign_proxy,0,0.08389732041956904,0
tranco_benign_proxy,0,0.1562912644565806,0
phishtank,1,0.9999920012037542,1
tranco_benign_proxy,0,0.6189800664272629,0
tranco_benign_proxy,0,0.24462540090435458,0
tranco_benign_proxy,0,0.11409291919368339,0
phishtank,1,0.9999473800892952,1
tranco_benign_proxy,0,0.5221732398832426,0
phishtank,1,0.13170769433430773,0
tranco_benign_proxy,0,0.5933919405487781,0
tranco_benign_proxy,0,0.5275804603557597,0
tranco_benign_proxy,0,0.6221846111829769,0
phishtank,1,0.9982978736600286,1
tranco_benign_proxy,0,0.15634577067523278,0
phishtank,1,0.9974203558213791,1
phishtank,1,0.9821246426150719,1
phishtank,1,0.9990755390494844,1
tranco_benign_proxy,0,0.22275663818956734,0
tranco_benign_proxy,0,0.09006258487714347,0
tranco_benign_proxy,0,0.19666411327021072,0
phishtank,1,0.6409633299671724,0
phishtank,1,0.9666604674176191,1
phishtank,1,0.9999696054889468,1
phishtank,1,0.9778577765823028,1
phishtank,1,0.9917154918901903,1
phishtank,1,0.9836559542334534,1
tranco_benign_proxy,0,0.23126179482291556,0
tranco_benign_proxy,0,0.4991417803835614,0
tranco_benign_proxy,0,0.6476483356993998,0
tranco_benign_proxy,0,0.0032074928780396433,0
phishtank,1,0.9995394559803343,1
phishtank,1,0.9991191198322352,1
tranco_benign_proxy,0,0.6825519584207029,0
tranco_benign_proxy,0,0.26890374055165117,0
phishtank,1,0.9882786813092957,1
tranco_benign_proxy,0,0.5031035469716292,0
phishtank,1,0.8851459317310012,1
phishtank,1,0.9344717718526561,1
phishtank,1,0.9770244742775809,1
phishtank,1,0.9985941980738193,1
phishtank,1,0.9994187476479361,1
tranco_benign_proxy,0,0.060874392636961316,0
tranco_benign_proxy,0,0.16976396945721525,0
phishtank,1,0.9963741561959618,1
phishtank,1,0.9858355352574479,1
phishtank,1,0.45707604315896855,0
phishtank,1,0.9999733198906602,1
tranco_benign_proxy,0,0.37188173329065016,0
phishtank,1,0.9778325950335481,1
tranco_benign_proxy,0,0.1273259646146296,0
tranco_benign_proxy,0,0.1428561945333055,0
tranco_benign_proxy,0,0.21951501329705403,0
phishtank,1,0.9597757235235423,1
tranco_benign_proxy,0,0.30985213949959123,0
phishtank,1,0.9990106667835802,1
phishtank,1,0.986388693911119,1
phishtank,1,0.9964239209601111,1
phishtank,1,0.9002712555339646,1
tranco_benign_proxy,0,0.5815742469694193,0
phishtank,1,0.8896490366122621,1
phishtank,1,0.9461847481897867,1
phishtank,1,0.9312410436653041,1
phishtank,1,0.9337877539780659,1
phishtank,1,0.9996403891800908,1
tranco_benign_proxy,0,0.11093882022550239,0
tranco_benign_proxy,0,0.5525878821085595,0
tranco_benign_proxy,0,0.6008689350972201,0
tranco_benign_proxy,0,0.06463945521950996,0
tranco_benign_proxy,0,0.4717881163978423,0
tranco_benign_proxy,0,0.42909985904189246,0
phishtank,1,0.9999005402159418,1
phishtank,1,0.9979535069088338,1
phishtank,1,0.35119556919387945,0
phishtank,1,0.9926154306127875,1
tranco_benign_proxy,0,0.09700427903038121,0
tranco_benign_proxy,0,0.7469220245974951,0
tranco_benign_proxy,0,0.40972879750400615,0
tranco_benign_proxy,0,0.21716676127754364,0
phishtank,1,0.9971381984978377,1
tranco_benign_proxy,0,0.7688880745215444,1
tranco_benign_proxy,0,0.01799837547460623,0
phishtank,1,0.281392804059921,0
tranco_benign_proxy,0,0.3453230393921799,0
phishtank,1,0.9997977495804584,1
phishtank,1,0.9921595631110054,1
phishtank,1,0.9975137864163942,1
phishtank,1,0.8577369266208135,1
tranco_benign_proxy,0,0.9777065800464654,1
phishtank,1,0.9964280581122169,1
phishtank,1,0.9776453326067398,1
phishtank,1,0.9927235261894891,1
tranco_benign_proxy,0,0.026754967195484463,0
tranco_benign_proxy,0,0.37295903607898184,0
tranco_benign_proxy,0,0.1530367342284622,0
tranco_benign_proxy,0,0.843172128253085,1
phishtank,1,0.08666315377328725,0
phishtank,1,0.999994663190148,1
tranco_benign_proxy,0,0.06083739046144548,0
tranco_benign_proxy,0,0.36768814009721335,0
tranco_benign_proxy,0,0.9259372567550451,1
phishtank,1,0.9824194885795476,1
tranco_benign_proxy,0,0.1232793559794027,0
tranco_benign_proxy,0,0.17938433030908213,0
tranco_benign_proxy,0,0.36143079343481155,0
phishtank,1,0.9991025979652819,1
tranco_benign_proxy,0,0.8402865672969783,1
phishtank,1,0.9992876180403074,1
phishtank,1,0.9987603667244264,1
phishtank,1,0.9998930602042131,1
tranco_benign_proxy,0,0.6262931401322336,0
tranco_benign_proxy,0,0.21135301339847237,0
phishtank,1,0.9999623245482114,1
phishtank,1,0.999962787643467,1
tranco_benign_proxy,0,0.11442381518382867,0
tranco_benign_proxy,0,0.01160289035969379,0
phishtank,1,0.8387310977636226,1
phishtank,1,0.9966775809483286,1
tranco_benign_proxy,0,0.47256578850069064,0
phishtank,1,0.9916143555775461,1
tranco_benign_proxy,0,0.15667336227443174,0
phishtank,1,0.7045702403806876,0
phishtank,1,0.330999434366347,0
tranco_benign_proxy,0,0.1514299799869097,0
phishtank,1,0.6436976791738679,0
phishtank,1,0.9692166621912737,1
phishtank,1,0.8513243963550401,1
tranco_benign_proxy,0,0.1992209834687221,0
phishtank,1,0.9955585681149144,1
phishtank,1,0.984314326392233,1
tranco_benign_proxy,0,0.03104537513712375,0
phishtank,1,0.9551010365879015,1
tranco_benign_proxy,0,0.15222143925269288,0
phishtank,1,0.9898536492623661,1
phishtank,1,0.9863430960469748,1
phishtank,1,0.920038622401887,1
phishtank,1,0.9301627789701387,1
phishtank,1,0.5012790276794185,0
tranco_benign_proxy,0,0.8968403245363828,1
phishtank,1,0.8233370852389981,1
tranco_benign_proxy,0,0.4210229576686888,0
phishtank,1,0.2623734482126906,0
phishtank,1,0.9912714909173409,1
phishtank,1,0.9395209874226467,1
tranco_benign_proxy,0,0.11623512052613473,0
tranco_benign_proxy,0,0.14165024641004006,0
tranco_benign_proxy,0,0.3664794753228964,0
tranco_benign_proxy,0,0.6480964014290229,0
phishtank,1,0.9799497872494622,1
phishtank,1,0.9781867692691316,1
phishtank,1,0.9202414205650447,1
phishtank,1,0.30012460649824796,0
tranco_benign_proxy,0,0.16908812264181056,0
tranco_benign_proxy,0,0.31252836430468656,0
tranco_benign_proxy,0,0.14205003219078516,0
phishtank,1,0.9991932447321972,1
tranco_benign_proxy,0,0.11260150437239039,0
phishtank,1,0.8958454850669096,1
tranco_benign_proxy,0,0.08806369331309202,0
tranco_benign_proxy,0,0.40305770255329215,0
phishtank,1,0.9853307894322694,1
phishtank,1,0.9240392879216451,1
phishtank,1,0.9899674721583437,1
tranco_benign_proxy,0,0.19321898340187832,0
tranco_benign_proxy,0,0.07557316575107695,0
tranco_benign_proxy,0,0.20783557204650296,0
phishtank,1,0.9902170998836525,1
phishtank,1,0.9976700346536713,1
phishtank,1,0.9414728428152138,1
tranco_benign_proxy,0,0.6717605565790528,0
tranco_benign_proxy,0,0.5630722832243351,0
tranco_benign_proxy,0,0.7735728883467015,1
phishtank,1,0.550381434785591,0
phishtank,1,0.9845411773609646,1
phishtank,1,0.9594888821746524,1
phishtank,1,0.9558130679309504,1
tranco_benign_proxy,0,0.5276472935667679,0
tranco_benign_proxy,0,0.7888725851595444,1
tranco_benign_proxy,0,0.06748737629696559,0
phishtank,1,0.9897570485793378,1
phishtank,1,0.34280845434704665,0
tranco_benign_proxy,0,0.2037187948230256,0
tranco_benign_proxy,0,0.2222835425161893,0
tranco_benign_proxy,0,0.9792921190184383,1
tranco_benign_proxy,0,0.11281658643015655,0
phishtank,1,0.943180992276627,1
tranco_benign_proxy,0,0.29598156281037846,0
phishtank,1,0.9998800512836588,1
tranco_benign_proxy,0,0.950150516214411,1
phishtank,1,0.9674919469601165,1
phishtank,1,0.9981082308113705,1
tranco_benign_proxy,0,0.6830333873410771,0
tranco_benign_proxy,0,0.053791198780486355,0
tranco_benign_proxy,0,0.13703247512613276,0
tranco_benign_proxy,0,0.7500231947776596,0
phishtank,1,0.8720824605843892,1
tranco_benign_proxy,0,0.876010412966971,1
phishtank,1,0.9998863214971374,1
tranco_benign_proxy,0,0.8449114317546614,1
tranco_benign_proxy,0,0.185545821935914,0
phishtank,1,0.9780368233018609,1
phishtank,1,0.9998994300546036,1
tranco_benign_proxy,0,0.9785881241347125,1
tranco_benign_proxy,0,0.3871555188406319,0
tranco_benign_proxy,0,0.5307115990912741,0
tranco_benign_proxy,0,0.07763618145777319,0
phishtank,1,0.9994443103593648,1
tranco_benign_proxy,0,0.47944397668543914,0
phishtank,1,0.9996471278282648,1
tranco_benign_proxy,0,0.6826026400696676,0
phishtank,1,0.9971820170217067,1
tranco_benign_proxy,0,0.25722155142940395,0
tranco_benign_proxy,0,0.029249836324269095,0
tranco_benign_proxy,0,0.06938643960077058,0
tranco_benign_proxy,0,0.013847595512882258,0
phishtank,1,0.958947015702021,1
tranco_benign_proxy,0,0.09781040057755816,0
phishtank,1,0.9917133523754915,1
phishtank,1,0.9984153986957827,1
phishtank,1,0.9948136309711356,1
tranco_benign_proxy,0,0.3245542825047078,0
phishtank,1,0.9767372395855197,1
tranco_benign_proxy,0,0.14841801280298952,0
phishtank,1,0.2029162508127442,0
tranco_benign_proxy,0,0.4014498626635357,0
tranco_benign_proxy,0,0.16844003331374344,0
tranco_benign_proxy,0,0.04277437613271879,0
phishtank,1,0.908662998233482,1
phishtank,1,0.99025743456049,1
phishtank,1,0.9561535869025749,1
tranco_benign_proxy,0,0.14671420335646618,0
phishtank,1,0.9622434881744213,1
phishtank,1,0.9813353694256866,1
phishtank,1,0.9492897835857841,1
phishtank,1,0.931498681494056,1
tranco_benign_proxy,0,0.7993487855597793,1
phishtank,1,0.5541016468484264,0
tranco_benign_proxy,0,0.16409052790205114,0
tranco_benign_proxy,0,0.07935225954539163,0
tranco_benign_proxy,0,0.09963471466270984,0
phishtank,1,0.9554851360069722,1
tranco_benign_proxy,0,0.806419741989667,1
tranco_benign_proxy,0,0.7792164420273279,1
phishtank,1,0.8079114800160888,1
phishtank,1,0.9974149561867327,1
tranco_benign_proxy,0,0.29648835684956765,0
tranco_benign_proxy,0,0.19807697187522216,0
phishtank,1,0.5022511499475629,0
tranco_benign_proxy,0,0.10294375409345848,0
phishtank,1,0.9992116181387685,1
phishtank,1,0.9998840420462458,1
tranco_benign_proxy,0,0.5927326229869255,0
phishtank,1,0.5281675831522255,0
tranco_benign_proxy,0,0.634391326725824,0
tranco_benign_proxy,0,0.3388721114136213,0
tranco_benign_proxy,0,0.03563613761001725,0
phishtank,1,0.9979750024644884,1
phishtank,1,0.9993638068225488,1
tranco_benign_proxy,0,0.2685676358247595,0
phishtank,1,0.9961992635897386,1
phishtank,1,0.9942964379074416,1
phishtank,1,0.8901192707956856,1
phishtank,1,0.9991646552675212,1
phishtank,1,0.9900036805089092,1
phishtank,1,0.9819927186396976,1
phishtank,1,0.9655943109730892,1
phishtank,1,0.9920560850668224,1
phishtank,1,0.995822451285828,1
phishtank,1,0.952377827760162,1
tranco_benign_proxy,0,0.8251535669029505,1
tranco_benign_proxy,0,0.03707701067282653,0
tranco_benign_proxy,0,0.10196309239537654,0
phishtank,1,0.9963125491149544,1
tranco_benign_proxy,0,0.27487769138337775,0
phishtank,1,0.9986372139168704,1
tranco_benign_proxy,0,0.8985778237649934,1
phishtank,1,0.9696454032439868,1
tranco_benign_proxy,0,0.15156231304032822,0
phishtank,1,0.9817558815022283,1
tranco_benign_proxy,0,0.9683460040643013,1
phishtank,1,0.9967283813931654,1
tranco_benign_proxy,0,0.13355910028535292,0
phishtank,1,0.9356392726407121,1
tranco_benign_proxy,0,0.031571323433223775,0
tranco_benign_proxy,0,0.1266681621286583,0
tranco_benign_proxy,0,0.1887799455988433,0
tranco_benign_proxy,0,0.08599794702241503,0
phishtank,1,0.9926780523013398,1
tranco_benign_proxy,0,0.22611266099608676,0
tranco_benign_proxy,0,0.07119636071265571,0
tranco_benign_proxy,0,0.3595274043760215,0
phishtank,1,0.9999610632140123,1
tranco_benign_proxy,0,0.9976667662971079,1
tranco_benign_proxy,0,0.5756641522815379,0
tranco_benign_proxy,0,0.7321066381205841,0
phishtank,1,0.8347714598808789,1
tranco_benign_proxy,0,0.9422830199692113,1
phishtank,1,0.9977671646953754,1
phishtank,1,0.9960182864745509,1
tranco_benign_proxy,0,0.1632055525072588,0
tranco_benign_proxy,0,0.03313305840264498,0
tranco_benign_proxy,0,0.10143165522963746,0
phishtank,1,0.9999604582221912,1
tranco_benign_proxy,0,0.7313413951757167,0
tranco_benign_proxy,0,0.24892706706402656,0
phishtank,1,0.980123544416416,1
tranco_benign_proxy,0,0.957371523699924,1
tranco_benign_proxy,0,0.8560896009395179,1
phishtank,1,0.9998433749921026,1
phishtank,1,0.9989395943261545,1
tranco_benign_proxy,0,0.5894862690063571,0
tranco_benign_proxy,0,0.8511433361897858,1
phishtank,1,0.9997048125808071,1
phishtank,1,0.9861385458922809,1
tranco_benign_proxy,0,0.2279648736941457,0
tranco_benign_proxy,0,0.9135931172581776,1
tranco_benign_proxy,0,0.42938626984914124,0
phishtank,1,0.9988059449742342,1
phishtank,1,0.9960608558529268,1
tranco_benign_proxy,0,0.9341680379602709,1
tranco_benign_proxy,0,0.9860954432804676,1
phishtank,1,0.9585468999828171,1
phishtank,1,0.987067488889022,1
tranco_benign_proxy,0,0.06616030198557887,0
phishtank,1,0.9991621637870484,1
tranco_benign_proxy,0,0.4620453837807499,0
tranco_benign_proxy,0,0.9866783935637026,1
phishtank,1,0.9997993423778746,1
phishtank,1,0.8325347632674802,1
tranco_benign_proxy,0,0.18547737523333024,0
tranco_benign_proxy,0,0.10533449082511487,0
phishtank,1,0.4481499182821935,0
tranco_benign_proxy,0,0.1540626908627873,0
tranco_benign_proxy,0,0.012102533512275257,0
phishtank,1,0.9820685238057931,1
phishtank,1,0.9992147112595872,1
phishtank,1,0.29795325016149893,0
tranco_benign_proxy,0,0.2699980382104943,0
tranco_benign_proxy,0,0.9125076635455474,1
tranco_benign_proxy,0,0.9526092537054999,1
phishtank,1,0.9874602043121679,1
tranco_benign_proxy,0,0.405081426935524,0
phishtank,1,0.4542878453958205,0
phishtank,1,0.9083581697726614,1
tranco_benign_proxy,0,0.9207354529618476,1
phishtank,1,0.4175299839888727,0
tranco_benign_proxy,0,0.28218089867712004,0
tranco_benign_proxy,0,0.14171248554472016,0
tranco_benign_proxy,0,0.03873264899445671,0
phishtank,1,0.9854935499747693,1
tranco_benign_proxy,0,0.12045039653604217,0
phishtank,1,0.9902582606036482,1
phishtank,1,0.9666004476636432,1
tranco_benign_proxy,0,0.4669933033389249,0
phishtank,1,0.2932261525505357,0
phishtank,1,0.9563294264457161,1
phishtank,1,0.9993530217189102,1
phishtank,1,0.7685602041169394,1
phishtank,1,0.9990178622850295,1
phishtank,1,0.999758426045983,1
phishtank,1,0.9865113086951778,1
phishtank,1,0.9992370068399772,1
tranco_benign_proxy,0,0.30720954186995736,0
phishtank,1,0.9999220650563017,1
tranco_benign_proxy,0,0.5197071722710599,0
phishtank,1,0.9975543592116733,1
tranco_benign_proxy,0,0.4170406240484951,0
phishtank,1,0.9880809124824212,1
phishtank,1,0.7428426869712647,0
tranco_benign_proxy,0,0.028434158496944098,0
phishtank,1,0.47221240908476697,0
tranco_benign_proxy,0,0.891423636421403,1
tranco_benign_proxy,0,0.05416013486243025,0
tranco_benign_proxy,0,0.6635550946713962,0
phishtank,1,0.9720310926845989,1
tranco_benign_proxy,0,0.09037991710929784,0
phishtank,1,0.9609804419268777,1
tranco_benign_proxy,0,0.5257880144309776,0
phishtank,1,0.997702898979265,1
phishtank,1,0.6511771911620241,0
phishtank,1,0.9996364093142253,1
tranco_benign_proxy,0,0.02671070788624087,0
tranco_benign_proxy,0,0.012839416789127672,0
phishtank,1,0.18659423522268162,0
phishtank,1,0.9417729237316207,1
tranco_benign_proxy,0,0.7634188907936091,0
tranco_benign_proxy,0,0.2712833967593982,0
phishtank,1,0.9996749220594883,1
phishtank,1,0.998706983352531,1
phishtank,1,0.3032248201083536,0
phishtank,1,0.9992073930972374,1
phishtank,1,0.9999869848048667,1
phishtank,1,0.6852052901356676,0
tranco_benign_proxy,0,0.24864700934387965,0
tranco_benign_proxy,0,0.19749627915983353,0
phishtank,1,0.9994536405684242,1
tranco_benign_proxy,0,0.36513295402746215,0
tranco_benign_proxy,0,0.2792109612051976,0
phishtank,1,0.998470839038831,1
phishtank,1,0.9764840004206071,1
tranco_benign_proxy,0,0.08108644735335017,0
tranco_benign_proxy,0,0.750368029658521,0
tranco_benign_proxy,0,0.9205669648252323,1
tranco_benign_proxy,0,0.9609463140412401,1
phishtank,1,0.9000434513681924,1
tranco_benign_proxy,0,0.04182544746705544,0
phishtank,1,0.9774171410859274,1
tranco_benign_proxy,0,0.4422733982036803,0
phishtank,1,0.9999189839650098,1
phishtank,1,0.9999127268425598,1
phishtank,1,0.9968984500620338,1
phishtank,1,0.9976859624621677,1
phishtank,1,0.9439666457961077,1
phishtank,1,0.10061597580941704,0
phishtank,1,0.8275385639890083,1
phishtank,1,0.9958351210260897,1
phishtank,1,0.9997474111766932,1
phishtank,1,0.9487370500636566,1
tranco_benign_proxy,0,0.019633809908497755,0
tranco_benign_proxy,0,0.0742557269430992,0
tranco_benign_proxy,0,0.6418388105049144,0
phishtank,1,0.9824783448999485,1
tranco_benign_proxy,0,0.10834707804198819,0
tranco_benign_proxy,0,0.00847655203100456,0
phishtank,1,0.9992833869845558,1
phishtank,1,0.999540894842786,1
phishtank,1,0.9995254176090621,1
phishtank,1,0.4223714697790436,0
tranco_benign_proxy,0,0.04003564562777123,0
tranco_benign_proxy,0,0.8249579283721918,1
phishtank,1,0.9953852115764632,1
phishtank,1,0.9936900368701708,1
phishtank,1,0.9907689743918041,1
phishtank,1,0.9951282544009012,1
tranco_benign_proxy,0,0.20585404580729671,0
tranco_benign_proxy,0,0.1450101783171947,0
tranco_benign_proxy,0,0.08179354394957081,0
tranco_benign_proxy,0,0.20726344680361886,0
phishtank,1,0.9760762842305745,1
tranco_benign_proxy,0,0.16080319508698251,0
phishtank,1,0.5845490865308384,0
tranco_benign_proxy,0,0.6724356373277229,0
phishtank,1,0.8397402368507704,1
phishtank,1,0.9445107690151919,1
tranco_benign_proxy,0,0.16166755776073113,0
phishtank,1,0.986588088091268,1
phishtank,1,0.9997704659646898,1
phishtank,1,0.08439547527305757,0
tranco_benign_proxy,0,0.37982575579901234,0
phishtank,1,0.9705104989395046,1
tranco_benign_proxy,0,0.8513210577576152,1
tranco_benign_proxy,0,0.36437394017768054,0
phishtank,1,0.9994003335186923,1
tranco_benign_proxy,0,0.45239273086202986,0
phishtank,1,0.9949771904030889,1
tranco_benign_proxy,0,0.0625772651363186,0
tranco_benign_proxy,0,0.20921691804405423,0
tranco_benign_proxy,0,0.45394016634632234,0
phishtank,1,0.8410927639194085,1
tranco_benign_proxy,0,0.22668922727274113,0
tranco_benign_proxy,0,0.002735755179983751,0
phishtank,1,0.997092826795383,1
phishtank,1,0.9959329681175855,1
phishtank,1,0.4252945971595014,0
tranco_benign_proxy,0,0.7993558305794528,1
phishtank,1,0.9955092705419011,1
tranco_benign_proxy,0,0.4250217216973831,0
phishtank,1,0.9836256258972973,1
tranco_benign_proxy,0,0.059704538337192935,0
phishtank,1,0.950840748664049,1
tranco_benign_proxy,0,0.10188819746459903,0
phishtank,1,0.7408366967190776,0
tranco_benign_proxy,0,0.3075094982731956,0
phishtank,1,0.8225187766162354,1
tranco_benign_proxy,0,0.2250740253236529,0
phishtank,1,0.9089969742456717,1
tranco_benign_proxy,0,0.181310576122777,0
phishtank,1,0.992624979989132,1
phishtank,1,0.7720708772206052,1
tranco_benign_proxy,0,0.49824578503171196,0
phishtank,1,0.97125253777434,1
phishtank,1,0.9999306294914067,1
tranco_benign_proxy,0,0.3117376587145949,0
tranco_benign_proxy,0,0.10787827227337578,0
tranco_benign_proxy,0,0.5395288600078716,0
phishtank,1,0.9958917690545454,1
tranco_benign_proxy,0,0.48624783418843215,0
phishtank,1,0.999431902310165,1
phishtank,1,0.8523887014971142,1
tranco_benign_proxy,0,0.9809891653491429,1
phishtank,1,0.03599648468734355,0
phishtank,1,0.9996391666167546,1
tranco_benign_proxy,0,0.23341314263088558,0
phishtank,1,0.9740981009412131,1
phishtank,1,0.9999445193745645,1
phishtank,1,0.9977695519860629,1
tranco_benign_proxy,0,0.20624467452234185,0
phishtank,1,0.14590501116633284,0
phishtank,1,0.31624558189065666,0
tranco_benign_proxy,0,0.3694909399367057,0
phishtank,1,0.9987971793470327,1
phishtank,1,0.9962194208465043,1
phishtank,1,0.9995259928929362,1
tranco_benign_proxy,0,0.8125115625235917,1
tranco_benign_proxy,0,0.03342042381057593,0
phishtank,1,0.9597436431418456,1
tranco_benign_proxy,0,0.7479185323185535,0
phishtank,1,0.14219151544574396,0
tranco_benign_proxy,0,0.01650632261812666,0
tranco_benign_proxy,0,0.46981192581910725,0
phishtank,1,0.9947060852782857,1
tranco_benign_proxy,0,0.014436277895034027,0
tranco_benign_proxy,0,0.1084755527919911,0
phishtank,1,0.997695737596263,1
phishtank,1,0.9964687493619526,1
phishtank,1,0.8362978095081433,1
tranco_benign_proxy,0,0.5398956932394366,0
phishtank,1,0.9932853441858643,1
phishtank,1,0.9999703413092428,1
phishtank,1,0.9822874670214292,1
phishtank,1,0.16340840337184473,0
phishtank,1,0.9922179684813042,1
tranco_benign_proxy,0,0.38674995265729756,0
phishtank,1,0.998302600167086,1
tranco_benign_proxy,0,0.013488688972487667,0
phishtank,1,0.9429557195810585,1
phishtank,1,0.9995564435510035,1
tranco_benign_proxy,0,0.09982149881403578,0
phishtank,1,0.9477669514834561,1
tranco_benign_proxy,0,0.9884356482024096,1
tranco_benign_proxy,0,0.42740478283365957,0
phishtank,1,0.996979417702014,1
tranco_benign_proxy,0,0.13047205422829644,0
phishtank,1,0.5901598403111268,0
tranco_benign_proxy,0,0.9584353903649446,1
tranco_benign_proxy,0,0.13318936844243537,0
phishtank,1,0.9999136659845448,1
phishtank,1,0.9948728719759462,1
phishtank,1,0.9999781215164117,1
tranco_benign_proxy,0,0.19986705600008245,0
tranco_benign_proxy,0,0.7816232667245887,1
tranco_benign_proxy,0,0.5906472346683872,0
tranco_benign_proxy,0,0.4201452374488231,0
tranco_benign_proxy,0,0.3442640033484994,0
tranco_benign_proxy,0,0.8283309585397285,1
phishtank,1,0.6825563655111279,0
phishtank,1,0.9955628113344531,1
phishtank,1,0.9992675174605116,1
phishtank,1,0.8105474926097896,1
tranco_benign_proxy,0,0.0687909555782231,0
phishtank,1,0.4607675488731842,0
phishtank,1,0.9994387606179368,1
tranco_benign_proxy,0,0.11834597833352058,0
phishtank,1,0.1049685304279309,0
phishtank,1,0.9995277442458873,1
phishtank,1,0.6007811325019423,0
phishtank,1,0.9410475012329665,1
phishtank,1,0.6662155506795018,0
tranco_benign_proxy,0,0.22696139353233424,0
tranco_benign_proxy,0,0.02599403164613638,0
tranco_benign_proxy,0,0.29484920885262317,0
tranco_benign_proxy,0,0.26819490206003066,0
tranco_benign_proxy,0,0.03503539523346031,0
tranco_benign_proxy,0,0.2746913629376983,0
tranco_benign_proxy,0,0.8626813697242345,1
tranco_benign_proxy,0,0.9440014858307202,1
phishtank,1,0.9999327021923906,1
phishtank,1,0.7486174039224749,0
phishtank,1,0.9975215744333219,1
tranco_benign_proxy,0,0.08429249917698908,0
tranco_benign_proxy,0,0.41030297977577984,0
tranco_benign_proxy,0,0.16995746767942438,0
tranco_benign_proxy,0,0.192556494872876,0
tranco_benign_proxy,0,0.09961584960808881,0
phishtank,1,0.9571026516406,1
tranco_benign_proxy,0,0.776276562795557,1
phishtank,1,0.9978457708598166,1
tranco_benign_proxy,0,0.7552696941136064,0
tranco_benign_proxy,0,0.6827326690593964,0
phishtank,1,0.9814544246061162,1
tranco_benign_proxy,0,0.3730844594958805,0
phishtank,1,0.9788369073646443,1
phishtank,1,0.9473082837878214,1
tranco_benign_proxy,0,0.02931249654603023,0
tranco_benign_proxy,0,0.9774235604177226,1
phishtank,1,0.16231086804721376,0
tranco_benign_proxy,0,0.9572587521590133,1
phishtank,1,0.36640268651604946,0
phishtank,1,0.997610920550611,1
phishtank,1,0.9987268714176554,1
phishtank,1,0.9999106698653625,1
tranco_benign_proxy,0,0.6931174786733317,0
tranco_benign_proxy,0,0.10973983408382446,0
phishtank,1,0.9999295111505743,1
tranco_benign_proxy,0,0.8851250915777664,1
phishtank,1,0.983254790933899,1
tranco_benign_proxy,0,0.1123064595396797,0
tranco_benign_proxy,0,0.05675957269250645,0
tranco_benign_proxy,0,0.25160799110675297,0
phishtank,1,0.9979036052165118,1
tranco_benign_proxy,0,0.8130001272970524,1
tranco_benign_proxy,0,0.8189410936207889,1
tranco_benign_proxy,0,0.19701785004505767,0
phishtank,1,0.9996146605076193,1
tranco_benign_proxy,0,0.7580476297442341,0
phishtank,1,0.9767151018875797,1
tranco_benign_proxy,0,0.010142496238922579,0
phishtank,1,0.9662720412909191,1
phishtank,1,0.9907226672512425,1
tranco_benign_proxy,0,0.8479258364510656,1
phishtank,1,0.999878477428784,1
phishtank,1,0.9948035007427407,1
phishtank,1,0.971739427610856,1
phishtank,1,0.9999881375237686,1
tranco_benign_proxy,0,0.035650754338120316,0
tranco_benign_proxy,0,0.2362896712984454,0
phishtank,1,0.9999224140647098,1
tranco_benign_proxy,0,0.050162609097911814,0
tranco_benign_proxy,0,0.11290527000423436,0
tranco_benign_proxy,0,0.31392610834875173,0
tranco_benign_proxy,0,0.3844458572140543,0
tranco_benign_proxy,0,0.184648489525977,0
phishtank,1,0.9989713701935397,1
tranco_benign_proxy,0,0.08282316129800824,0
phishtank,1,0.959845367383351,1
phishtank,1,0.9999859530038777,1
phishtank,1,0.945212439935709,1
tranco_benign_proxy,0,0.3432642805934772,0
tranco_benign_proxy,0,0.5457980505117249,0
phishtank,1,0.9999219913363763,1
phishtank,1,0.16635298862863365,0
phishtank,1,0.9999948055530627,1
phishtank,1,0.9974002715413662,1
phishtank,1,0.9286468133837115,1
phishtank,1,0.9922470119013712,1
tranco_benign_proxy,0,0.9258967045493466,1
tranco_benign_proxy,0,0.29418812386569115,0
tranco_benign_proxy,0,0.3537995536521495,0
tranco_benign_proxy,0,0.9890004018033256,1
phishtank,1,0.995967743083577,1
phishtank,1,0.9942952701517949,1
tranco_benign_proxy,0,0.8896294360705479,1
tranco_benign_proxy,0,0.7966226928958235,1
phishtank,1,0.9999847226030645,1
phishtank,1,0.9986888261985797,1
phishtank,1,0.9998151374559954,1
phishtank,1,0.984517363880906,1
tranco_benign_proxy,0,0.5092132270004828,0
phishtank,1,0.9897429905032777,1
phishtank,1,0.9806848088771974,1
phishtank,1,0.9823185086220025,1
tranco_benign_proxy,0,0.9208568714890143,1
tranco_benign_proxy,0,0.35719872237170214,0
phishtank,1,0.9997917714418595,1
tranco_benign_proxy,0,0.16455776618348839,0
tranco_benign_proxy,0,0.2872605444270654,0
phishtank,1,0.9993260837126159,1
phishtank,1,0.988804454634328,1
phishtank,1,0.9192417930737492,1
tranco_benign_proxy,0,0.5036990673701394,0
tranco_benign_proxy,0,0.026028704231175908,0
phishtank,1,0.99894218796207,1
tranco_benign_proxy,0,0.04094514007101512,0
tranco_benign_proxy,0,0.3969641846594906,0
phishtank,1,0.9377546679189919,1
phishtank,1,0.9997877958622815,1
phishtank,1,0.296562627989458,0
phishtank,1,0.9986967753762188,1
tranco_benign_proxy,0,0.11064348435144726,0
tranco_benign_proxy,0,0.9171587678653513,1
phishtank,1,0.9973998243740384,1
phishtank,1,0.7783345323224176,1
tranco_benign_proxy,0,0.5889172718667154,0
tranco_benign_proxy,0,0.9284936614285073,1
tranco_benign_proxy,0,0.37617754203687886,0
tranco_benign_proxy,0,0.4481839699506596,0
phishtank,1,0.15928369685922486,0
phishtank,1,0.9825900214078211,1
tranco_benign_proxy,0,0.9389259027422164,1
phishtank,1,0.9875850759471606,1
phishtank,1,0.9749994004442238,1
tranco_benign_proxy,0,0.2693699313061216,0
tranco_benign_proxy,0,0.5180514013420654,0
phishtank,1,0.9996114882438458,1
tranco_benign_proxy,0,0.08535880483939245,0
phishtank,1,0.40833603229152327,0
tranco_benign_proxy,0,0.2558177220019713,0
phishtank,1,0.982286080210591,1
tranco_benign_proxy,0,0.0783560396778402,0
tranco_benign_proxy,0,0.9138286134657393,1
tranco_benign_proxy,0,0.7488275273493897,0
phishtank,1,0.6663083665809886,0
phishtank,1,0.9565337274504795,1
tranco_benign_proxy,0,0.19065467914184836,0
phishtank,1,0.995623119077731,1
tranco_benign_proxy,0,0.15170373455813232,0
tranco_benign_proxy,0,0.02902416670225686,0
tranco_benign_proxy,0,0.6038985716899272,0
tranco_benign_proxy,0,0.7462478042532357,0
phishtank,1,0.9984078429912565,1
phishtank,1,0.9996377011023029,1
tranco_benign_proxy,0,0.811246826255936,1
tranco_benign_proxy,0,0.0021478056114547185,0
tranco_benign_proxy,0,0.991359237598854,1
tranco_benign_proxy,0,0.04699609471230138,0
tranco_benign_proxy,0,0.15193513672369233,0
tranco_benign_proxy,0,0.2479883535654011,0
tranco_benign_proxy,0,0.9216162756373336,1
tranco_benign_proxy,0,0.3686164890671095,0
tranco_benign_proxy,0,0.038687282953594325,0
tranco_benign_proxy,0,0.002238887370380695,0
tranco_benign_proxy,0,0.033432404764289644,0
phishtank,1,0.9916289963855369,1
tranco_benign_proxy,0,0.20252225724525683,0
phishtank,1,0.194859432754745,0
phishtank,1,0.8009877049144298,1
tranco_benign_proxy,0,0.566303790862552,0
tranco_benign_proxy,0,0.5644199741378525,0
tranco_benign_proxy,0,0.4481517620460644,0
tranco_benign_proxy,0,0.19386991624475955,0
phishtank,1,0.9241679976611297,1
phishtank,1,0.9994051625490041,1
phishtank,1,0.9983579616035511,1
phishtank,1,0.1937963878050197,0
tranco_benign_proxy,0,0.9857816633021377,1
tranco_benign_proxy,0,0.03216524981424743,0
tranco_benign_proxy,0,0.3286008923447273,0
phishtank,1,0.9929768398948049,1
tranco_benign_proxy,0,0.3124989400516997,0
phishtank,1,0.9947074904709114,1
tranco_benign_proxy,0,0.08854074073591511,0
tranco_benign_proxy,0,0.14582583227496082,0
tranco_benign_proxy,0,0.80151112889208,1
tranco_benign_proxy,0,0.6536197011473643,0
tranco_benign_proxy,0,0.11818806480555204,0
tranco_benign_proxy,0,0.4858803706408553,0
phishtank,1,0.5945855906278149,0
tranco_benign_proxy,0,0.8770146756491951,1
tranco_benign_proxy,0,0.2595203805330269,0
phishtank,1,0.9574902519109697,1
phishtank,1,0.6584071772374364,0
tranco_benign_proxy,0,0.47323035157173426,0
phishtank,1,0.9990451843465837,1
tranco_benign_proxy,0,0.1870001408996677,0
tranco_benign_proxy,0,0.6949262267813021,0
phishtank,1,0.025693933497842054,0
tranco_benign_proxy,0,0.9303583580669379,1
tranco_benign_proxy,0,0.0343054793010107,0
tranco_benign_proxy,0,0.01562115177374128,0
tranco_benign_proxy,0,0.9550491893501684,1
tranco_benign_proxy,0,0.19427083744369816,0
phishtank,1,0.8102481513828232,1
tranco_benign_proxy,0,0.18183597435041277,0
phishtank,1,0.9978303485316385,1
phishtank,1,0.7614754821906576,0
phishtank,1,0.6991065930829485,0
phishtank,1,0.9995830628183151,1
tranco_benign_proxy,0,0.8523484805213422,1
tranco_benign_proxy,0,0.9441625730715391,1
tranco_benign_proxy,0,0.48322383199041824,0
phishtank,1,0.947534745659464,1
tranco_benign_proxy,0,0.15388503875957582,0
tranco_benign_proxy,0,0.5012188548267579,0
tranco_benign_proxy,0,0.24745640968777213,0
tranco_benign_proxy,0,0.4581952914000983,0
tranco_benign_proxy,0,0.09797383803974159,0
tranco_benign_proxy,0,0.22129720346064422,0
tranco_benign_proxy,0,0.9832202386055473,1
phishtank,1,0.9984258358050238,1
phishtank,1,0.9838833575141598,1
phishtank,1,0.11167143061306158,0
tranco_benign_proxy,0,0.5156017548398276,0
tranco_benign_proxy,0,0.22818884695772715,0
phishtank,1,0.15817674704424045,0
tranco_benign_proxy,0,0.26011440536688374,0
phishtank,1,0.9985572955337199,1
tranco_benign_proxy,0,0.5921880681356713,0
phishtank,1,0.28428037275881335,0
tranco_benign_proxy,0,0.7750045957016741,1
tranco_benign_proxy,0,0.7186115893231309,0
phishtank,1,0.9783743856373885,1
tranco_benign_proxy,0,0.6435448951989331,0
tranco_benign_proxy,0,0.3523926473829316,0
tranco_benign_proxy,0,0.012126991788438186,0
phishtank,1,0.997002682889792,1
phishtank,1,0.9999913627495358,1
phishtank,1,0.9974781250967625,1
phishtank,1,0.9951738803586347,1
tranco_benign_proxy,0,0.4595956616937438,0
phishtank,1,0.9998521247511163,1
tranco_benign_proxy,0,0.9804978161550314,1
phishtank,1,0.9999520946039077,1
tranco_benign_proxy,0,0.26184095642066985,0
phishtank,1,0.986353945975298,1
tranco_benign_proxy,0,0.4281882675212504,0
phishtank,1,0.37239079872546504,0
phishtank,1,0.9594488327425829,1
phishtank,1,0.9855564722999872,1
tranco_benign_proxy,0,0.21501272157747364,0
tranco_benign_proxy,0,0.41792967202540376,0
tranco_benign_proxy,0,0.25689383173017033,0
tranco_benign_proxy,0,0.344885288244115,0
tranco_benign_proxy,0,0.05213638286209446,0
tranco_benign_proxy,0,0.5282973796766899,0
phishtank,1,0.4901990320604217,0
tranco_benign_proxy,0,0.17408484955862905,0
phishtank,1,0.9887789020705187,1
tranco_benign_proxy,0,0.6478613020892292,0
tranco_benign_proxy,0,0.02025721151724172,0
tranco_benign_proxy,0,0.4932464408188145,0
phishtank,1,0.9988495359926728,1
phishtank,1,0.9918384974078328,1
phishtank,1,0.9886316561999925,1
phishtank,1,0.9954814043808669,1
phishtank,1,0.9948123935385413,1
phishtank,1,0.9996701430477487,1
phishtank,1,0.5940015874908725,0
phishtank,1,0.9602917911218694,1
phishtank,1,0.6228915926523516,0
tranco_benign_proxy,0,0.7649739840940456,0
phishtank,1,0.9981985213759459,1
tranco_benign_proxy,0,0.0785330507335646,0
phishtank,1,0.9816651278891407,1
phishtank,1,0.9996284300525939,1
tranco_benign_proxy,0,0.9178583180606157,1
tranco_benign_proxy,0,0.02038319830577002,0
tranco_benign_proxy,0,0.22696221699017902,0
tranco_benign_proxy,0,0.9346803250915419,1
tranco_benign_proxy,0,0.23479756801410967,0
tranco_benign_proxy,0,0.8559086224327835,1
tranco_benign_proxy,0,0.16007410202008418,0
tranco_benign_proxy,0,0.21979574254748535,0
phishtank,1,0.9876429685938996,1
tranco_benign_proxy,0,0.08358047424261772,0
tranco_benign_proxy,0,0.6208551954671327,0
phishtank,1,0.9977936980027432,1
tranco_benign_proxy,0,0.6922843689617848,0
phishtank,1,0.9982272031001224,1
phishtank,1,0.9918976632496097,1
tranco_benign_proxy,0,0.30295644212400785,0
phishtank,1,0.6980626803919602,0
phishtank,1,0.48189498404699727,0
phishtank,1,0.9996720531622451,1
tranco_benign_proxy,0,0.42668537879632334,0
tranco_benign_proxy,0,0.2733445607709105,0
phishtank,1,0.9531882854121272,1
phishtank,1,0.9985508433532231,1
phishtank,1,0.21121470237677892,0
phishtank,1,0.9995005539503999,1
tranco_benign_proxy,0,0.024487144642517344,0
tranco_benign_proxy,0,0.6916050734848762,0
phishtank,1,0.9977073773435399,1
tranco_benign_proxy,0,0.003682788583485772,0
phishtank,1,0.14377611812932223,0
phishtank,1,0.9893206204172623,1
tranco_benign_proxy,0,0.021141941754485097,0
phishtank,1,0.9448120402615895,1
tranco_benign_proxy,0,0.27037511059669883,0
phishtank,1,0.9987262546806722,1
phishtank,1,0.9989593772375532,1
tranco_benign_proxy,0,0.07044716651485322,0
phishtank,1,0.9988053931213707,1
tranco_benign_proxy,0,0.27265507028595387,0
tranco_benign_proxy,0,0.24697089189706484,0
phishtank,1,0.9732486140174433,1
phishtank,1,0.5634172326900323,0
phishtank,1,0.6817175420620523,0
phishtank,1,0.9988620830981472,1
tranco_benign_proxy,0,0.025153394777840482,0
phishtank,1,0.9989588892191672,1
phishtank,1,0.9940458782195944,1
phishtank,1,0.41037485971815457,0
tranco_benign_proxy,0,0.13480531749089644,0
phishtank,1,0.999917693557262,1
tranco_benign_proxy,0,0.9790656901724173,1
tranco_benign_proxy,0,0.06830221450245512,0
tranco_benign_proxy,0,0.5252828645904932,0
tranco_benign_proxy,0,0.9901547268805425,1
phishtank,1,0.989008572209153,1
phishtank,1,0.8106332082422125,1
phishtank,1,0.9995754213859499,1
phishtank,1,0.9836743289889635,1
phishtank,1,0.9952942749188389,1
tranco_benign_proxy,0,0.36204912809256473,0
phishtank,1,0.9894236971850467,1
phishtank,1,0.9310943971737532,1
phishtank,1,0.45066967771487726,0
phishtank,1,0.9483608340608342,1
phishtank,1,0.3074129251460624,0
tranco_benign_proxy,0,0.8036210459595234,1
phishtank,1,0.9980164979912554,1
tranco_benign_proxy,0,0.9828213157630648,1
phishtank,1,0.3464671999780179,0
tranco_benign_proxy,0,0.3032220152139589,0
tranco_benign_proxy,0,0.33820162990801705,0
phishtank,1,0.9934657540627794,1
tranco_benign_proxy,0,0.976514233175612,1
phishtank,1,0.867495826561075,1
phishtank,1,0.41194487667416396,0
tranco_benign_proxy,0,0.03551602768666321,0
phishtank,1,0.9995994368275081,1
tranco_benign_proxy,0,0.6093243627397519,0
tranco_benign_proxy,0,0.12741066950151378,0
tranco_benign_proxy,0,0.31195143830603733,0
tranco_benign_proxy,0,0.6156055182184182,0
tranco_benign_proxy,0,0.004130609877890771,0
tranco_benign_proxy,0,0.28672527434034883,0
phishtank,1,0.9967152835260874,1
tranco_benign_proxy,0,0.2922373602613534,0
phishtank,1,0.5853657115778959,0
phishtank,1,0.9896999114660853,1
phishtank,1,0.9985858226323988,1
tranco_benign_proxy,0,0.4715040632428133,0
phishtank,1,0.9957346057065931,1
phishtank,1,0.3563329356458667,0
phishtank,1,0.9982655893441241,1
tranco_benign_proxy,0,0.288177424666456,0
phishtank,1,0.9831394551579793,1
tranco_benign_proxy,0,0.13328287499881378,0
phishtank,1,0.9920515007566455,1
tranco_benign_proxy,0,0.3483967913339824,0
tranco_benign_proxy,0,0.35226625355624985,0
tranco_benign_proxy,0,0.3216055250231479,0
tranco_benign_proxy,0,0.13088753925307262,0
phishtank,1,0.71680298003467,0
tranco_benign_proxy,0,0.02942206912115499,0
phishtank,1,0.9977709795890888,1
phishtank,1,0.9606380333275477,1
tranco_benign_proxy,0,0.8280445830351055,1
phishtank,1,0.06355589878857504,0
phishtank,1,0.9998049968756445,1
tranco_benign_proxy,0,0.09124335160276739,0
phishtank,1,0.9999529903711339,1
tranco_benign_proxy,0,0.1503549171395262,0
tranco_benign_proxy,0,0.22717051805289595,0
phishtank,1,0.9813717572103731,1
tranco_benign_proxy,0,0.08690391821304003,0
tranco_benign_proxy,0,0.05934222701935522,0
phishtank,1,0.44422380922593846,0
tranco_benign_proxy,0,0.13548124948080223,0
phishtank,1,0.9999103392781271,1
phishtank,1,0.3019391009063388,0
phishtank,1,0.767399265016984,0
tranco_benign_proxy,0,0.2888781556991744,0
phishtank,1,0.9996667845860103,1
tranco_benign_proxy,0,0.09474119324134629,0
tranco_benign_proxy,0,0.009052054798609958,0
phishtank,1,0.9999121321093855,1
phishtank,1,0.8025977005215028,1
tranco_benign_proxy,0,0.6938382098123178,0
phishtank,1,0.9785901133414158,1
phishtank,1,0.9974354289246642,1
tranco_benign_proxy,0,0.02014633997894941,0
tranco_benign_proxy,0,0.8663270405684196,1
tranco_benign_proxy,0,0.5057150664097257,0
tranco_benign_proxy,0,0.8549459999258194,1
tranco_benign_proxy,0,0.5513558823704905,0
tranco_benign_proxy,0,0.9855110528110979,1
phishtank,1,0.9961045419764105,1
phishtank,1,0.9984542681713321,1
phishtank,1,0.9988667238275819,1
tranco_benign_proxy,0,0.1279864558899093,0
phishtank,1,0.9978197070222522,1
tranco_benign_proxy,0,0.015494878106132605,0
phishtank,1,0.9622018919286146,1
tranco_benign_proxy,0,0.4644284119060225,0
phishtank,1,0.9086446272551955,1
tranco_benign_proxy,0,0.055018151740585226,0
tranco_benign_proxy,0,0.4219299378353799,0
phishtank,1,0.9829539203266531,1
phishtank,1,0.9717174464953746,1
tranco_benign_proxy,0,0.6232679639759805,0
tranco_benign_proxy,0,0.23438159415303148,0
phishtank,1,0.9255273210372249,1
phishtank,1,0.038912370584755995,0
phishtank,1,0.6167670505072931,0
phishtank,1,0.9483778944917126,1
tranco_benign_proxy,0,0.07278867965616942,0
tranco_benign_proxy,0,0.24869212746844777,0
tranco_benign_proxy,0,0.6764282193699692,0
tranco_benign_proxy,0,0.06692074760080287,0
phishtank,1,0.5333237656461363,0
phishtank,1,0.8856772018244391,1
phishtank,1,0.98929925874773,1
tranco_benign_proxy,0,0.3069026100900096,0
tranco_benign_proxy,0,0.18930395264210242,0
phishtank,1,0.9895833107518642,1
phishtank,1,0.8325360262650547,1
tranco_benign_proxy,0,0.9693196030850447,1
tranco_benign_proxy,0,0.016231131547600204,0
phishtank,1,0.9823231118707642,1
tranco_benign_proxy,0,0.27461787382453606,0
tranco_benign_proxy,0,0.9643751199537862,1
phishtank,1,0.9998432873518448,1
tranco_benign_proxy,0,0.3954323944930875,0
tranco_benign_proxy,0,0.22959496312487324,0
tranco_benign_proxy,0,0.11677025031428147,0
phishtank,1,0.805342847848236,1
tranco_benign_proxy,0,0.047126604493729955,0
phishtank,1,0.9958656031832429,1
phishtank,1,0.9485871983364808,1
phishtank,1,0.995573712440053,1
phishtank,1,0.9895291782641844,1
phishtank,1,0.9970279316962458,1
phishtank,1,0.995479739440143,1
tranco_benign_proxy,0,0.07178917359446946,0
phishtank,1,0.9596788407332566,1
phishtank,1,0.9978492935987266,1
phishtank,1,0.9566462526403822,1
tranco_benign_proxy,0,0.33841285935446125,0
phishtank,1,0.9987695456653582,1
tranco_benign_proxy,0,0.034783505089269,0
tranco_benign_proxy,0,0.1721779183119452,0
tranco_benign_proxy,0,0.946396403843535,1
phishtank,1,0.9993402633598168,1
phishtank,1,0.999975316823399,1
tranco_benign_proxy,0,0.1807977747914001,0
tranco_benign_proxy,0,0.3265760517491328,0
tranco_benign_proxy,0,0.41279923746811475,0
phishtank,1,0.9956686625912989,1
tranco_benign_proxy,0,0.24982970606412988,0
phishtank,1,0.9854086195818776,1
phishtank,1,0.9989143287383521,1
tranco_benign_proxy,0,0.8324826221000795,1
tranco_benign_proxy,0,0.7450094902808524,0
phishtank,1,0.9871628122811588,1
phishtank,1,0.9965012230193419,1
tranco_benign_proxy,0,0.25651059425175954,0
phishtank,1,0.9993236885417937,1
phishtank,1,0.98347536785589,1
tranco_benign_proxy,0,0.14869440141242288,0
phishtank,1,0.9152745118463532,1
phishtank,1,0.9964685837795029,1
tranco_benign_proxy,0,0.13951523283830747,0
tranco_benign_proxy,0,0.2106307462875139,0
tranco_benign_proxy,0,0.40564241442814086,0
tranco_benign_proxy,0,0.4315169375131637,0
tranco_benign_proxy,0,0.9176597505807517,1
tranco_benign_proxy,0,0.01925346562072753,0
phishtank,1,0.9977517890673131,1
tranco_benign_proxy,0,0.7754909369750282,1
tranco_benign_proxy,0,0.8455664843549886,1
tranco_benign_proxy,0,0.21315826319868605,0
tranco_benign_proxy,0,0.7817572254342642,1
phishtank,1,0.9940226326774536,1
phishtank,1,0.9915013873187887,1
phishtank,1,0.26953545432092685,0
phishtank,1,0.998347059905931,1
phishtank,1,0.997933878791817,1
tranco_benign_proxy,0,0.16258063500918465,0
phishtank,1,0.9847417894696436,1
phishtank,1,0.9212590999746859,1
tranco_benign_proxy,0,0.10940066799633795,0
phishtank,1,0.9904467062326884,1
tranco_benign_proxy,0,0.16947593765740823,0
phishtank,1,0.4807504516438239,0
tranco_benign_proxy,0,0.2521953128330041,0
tranco_benign_proxy,0,0.9250940794555716,1
tranco_benign_proxy,0,0.8225068754631945,1
phishtank,1,0.9600008442234182,1
tranco_benign_proxy,0,0.11183380364424834,0
tranco_benign_proxy,0,0.2316738398608457,0
phishtank,1,0.999338389179607,1
tranco_benign_proxy,0,0.29903795879796247,0
phishtank,1,0.9984485818872135,1
tranco_benign_proxy,0,0.3937682390282916,0
phishtank,1,0.9882465905220184,1
tranco_benign_proxy,0,0.5847228781421503,0
phishtank,1,0.9997764784286393,1
tranco_benign_proxy,0,0.15773321032924043,0
phishtank,1,0.31454068105298044,0
tranco_benign_proxy,0,0.47250979903608986,0
phishtank,1,0.9999327561450444,1
phishtank,1,0.939156530071098,1
phishtank,1,0.9987960586005658,1
phishtank,1,0.03400397879145577,0
phishtank,1,0.9852650278190789,1
tranco_benign_proxy,0,0.7365609507283899,0
phishtank,1,0.999191094058531,1
phishtank,1,0.982125179838321,1
tranco_benign_proxy,0,0.8558984919088751,1
phishtank,1,0.9896790341234828,1
tranco_benign_proxy,0,0.4220472237533217,0
phishtank,1,0.23886044447790183,0
phishtank,1,0.9990985827434347,1
tranco_benign_proxy,0,0.13542039031970168,0
phishtank,1,0.7664153535800426,0
phishtank,1,0.9997732793653215,1
tranco_benign_proxy,0,0.3756732181875401,0
phishtank,1,0.9744214255327234,1
phishtank,1,0.8611170107021906,1
phishtank,1,0.8790474833669819,1
phishtank,1,0.9880773562431127,1
phishtank,1,0.9996541182149322,1
phishtank,1,0.9925046086346557,1
tranco_benign_proxy,0,0.6653662099126885,0
tranco_benign_proxy,0,0.46225653829231317,0
tranco_benign_proxy,0,0.02995984760765099,0
phishtank,1,0.9963570937606645,1
tranco_benign_proxy,0,0.31071192616736615,0
phishtank,1,0.35757452853505656,0
tranco_benign_proxy,0,0.8009967296205541,1
phishtank,1,0.999546999366369,1
phishtank,1,0.9978397316088522,1
tranco_benign_proxy,0,0.4483212370224414,0
phishtank,1,0.8728872312196049,1
phishtank,1,0.8351905369434343,1
tranco_benign_proxy,0,0.6138068813076099,0
phishtank,1,0.7777358108331017,1
tranco_benign_proxy,0,0.25400572905564484,0
phishtank,1,0.3014493801026421,0
tranco_benign_proxy,0,0.1602608354862574,0
tranco_benign_proxy,0,0.5511698729947372,0
phishtank,1,0.9539509362183978,1
tranco_benign_proxy,0,0.25150090313738843,0
tranco_benign_proxy,0,0.017831910629345294,0
tranco_benign_proxy,0,0.6902850507270271,0
tranco_benign_proxy,0,0.15779940874495132,0
phishtank,1,0.9997515870316055,1
phishtank,1,0.8434640008890374,1
tranco_benign_proxy,0,0.10824937723337685,0
phishtank,1,0.36236089052043097,0
tranco_benign_proxy,0,0.7245405042839373,0
tranco_benign_proxy,0,0.09380341475195124,0
tranco_benign_proxy,0,0.07812216197767519,0
phishtank,1,0.9811726525758743,1
phishtank,1,0.9851449583199717,1
phishtank,1,0.9993469411198886,1
tranco_benign_proxy,0,0.41071144808420157,0
tranco_benign_proxy,0,0.9050236161119096,1
phishtank,1,0.9666381734930838,1
tranco_benign_proxy,0,0.20020835398351866,0
tranco_benign_proxy,0,0.9769871517727647,1
tranco_benign_proxy,0,0.14242338901548554,0
tranco_benign_proxy,0,0.4514603330284791,0
tranco_benign_proxy,0,0.24525648178091472,0
tranco_benign_proxy,0,0.679038601503393,0
tranco_benign_proxy,0,0.02953183666964749,0
tranco_benign_proxy,0,0.3839918862899134,0
phishtank,1,0.999597858875023,1
tranco_benign_proxy,0,0.46939903057696264,0
phishtank,1,0.998819228547548,1
tranco_benign_proxy,0,0.13570131561985735,0
tranco_benign_proxy,0,0.24527827504682734,0
phishtank,1,0.9997488468708444,1
tranco_benign_proxy,0,0.21238451140952563,0
tranco_benign_proxy,0,0.2705862352804375,0
phishtank,1,0.6668455476293937,0
tranco_benign_proxy,0,0.9895410641442722,1
tranco_benign_proxy,0,0.22564305249658798,0
phishtank,1,0.9983353464791566,1
phishtank,1,0.4160477486230078,0
tranco_benign_proxy,0,0.4302185165198737,0
tranco_benign_proxy,0,0.29261328004791365,0
phishtank,1,0.9999355166687526,1
tranco_benign_proxy,0,0.033202825079223904,0
phishtank,1,0.09616041809885896,0
tranco_benign_proxy,0,0.021966452324178133,0
tranco_benign_proxy,0,0.20128514810782985,0
tranco_benign_proxy,0,0.06289722541955453,0
tranco_benign_proxy,0,0.9817173442881275,1
phishtank,1,0.1048002912341039,0
phishtank,1,0.9949605978423265,1
tranco_benign_proxy,0,0.1557320867670393,0
tranco_benign_proxy,0,0.32917582404885376,0
tranco_benign_proxy,0,0.16395605685649683,0
tranco_benign_proxy,0,0.9975650280936453,1
tranco_benign_proxy,0,0.6393349763168085,0
tranco_benign_proxy,0,0.14487582261634205,0
phishtank,1,0.592432591878347,0
tranco_benign_proxy,0,0.6711135545120173,0
tranco_benign_proxy,0,0.2027943479984187,0
phishtank,1,0.9843642336564433,1
tranco_benign_proxy,0,0.007516756169867798,0
tranco_benign_proxy,0,0.6073553607126081,0
phishtank,1,0.9773142882836551,1
phishtank,1,0.9950809693478125,1
tranco_benign_proxy,0,0.3317061738074228,0
tranco_benign_proxy,0,0.21903775022274585,0
tranco_benign_proxy,0,0.5495246590855678,0
phishtank,1,0.9935511022131069,1
phishtank,1,0.7953048296690598,1
tranco_benign_proxy,0,0.00371687075142665,0
phishtank,1,0.9991878342836158,1
tranco_benign_proxy,0,0.6891916688811183,0
tranco_benign_proxy,0,0.4185988579887997,0
tranco_benign_proxy,0,0.037551557403054645,0
phishtank,1,0.5177535986396751,0
tranco_benign_proxy,0,0.5023459865158636,0
phishtank,1,0.2358537190209614,0
tranco_benign_proxy,0,0.042655221983229054,0
tranco_benign_proxy,0,0.9870312143985891,1
phishtank,1,0.9990109868571614,1
tranco_benign_proxy,0,0.18919460521331863,0
phishtank,1,0.3021347361552505,0
phishtank,1,0.990963932693016,1
phishtank,1,0.9988516479463146,1
tranco_benign_proxy,0,0.20270502695903983,0
phishtank,1,0.998950017653283,1
phishtank,1,0.9936463757049633,1
tranco_benign_proxy,0,0.14920863839473814,0
phishtank,1,0.9937062040626554,1
tranco_benign_proxy,0,0.696345271796686,0
phishtank,1,0.7944915654685091,1
tranco_benign_proxy,0,0.3040470764844995,0
phishtank,1,0.8831735220520464,1
tranco_benign_proxy,0,0.15716894030724693,0
phishtank,1,0.9990395923265486,1
phishtank,1,0.9846842936147828,1
tranco_benign_proxy,0,0.9544296069940597,1
tranco_benign_proxy,0,0.11450842548161543,0
tranco_benign_proxy,0,0.7060832459920979,0
tranco_benign_proxy,0,0.19239820358414436,0
tranco_benign_proxy,0,0.48889350454534813,0
tranco_benign_proxy,0,0.1930550226900997,0
tranco_benign_proxy,0,0.6785686795999929,0
phishtank,1,0.30076902436372005,0
phishtank,1,0.5287362042940001,0
tranco_benign_proxy,0,0.963854234206805,1
tranco_benign_proxy,0,0.5492325393781634,0
tranco_benign_proxy,0,0.3321381298240454,0
tranco_benign_proxy,0,0.005366799813886738,0
phishtank,1,0.9608601662484648,1
tranco_benign_proxy,0,0.10760750828252014,0
phishtank,1,0.8883668507316005,1
tranco_benign_proxy,0,0.42564913067140353,0
tranco_benign_proxy,0,0.8876938350577422,1
phishtank,1,0.04178751385764018,0
tranco_benign_proxy,0,0.5303748391502867,0
tranco_benign_proxy,0,0.10531117183348694,0
tranco_benign_proxy,0,0.9515264023439088,1
tranco_benign_proxy,0,0.2018296923045551,0
phishtank,1,0.9988990116701746,1
phishtank,1,0.9967528472536709,1
tranco_benign_proxy,0,0.7698663085118913,1
tranco_benign_proxy,0,0.016108861836605506,0
tranco_benign_proxy,0,0.11626799459481058,0
tranco_benign_proxy,0,0.40794536091616374,0
tranco_benign_proxy,0,0.049725374378458954,0
phishtank,1,0.9946767096644036,1
tranco_benign_proxy,0,0.011514296396377102,0
tranco_benign_proxy,0,0.7451847538188172,0
tranco_benign_proxy,0,0.7344361287708303,0
tranco_benign_proxy,0,0.63492884972299,0
phishtank,1,0.9972538677964649,1
tranco_benign_proxy,0,0.2571080189901338,0
tranco_benign_proxy,0,0.7869547953380664,1
tranco_benign_proxy,0,0.9776722748773969,1
phishtank,1,0.321888586043438,0
tranco_benign_proxy,0,0.1323796622534102,0
phishtank,1,0.9831236982804005,1
phishtank,1,0.9759306431397946,1
phishtank,1,0.99950348711325,1
phishtank,1,0.9987462725039785,1
phishtank,1,0.7872610261153479,1
tranco_benign_proxy,0,0.2686939485901416,0
tranco_benign_proxy,0,0.3908800775881817,0
phishtank,1,0.9988145474284673,1
phishtank,1,0.9916527125590407,1
tranco_benign_proxy,0,0.5272030828890893,0
phishtank,1,0.9997439500718418,1
phishtank,1,0.9957023569897053,1
phishtank,1,0.9986090872926491,1
tranco_benign_proxy,0,0.47916970331735376,0
tranco_benign_proxy,0,0.98897692230224,1
phishtank,1,0.6201359158586806,0
phishtank,1,0.995705281378702,1
tranco_benign_proxy,0,0.3745889895629754,0
tranco_benign_proxy,0,0.21129286659442242,0
tranco_benign_proxy,0,0.16547128594850427,0
phishtank,1,0.9976344425194572,1
phishtank,1,0.20275692144616267,0
phishtank,1,0.9331121370825962,1
tranco_benign_proxy,0,0.722313905502572,0
tranco_benign_proxy,0,0.09661076486410895,0
phishtank,1,0.9471261775974587,1
phishtank,1,0.9785394766320971,1
phishtank,1,0.9992142087420014,1
tranco_benign_proxy,0,0.7670022071869175,0
tranco_benign_proxy,0,0.38400163233746587,0
tranco_benign_proxy,0,0.48002367038191196,0
tranco_benign_proxy,0,0.1217699070116291,0
tranco_benign_proxy,0,0.18925192016196407,0
tranco_benign_proxy,0,0.2462366419842751,0
phishtank,1,0.9894973440439263,1
tranco_benign_proxy,0,0.04958646150158115,0
tranco_benign_proxy,0,0.16012930457270289,0
phishtank,1,0.9608863139012074,1
tranco_benign_proxy,0,0.47198240186179125,0
tranco_benign_proxy,0,0.9984088777484603,1
tranco_benign_proxy,0,0.19650245948045605,0
tranco_benign_proxy,0,0.9188264132539559,1
phishtank,1,0.9926205053050688,1
tranco_benign_proxy,0,0.713619483950421,0
tranco_benign_proxy,0,0.11634353684223424,0
tranco_benign_proxy,0,0.2958213478083872,0
tranco_benign_proxy,0,0.0364560985376295,0
tranco_benign_proxy,0,0.8739222907544173,1
tranco_benign_proxy,0,0.25892100265017376,0
phishtank,1,0.9842111672043237,1
phishtank,1,0.9705240830203709,1
tranco_benign_proxy,0,0.04415842948549908,0
tranco_benign_proxy,0,0.17101390621774337,0
phishtank,1,0.9994661065553464,1
phishtank,1,0.9999113586102935,1
phishtank,1,0.9978273469107926,1
tranco_benign_proxy,0,0.1655192929105902,0
tranco_benign_proxy,0,0.34810411985647377,0
phishtank,1,0.9495018132514011,1
phishtank,1,0.9998851804332769,1
tranco_benign_proxy,0,0.6676352727133003,0
tranco_benign_proxy,0,0.14815467693875672,0
tranco_benign_proxy,0,0.03355205039743311,0
phishtank,1,0.9947601638314909,1
phishtank,1,0.986589298337546,1
phishtank,1,0.21707693396926156,0
phishtank,1,0.1974545393774401,0
tranco_benign_proxy,0,0.058497981899244926,0
tranco_benign_proxy,0,0.35263159158939367,0
tranco_benign_proxy,0,0.47560577257263986,0
phishtank,1,0.880499298224788,1
tranco_benign_proxy,0,0.7376202240643004,0
tranco_benign_proxy,0,0.21262040079671646,0
tranco_benign_proxy,0,0.9631925229455637,1
tranco_benign_proxy,0,0.10900813390287496,0
tranco_benign_proxy,0,0.8155390507002316,1
tranco_benign_proxy,0,0.0751031997092211,0
phishtank,1,0.9989789077580629,1
tranco_benign_proxy,0,0.1741153718428791,0
phishtank,1,0.9976634220552303,1
phishtank,1,0.9852822822951066,1
tranco_benign_proxy,0,0.8994073542878426,1
phishtank,1,0.9596834015661387,1
tranco_benign_proxy,0,0.05144880813333841,0
tranco_benign_proxy,0,0.7445736328930623,0
tranco_benign_proxy,0,0.11108895528903155,0
tranco_benign_proxy,0,0.15782714135278222,0
tranco_benign_proxy,0,0.28859826271311134,0
tranco_benign_proxy,0,0.6015679472163201,0
tranco_benign_proxy,0,0.6116271820490844,0
phishtank,1,0.9978778266279702,1
tranco_benign_proxy,0,0.9601658942111728,1
tranco_benign_proxy,0,0.7569177038102076,0
phishtank,1,0.9999403210956206,1
phishtank,1,0.9840402444812701,1
tranco_benign_proxy,0,0.33919456081397237,0
phishtank,1,0.9904557856496787,1
tranco_benign_proxy,0,0.06228714517273239,0
phishtank,1,0.38494986257308766,0
phishtank,1,0.9995854000683578,1
phishtank,1,0.3949862929630537,0
tranco_benign_proxy,0,0.06934355495935238,0
phishtank,1,0.8321474199588088,1
phishtank,1,0.9433405707212714,1
phishtank,1,0.9998626257144579,1
tranco_benign_proxy,0,0.6537213285781431,0
phishtank,1,0.25077604621923283,0
phishtank,1,0.9859620478871529,1
phishtank,1,0.26714297238272167,0
phishtank,1,0.9793081906497695,1
tranco_benign_proxy,0,0.2793295321020909,0
phishtank,1,0.9675352753961843,1
tranco_benign_proxy,0,0.3183402703187966,0
phishtank,1,0.9993897817228136,1
tranco_benign_proxy,0,0.47387273563762783,0
tranco_benign_proxy,0,0.8571289616359252,1
tranco_benign_proxy,0,0.5335619724868966,0
phishtank,1,0.125721153995249,0
tranco_benign_proxy,0,0.08978929042358776,0
tranco_benign_proxy,0,0.869146558779574,1
phishtank,1,0.9376676878072374,1
tranco_benign_proxy,0,0.7290301587443728,0
tranco_benign_proxy,0,0.7597235656490359,0
tranco_benign_proxy,0,0.0633365879031481,0
tranco_benign_proxy,0,0.7462670412124491,0
tranco_benign_proxy,0,0.4910021781229512,0
phishtank,1,0.9707962031421797,1
phishtank,1,0.9893957521379653,1
tranco_benign_proxy,0,0.6516693056424919,0
phishtank,1,0.9999120036906108,1
tranco_benign_proxy,0,0.32007879081732427,0
phishtank,1,0.999980244982872,1
phishtank,1,0.9478790454981636,1
tranco_benign_proxy,0,0.2277445953868394,0
phishtank,1,0.9901521980846645,1
phishtank,1,0.9387533754834313,1
tranco_benign_proxy,0,0.9591391350728308,1
phishtank,1,0.9979974026848983,1
tranco_benign_proxy,0,0.758729491988279,0
phishtank,1,0.9906608340947952,1
tranco_benign_proxy,0,0.8988184956033459,1
phishtank,1,0.9995461695170901,1
tranco_benign_proxy,0,0.3774084493725281,0
phishtank,1,0.9939814822107826,1
tranco_benign_proxy,0,0.9502885568418696,1
phishtank,1,0.9978361754243853,1
tranco_benign_proxy,0,0.03345638942902819,0
phishtank,1,0.14016235824215612,0
tranco_benign_proxy,0,0.8899579596872147,1
phishtank,1,0.9890484864064755,1
phishtank,1,0.9928157036845926,1
tranco_benign_proxy,0,0.29041268407738513,0
tranco_benign_proxy,0,0.035410787937291244,0
phishtank,1,0.7403023677482508,0
phishtank,1,0.9987643258033212,1
phishtank,1,0.9981307613590255,1
phishtank,1,0.034565090989279366,0
tranco_benign_proxy,0,0.11620546728801376,0
phishtank,1,0.9958890484931154,1
phishtank,1,0.3271239463249396,0
phishtank,1,0.6851860623285976,0
tranco_benign_proxy,0,0.9571427462517293,1
phishtank,1,0.9998212565354189,1
tranco_benign_proxy,0,0.14019578625371112,0
tranco_benign_proxy,0,0.4457359574113927,0
tranco_benign_proxy,0,0.4218775994490225,0
phishtank,1,0.45743273941899826,0
tranco_benign_proxy,0,0.2265405578452612,0
phishtank,1,0.9730896268218835,1
tranco_benign_proxy,0,0.37613187694858635,0
phishtank,1,0.9895444931736787,1
tranco_benign_proxy,0,0.5044066778199805,0
tranco_benign_proxy,0,0.6905620764070409,0
tranco_benign_proxy,0,0.5622124383613822,0
tranco_benign_proxy,0,0.0853146670042141,0
tranco_benign_proxy,0,0.04703252592950327,0
phishtank,1,0.9427245102180076,1
tranco_benign_proxy,0,0.31349346083082846,0
tranco_benign_proxy,0,0.6210872516415726,0
phishtank,1,0.5447214970885182,0
tranco_benign_proxy,0,0.10690223291307815,0
phishtank,1,0.9987367346760437,1
tranco_benign_proxy,0,0.44706517653462446,0
tranco_benign_proxy,0,0.1953833807743327,0
phishtank,1,0.5089743440934675,0
tranco_benign_proxy,0,0.09732380622560403,0
tranco_benign_proxy,0,0.883040197745082,1
tranco_benign_proxy,0,0.6842254544486236,0
phishtank,1,0.9807635327181206,1
tranco_benign_proxy,0,0.8037224521737022,1
phishtank,1,0.9989040744151306,1
tranco_benign_proxy,0,0.9665338937558232,1
phishtank,1,0.9719541028399782,1
phishtank,1,0.5793498437581105,0
tranco_benign_proxy,0,0.053431094766263926,0
phishtank,1,0.45466811258631806,0
tranco_benign_proxy,0,0.014059095009139306,0
phishtank,1,0.9919158084366467,1
tranco_benign_proxy,0,0.09212390183481217,0
tranco_benign_proxy,0,0.9590275580598242,1
tranco_benign_proxy,0,0.31964520696455745,0
tranco_benign_proxy,0,0.6008137978963967,0
tranco_benign_proxy,0,0.6794934945094636,0
phishtank,1,0.9398841405415628,1
phishtank,1,0.9999976876933477,1
phishtank,1,0.9739069092524351,1
phishtank,1,0.9688831465265223,1
phishtank,1,0.999645397630137,1
tranco_benign_proxy,0,0.0007488101605673726,0
phishtank,1,0.9999908956067581,1
tranco_benign_proxy,0,0.9128368745077621,1
tranco_benign_proxy,0,0.015871630298631006,0
tranco_benign_proxy,0,0.1008265441783459,0
tranco_benign_proxy,0,0.5338323708606043,0
tranco_benign_proxy,0,0.44089399261361156,0
tranco_benign_proxy,0,0.4027891436776026,0
tranco_benign_proxy,0,0.8739585893296918,1
phishtank,1,0.9749462797639729,1
phishtank,1,0.9146046075018682,1
tranco_benign_proxy,0,0.6593449473907865,0
phishtank,1,0.9998833210954109,1
tranco_benign_proxy,0,0.33904597962445276,0
phishtank,1,0.9877079476143872,1
phishtank,1,0.9863214351965969,1
phishtank,1,0.9622557134419805,1
tranco_benign_proxy,0,0.8806358699324385,1
tranco_benign_proxy,0,0.7064955419404132,0
phishtank,1,0.999182254802761,1
tranco_benign_proxy,0,0.042938358196285366,0
phishtank,1,0.9990107654393219,1
phishtank,1,0.9965712197698096,1
tranco_benign_proxy,0,0.5245456982477553,0
phishtank,1,0.9960839665249972,1
phishtank,1,0.9880607927639009,1
phishtank,1,0.9999991247355884,1
phishtank,1,0.9987521814697143,1
tranco_benign_proxy,0,0.024506012181807424,0
tranco_benign_proxy,0,0.3923403999177166,0
phishtank,1,0.9429252355867948,1
tranco_benign_proxy,0,0.6312378614195608,0
phishtank,1,0.5719856168053974,0
tranco_benign_proxy,0,0.4162507871130272,0
phishtank,1,0.9414118996202442,1
phishtank,1,0.9985919077915633,1
phishtank,1,0.9772052913487634,1
tranco_benign_proxy,0,0.8238125831338534,1
phishtank,1,0.9926714898850744,1
tranco_benign_proxy,0,0.9779962031276103,1
phishtank,1,0.93869649503111,1
tranco_benign_proxy,0,0.00029149205927037975,0
phishtank,1,0.9938002019497109,1
phishtank,1,0.9987145822121998,1
phishtank,1,0.9877372959104129,1
phishtank,1,0.4086149460895556,0
tranco_benign_proxy,0,0.5896524655819201,0
phishtank,1,0.999833221217132,1
tranco_benign_proxy,0,0.0915292852712904,0
phishtank,1,0.9731036240513069,1
tranco_benign_proxy,0,0.0737254685860788,0
tranco_benign_proxy,0,0.10218457465666214,0
phishtank,1,0.9985544892926611,1
phishtank,1,0.9966437143901798,1
tranco_benign_proxy,0,0.7558960441379154,0
phishtank,1,0.937049907316648,1
phishtank,1,0.9993870497979788,1
tranco_benign_proxy,0,0.1772833057816328,0
phishtank,1,0.9729872120414801,1
phishtank,1,0.9167528350131329,1
phishtank,1,0.9661873341019356,1
phishtank,1,0.9977151323135601,1
tranco_benign_proxy,0,0.09595050535769029,0
phishtank,1,0.9999242842392551,1
phishtank,1,0.9969449927620172,1
phishtank,1,0.9957225360286576,1
tranco_benign_proxy,0,0.9608650205727656,1
tranco_benign_proxy,0,0.642821419899072,0
phishtank,1,0.9998813879211702,1
phishtank,1,0.9947718992249537,1
phishtank,1,0.9642566339493689,1
phishtank,1,0.9930707383109513,1
tranco_benign_proxy,0,0.8204843740075738,1
phishtank,1,0.9596096474519517,1
phishtank,1,0.9541418441032423,1
phishtank,1,0.9388642673889395,1
phishtank,1,0.04816217506816758,0
tranco_benign_proxy,0,0.8735254370314526,1
tranco_benign_proxy,0,0.15114682416674832,0
phishtank,1,0.9524913989071591,1
tranco_benign_proxy,0,0.26232968355994923,0
phishtank,1,0.8862738136652574,1
phishtank,1,0.9256248455491203,1
tranco_benign_proxy,0,0.09724853015167308,0
phishtank,1,0.999704701482432,1
phishtank,1,0.9932641453260902,1
tranco_benign_proxy,0,0.28094947187906494,0
tranco_benign_proxy,0,0.4697772691856622,0
tranco_benign_proxy,0,0.3718749629864098,0
phishtank,1,0.9994812454221726,1
tranco_benign_proxy,0,0.004262801684342931,0
phishtank,1,0.6986572288860197,0
phishtank,1,0.8030223860686792,1
tranco_benign_proxy,0,0.10314650294351592,0
tranco_benign_proxy,0,0.9883527273562767,1
tranco_benign_proxy,0,0.001460748255334429,0
tranco_benign_proxy,0,0.04761497144553402,0
tranco_benign_proxy,0,0.03923528021196786,0
tranco_benign_proxy,0,0.2862307940666715,0
phishtank,1,0.9901334876652748,1
phishtank,1,0.9988590833502243,1
tranco_benign_proxy,0,0.8782596450389719,1
phishtank,1,0.9951172594173306,1
phishtank,1,0.9381665989984187,1
tranco_benign_proxy,0,0.10916284984913249,0
tranco_benign_proxy,0,0.3834987685630889,0
tranco_benign_proxy,0,0.7827742048955761,1
phishtank,1,0.9918550114677626,1
phishtank,1,0.9966323767701541,1
phishtank,1,0.982793986020061,1
tranco_benign_proxy,0,0.22185944349885597,0
phishtank,1,0.956232214731572,1
tranco_benign_proxy,0,0.0024752847985624114,0
tranco_benign_proxy,0,0.06430652741141529,0
phishtank,1,0.9220295357895594,1
phishtank,1,0.9998222197038239,1
phishtank,1,0.9987614810680017,1
tranco_benign_proxy,0,0.030783712337805382,0
tranco_benign_proxy,0,0.3197568380321879,0
phishtank,1,0.9897007373482306,1
phishtank,1,0.9520237566761862,1
tranco_benign_proxy,0,0.5440439741543742,0
tranco_benign_proxy,0,0.08441570705927301,0
tranco_benign_proxy,0,0.9428693125484752,1
tranco_benign_proxy,0,0.17104420481480476,0
phishtank,1,0.9999823838643954,1
phishtank,1,0.6946146214092421,0
tranco_benign_proxy,0,0.6488985352530152,0
tranco_benign_proxy,0,0.7345893200818514,0
tranco_benign_proxy,0,0.03291855723451866,0
phishtank,1,0.9641486169486433,1
phishtank,1,0.9992747943025515,1
tranco_benign_proxy,0,0.2224488323863039,0
phishtank,1,0.9997418155403045,1
phishtank,1,0.999123711556322,1
phishtank,1,0.9247187571364639,1
phishtank,1,0.9778243538336197,1
tranco_benign_proxy,0,0.37311475790972193,0
tranco_benign_proxy,0,0.20491062808522129,0
tranco_benign_proxy,0,0.5353383682185824,0
phishtank,1,0.9847079664760708,1
tranco_benign_proxy,0,0.20737943041252688,0
phishtank,1,0.07251103431254337,0
tranco_benign_proxy,0,0.3169507212438733,0
tranco_benign_proxy,0,0.17727730884309714,0
tranco_benign_proxy,0,0.05592568461539019,0
tranco_benign_proxy,0,0.0020286623946446014,0
tranco_benign_proxy,0,0.19129006449439104,0
phishtank,1,0.3176725051036163,0
phishtank,1,0.9835804002806067,1
tranco_benign_proxy,0,0.042371527712525815,0
phishtank,1,0.9998073961275498,1
tranco_benign_proxy,0,0.11624316579453642,0
phishtank,1,0.9911052549438046,1
phishtank,1,0.9964094734986055,1
tranco_benign_proxy,0,0.8869640995086001,1
phishtank,1,0.8886948993692354,1
tranco_benign_proxy,0,0.5818917077027866,0
phishtank,1,0.9976082027469035,1
phishtank,1,0.9994730738371128,1
phishtank,1,0.5441863648702145,0
phishtank,1,0.9969072993039106,1
phishtank,1,0.07358727440282781,0
tranco_benign_proxy,0,0.22829008691469055,0
tranco_benign_proxy,0,0.947708271281446,1
tranco_benign_proxy,0,0.18141488731685615,0
phishtank,1,0.9989109353972208,1
tranco_benign_proxy,0,0.16203638318592062,0
tranco_benign_proxy,0,0.9891342573938994,1
tranco_benign_proxy,0,0.36267107700235396,0
tranco_benign_proxy,0,0.5906013537027316,0
tranco_benign_proxy,0,0.2913951115555266,0
phishtank,1,0.9708863579367341,1
phishtank,1,0.9183502617835746,1
phishtank,1,0.947130504475323,1
phishtank,1,0.9992166467745494,1
tranco_benign_proxy,0,0.05242389070432208,0
tranco_benign_proxy,0,0.10027198927413647,0
tranco_benign_proxy,0,0.1454075455733824,0
phishtank,1,0.999381568318357,1
phishtank,1,0.9983926756480248,1
phishtank,1,0.6140233982034328,0
phishtank,1,0.949031848395724,1
tranco_benign_proxy,0,0.8994022331729403,1
tranco_benign_proxy,0,0.3068099744659249,0
phishtank,1,0.22468315034173997,0
phishtank,1,0.9998579366045203,1
phishtank,1,0.907612236803631,1
tranco_benign_proxy,0,0.12554206704439055,0
tranco_benign_proxy,0,0.0011519741780603656,0
tranco_benign_proxy,0,0.9119062107937302,1
phishtank,1,0.998994504452087,1
phishtank,1,0.9987819003983803,1
tranco_benign_proxy,0,0.2898852628967562,0
tranco_benign_proxy,0,0.9346884690222795,1
phishtank,1,0.9998597329472081,1
tranco_benign_proxy,0,0.17585596834826517,0
phishtank,1,0.9623320241464164,1
tranco_benign_proxy,0,0.25200320839319773,0
tranco_benign_proxy,0,0.921376427668312,1
tranco_benign_proxy,0,0.09666112466413893,0
tranco_benign_proxy,0,0.23490374955503035,0
phishtank,1,0.9234229322011773,1
phishtank,1,0.9986885432621248,1
tranco_benign_proxy,0,0.35135392835149576,0
tranco_benign_proxy,0,0.10620928511727974,0
phishtank,1,0.3356768791936942,0
tranco_benign_proxy,0,0.6489705245666356,0
tranco_benign_proxy,0,0.251695178541024,0
tranco_benign_proxy,0,0.9174218448449816,1
tranco_benign_proxy,0,0.16856667968939493,0
phishtank,1,0.6220615050255865,0
tranco_benign_proxy,0,0.8189642115006107,1
tranco_benign_proxy,0,0.7516205417666879,0
tranco_benign_proxy,0,0.09127617283398261,0
tranco_benign_proxy,0,0.07932987493209322,0
tranco_benign_proxy,0,0.298478813707987,0
phishtank,1,0.9949892063181511,1
phishtank,1,0.9937729187514018,1
tranco_benign_proxy,0,0.1322553097023706,0
tranco_benign_proxy,0,0.0910739433324102,0
tranco_benign_proxy,0,0.6599504988099606,0
phishtank,1,0.9908053493922276,1
tranco_benign_proxy,0,0.9848057492990584,1
phishtank,1,0.9996478404918407,1
phishtank,1,0.29832394093192516,0
tranco_benign_proxy,0,0.2860608247025435,0
phishtank,1,0.9998096171770773,1
tranco_benign_proxy,0,0.032351753902815576,0
phishtank,1,0.4864746835686877,0
tranco_benign_proxy,0,0.6723144826682041,0
phishtank,1,0.9582318205117252,1
phishtank,1,0.9860594163869028,1
tranco_benign_proxy,0,0.17954592818993054,0
phishtank,1,0.9978727215920975,1
phishtank,1,0.6617499129067527,0
tranco_benign_proxy,0,0.6516542136282818,0
tranco_benign_proxy,0,0.8195109821593067,1
tranco_benign_proxy,0,0.1425427060098335,0
phishtank,1,0.9995128296803824,1
phishtank,1,0.6394476221403183,0
phishtank,1,0.9873336953677938,1
tranco_benign_proxy,0,0.7956997490707344,1
tranco_benign_proxy,0,0.17828718299269147,0
phishtank,1,0.29453896559867854,0
tranco_benign_proxy,0,0.23877971861193412,0
tranco_benign_proxy,0,0.2662328252612172,0
phishtank,1,0.9991047695441219,1
tranco_benign_proxy,0,0.03294914686460169,0
tranco_benign_proxy,0,0.4292445078071203,0
phishtank,1,0.9808275269762579,1
tranco_benign_proxy,0,0.26205148297395586,0
phishtank,1,0.9549086655782214,1
phishtank,1,0.9714016870447609,1
tranco_benign_proxy,0,0.1520021439095375,0
phishtank,1,0.9994236305172879,1
tranco_benign_proxy,0,0.16045276889212076,0
phishtank,1,0.9682161213003748,1
phishtank,1,0.9995403348083737,1
phishtank,1,0.3318136821175002,0
phishtank,1,0.9874569540176357,1
phishtank,1,0.999817793273055,1
phishtank,1,0.998278929971791,1
tranco_benign_proxy,0,0.013963886978322902,0
tranco_benign_proxy,0,0.05705744207198761,0
tranco_benign_proxy,0,0.5547905857768431,0
tranco_benign_proxy,0,0.0023339321862870686,0
phishtank,1,0.999215043811857,1
phishtank,1,0.4400758116938843,0
phishtank,1,0.9973986537665848,1
tranco_benign_proxy,0,0.7041939886100702,0
phishtank,1,0.99997653875922,1
tranco_benign_proxy,0,0.37020711022946157,0
phishtank,1,0.5471801432597463,0
phishtank,1,0.999133241379296,1
tranco_benign_proxy,0,0.29381266893385644,0
tranco_benign_proxy,0,0.9695021768400636,1
tranco_benign_proxy,0,0.06062119504643244,0
phishtank,1,0.9980658040333047,1
tranco_benign_proxy,0,0.1001856447036723,0
tranco_benign_proxy,0,0.16984248293507517,0
phishtank,1,0.9216908268126234,1
tranco_benign_proxy,0,0.3330261536965706,0
phishtank,1,0.9896369172213817,1
tranco_benign_proxy,0,0.016863377908943808,0
tranco_benign_proxy,0,0.017324023838584616,0
tranco_benign_proxy,0,0.44515116544688194,0
tranco_benign_proxy,0,0.09999944893272932,0
phishtank,1,0.9256032558407964,1
phishtank,1,0.9819711585443465,1
tranco_benign_proxy,0,0.7285262703066548,0
phishtank,1,0.996308597083356,1
tranco_benign_proxy,0,0.9617096723716568,1
phishtank,1,0.9639456814229986,1
tranco_benign_proxy,0,0.2731333919078606,0
phishtank,1,0.9951682242631756,1
phishtank,1,0.999380472068893,1
tranco_benign_proxy,0,0.24145064827679458,0
phishtank,1,0.986259475414317,1
phishtank,1,0.9987349825737326,1
phishtank,1,0.9691672559377212,1
tranco_benign_proxy,0,0.9893305895234401,1
tranco_benign_proxy,0,0.20819770483523922,0
tranco_benign_proxy,0,0.9854616271907056,1
tranco_benign_proxy,0,0.2663287030216198,0
phishtank,1,0.973414335880545,1
phishtank,1,0.9270072919241574,1
phishtank,1,0.7605532349739083,0
tranco_benign_proxy,0,0.5287532865406648,0
phishtank,1,0.40409838624124633,0
tranco_benign_proxy,0,0.9585603079851303,1
tranco_benign_proxy,0,0.4891430654582643,0
tranco_benign_proxy,0,0.15375001727340498,0
phishtank,1,0.9218008479645321,1
tranco_benign_proxy,0,0.8359746355445261,1
tranco_benign_proxy,0,0.05797267085315283,0
phishtank,1,0.9988807044447935,1
phishtank,1,0.997941138519614,1
phishtank,1,0.5910206237655088,0
phishtank,1,0.9874498249657547,1
phishtank,1,0.9986688425350809,1
phishtank,1,0.997512679596468,1
phishtank,1,0.984649736913993,1
phishtank,1,0.9973599425551284,1
tranco_benign_proxy,0,0.03256837754079457,0
tranco_benign_proxy,0,0.13692514239490736,0
tranco_benign_proxy,0,0.9068535633310335,1
tranco_benign_proxy,0,0.09259966438938923,0
phishtank,1,0.9976021781667455,1
tranco_benign_proxy,0,0.11098341180774797,0
phishtank,1,0.37437289779711375,0
tranco_benign_proxy,0,0.23776558759883604,0
phishtank,1,0.27278754670499034,0
phishtank,1,0.43234675629130914,0
tranco_benign_proxy,0,0.6540945838994073,0
tranco_benign_proxy,0,0.26220364524746814,0
tranco_benign_proxy,0,0.6106515544866621,0
phishtank,1,0.9975305356300699,1
phishtank,1,0.9992863662311481,1
phishtank,1,0.09882815598786826,0
phishtank,1,0.9913823064236646,1
phishtank,1,0.9862806609087671,1
tranco_benign_proxy,0,0.04866328437046684,0
phishtank,1,0.9713307633939783,1
phishtank,1,0.9787743957430045,1
phishtank,1,0.989614195964947,1
phishtank,1,0.9764643792961782,1
phishtank,1,0.9998655673504592,1
phishtank,1,0.9991432147375277,1
phishtank,1,0.8543584018869883,1
phishtank,1,0.9997981744727071,1
tranco_benign_proxy,0,0.6746139383138453,0
tranco_benign_proxy,0,0.3056448900915789,0
phishtank,1,0.439010189935035,0
phishtank,1,0.999721586192624,1
tranco_benign_proxy,0,0.5130227464117053,0
tranco_benign_proxy,0,0.3577066360551889,0
tranco_benign_proxy,0,0.03811869387167607,0
tranco_benign_proxy,0,0.3970742219114374,0
phishtank,1,0.9986716119832858,1
tranco_benign_proxy,0,0.13785357466980896,0
tranco_benign_proxy,0,0.02485740632792924,0
tranco_benign_proxy,0,0.03650123936568453,0
tranco_benign_proxy,0,0.9115233689253875,1
phishtank,1,0.5857321359381007,0
phishtank,1,0.9972335494844043,1
tranco_benign_proxy,0,0.9708016137999865,1
tranco_benign_proxy,0,0.9951037910826871,1
tranco_benign_proxy,0,0.05319090146836706,0
phishtank,1,0.9959228100792916,1
tranco_benign_proxy,0,0.8361716404634427,1
tranco_benign_proxy,0,0.9664709924891335,1
tranco_benign_proxy,0,0.19000840286392376,0
tranco_benign_proxy,0,0.9346759762655285,1
phishtank,1,0.9749714437653557,1
phishtank,1,0.9755480569283183,1
tranco_benign_proxy,0,0.43669693356802697,0
phishtank,1,0.9999953143013821,1
tranco_benign_proxy,0,0.008942266180671305,0
phishtank,1,0.99992966770356,1
tranco_benign_proxy,0,0.6112087985989936,0
phishtank,1,0.08895732356038868,0
phishtank,1,0.9997819871493753,1
tranco_benign_proxy,0,0.06710818050925586,0
phishtank,1,0.9821082404646972,1
tranco_benign_proxy,0,0.2353359698896095,0
tranco_benign_proxy,0,0.9871851184729998,1
phishtank,1,0.9160192001842179,1
tranco_benign_proxy,0,0.22761480011788054,0
tranco_benign_proxy,0,0.3124870423429576,0
phishtank,1,0.9906382435070398,1
phishtank,1,0.9998349422877114,1
phishtank,1,0.9979618594217341,1
phishtank,1,0.7976069566603049,1
tranco_benign_proxy,0,0.3747024819404897,0
phishtank,1,0.9990302563407885,1
tranco_benign_proxy,0,0.020272361052385366,0
tranco_benign_proxy,0,0.9204812815820953,1
phishtank,1,0.9885136034842914,1
tranco_benign_proxy,0,0.008193630707407988,0
phishtank,1,0.5475561164685167,0
tranco_benign_proxy,0,0.12320707169744614,0
phishtank,1,0.9979877321568736,1
phishtank,1,0.9696619666963581,1
tranco_benign_proxy,0,0.15703616503974455,0
phishtank,1,0.9954090992055961,1
tranco_benign_proxy,0,0.02141113716104396,0
phishtank,1,0.9887420341449115,1
tranco_benign_proxy,0,0.1597176710322754,0
phishtank,1,0.9998566507700325,1
tranco_benign_proxy,0,0.1855658159789186,0
tranco_benign_proxy,0,0.05050228678307003,0
tranco_benign_proxy,0,0.4763516376582989,0
phishtank,1,0.9833967390818646,1
tranco_benign_proxy,0,0.2468765400366791,0
tranco_benign_proxy,0,0.5674084955018364,0
tranco_benign_proxy,0,0.7129830618249694,0
phishtank,1,0.9627234392941829,1
tranco_benign_proxy,0,0.770520748249862,1
tranco_benign_proxy,0,0.23330370708467443,0
phishtank,1,0.9883470841351529,1
phishtank,1,0.9971388133892696,1
tranco_benign_proxy,0,0.15953564475150073,0
tranco_benign_proxy,0,0.2880380016571395,0
phishtank,1,0.9913688271130543,1
tranco_benign_proxy,0,0.9145845931755343,1
tranco_benign_proxy,0,0.9554777142429735,1
phishtank,1,0.6511462778207902,0
phishtank,1,0.9993667098617673,1
phishtank,1,0.9997325449531416,1
tranco_benign_proxy,0,0.11742290533833945,0
phishtank,1,0.985089530909519,1
tranco_benign_proxy,0,0.5107435697024837,0
phishtank,1,0.9953904492002413,1
phishtank,1,0.9993941948014926,1
tranco_benign_proxy,0,0.31934190934701573,0
tranco_benign_proxy,0,0.5591022231379453,0
phishtank,1,0.9999979836601027,1
phishtank,1,0.9996038460381182,1
phishtank,1,0.964542462411747,1
phishtank,1,0.24227448540307026,0
tranco_benign_proxy,0,0.36678854169976066,0
phishtank,1,0.9930204924050147,1
tranco_benign_proxy,0,0.10495332588460322,0
tranco_benign_proxy,0,0.25323768687151965,0
tranco_benign_proxy,0,0.31016321204426767,0
tranco_benign_proxy,0,0.16109168582146083,0
tranco_benign_proxy,0,0.9656245440272686,1
tranco_benign_proxy,0,0.021757295246299158,0
tranco_benign_proxy,0,0.14632705670888285,0
phishtank,1,0.9735851794149513,1
tranco_benign_proxy,0,0.93725008061621,1
tranco_benign_proxy,0,0.14980762737389702,0
phishtank,1,0.9535968074485164,1
phishtank,1,0.8889738786473985,1
tranco_benign_proxy,0,0.1380782816298129,0
phishtank,1,0.9088569159239889,1
phishtank,1,0.9410014841695847,1
phishtank,1,0.9954334620449556,1
tranco_benign_proxy,0,0.45640199768117407,0
phishtank,1,0.9269604202534256,1
phishtank,1,0.39724218302356334,0
phishtank,1,0.9943828664226216,1
tranco_benign_proxy,0,0.1228812479648291,0
tranco_benign_proxy,0,0.18115762873933436,0
tranco_benign_proxy,0,0.39896352275535163,0
phishtank,1,0.9998756745212397,1
tranco_benign_proxy,0,0.13147302431783284,0
phishtank,1,0.3511451403940545,0
tranco_benign_proxy,0,0.5740098320419112,0
tranco_benign_proxy,0,0.0024334076994056526,0
tranco_benign_proxy,0,0.402181797937833,0
phishtank,1,0.9499959954283328,1
phishtank,1,0.7921973519618081,1
tranco_benign_proxy,0,0.26908483414193646,0
tranco_benign_proxy,0,0.9218891376964419,1
phishtank,1,0.987290920866152,1
tranco_benign_proxy,0,0.9619871800741467,1
tranco_benign_proxy,0,0.014351507914882159,0
tranco_benign_proxy,0,0.0765654638570937,0
tranco_benign_proxy,0,0.5163188056860668,0
phishtank,1,0.9774528139654786,1
phishtank,1,0.9989920631558465,1
phishtank,1,0.9464405688200108,1
tranco_benign_proxy,0,0.14535981151004898,0
phishtank,1,0.9864933111508822,1
phishtank,1,0.9986521638601339,1
phishtank,1,0.9443551845996213,1
phishtank,1,0.9951617586165896,1
tranco_benign_proxy,0,0.0794197397831525,0
tranco_benign_proxy,0,0.57343551746797,0
phishtank,1,0.9994105093154229,1
tranco_benign_proxy,0,0.20254537231678188,0
phishtank,1,0.9963117941534361,1
phishtank,1,0.9898207919034512,1
tranco_benign_proxy,0,0.056816491942761047,0
tranco_benign_proxy,0,0.22213756912922372,0
phishtank,1,0.9998637484040583,1
phishtank,1,0.9993335022381588,1
phishtank,1,0.998817459344061,1
phishtank,1,0.9999631288279175,1
phishtank,1,0.9763297975906596,1
tranco_benign_proxy,0,0.3828082626563993,0
phishtank,1,0.9185159338534514,1
tranco_benign_proxy,0,0.27705106934723944,0
tranco_benign_proxy,0,0.4640793339145008,0
phishtank,1,0.7430687810623187,0
tranco_benign_proxy,0,0.0775882151187538,0
phishtank,1,0.9991255313917511,1
phishtank,1,0.9626464972463338,1
tranco_benign_proxy,0,0.5064485726197967,0
phishtank,1,0.9782377173552379,1
phishtank,1,0.9914711868012284,1
phishtank,1,0.9403087826729226,1
phishtank,1,0.9978090078994578,1
tranco_benign_proxy,0,0.026045228092324957,0
tranco_benign_proxy,0,0.8563987989781301,1
phishtank,1,0.9998973573137379,1
phishtank,1,0.9985462467024192,1
phishtank,1,0.450892811652952,0
tranco_benign_proxy,0,0.10243838835390177,0
phishtank,1,0.15236454772411753,0
tranco_benign_proxy,0,0.06339962221912084,0
tranco_benign_proxy,0,0.39874713107156773,0
tranco_benign_proxy,0,0.7743296939514687,1
phishtank,1,0.9891208533029614,1
phishtank,1,0.9656811556869414,1
phishtank,1,0.9893982230484664,1
phishtank,1,0.9789797915573742,1
phishtank,1,0.4751693292180128,0
tranco_benign_proxy,0,0.6786957939801882,0
tranco_benign_proxy,0,0.5044494703579262,0
tranco_benign_proxy,0,0.17407928773597017,0
phishtank,1,0.9992719238722194,1
phishtank,1,0.9992295502025488,1
phishtank,1,0.8881578166368779,1
phishtank,1,0.997570160997297,1
phishtank,1,0.9954736576963433,1
phishtank,1,0.9926917111565661,1
phishtank,1,0.25979389938686004,0
phishtank,1,0.6435747678194247,0
tranco_benign_proxy,0,0.6289334070700295,0
tranco_benign_proxy,0,0.5661132435496512,0
phishtank,1,0.9372922262837645,1
phishtank,1,0.8984664346153227,1
phishtank,1,0.9737981240910301,1
tranco_benign_proxy,0,0.8675858544906354,1
phishtank,1,0.9991312123056659,1
tranco_benign_proxy,0,0.7028258876287661,0
tranco_benign_proxy,0,0.08640321608802758,0
phishtank,1,0.995377787900187,1
tranco_benign_proxy,0,0.11995576536770594,0
phishtank,1,0.9449218839359927,1
phishtank,1,0.9842279366037308,1
phishtank,1,0.9896431057899373,1
phishtank,1,0.9965970839075915,1
phishtank,1,0.9632824947464221,1
phishtank,1,0.8530683698380196,1
phishtank,1,0.9325861779646921,1
tranco_benign_proxy,0,0.4089627440657379,0
phishtank,1,0.9479908475329789,1
phishtank,1,0.9983355869178739,1
phishtank,1,0.455045371665485,0
phishtank,1,0.9994022804160997,1
tranco_benign_proxy,0,0.9912250060006815,1
tranco_benign_proxy,0,0.38211447506003615,0
phishtank,1,0.984288838240179,1
phishtank,1,0.8393840213916308,1
tranco_benign_proxy,0,0.63206938699041,0
tranco_benign_proxy,0,0.8765155661744197,1
phishtank,1,0.7288082411087102,0
phishtank,1,0.9996905850700278,1
tranco_benign_proxy,0,0.022272189400784872,0
tranco_benign_proxy,0,0.24503283658566505,0
phishtank,1,0.9917500905467541,1
phishtank,1,0.9879514674748301,1
phishtank,1,0.992773628785964,1
tranco_benign_proxy,0,0.0032388929477882686,0
tranco_benign_proxy,0,0.946550944687077,1
tranco_benign_proxy,0,0.42244176393939187,0
phishtank,1,0.3925598063541265,0
tranco_benign_proxy,0,0.43681490646862187,0
phishtank,1,0.9999143098086819,1
tranco_benign_proxy,0,0.7646377311226605,0
tranco_benign_proxy,0,0.597085877776396,0
tranco_benign_proxy,0,0.4645352498343429,0
tranco_benign_proxy,0,0.03732582509222863,0
phishtank,1,0.9974306149334277,1
tranco_benign_proxy,0,0.6470264655356606,0
phishtank,1,0.9668475517109081,1
tranco_benign_proxy,0,0.36271693960199747,0
phishtank,1,0.9998435817732446,1
phishtank,1,0.9789066431080197,1
phishtank,1,0.3335192096274476,0
tranco_benign_proxy,0,0.7503017445027093,0
tranco_benign_proxy,0,0.43920681222896524,0
phishtank,1,0.025427861980601794,0
tranco_benign_proxy,0,0.8878624615821341,1
phishtank,1,0.9998022283338237,1
phishtank,1,0.9678167174702595,1
tranco_benign_proxy,0,0.9568761943346246,1
phishtank,1,0.9995836138323182,1
tranco_benign_proxy,0,0.12341545727141559,0
tranco_benign_proxy,0,0.0590860499013684,0
phishtank,1,0.9994958980752999,1
phishtank,1,0.8785428734834736,1
tranco_benign_proxy,0,0.34579336646012354,0
phishtank,1,0.874831643110958,1
tranco_benign_proxy,0,0.2683347577781778,0
tranco_benign_proxy,0,0.9635399558943162,1
phishtank,1,0.9209925113273536,1
tranco_benign_proxy,0,0.3937803168510537,0
phishtank,1,0.11422263938190659,0
phishtank,1,0.9995441610929163,1
phishtank,1,0.11201146408675479,0
tranco_benign_proxy,0,0.4028896715076513,0
phishtank,1,0.3616863790959461,0
phishtank,1,0.9660092294103615,1
phishtank,1,0.9552417527831938,1
tranco_benign_proxy,0,0.9822095548779334,1
tranco_benign_proxy,0,0.9785592098274347,1
tranco_benign_proxy,0,0.03319134680145915,0
tranco_benign_proxy,0,0.5460276603969916,0
tranco_benign_proxy,0,0.5155464733156783,0
tranco_benign_proxy,0,0.4787052137777492,0
phishtank,1,0.9998819029352787,1
phishtank,1,0.9973982811300676,1
phishtank,1,0.9897137073690091,1
phishtank,1,0.8461438558257474,1
phishtank,1,0.9944696562379258,1
tranco_benign_proxy,0,0.9288205740271446,1
tranco_benign_proxy,0,0.12485585179384397,0
tranco_benign_proxy,0,0.10630338985526899,0
tranco_benign_proxy,0,0.0628228727615648,0
tranco_benign_proxy,0,0.198228399505322,0
phishtank,1,0.8146791688456009,1
phishtank,1,0.6707058380970251,0
tranco_benign_proxy,0,0.959312022713057,1
phishtank,1,0.9968336707728835,1
tranco_benign_proxy,0,0.20383396453073213,0
tranco_benign_proxy,0,0.3309933918204216,0
tranco_benign_proxy,0,0.26528121031026114,0
tranco_benign_proxy,0,0.183183061665963,0
phishtank,1,0.9759397566986238,1
phishtank,1,0.999058685633911,1
tranco_benign_proxy,0,0.38305134761075865,0
phishtank,1,0.9930203803006429,1
tranco_benign_proxy,0,0.12479980033085211,0
tranco_benign_proxy,0,0.09652358752307756,0
tranco_benign_proxy,0,0.9550986523713232,1
tranco_benign_proxy,0,0.04278747858678787,0
phishtank,1,0.9999066496106687,1
tranco_benign_proxy,0,0.3176517192485526,0
tranco_benign_proxy,0,0.10793442581378093,0
phishtank,1,0.946346459128257,1
tranco_benign_proxy,0,0.19096892799181658,0
tranco_benign_proxy,0,0.05556370078942882,0
tranco_benign_proxy,0,0.0591206096348088,0
tranco_benign_proxy,0,0.9572721945538897,1
tranco_benign_proxy,0,0.21421292881305762,0
phishtank,1,0.9982944839059168,1
phishtank,1,0.9919861724126641,1
phishtank,1,0.9997838587025973,1
tranco_benign_proxy,0,0.1739525450012185,0
tranco_benign_proxy,0,0.12441333817271642,0
phishtank,1,0.984423139358336,1
tranco_benign_proxy,0,0.0967099927577576,0
phishtank,1,0.9979033033632055,1
phishtank,1,0.9708764781134093,1
phishtank,1,0.5815295789993067,0
tranco_benign_proxy,0,0.9757240698121072,1
phishtank,1,0.997806573582246,1
phishtank,1,0.9614411169946284,1
tranco_benign_proxy,0,0.006584379403698251,0
tranco_benign_proxy,0,0.006144393668360768,0
phishtank,1,0.9924835580457122,1
tranco_benign_proxy,0,0.9401404391598989,1
phishtank,1,0.9882805474135371,1
phishtank,1,0.9997266898646073,1
phishtank,1,0.9906833951999509,1
tranco_benign_proxy,0,0.19479247646420575,0
phishtank,1,0.9998122327949978,1
tranco_benign_proxy,0,0.07933166697533302,0
phishtank,1,0.6724144901393707,0
phishtank,1,0.9681760995537874,1
tranco_benign_proxy,0,0.879911042940536,1
tranco_benign_proxy,0,0.9666119320340154,1
tranco_benign_proxy,0,0.12952126603722983,0
phishtank,1,0.9522553655612377,1
tranco_benign_proxy,0,0.04878077657674715,0
phishtank,1,0.9938171909081064,1
phishtank,1,0.6748273724011724,0
phishtank,1,0.9985559901285104,1
phishtank,1,0.1304244332420047,0
tranco_benign_proxy,0,0.5673379199130607,0
tranco_benign_proxy,0,0.029919299352419666,0
tranco_benign_proxy,0,0.07897012387406682,0
tranco_benign_proxy,0,0.44818182181163957,0
tranco_benign_proxy,0,0.04206843231211328,0
tranco_benign_proxy,0,0.9055175730142041,1
tranco_benign_proxy,0,0.5313222281625131,0
phishtank,1,0.1320063198168221,0
phishtank,1,0.9895108841142503,1
tranco_benign_proxy,0,0.21156275328521215,0
phishtank,1,0.9987190577489252,1
phishtank,1,0.844870772073064,1
tranco_benign_proxy,0,0.18325325295076003,0
tranco_benign_proxy,0,0.2855313838692823,0
tranco_benign_proxy,0,0.23981441864053413,0
phishtank,1,0.9999625662744142,1
tranco_benign_proxy,0,0.3949779121513294,0
tranco_benign_proxy,0,0.9405828740439919,1
phishtank,1,0.9994392971307753,1
phishtank,1,0.9528906100272476,1
tranco_benign_proxy,0,0.7265343363705115,0
phishtank,1,0.9999280709142635,1
phishtank,1,0.9830513919955153,1
tranco_benign_proxy,0,0.17156444128576137,0
phishtank,1,0.9805086147549612,1
phishtank,1,0.8264153240354751,1
tranco_benign_proxy,0,0.991324593437273,1
tranco_benign_proxy,0,0.07260610120606499,0
tranco_benign_proxy,0,0.7129404020376643,0
phishtank,1,0.9992878617096845,1
phishtank,1,0.9185312818228533,1
tranco_benign_proxy,0,0.9969717011973456,1
tranco_benign_proxy,0,0.2743889165256929,0
tranco_benign_proxy,0,0.12557918168244858,0
tranco_benign_proxy,0,0.23108184134327509,0
tranco_benign_proxy,0,0.11077730134351128,0
phishtank,1,0.9928696580331912,1
tranco_benign_proxy,0,0.21227366178370055,0
tranco_benign_proxy,0,0.05285661894282923,0
tranco_benign_proxy,0,0.1319277543633599,0
phishtank,1,0.9680618113710774,1
phishtank,1,0.9986292861962675,1
tranco_benign_proxy,0,0.7720301553223471,1
phishtank,1,0.9929211399272959,1
tranco_benign_proxy,0,0.45054820189124073,0
tranco_benign_proxy,0,0.0765750474748302,0
tranco_benign_proxy,0,0.5650142297429547,0
tranco_benign_proxy,0,0.9305168767207502,1
tranco_benign_proxy,0,0.2969624641454031,0
tranco_benign_proxy,0,0.07256678085788264,0
tranco_benign_proxy,0,0.20827859379097638,0
tranco_benign_proxy,0,0.06435615876833725,0
tranco_benign_proxy,0,0.0032139502110251506,0
phishtank,1,0.9911636490158956,1
phishtank,1,0.997898129440526,1
phishtank,1,0.9954722191742273,1
phishtank,1,0.8833304662820152,1
tranco_benign_proxy,0,0.9399324098222569,1
tranco_benign_proxy,0,0.10480361862927022,0
phishtank,1,0.9998404509252666,1
tranco_benign_proxy,0,0.8585712844675607,1
tranco_benign_proxy,0,0.9607909057127569,1
phishtank,1,0.9982077845277486,1
phishtank,1,0.9978070528508001,1
phishtank,1,0.9493338174074994,1
tranco_benign_proxy,0,0.3287422252398912,0
phishtank,1,0.99495158169728,1
tranco_benign_proxy,0,0.985510348049769,1
tranco_benign_proxy,0,0.4869019269414614,0
tranco_benign_proxy,0,0.36305515566883956,0
phishtank,1,0.9957815280044151,1
tranco_benign_proxy,0,0.502670510378525,0
tranco_benign_proxy,0,0.4574933990220699,0
phishtank,1,0.9984738160472092,1
phishtank,1,0.9953818876416318,1
tranco_benign_proxy,0,0.052560575173594644,0
tranco_benign_proxy,0,0.8092854862190755,1
phishtank,1,0.9826095751246654,1
tranco_benign_proxy,0,0.25432614618466476,0
phishtank,1,0.7824688313091371,1
phishtank,1,0.9986002651157517,1
phishtank,1,0.9884989625865529,1
phishtank,1,0.9984791081202927,1
tranco_benign_proxy,0,0.14801202863600307,0
tranco_benign_proxy,0,0.2034749523437943,0
phishtank,1,0.9991207843044617,1
tranco_benign_proxy,0,0.44192557780160957,0
phishtank,1,0.4790219779518744,0
tranco_benign_proxy,0,0.414668108494413,0
phishtank,1,0.8142519067856938,1
tranco_benign_proxy,0,0.9980025330210158,1
tranco_benign_proxy,0,0.11333898125401341,0
phishtank,1,0.9984988629130401,1
tranco_benign_proxy,0,0.6691725299030363,0
phishtank,1,0.9915153944846244,1
phishtank,1,0.9422644447170229,1
phishtank,1,0.9936194896762645,1
phishtank,1,0.9919107200049928,1
tranco_benign_proxy,0,0.13313838329281827,0
phishtank,1,0.8524757759310567,1
tranco_benign_proxy,0,0.7356758040303755,0
tranco_benign_proxy,0,0.7022354819397156,0
tranco_benign_proxy,0,0.6789923980430839,0
phishtank,1,0.9973539748431777,1
tranco_benign_proxy,0,0.9458649647155978,1
phishtank,1,0.9402489578055834,1
tranco_benign_proxy,0,0.6795101730685174,0
phishtank,1,0.9975284805698875,1
tranco_benign_proxy,0,0.42621056829698784,0
phishtank,1,0.9998691912728693,1
tranco_benign_proxy,0,0.7024194229746575,0
tranco_benign_proxy,0,0.1532221938328507,0
phishtank,1,0.9929842476966471,1
phishtank,1,0.37198076804367014,0
phishtank,1,0.9991722086296978,1
tranco_benign_proxy,0,0.615186060594131,0
phishtank,1,0.9843275134488125,1
phishtank,1,0.9994997680263109,1
tranco_benign_proxy,0,0.19768011066977054,0
phishtank,1,0.47190194091947213,0
tranco_benign_proxy,0,0.3188602057488118,0
tranco_benign_proxy,0,0.9303192809081245,1
phishtank,1,0.9991450413087692,1
phishtank,1,0.29720174773218405,0
phishtank,1,0.9905469201990447,1
phishtank,1,0.9916290403214522,1
tranco_benign_proxy,0,0.7163699627895231,0
phishtank,1,0.9853839344767908,1
tranco_benign_proxy,0,0.5862112587955053,0
tranco_benign_proxy,0,0.44771335170798143,0
phishtank,1,0.9855865293898933,1
tranco_benign_proxy,0,0.3165331763175341,0
tranco_benign_proxy,0,0.9600608669387242,1
phishtank,1,0.972832761091276,1
phishtank,1,0.48481048626195355,0
tranco_benign_proxy,0,0.572052424744181,0
phishtank,1,0.9890453761631361,1
tranco_benign_proxy,0,0.33963352402176544,0
tranco_benign_proxy,0,0.9509400447726373,1
phishtank,1,0.9978915334595967,1
tranco_benign_proxy,0,0.8205475553522491,1
tranco_benign_proxy,0,0.0159223119895523,0
tranco_benign_proxy,0,0.2544268675016002,0
tranco_benign_proxy,0,0.9182496003738916,1
tranco_benign_proxy,0,0.21110937875977823,0
phishtank,1,0.9966127537718593,1
phishtank,1,0.9914508533985301,1
phishtank,1,0.9823723767288817,1
tranco_benign_proxy,0,0.7332091337551927,0
phishtank,1,0.984796557056609,1
phishtank,1,0.6727401639540692,0
tranco_benign_proxy,0,0.4175206491260723,0
phishtank,1,0.9999548659760281,1
phishtank,1,0.9999601083173993,1
tranco_benign_proxy,0,0.20140197795245526,0
tranco_benign_proxy,0,0.8567469221134296,1
tranco_benign_proxy,0,0.8660137091807173,1
phishtank,1,0.9831397688609295,1
tranco_benign_proxy,0,0.8446148104499533,1
tranco_benign_proxy,0,0.030908838601902907,0
tranco_benign_proxy,0,0.03024860592894302,0
phishtank,1,0.9866063403245863,1
phishtank,1,0.9233960335259568,1
tranco_benign_proxy,0,0.17650340588162816,0
phishtank,1,0.46836889480528465,0
tranco_benign_proxy,0,0.47423917053614556,0
phishtank,1,0.8869055097418841,1
tranco_benign_proxy,0,0.013269071188346115,0
phishtank,1,0.9945181862742076,1
phishtank,1,0.9822734278709013,1
phishtank,1,0.9975960828038154,1
tranco_benign_proxy,0,0.40757548889586737,0
phishtank,1,0.5938200491170919,0
tranco_benign_proxy,0,0.8011378207039456,1
tranco_benign_proxy,0,0.21383722557824325,0
tranco_benign_proxy,0,0.16925357240631983,0
tranco_benign_proxy,0,0.6780279553603917,0
phishtank,1,0.9982410354419249,1
phishtank,1,0.9757118313725737,1
tranco_benign_proxy,0,0.44202740985815747,0
phishtank,1,0.9871481490792504,1
phishtank,1,0.9307582929832698,1
tranco_benign_proxy,0,0.5005303971912308,0
tranco_benign_proxy,0,0.6972128015859936,0
phishtank,1,0.9934801491702533,1
phishtank,1,0.991094226968609,1
tranco_benign_proxy,0,0.21228324609286353,0
tranco_benign_proxy,0,0.9036639567096919,1
phishtank,1,0.9991037342761135,1
phishtank,1,0.9997363320435664,1
phishtank,1,0.8362305098391223,1
tranco_benign_proxy,0,0.9520415817942689,1
tranco_benign_proxy,0,0.31489399750700475,0
phishtank,1,0.7064753965707523,0
tranco_benign_proxy,0,0.16883643428057876,0
tranco_benign_proxy,0,0.6432444800709232,0
phishtank,1,0.9987401402765295,1
tranco_benign_proxy,0,0.28584693412063694,0
tranco_benign_proxy,0,0.12944027457373714,0
tranco_benign_proxy,0,0.7162953083788411,0
tranco_benign_proxy,0,0.25763093270591403,0
phishtank,1,0.9988819684264191,1
tranco_benign_proxy,0,0.13116881722360632,0
tranco_benign_proxy,0,0.25765812395649995,0
phishtank,1,0.9982238040733996,1
phishtank,1,0.9760614380636523,1
phishtank,1,0.7241794356375293,0
phishtank,1,0.9875670654974983,1
phishtank,1,0.9449952385395793,1
tranco_benign_proxy,0,0.6911827919840775,0
tranco_benign_proxy,0,0.12954002420806068,0
phishtank,1,0.9959962828568879,1
phishtank,1,0.9941572434365058,1
tranco_benign_proxy,0,0.02946109689586109,0
tranco_benign_proxy,0,0.03723224062021954,0
tranco_benign_proxy,0,0.09791398971574342,0
phishtank,1,0.8597668356267032,1
tranco_benign_proxy,0,0.19154700997041182,0
phishtank,1,0.9933506561884825,1
phishtank,1,0.9884685670330571,1
tranco_benign_proxy,0,0.9909213556291502,1
phishtank,1,0.9998603019206441,1
tranco_benign_proxy,0,0.8172210577951656,1
phishtank,1,0.9803676330106378,1
tranco_benign_proxy,0,0.7050249556760269,0
tranco_benign_proxy,0,0.15600957356058673,0
phishtank,1,0.6649724717554296,0
tranco_benign_proxy,0,0.12902829397693683,0
phishtank,1,0.8885379475659194,1
phishtank,1,0.9993242718821417,1
tranco_benign_proxy,0,0.12968887640918597,0
phishtank,1,0.9375469592125961,1
phishtank,1,0.9857108035884914,1
phishtank,1,0.657806515377727,0
phishtank,1,0.9993349995208353,1
phishtank,1,0.9774275450680545,1
phishtank,1,0.9969859040140565,1
phishtank,1,0.9940813505589451,1
phishtank,1,0.9275161702392739,1
phishtank,1,0.994254467198564,1
phishtank,1,0.6127863619658349,0
phishtank,1,0.9846141862108682,1
tranco_benign_proxy,0,0.15433893120761305,0
phishtank,1,0.9971629365121744,1
phishtank,1,0.9915009342690232,1
tranco_benign_proxy,0,0.33374161615806613,0
phishtank,1,0.4384158486987129,0
tranco_benign_proxy,0,0.9875012800077344,1
phishtank,1,0.8872336368940845,1
phishtank,1,0.9883605866869357,1
phishtank,1,0.9996158643661254,1
phishtank,1,0.9863291738277387,1
tranco_benign_proxy,0,0.10590955886830647,0
phishtank,1,0.9893514895691456,1
tranco_benign_proxy,0,0.9710384007076505,1
phishtank,1,0.9646489974198004,1
tranco_benign_proxy,0,0.8416473676272965,1
phishtank,1,0.9993503580087709,1
tranco_benign_proxy,0,0.1646442356989182,0
phishtank,1,0.9313838898869844,1
phishtank,1,0.9899829657972165,1
phishtank,1,0.980408336073362,1
phishtank,1,0.9978162768785043,1
tranco_benign_proxy,0,0.23599934428625155,0
phishtank,1,0.40332005416340483,0
tranco_benign_proxy,0,0.14832472100759575,0
phishtank,1,0.9997528402096905,1
tranco_benign_proxy,0,0.5475090111312603,0
phishtank,1,0.9996537653454228,1
phishtank,1,0.9824877250412368,1
phishtank,1,0.9416286136496291,1
phishtank,1,0.9424774130350423,1
phishtank,1,0.36285216387879876,0
phishtank,1,0.9916322514909399,1
phishtank,1,0.29540411290008345,0
phishtank,1,0.9683589325775955,1
tranco_benign_proxy,0,0.776197852282044,1
tranco_benign_proxy,0,0.09105834627980179,0
tranco_benign_proxy,0,0.19868357540822743,0
phishtank,1,0.9999294535912886,1
phishtank,1,0.08137800232744534,0
phishtank,1,0.9234779785383475,1
phishtank,1,0.9984103957397179,1
tranco_benign_proxy,0,0.03534419819503961,0
phishtank,1,0.9943837400995388,1
tranco_benign_proxy,0,0.40229975813425933,0
tranco_benign_proxy,0,0.8367525288812457,1
tranco_benign_proxy,0,0.0537470365163913,0
tranco_benign_proxy,0,0.13980649611893298,0
phishtank,1,0.9993488740807314,1
phishtank,1,0.9996188950488112,1
phishtank,1,0.9944182866809037,1
phishtank,1,0.9999323944702303,1
phishtank,1,0.6532662472756244,0
phishtank,1,0.9994503462120508,1
phishtank,1,0.999361176628829,1
phishtank,1,0.999972345466554,1
tranco_benign_proxy,0,0.5932977158029266,0
phishtank,1,0.9978542071411842,1
tranco_benign_proxy,0,0.243836465305928,0
phishtank,1,0.8742758024793289,1
phishtank,1,0.999224250442189,1
phishtank,1,0.9788094321235996,1
phishtank,1,0.9974522821470664,1
phishtank,1,0.9956310557278235,1
phishtank,1,0.9229493068289802,1
tranco_benign_proxy,0,0.15569264248716846,0
tranco_benign_proxy,0,0.5545344023203163,0
tranco_benign_proxy,0,0.012977364105873171,0
tranco_benign_proxy,0,0.04532434602256419,0
phishtank,1,0.7936912675443939,1
tranco_benign_proxy,0,0.06491565318380105,0
phishtank,1,0.9362954328334783,1
tranco_benign_proxy,0,0.11613870655405721,0
phishtank,1,0.9310608195294947,1
tranco_benign_proxy,0,0.5873379068519688,0
tranco_benign_proxy,0,0.6468308438486522,0
tranco_benign_proxy,0,0.727981768402872,0
phishtank,1,0.999214808737328,1
phishtank,1,0.9998149072330742,1
phishtank,1,0.9997627036716191,1
phishtank,1,0.9991366356992594,1
tranco_benign_proxy,0,0.3992157568607028,0
tranco_benign_proxy,0,0.09450206583914633,0
phishtank,1,0.9363137624449425,1
tranco_benign_proxy,0,0.009056395158478264,0
phishtank,1,0.9995502299510874,1
phishtank,1,0.44555115551194063,0
phishtank,1,0.9374065592706861,1
phishtank,1,0.9859110497535859,1
tranco_benign_proxy,0,0.6024684659844219,0
tranco_benign_proxy,0,0.08007378614064047,0
tranco_benign_proxy,0,0.25859843811335,0
phishtank,1,0.9889785115100881,1
phishtank,1,0.9998656248095722,1
phishtank,1,0.9868682627262282,1
tranco_benign_proxy,0,0.03668427988276897,0
tranco_benign_proxy,0,0.07897605958429071,0
tranco_benign_proxy,0,0.2053978884632454,0
tranco_benign_proxy,0,0.20069120232969484,0
phishtank,1,0.9817009964548868,1
phishtank,1,0.9202514257344323,1
tranco_benign_proxy,0,0.3016905514787014,0
phishtank,1,0.9965449284475877,1
phishtank,1,0.9811839909292528,1
tranco_benign_proxy,0,0.39664054228951934,0
phishtank,1,0.9774393786664457,1
phishtank,1,0.9981601539753733,1
phishtank,1,0.7134650887108432,0
phishtank,1,0.9999672883545964,1
phishtank,1,0.9582827119432689,1
phishtank,1,0.9845484088480081,1
phishtank,1,0.9836169009577981,1
tranco_benign_proxy,0,0.014854858990577088,0
tranco_benign_proxy,0,0.3941244403574083,0
tranco_benign_proxy,0,0.026994711553234265,0
tranco_benign_proxy,0,0.1373176876256827,0
phishtank,1,0.9548947394515629,1
tranco_benign_proxy,0,0.014897134560586141,0
tranco_benign_proxy,0,0.14060936774095942,0
phishtank,1,0.9954862120565918,1
tranco_benign_proxy,0,0.2521421232311427,0
tranco_benign_proxy,0,0.6404195408018456,0
phishtank,1,0.998652251488405,1
tranco_benign_proxy,0,0.16970688762360647,0
tranco_benign_proxy,0,0.33883762161038583,0
phishtank,1,0.9626972633214984,1
phishtank,1,0.9617138670175284,1
tranco_benign_proxy,0,0.2086652233156536,0
tranco_benign_proxy,0,0.14403452835861255,0
phishtank,1,0.9086027204235527,1
phishtank,1,0.9988482124522059,1
phishtank,1,0.09335852783100639,0
phishtank,1,0.8732937371137555,1
phishtank,1,0.9905517638948254,1
tranco_benign_proxy,0,0.33504392755134516,0
tranco_benign_proxy,0,0.4849439136641928,0
phishtank,1,0.4263904135390222,0
tranco_benign_proxy,0,0.24684106792130558,0
tranco_benign_proxy,0,0.5733876815406319,0
phishtank,1,0.3624507214670652,0
phishtank,1,0.9992201826287067,1
phishtank,1,0.9711866755747911,1
tranco_benign_proxy,0,0.3688018882407284,0
phishtank,1,0.988504419577354,1
phishtank,1,0.9780281278794264,1
phishtank,1,0.8908090898545719,1
phishtank,1,0.9725637210676623,1
tranco_benign_proxy,0,0.012409696462971588,0
phishtank,1,0.9997632141975301,1
phishtank,1,0.9995650701702977,1
tranco_benign_proxy,0,0.07928567857007827,0
phishtank,1,0.9945823726911347,1
phishtank,1,0.9870271980973756,1
phishtank,1,0.9987402421425644,1
tranco_benign_proxy,0,0.8802031549050764,1
tranco_benign_proxy,0,0.6093095200978239,0
phishtank,1,0.959928913043424,1
tranco_benign_proxy,0,0.0654104894274337,0
phishtank,1,0.831117199251141,1
phishtank,1,0.6063966149646917,0
tranco_benign_proxy,0,0.4645032627338318,0
tranco_benign_proxy,0,0.0980004097198824,0
tranco_benign_proxy,0,0.1536409390034175,0
tranco_benign_proxy,0,0.3150619847181596,0
phishtank,1,0.9817670472308062,1
phishtank,1,0.9993384043244565,1
tranco_benign_proxy,0,0.41748323403787596,0
phishtank,1,0.6111120906595021,0
phishtank,1,0.9491228958256545,1
tranco_benign_proxy,0,0.31868514159265615,0
phishtank,1,0.8822935050237366,1
phishtank,1,0.9865998101832713,1
tranco_benign_proxy,0,0.01687388770462161,0
tranco_benign_proxy,0,0.22211906816250743,0
tranco_benign_proxy,0,0.9281161635521651,1
phishtank,1,0.998366885778796,1
tranco_benign_proxy,0,0.03671665461851691,0
tranco_benign_proxy,0,0.007339675198981113,0
tranco_benign_proxy,0,0.9883405169735077,1
phishtank,1,0.9970181703982302,1
tranco_benign_proxy,0,0.0653091707420943,0
phishtank,1,0.013796849008110963,0
tranco_benign_proxy,0,0.17344626042480632,0
phishtank,1,0.9967419719983207,1
tranco_benign_proxy,0,0.23540387985263914,0
tranco_benign_proxy,0,0.39913408840528186,0
tranco_benign_proxy,0,0.130052309551641,0
tranco_benign_proxy,0,0.11206597925989518,0
phishtank,1,0.993203141873097,1
tranco_benign_proxy,0,0.4741991974356465,0
tranco_benign_proxy,0,0.1725088013577933,0
tranco_benign_proxy,0,0.003935453112396423,0
tranco_benign_proxy,0,0.13453154992434735,0
phishtank,1,0.5556732466733241,0
tranco_benign_proxy,0,0.8754860612910669,1
tranco_benign_proxy,0,0.4272678724940852,0
phishtank,1,0.9880475660711562,1
tranco_benign_proxy,0,0.5046888828921985,0
tranco_benign_proxy,0,0.39761291683774885,0
phishtank,1,0.257891466061953,0
phishtank,1,0.99816278942597,1
phishtank,1,0.9876129709904224,1
phishtank,1,0.9942452874110709,1
phishtank,1,0.9805627761837332,1
phishtank,1,0.8401624893575059,1
phishtank,1,0.998605173552361,1
tranco_benign_proxy,0,0.043177953030251966,0
tranco_benign_proxy,0,0.0900316585498614,0
tranco_benign_proxy,0,0.7689498408628593,1
phishtank,1,0.7507436779241596,0
phishtank,1,0.3619391517470231,0
tranco_benign_proxy,0,0.0971773878217145,0
tranco_benign_proxy,0,0.08725514364854971,0
phishtank,1,0.9214436241503424,1
phishtank,1,0.9792075767871048,1
tranco_benign_proxy,0,0.9705995157576687,1
tranco_benign_proxy,0,0.37043244157855243,0
phishtank,1,0.9934824840807706,1
phishtank,1,0.9997942702615774,1
phishtank,1,0.9891663447001857,1
tranco_benign_proxy,0,0.07327672686789614,0
phishtank,1,0.9993350678970725,1
phishtank,1,0.994225148342625,1
phishtank,1,0.992631648911401,1
tranco_benign_proxy,0,0.16438519999694598,0
phishtank,1,0.9871724752458514,1
phishtank,1,0.9970620198223102,1
phishtank,1,0.9965124086118725,1
tranco_benign_proxy,0,0.13035092562198083,0
tranco_benign_proxy,0,0.18926918268143605,0
tranco_benign_proxy,0,0.03407720587785324,0
tranco_benign_proxy,0,0.7166380866067554,0
tranco_benign_proxy,0,0.29704545390975917,0
tranco_benign_proxy,0,0.043472727383595956,0
phishtank,1,0.9993030937314635,1
phishtank,1,0.9989669194417753,1
phishtank,1,0.9999385592915759,1
phishtank,1,0.9967166067586641,1
phishtank,1,0.9994750683091418,1
phishtank,1,0.9999740437117357,1
tranco_benign_proxy,0,0.6817685205736401,0
tranco_benign_proxy,0,0.9391487219838137,1
phishtank,1,0.9999501853155028,1
phishtank,1,0.9948413148074555,1
phishtank,1,0.9986787956167064,1
phishtank,1,0.5540059227529461,0
phishtank,1,0.9991934464636016,1
phishtank,1,0.9991350296234024,1
tranco_benign_proxy,0,0.8164184513282686,1
phishtank,1,0.996888618939369,1
tranco_benign_proxy,0,0.9245627124403926,1
phishtank,1,0.9798247031368145,1
phishtank,1,0.9952878366012043,1
phishtank,1,0.9705528923095593,1
phishtank,1,0.9997991543842507,1
tranco_benign_proxy,0,0.03463096453846366,0
tranco_benign_proxy,0,0.9534639764767514,1
tranco_benign_proxy,0,0.09005517023286122,0
tranco_benign_proxy,0,0.140289075734399,0
tranco_benign_proxy,0,0.0001930037651404359,0
tranco_benign_proxy,0,0.10238713628809135,0
tranco_benign_proxy,0,0.30614639432166585,0
phishtank,1,0.6386231829144465,0
phishtank,1,0.8466055087637533,1
tranco_benign_proxy,0,0.02899392838369784,0
tranco_benign_proxy,0,0.979106586637704,1
tranco_benign_proxy,0,0.19932898863272264,0
tranco_benign_proxy,0,0.1481285383559759,0
phishtank,1,0.9680658161010725,1
tranco_benign_proxy,0,0.9774389795143134,1
phishtank,1,0.9879487697433048,1
phishtank,1,0.6191091770942194,0
phishtank,1,0.12037021707036819,0
phishtank,1,0.9855100268497091,1
phishtank,1,0.9042817113286992,1
tranco_benign_proxy,0,0.060535130734958205,0
tranco_benign_proxy,0,0.00842418781817921,0
phishtank,1,0.9284838866115679,1
tranco_benign_proxy,0,0.06776664333683115,0
tranco_benign_proxy,0,0.15850159676493342,0
tranco_benign_proxy,0,0.11901853294373113,0
phishtank,1,0.08791564461009034,0
phishtank,1,0.57661138690761,0
phishtank,1,0.980978116539709,1
tranco_benign_proxy,0,0.967710777965624,1
tranco_benign_proxy,0,0.8309897679170535,1
tranco_benign_proxy,0,0.1137171273966517,0
phishtank,1,0.9290829619070216,1
tranco_benign_proxy,0,0.026841236933879534,0
tranco_benign_proxy,0,0.006217976639904535,0
phishtank,1,0.9952078144996269,1
phishtank,1,0.9389562979235881,1
phishtank,1,0.9975956176013114,1
phishtank,1,0.9922141522278403,1
tranco_benign_proxy,0,0.5326310418299189,0
phishtank,1,0.9750272853021097,1
tranco_benign_proxy,0,0.8626976395601815,1
phishtank,1,0.9843308672058724,1
phishtank,1,0.9041325604527725,1
tranco_benign_proxy,0,0.3136343748668558,0
phishtank,1,0.9261481755814671,1
phishtank,1,0.9998711796394706,1
tranco_benign_proxy,0,0.15072600558350283,0
phishtank,1,0.9914041402522786,1
tranco_benign_proxy,0,0.9867550363123143,1
phishtank,1,0.4310731151511002,0
phishtank,1,0.9247867203291985,1
tranco_benign_proxy,0,0.18892987716527238,0
tranco_benign_proxy,0,0.22570278311466496,0
tranco_benign_proxy,0,0.07880469599879644,0
phishtank,1,0.8707772664981452,1
tranco_benign_proxy,0,0.14913139114922,0
tranco_benign_proxy,0,0.15199347197994842,0
tranco_benign_proxy,0,0.07886301594759383,0
phishtank,1,0.2350225748785938,0
phishtank,1,0.8236949960107699,1
tranco_benign_proxy,0,0.43923786033658174,0
phishtank,1,0.5426306336671299,0
tranco_benign_proxy,0,0.39948941773423163,0
phishtank,1,0.855415658656274,1
tranco_benign_proxy,0,0.3885674962168724,0
tranco_benign_proxy,0,0.13008389800326506,0
phishtank,1,0.7724849215623986,1
phishtank,1,0.9999845588347533,1
phishtank,1,0.12264642901528934,0
phishtank,1,0.9799335731570491,1
phishtank,1,0.9970105032216131,1
phishtank,1,0.9327851895991646,1
tranco_benign_proxy,0,0.3328104905679461,0
tranco_benign_proxy,0,0.2765948570416508,0
tranco_benign_proxy,0,0.4013318116458604,0
phishtank,1,0.20883382822741048,0
tranco_benign_proxy,0,0.17616469741097912,0
phishtank,1,0.9963938266306128,1
tranco_benign_proxy,0,0.20103720943583633,0
phishtank,1,0.6224957933696631,0
tranco_benign_proxy,0,0.5655340159063299,0
phishtank,1,0.9994150064899544,1
phishtank,1,0.9087603808666865,1
tranco_benign_proxy,0,0.03804842225652244,0
phishtank,1,0.9835013885514851,1
tranco_benign_proxy,0,0.26900732774971975,0
tranco_benign_proxy,0,0.41489538770707723,0
phishtank,1,0.9999767151940248,1
phishtank,1,0.9947274913056732,1
phishtank,1,0.994587102314316,1
phishtank,1,0.9617876683661363,1
phishtank,1,0.997492097976613,1
phishtank,1,0.999150151669021,1
phishtank,1,0.980706394137369,1
tranco_benign_proxy,0,0.009548569143776662,0
phishtank,1,0.886629625481449,1
tranco_benign_proxy,0,0.37925909208811565,0
phishtank,1,0.9965310023208882,1
phishtank,1,0.5242995045126198,0
phishtank,1,0.9364033112528665,1
phishtank,1,0.9619023546223101,1
phishtank,1,0.9999914893970037,1
phishtank,1,0.05309151228760584,0
tranco_benign_proxy,0,0.5238992176843627,0
phishtank,1,0.9973366563116512,1
phishtank,1,0.9986088472093538,1
phishtank,1,0.9960870722137077,1
phishtank,1,0.9875303490582205,1
phishtank,1,0.994079229329923,1
tranco_benign_proxy,0,0.8452668509836404,1
tranco_benign_proxy,0,0.018846534318507448,0
phishtank,1,0.8432313425754734,1
phishtank,1,0.8528875859722458,1
phishtank,1,0.992489887403989,1
phishtank,1,0.998078933233947,1
phishtank,1,0.9867096346028835,1
tranco_benign_proxy,0,0.11832593470786876,0
phishtank,1,0.9873513506445678,1
tranco_benign_proxy,0,0.787972466466124,1
tranco_benign_proxy,0,0.6116150485258378,0
tranco_benign_proxy,0,0.18239606279987622,0
phishtank,1,0.996893555824041,1
tranco_benign_proxy,0,0.16210957186613753,0
phishtank,1,0.999462934869274,1
tranco_benign_proxy,0,0.7556062298254841,0
phishtank,1,0.9986348876846706,1
phishtank,1,0.9779238658209464,1
phishtank,1,0.9535213087489374,1
phishtank,1,0.9982593982495661,1
tranco_benign_proxy,0,0.2221301216944803,0
phishtank,1,0.43644313157623316,0
phishtank,1,0.9878356054218513,1
phishtank,1,0.22196237929233292,0
phishtank,1,0.9937485235443719,1
phishtank,1,0.981943930731441,1
tranco_benign_proxy,0,0.782994210041019,1
phishtank,1,0.9966244626090273,1
tranco_benign_proxy,0,0.14326825613340097,0
tranco_benign_proxy,0,0.19282087944085016,0
phishtank,1,0.8978155147763817,1
phishtank,1,0.988870211482532,1
tranco_benign_proxy,0,0.9646492597858985,1
tranco_benign_proxy,0,0.7699651039435166,1
tranco_benign_proxy,0,0.3891740741230138,0
tranco_benign_proxy,0,0.3357516066598003,0
tranco_benign_proxy,0,0.43314802210880343,0
phishtank,1,0.9993337232456492,1
phishtank,1,0.9326566903092993,1
phishtank,1,0.8843901160356222,1
tranco_benign_proxy,0,0.037525473289134324,0
phishtank,1,0.9986942705137907,1
phishtank,1,0.3135361497499408,0
tranco_benign_proxy,0,0.4862678223894182,0
phishtank,1,0.9836553700892785,1
tranco_benign_proxy,0,0.0414116255076934,0
phishtank,1,0.27228401736113933,0
phishtank,1,0.9928074800250072,1
tranco_benign_proxy,0,0.1310253168003006,0
phishtank,1,0.9992652231223771,1
phishtank,1,0.9998662566537679,1
tranco_benign_proxy,0,0.6786182071735424,0
phishtank,1,0.997064122261744,1
phishtank,1,0.9999816178883082,1
phishtank,1,0.9830117850957606,1
phishtank,1,0.9998815014200162,1
phishtank,1,0.9743461657951349,1
tranco_benign_proxy,0,0.018482413787166432,0
phishtank,1,0.9983081405634633,1
tranco_benign_proxy,0,0.22032585502012195,0
phishtank,1,0.9808667152526438,1
phishtank,1,0.9993895581470731,1
tranco_benign_proxy,0,0.3612162838194144,0
tranco_benign_proxy,0,0.11462705407619392,0
tranco_benign_proxy,0,0.31492734809773537,0
tranco_benign_proxy,0,0.9467090215740608,1
phishtank,1,0.9604618783485768,1
tranco_benign_proxy,0,0.04125749308786487,0
phishtank,1,0.999182991685973,1
phishtank,1,0.9994954130336603,1
tranco_benign_proxy,0,0.9682244278335334,1
phishtank,1,0.9444252037563423,1
tranco_benign_proxy,0,0.4480778664872111,0
phishtank,1,0.4517914946920507,0
tranco_benign_proxy,0,0.9809950354416579,1
phishtank,1,0.4980536217584866,0
phishtank,1,0.9983007901175243,1
phishtank,1,0.9986554814518942,1
tranco_benign_proxy,0,0.6827306121718077,0
tranco_benign_proxy,0,0.00041680954544519083,0
tranco_benign_proxy,0,0.02528144897887857,0
phishtank,1,0.967181589771689,1
phishtank,1,0.9811979816888854,1
phishtank,1,0.9952112422817402,1
phishtank,1,0.9976922180801339,1
tranco_benign_proxy,0,0.34904480559437634,0
phishtank,1,0.9875484769245197,1
tranco_benign_proxy,0,0.6339653050945215,0
phishtank,1,0.9999979509784905,1
tranco_benign_proxy,0,0.17769160914502974,0
phishtank,1,0.9778115761861085,1
phishtank,1,0.9665012337788127,1
tranco_benign_proxy,0,0.3770504843126827,0
tranco_benign_proxy,0,0.431521594672731,0
phishtank,1,0.9994966015215884,1
tranco_benign_proxy,0,0.48029555389655915,0
phishtank,1,0.9692159566518769,1
phishtank,1,0.9977245870179322,1
phishtank,1,0.9437040154736351,1
phishtank,1,0.9753458122360605,1
phishtank,1,0.998691460041558,1
phishtank,1,0.9527832484966791,1
tranco_benign_proxy,0,0.020595611778527482,0
tranco_benign_proxy,0,0.6375413568712591,0
tranco_benign_proxy,0,0.9971624185347091,1
phishtank,1,0.9844479266230491,1
phishtank,1,0.9980044926280582,1
tranco_benign_proxy,0,0.28978630353639967,0
phishtank,1,0.999466404677745,1
phishtank,1,0.9915301690331407,1
tranco_benign_proxy,0,0.46430371301555,0
phishtank,1,0.928700247930977,1
phishtank,1,0.977771545444327,1
phishtank,1,0.7268381009282993,0
phishtank,1,0.9980813840034285,1
phishtank,1,0.22972602698008968,0
phishtank,1,0.9903453597874474,1
tranco_benign_proxy,0,0.3412071922912679,0
tranco_benign_proxy,0,0.8863559875917603,1
tranco_benign_proxy,0,0.7897880764674159,1
phishtank,1,0.964255689996155,1
phishtank,1,0.050894234198597774,0
phishtank,1,0.9803593176268672,1
tranco_benign_proxy,0,0.0491013392222775,0
tranco_benign_proxy,0,0.07085516641123198,0
tranco_benign_proxy,0,0.06838274645937438,0
phishtank,1,0.1698690677137761,0
tranco_benign_proxy,0,0.3098686367234731,0
tranco_benign_proxy,0,0.5497263731065497,0
tranco_benign_proxy,0,0.21167184520220544,0
phishtank,1,0.9965066648381949,1
phishtank,1,0.960803697948606,1
phishtank,1,0.9965218912302305,1
tranco_benign_proxy,0,0.49770745532542,0
tranco_benign_proxy,0,0.06183867459165366,0
phishtank,1,0.9982542541031797,1
phishtank,1,0.9864713351811061,1
tranco_benign_proxy,0,0.09238933173265354,0
tranco_benign_proxy,0,0.06318995422281849,0
phishtank,1,0.97811163570727,1
tranco_benign_proxy,0,0.48263282789407524,0
tranco_benign_proxy,0,0.004305716302238545,0
phishtank,1,0.9893551291439664,1
phishtank,1,0.9989627956081025,1
tranco_benign_proxy,0,0.3777119005678172,0
phishtank,1,0.9883775912093947,1
tranco_benign_proxy,0,0.3318022572116136,0
phishtank,1,0.9886500808628856,1
phishtank,1,0.9999287210636327,1
phishtank,1,0.9993432812171835,1
phishtank,1,0.998589461626152,1
tranco_benign_proxy,0,0.607981253962701,0
tranco_benign_proxy,0,0.10332169619324238,0
tranco_benign_proxy,0,0.9925234834198932,1
phishtank,1,0.9964387760229317,1
phishtank,1,0.9998808300973508,1
tranco_benign_proxy,0,0.021082413462808352,0
phishtank,1,0.9844377678550206,1
tranco_benign_proxy,0,0.001204686694802325,0
phishtank,1,0.998662913728795,1
tranco_benign_proxy,0,0.1451542317648259,0
phishtank,1,0.9856494462596432,1
tranco_benign_proxy,0,0.4298450914307036,0
tranco_benign_proxy,0,0.11804323508357156,0
phishtank,1,0.9965179087084727,1
phishtank,1,0.9983688069351805,1
phishtank,1,0.98319352343206,1
phishtank,1,0.9892887597512707,1
phishtank,1,0.9994961504092859,1
phishtank,1,0.998014870341819,1
phishtank,1,0.43991861951767236,0
phishtank,1,0.2591646976977951,0
tranco_benign_proxy,0,0.9901180079940147,1
phishtank,1,0.999436073009126,1
tranco_benign_proxy,0,0.8829126896077049,1
tranco_benign_proxy,0,0.1784512156456045,0
phishtank,1,0.9991552267129689,1
tranco_benign_proxy,0,0.10701898116707786,0
phishtank,1,0.9774164712996368,1
tranco_benign_proxy,0,0.07076854038388815,0
phishtank,1,0.9992455571628827,1
phishtank,1,0.9204888086981661,1
phishtank,1,0.9968886276898877,1
phishtank,1,0.9996751606623658,1
phishtank,1,0.9881484202203471,1
phishtank,1,0.9993728422926558,1
tranco_benign_proxy,0,0.07154966785298068,0
tranco_benign_proxy,0,0.7240911033554439,0
tranco_benign_proxy,0,0.03884487555754566,0
tranco_benign_proxy,0,0.9870091756741817,1
tranco_benign_proxy,0,0.24384785377032586,0
phishtank,1,0.9916253407359635,1
tranco_benign_proxy,0,0.7218964989465024,0
phishtank,1,0.7243943797587135,0
phishtank,1,0.7895109435033505,1
phishtank,1,0.9846718199828363,1
phishtank,1,0.09048394244165103,0
phishtank,1,0.018299586728268626,0
phishtank,1,0.9825686224681344,1
tranco_benign_proxy,0,0.962146068079046,1
tranco_benign_proxy,0,0.412802816478907,0
phishtank,1,0.999077638604739,1
phishtank,1,0.9084881045114042,1
phishtank,1,0.9993922850878652,1
phishtank,1,0.9987351233246586,1
phishtank,1,0.9954187018817263,1
phishtank,1,0.6282050186257928,0
tranco_benign_proxy,0,0.03473636446982222,0
phishtank,1,0.9152051683377178,1
phishtank,1,0.9970554628378484,1
tranco_benign_proxy,0,0.06445182137229327,0
phishtank,1,0.9997381886900308,1
phishtank,1,0.9997900780740647,1
tranco_benign_proxy,0,0.1812053685965775,0
tranco_benign_proxy,0,0.27735880365277277,0
tranco_benign_proxy,0,0.9832938604180993,1
phishtank,1,0.9983410282044198,1
phishtank,1,0.19932766824759798,0
phishtank,1,0.84180630500833,1
phishtank,1,0.9868858670638337,1
tranco_benign_proxy,0,0.3552586098522566,0
phishtank,1,0.9971094971601617,1
tranco_benign_proxy,0,0.48222727318169445,0
phishtank,1,0.9992655634692589,1
phishtank,1,0.9993866230532934,1
phishtank,1,0.8702165918631202,1
phishtank,1,0.9991536127491345,1
tranco_benign_proxy,0,0.33325085229261553,0
tranco_benign_proxy,0,0.026883183399988984,0
tranco_benign_proxy,0,0.022588473856253934,0
phishtank,1,0.9973723972719257,1
phishtank,1,0.9828786192711692,1
tranco_benign_proxy,0,0.11632955324881053,0
phishtank,1,0.999355415644078,1
tranco_benign_proxy,0,0.8862078759703054,1
phishtank,1,0.053679544543277176,0
phishtank,1,0.9984590688365541,1
tranco_benign_proxy,0,0.4160179804856894,0
phishtank,1,0.745077848049056,0
phishtank,1,0.9904830134461887,1
phishtank,1,0.9515196916595615,1
tranco_benign_proxy,0,0.33519583807449493,0
tranco_benign_proxy,0,0.13299451764834316,0
phishtank,1,0.9964910866214596,1
phishtank,1,0.48608342378725794,0
tranco_benign_proxy,0,0.6823916444663958,0
phishtank,1,0.8846435370755596,1
tranco_benign_proxy,0,0.19639606116513042,0
tranco_benign_proxy,0,0.10635862318872827,0
tranco_benign_proxy,0,0.15389242506433806,0
phishtank,1,0.9817011354640577,1
tranco_benign_proxy,0,0.06715744756430181,0
phishtank,1,0.9990478071576673,1
tranco_benign_proxy,0,0.5525690145996762,0
tranco_benign_proxy,0,0.6342231162494074,0
tranco_benign_proxy,0,0.9972565781086766,1
phishtank,1,0.988320959856119,1
tranco_benign_proxy,0,0.18027291524262667,0
phishtank,1,0.933337194400057,1
phishtank,1,0.9982716944348738,1
phishtank,1,0.9995786339513051,1
tranco_benign_proxy,0,0.04267840985626128,0
tranco_benign_proxy,0,0.8615458492134398,1
tranco_benign_proxy,0,0.761899655855121,0
tranco_benign_proxy,0,0.1313554535310934,0
tranco_benign_proxy,0,0.056824518654639895,0
tranco_benign_proxy,0,0.9885511022604763,1
tranco_benign_proxy,0,0.3281124598817683,0
phishtank,1,0.9368809732876786,1
tranco_benign_proxy,0,0.10698396551307825,0
phishtank,1,0.9765365076963173,1
phishtank,1,0.1858024155484975,0
tranco_benign_proxy,0,0.10366421659546275,0
phishtank,1,0.9717371211674153,1
phishtank,1,0.9789103524649714,1
phishtank,1,0.8907320128102398,1
phishtank,1,0.9900478485377237,1
phishtank,1,0.9947105946396985,1
tranco_benign_proxy,0,0.06982001754568334,0
phishtank,1,0.6200908714884913,0
phishtank,1,0.9974157654396903,1
tranco_benign_proxy,0,0.0008007978204200326,0
phishtank,1,0.9901061636658927,1
tranco_benign_proxy,0,0.2150715539528117,0
phishtank,1,0.9890680673567709,1
phishtank,1,0.6762675699613523,0
tranco_benign_proxy,0,0.8138029794166979,1
phishtank,1,0.9977368397210616,1
phishtank,1,0.9722969711585593,1
tranco_benign_proxy,0,0.7359676449698235,0
tranco_benign_proxy,0,0.9862031021476985,1
phishtank,1,0.9985073334344824,1
tranco_benign_proxy,0,0.8758715773249468,1
phishtank,1,0.9625090186762925,1
phishtank,1,0.999999998717956,1
phishtank,1,0.510488738489448,0
phishtank,1,0.9999587821181004,1
phishtank,1,0.9437836476543127,1
tranco_benign_proxy,0,0.17216890226848475,0
tranco_benign_proxy,0,0.7668403919699741,0
phishtank,1,0.34770837598185667,0
phishtank,1,0.9221228629883919,1
phishtank,1,0.9980918207789784,1
phishtank,1,0.9965030632494466,1
tranco_benign_proxy,0,0.015473405164282226,0
phishtank,1,0.7547065489104143,0
phishtank,1,0.994551019754737,1
tranco_benign_proxy,0,0.011130263463873132,0
tranco_benign_proxy,0,0.9861650407527712,1
tranco_benign_proxy,0,0.884559363855154,1
phishtank,1,0.9868460240379732,1
tranco_benign_proxy,0,0.9800520476835494,1
phishtank,1,0.9963862631382806,1
phishtank,1,0.9789800000813198,1
tranco_benign_proxy,0,0.6977684768274238,0
tranco_benign_proxy,0,0.41759567172612805,0
tranco_benign_proxy,0,0.11375864329697143,0
tranco_benign_proxy,0,0.07626466401336786,0
phishtank,1,0.9908514822458675,1
tranco_benign_proxy,0,0.30321825179910017,0
tranco_benign_proxy,0,0.09033664423363333,0
tranco_benign_proxy,0,0.8472529166855151,1
tranco_benign_proxy,0,0.09779459445907401,0
tranco_benign_proxy,0,0.008623497659569782,0
phishtank,1,0.9775347697686475,1
phishtank,1,0.851060125161668,1
phishtank,1,0.10096955416161978,0
phishtank,1,0.9843154575381816,1
phishtank,1,0.5659517859983514,0
phishtank,1,0.9863284680269492,1
phishtank,1,0.9908017988307566,1
tranco_benign_proxy,0,0.46134772184826883,0
tranco_benign_proxy,0,0.9879540537751063,1
tranco_benign_proxy,0,0.01879285438891236,0
phishtank,1,0.972043799324099,1
tranco_benign_proxy,0,0.7893877760489398,1
tranco_benign_proxy,0,0.605628814246971,0
tranco_benign_proxy,0,0.10724114341206396,0
phishtank,1,0.9997056349083897,1
phishtank,1,0.27425201293222595,0
phishtank,1,0.9307541576602592,1
phishtank,1,0.06558723980206778,0
tranco_benign_proxy,0,0.964720303959107,1
phishtank,1,0.5420419573384376,0
tranco_benign_proxy,0,0.20225500334863095,0
phishtank,1,0.48829396713508555,0
tranco_benign_proxy,0,0.1913965910632673,0
tranco_benign_proxy,0,0.5715575327334147,0
phishtank,1,0.9956907029527202,1
phishtank,1,0.2512147136143989,0
tranco_benign_proxy,0,0.4200133599106548,0
phishtank,1,0.7782855116492124,1
tranco_benign_proxy,0,0.9694556625057709,1
tranco_benign_proxy,0,0.16637083570126227,0
phishtank,1,0.9810939175487474,1
phishtank,1,0.968029902059771,1
phishtank,1,0.9991820474488614,1
phishtank,1,0.9976284572010691,1
phishtank,1,0.35923017356262976,0
tranco_benign_proxy,0,0.7014117959676667,0
tranco_benign_proxy,0,0.488698263442611,0
phishtank,1,0.9514447308590621,1
phishtank,1,0.5776047132196402,0
tranco_benign_proxy,0,0.17197495912770014,0
tranco_benign_proxy,0,0.1425731638541627,0
tranco_benign_proxy,0,0.050195530523120285,0
tranco_benign_proxy,0,0.10017257541607696,0
phishtank,1,0.9995894658604689,1
tranco_benign_proxy,0,0.3769443849190698,0
phishtank,1,0.7757780206406419,1
tranco_benign_proxy,0,0.07475242231135999,0
tranco_benign_proxy,0,0.19586416381680413,0
phishtank,1,0.9998797557105918,1
tranco_benign_proxy,0,0.7341800371865279,0
tranco_benign_proxy,0,0.09209121433657554,0
tranco_benign_proxy,0,0.01797951782352336,0
tranco_benign_proxy,0,0.1349341278911868,0
phishtank,1,0.9422907932587927,1
tranco_benign_proxy,0,0.08522071659120742,0
tranco_benign_proxy,0,0.039559053898880724,0
phishtank,1,0.9573271858654872,1
phishtank,1,0.974740519499311,1
tranco_benign_proxy,0,0.41177555376222896,0
tranco_benign_proxy,0,0.8364924856668112,1
tranco_benign_proxy,0,0.2940957064730277,0
tranco_benign_proxy,0,0.5265521759674288,0
phishtank,1,0.9999248084679343,1
tranco_benign_proxy,0,0.0029899826155398903,0
phishtank,1,0.21492883613601352,0
tranco_benign_proxy,0,0.004766222075622797,0
tranco_benign_proxy,0,0.5541094214660032,0
phishtank,1,0.9955303779247727,1
phishtank,1,0.9818809582958518,1
tranco_benign_proxy,0,0.12338545596536805,0
phishtank,1,0.9952405945235497,1
tranco_benign_proxy,0,0.06909427077956143,0
tranco_benign_proxy,0,0.20141420937662186,0
phishtank,1,0.9572436153652171,1
tranco_benign_proxy,0,0.14815657908444027,0
phishtank,1,0.9730389028921922,1
tranco_benign_proxy,0,0.16354064989801848,0
tranco_benign_proxy,0,0.09963143153400217,0
tranco_benign_proxy,0,0.2121188554514683,0
tranco_benign_proxy,0,0.9597605185255365,1
phishtank,1,0.9999818769522371,1
tranco_benign_proxy,0,0.11833068373447664,0
tranco_benign_proxy,0,0.47289751961444554,0
phishtank,1,0.5329615402264697,0
phishtank,1,0.9991953661640722,1
phishtank,1,0.9951255433971025,1
phishtank,1,0.9926621270081312,1
phishtank,1,0.9998933450112975,1
tranco_benign_proxy,0,0.5999374423473975,0
phishtank,1,0.98127530298741,1
phishtank,1,0.9999989997819408,1
tranco_benign_proxy,0,0.21618103791331825,0
tranco_benign_proxy,0,0.5801036535345876,0
tranco_benign_proxy,0,0.16289158265374531,0
phishtank,1,0.1853838470708398,0
phishtank,1,0.9994887733572424,1
phishtank,1,0.9037890807055246,1
tranco_benign_proxy,0,0.25876335965504127,0
phishtank,1,0.232156537734228,0
tranco_benign_proxy,0,0.054941279871252524,0
tranco_benign_proxy,0,0.5441326946704624,0
tranco_benign_proxy,0,0.480626445014647,0
phishtank,1,0.9990059816880987,1
phishtank,1,0.9896729240565328,1
phishtank,1,0.9975006448255606,1
tranco_benign_proxy,0,0.12398857935200051,0
tranco_benign_proxy,0,0.09161272850045142,0
phishtank,1,0.9997533518237824,1
tranco_benign_proxy,0,0.21999680504412536,0
tranco_benign_proxy,0,0.1766263293553989,0
phishtank,1,0.9995528727252054,1
tranco_benign_proxy,0,0.08248687556707049,0
tranco_benign_proxy,0,0.4906212157549786,0
phishtank,1,0.9679878746027021,1
phishtank,1,0.993355278855164,1
phishtank,1,0.5890851670733622,0
tranco_benign_proxy,0,0.18356820574088115,0
tranco_benign_proxy,0,0.8884540377108008,1
tranco_benign_proxy,0,0.410164058497771,0
tranco_benign_proxy,0,0.06571940582098967,0
phishtank,1,0.9963675903711697,1
tranco_benign_proxy,0,0.4971310859774807,0
phishtank,1,0.12269660912247306,0
tranco_benign_proxy,0,0.7007198312663089,0
tranco_benign_proxy,0,0.05231809348982371,0
phishtank,1,0.9986389525465766,1
phishtank,1,0.9905144338726767,1
phishtank,1,0.9955528776856277,1
tranco_benign_proxy,0,0.5453444529609612,0
tranco_benign_proxy,0,0.40188079194182086,0
tranco_benign_proxy,0,0.807671185143903,1
tranco_benign_proxy,0,0.6841875478906061,0
tranco_benign_proxy,0,0.1741616835498376,0
tranco_benign_proxy,0,0.012517680803013059,0
phishtank,1,0.9978375403199685,1
phishtank,1,0.7168527269018802,0
tranco_benign_proxy,0,0.1956721740957237,0
tranco_benign_proxy,0,0.3158869227117908,0
phishtank,1,0.9989346125141816,1
tranco_benign_proxy,0,0.08414885001881625,0
tranco_benign_proxy,0,0.13013414056039835,0
tranco_benign_proxy,0,0.032171492495395526,0
tranco_benign_proxy,0,0.4025121899110497,0
phishtank,1,0.9988485661910583,1
tranco_benign_proxy,0,0.21571568248155054,0
phishtank,1,0.9411436605926148,1
phishtank,1,0.9865972727716107,1
tranco_benign_proxy,0,0.17068740063992704,0
tranco_benign_proxy,0,0.5068985151672232,0
tranco_benign_proxy,0,0.32601995985457083,0
tranco_benign_proxy,0,0.6208006298661258,0
phishtank,1,0.999874124239364,1
tranco_benign_proxy,0,0.040371456267439626,0
tranco_benign_proxy,0,0.03736039824083598,0
tranco_benign_proxy,0,0.866795460451595,1
tranco_benign_proxy,0,0.9367150346281287,1
phishtank,1,0.874912049791605,1
phishtank,1,0.9989089585859384,1
phishtank,1,0.9928612592562671,1
tranco_benign_proxy,0,0.3676837204337427,0
tranco_benign_proxy,0,0.8899828853766528,1
phishtank,1,0.9810637532827794,1
phishtank,1,0.9969324098565252,1
tranco_benign_proxy,0,0.049854179339337605,0
phishtank,1,0.9627047809127204,1
tranco_benign_proxy,0,0.6075442525344401,0
phishtank,1,0.973360964458571,1
phishtank,1,0.8979880923394755,1
phishtank,1,0.9552356399066414,1
phishtank,1,0.9910784870370772,1
tranco_benign_proxy,0,0.9018534460079198,1
phishtank,1,0.9999167945574466,1
tranco_benign_proxy,0,0.6509750641510103,0
tranco_benign_proxy,0,0.061925104686322896,0
phishtank,1,0.9988228210708903,1
tranco_benign_proxy,0,0.15348085213403057,0
tranco_benign_proxy,0,0.7839281998552954,1
phishtank,1,0.9834288506895718,1
tranco_benign_proxy,0,0.01555507211527648,0
phishtank,1,0.9808162263671478,1
phishtank,1,0.9995884901503066,1
tranco_benign_proxy,0,0.3840022981239238,0
phishtank,1,0.9876300556162997,1
tranco_benign_proxy,0,0.5744031456552933,0
phishtank,1,0.9796294661077997,1
tranco_benign_proxy,0,0.49543074436058865,0
tranco_benign_proxy,0,0.08911881982159661,0
tranco_benign_proxy,0,0.00879268093230601,0
tranco_benign_proxy,0,0.003585982941045655,0
phishtank,1,0.4552231325291427,0
phishtank,1,0.03702388610608707,0
tranco_benign_proxy,0,0.6569629938638528,0
phishtank,1,0.9982739688126233,1
phishtank,1,0.8977112565500458,1
phishtank,1,0.9566270805695694,1
tranco_benign_proxy,0,0.0776137460627915,0
tranco_benign_proxy,0,0.9160294691691245,1
tranco_benign_proxy,0,0.7587730257998221,0
phishtank,1,0.9908100921549998,1
phishtank,1,0.9977003247177066,1
tranco_benign_proxy,0,0.774023979006036,1
phishtank,1,0.9963998662710575,1
tranco_benign_proxy,0,0.10137403199521117,0
phishtank,1,0.9987263089016333,1
tranco_benign_proxy,0,0.41610601290000204,0
phishtank,1,0.9905411371095902,1
tranco_benign_proxy,0,0.398515836796189,0
phishtank,1,0.9715237647215611,1
tranco_benign_proxy,0,0.30366434909765033,0
tranco_benign_proxy,0,0.00869462630257047,0
phishtank,1,0.9666247524797721,1
phishtank,1,0.06358596712601501,0
phishtank,1,0.9998091857833563,1
tranco_benign_proxy,0,0.3028864359785713,0
tranco_benign_proxy,0,0.7459233352336194,0
tranco_benign_proxy,0,0.15122949533001823,0
tranco_benign_proxy,0,0.5545281340864558,0
tranco_benign_proxy,0,0.32488115419974395,0
phishtank,1,0.9993205961753961,1
tranco_benign_proxy,0,0.443235612393237,0
phishtank,1,0.9703477209787442,1
phishtank,1,0.929257556142877,1
phishtank,1,0.999992290874304,1
tranco_benign_proxy,0,0.27733141666674993,0
phishtank,1,0.9819862291366304,1
phishtank,1,0.9867726289380753,1
phishtank,1,0.3439481223650799,0
phishtank,1,0.9999963860336357,1
tranco_benign_proxy,0,0.9665267484936665,1
tranco_benign_proxy,0,0.01653915463864998,0
phishtank,1,0.9822029310142899,1
phishtank,1,0.8715152576317583,1
tranco_benign_proxy,0,0.16420491797557363,0
tranco_benign_proxy,0,0.3895360071156579,0
tranco_benign_proxy,0,0.24974671724030137,0
tranco_benign_proxy,0,0.7505202598959623,0
phishtank,1,0.9996762948316525,1
phishtank,1,0.9981142061291598,1
tranco_benign_proxy,0,0.6582369387003938,0
phishtank,1,0.9898299986434408,1
tranco_benign_proxy,0,0.34512680396750384,0
tranco_benign_proxy,0,0.5698622952326089,0
phishtank,1,0.9976308180580009,1
tranco_benign_proxy,0,0.7013819135916212,0
phishtank,1,0.9964199665776297,1
phishtank,1,0.9977736834008026,1
phishtank,1,0.4063262162591142,0
phishtank,1,0.997565942865595,1
phishtank,1,0.9996123444839099,1
tranco_benign_proxy,0,0.657067065969717,0
phishtank,1,0.9996911780731768,1
tranco_benign_proxy,0,0.48712679342310733,0
tranco_benign_proxy,0,0.05398165437123008,0
tranco_benign_proxy,0,0.10714723778205323,0
phishtank,1,0.9945736832632781,1
tranco_benign_proxy,0,0.8281175247085595,1
tranco_benign_proxy,0,0.14099232722581284,0
phishtank,1,0.9927524460236796,1
phishtank,1,0.8151908132819136,1
phishtank,1,0.9750352711808029,1
phishtank,1,0.9999708071739578,1
tranco_benign_proxy,0,0.36690423022305513,0
tranco_benign_proxy,0,0.48927429899345026,0
phishtank,1,0.9872745817988577,1
tranco_benign_proxy,0,0.16141286347986383,0
phishtank,1,0.8214312105279634,1
tranco_benign_proxy,0,0.36560262851251274,0
tranco_benign_proxy,0,0.2967167369966073,0
tranco_benign_proxy,0,0.6916485633359769,0
phishtank,1,0.6534915954502882,0
tranco_benign_proxy,0,0.8179723832485563,1
phishtank,1,0.9980619968465028,1
tranco_benign_proxy,0,0.08793604914518231,0
tranco_benign_proxy,0,0.090461406004491,0
phishtank,1,0.9999655474034319,1
phishtank,1,0.1866860822704041,0
tranco_benign_proxy,0,0.17263615340554403,0
phishtank,1,0.9580490095937346,1
phishtank,1,0.39851016521476146,0
tranco_benign_proxy,0,0.8441993246982532,1
phishtank,1,0.9924314711564183,1
tranco_benign_proxy,0,0.9630048611111017,1
phishtank,1,0.586403703418985,0
phishtank,1,0.0187265498915652,0
phishtank,1,0.5992596227540797,0
tranco_benign_proxy,0,0.04879706685984653,0
phishtank,1,0.9962421640953807,1
tranco_benign_proxy,0,0.199594802118176,0
phishtank,1,0.17106839900482987,0
tranco_benign_proxy,0,0.9893922903661112,1
phishtank,1,0.9478209862646674,1
tranco_benign_proxy,0,0.5092657928703604,0
tranco_benign_proxy,0,0.1364563620724998,0
phishtank,1,0.951751062624843,1
phishtank,1,0.9227287984700404,1
phishtank,1,0.9891028228044151,1
tranco_benign_proxy,0,0.49085154928943997,0
tranco_benign_proxy,0,0.861030345520915,1
tranco_benign_proxy,0,0.6798062231570831,0
phishtank,1,0.9115784520148101,1
tranco_benign_proxy,0,0.10119628884350193,0
tranco_benign_proxy,0,0.10053696861373111,0
tranco_benign_proxy,0,0.1365679723750043,0
tranco_benign_proxy,0,0.9475050750887046,1
phishtank,1,0.9977975586863583,1
tranco_benign_proxy,0,0.8168026907682578,1
phishtank,1,0.9890139285620355,1
tranco_benign_proxy,0,0.045550293506444,0
tranco_benign_proxy,0,0.22030239873837873,0
tranco_benign_proxy,0,0.08560466653292799,0
tranco_benign_proxy,0,0.2504694130898496,0
tranco_benign_proxy,0,0.22494181093948626,0
phishtank,1,0.6445984627518013,0
tranco_benign_proxy,0,0.7856967288568719,1
tranco_benign_proxy,0,0.16853320789136836,0
tranco_benign_proxy,0,0.05514993865817063,0
phishtank,1,0.9988408491817249,1
tranco_benign_proxy,0,0.06782093342708814,0
phishtank,1,0.9755622328633262,1
tranco_benign_proxy,0,0.8833651404371751,1
tranco_benign_proxy,0,0.17197308495072797,0
tranco_benign_proxy,0,0.348242675473718,0
tranco_benign_proxy,0,0.1790383263905653,0
phishtank,1,0.9983943841146545,1
tranco_benign_proxy,0,0.02228035239359526,0
phishtank,1,0.9980233900264293,1
tranco_benign_proxy,0,0.2253770191590363,0
tranco_benign_proxy,0,0.9955344905850186,1
tranco_benign_proxy,0,0.05572165251474315,0
tranco_benign_proxy,0,0.9548186808896344,1
tranco_benign_proxy,0,0.16064835409063444,0
tranco_benign_proxy,0,0.9264078663232168,1
phishtank,1,0.9932936262795069,1
phishtank,1,0.9095532496390661,1
tranco_benign_proxy,0,0.12469420757191597,0
tranco_benign_proxy,0,0.6682839560376375,0
tranco_benign_proxy,0,0.2632081460741444,0
tranco_benign_proxy,0,0.9370468869047696,1
tranco_benign_proxy,0,0.018995049576667745,0
phishtank,1,0.3130566404434625,0
tranco_benign_proxy,0,0.5316566549729436,0
phishtank,1,0.9990992846255077,1
phishtank,1,0.9568483047813894,1
phishtank,1,0.9619942463621804,1
tranco_benign_proxy,0,0.056722983680034506,0
phishtank,1,0.09579261352223746,0
tranco_benign_proxy,0,0.25762386321720754,0
tranco_benign_proxy,0,0.06140970793568578,0
phishtank,1,0.8187975361397447,1
phishtank,1,0.9374159263337463,1
phishtank,1,0.9514424888577597,1
phishtank,1,0.9994515965878661,1
tranco_benign_proxy,0,0.9187868589924968,1
phishtank,1,0.9964081810312012,1
tranco_benign_proxy,0,0.5933888696940076,0
phishtank,1,0.7403083645473096,0
phishtank,1,0.9580672048276047,1
tranco_benign_proxy,0,0.07991517396838388,0
phishtank,1,0.9901935194090777,1
phishtank,1,0.9887758604735827,1
tranco_benign_proxy,0,0.859410042520017,1
tranco_benign_proxy,0,0.891340677286209,1
phishtank,1,0.11097119352591293,0
tranco_benign_proxy,0,0.06358447248360793,0
tranco_benign_proxy,0,0.06348158215759643,0
tranco_benign_proxy,0,0.31458276180355565,0
phishtank,1,0.8605591671735616,1
tranco_benign_proxy,0,0.7519222259265982,0
phishtank,1,0.9795209809516517,1
phishtank,1,0.9992280460393016,1
tranco_benign_proxy,0,0.9244661791599688,1
phishtank,1,0.9817024060190526,1
phishtank,1,0.9927224872314622,1
phishtank,1,0.9912558432767684,1
phishtank,1,0.5341847551295231,0
tranco_benign_proxy,0,0.2630006125575511,0
phishtank,1,0.9942452058512375,1
phishtank,1,0.17951470540835004,0
phishtank,1,0.4524064676700811,0
phishtank,1,0.9999072267485316,1
phishtank,1,0.9988792413424229,1
phishtank,1,0.997191191592649,1
tranco_benign_proxy,0,0.8418938833631775,1
tranco_benign_proxy,0,0.3248045622602375,0
phishtank,1,0.9405276298147747,1
phishtank,1,0.07686605518513953,0
tranco_benign_proxy,0,0.02107157970540231,0
tranco_benign_proxy,0,0.4659617504123455,0
tranco_benign_proxy,0,0.06561328715926833,0
phishtank,1,0.9998935332627615,1
phishtank,1,0.9992164408823752,1
tranco_benign_proxy,0,0.001008132654415381,0
phishtank,1,0.9998627950944254,1
tranco_benign_proxy,0,0.9425975940067524,1
tranco_benign_proxy,0,0.26629787267325633,0
phishtank,1,0.9950238678343668,1
tranco_benign_proxy,0,0.0162455975399393,0
phishtank,1,0.5576481766644629,0
phishtank,1,0.9736432456556078,1
phishtank,1,0.990651012018314,1
tranco_benign_proxy,0,0.7181459782246838,0
phishtank,1,0.9955881410074814,1
tranco_benign_proxy,0,0.1161786684946975,0
tranco_benign_proxy,0,0.197856444896281,0
phishtank,1,0.9838395060304009,1
tranco_benign_proxy,0,0.5084574575796295,0
tranco_benign_proxy,0,0.014516011670046014,0
phishtank,1,0.9807852886920458,1
phishtank,1,0.9951373230544622,1
phishtank,1,0.9847398802235635,1
phishtank,1,0.9998047809677082,1
tranco_benign_proxy,0,0.7714788606564132,1
phishtank,1,0.9533979134202777,1
tranco_benign_proxy,0,0.14557382727193033,0
tranco_benign_proxy,0,0.19101206722099362,0
tranco_benign_proxy,0,0.906272230675992,1
tranco_benign_proxy,0,0.47165589193978913,0
tranco_benign_proxy,0,0.8948795891764586,1
phishtank,1,0.44181228101552805,0
tranco_benign_proxy,0,0.1822005594167208,0
phishtank,1,0.948941541136778,1
phishtank,1,0.7096470284009506,0
phishtank,1,0.5843938696545258,0
phishtank,1,0.5095631646904789,0
phishtank,1,0.9951830259981733,1
phishtank,1,0.9980649489916982,1
phishtank,1,0.9440293481276107,1
phishtank,1,0.9360809916752236,1
phishtank,1,0.9871326212158197,1
tranco_benign_proxy,0,0.16917984325331387,0
phishtank,1,0.9994959416223966,1
tranco_benign_proxy,0,0.22992981642513896,0
phishtank,1,0.3347155296305167,0
tranco_benign_proxy,0,0.6176965739109419,0
tranco_benign_proxy,0,0.495257386817549,0
phishtank,1,0.975929750910901,1
phishtank,1,0.9862818129635733,1
tranco_benign_proxy,0,0.790937927301605,1
phishtank,1,0.9958525192457978,1
phishtank,1,0.9692506065361107,1
phishtank,1,0.6434717845034763,0
phishtank,1,0.9392878577459205,1
tranco_benign_proxy,0,0.18739040135476995,0
phishtank,1,0.9991875180540045,1
tranco_benign_proxy,0,0.25872299870670407,0
phishtank,1,0.99981461388072,1
tranco_benign_proxy,0,0.02721504773657341,0
phishtank,1,0.996661435260098,1
phishtank,1,0.790314156790549,1
tranco_benign_proxy,0,0.9620754588363548,1
tranco_benign_proxy,0,0.10979947236514791,0
phishtank,1,0.32225055197336533,0
tranco_benign_proxy,0,0.3257847272782015,0
tranco_benign_proxy,0,0.434712645803059,0
tranco_benign_proxy,0,0.14025163287178613,0
phishtank,1,0.9825811519658675,1
tranco_benign_proxy,0,0.9027433013814732,1
phishtank,1,0.9999696782854927,1
phishtank,1,0.9996171525377865,1
tranco_benign_proxy,0,0.041902137660307294,0
phishtank,1,0.9756933209647238,1
tranco_benign_proxy,0,0.308466383109225,0
phishtank,1,0.9963212785754054,1
phishtank,1,0.9989399276675555,1
tranco_benign_proxy,0,0.43177641062534894,0
tranco_benign_proxy,0,0.6798585729030953,0
tranco_benign_proxy,0,0.45544018478339654,0
tranco_benign_proxy,0,0.1510782369100531,0
phishtank,1,0.9945564497630911,1
phishtank,1,0.9997026788001757,1
tranco_benign_proxy,0,0.18535247292272997,0
tranco_benign_proxy,0,0.681674839228118,0
phishtank,1,0.17349091851810258,0
tranco_benign_proxy,0,0.07832054353770347,0
phishtank,1,0.8966711416359732,1
phishtank,1,0.999521934088128,1
phishtank,1,0.9976473090803584,1
phishtank,1,0.9009527227332152,1
tranco_benign_proxy,0,0.5786953422504943,0
tranco_benign_proxy,0,0.9797547723958047,1
phishtank,1,0.848036911870202,1
phishtank,1,0.9366755932950304,1
phishtank,1,0.9866537228638119,1
tranco_benign_proxy,0,0.30940149572999104,0
phishtank,1,0.9998328031233403,1
phishtank,1,0.9987925389686707,1
phishtank,1,0.7722803208257848,1
tranco_benign_proxy,0,0.24447476802379514,0
tranco_benign_proxy,0,0.36824952657765736,0
phishtank,1,0.9849226414252281,1
tranco_benign_proxy,0,0.0625346189382669,0
tranco_benign_proxy,0,0.2820868318338416,0
tranco_benign_proxy,0,0.30931481617845763,0
tranco_benign_proxy,0,0.007911549284045239,0
phishtank,1,0.9539194309553576,1
tranco_benign_proxy,0,0.34830053518469406,0
phishtank,1,0.9996027217189505,1
tranco_benign_proxy,0,0.002580978541837542,0
phishtank,1,0.9993831500412316,1
phishtank,1,0.997668175495265,1
phishtank,1,0.9881521928609107,1
phishtank,1,0.9997646783772723,1
tranco_benign_proxy,0,0.7402866379563631,0
tranco_benign_proxy,0,0.8701170912063237,1
phishtank,1,0.15162171284939946,0
tranco_benign_proxy,0,0.19376190496880744,0
phishtank,1,0.9968306382270246,1
phishtank,1,0.9989011532287784,1
tranco_benign_proxy,0,0.25896179097148364,0
tranco_benign_proxy,0,0.3032149439726282,0
phishtank,1,0.9792941251076903,1
phishtank,1,0.49179835974102976,0
phishtank,1,0.9941332599524753,1
phishtank,1,0.9961610387559763,1
phishtank,1,0.9998460503890232,1
phishtank,1,0.8502325753030957,1
phishtank,1,0.9809641481747438,1
tranco_benign_proxy,0,0.358942478043178,0
tranco_benign_proxy,0,0.8275689767103533,1
tranco_benign_proxy,0,0.8983989774582181,1
phishtank,1,0.6355452964935699,0
tranco_benign_proxy,0,0.6414096121513367,0
phishtank,1,0.37460497841073054,0
tranco_benign_proxy,0,0.1730339076616238,0
tranco_benign_proxy,0,0.8156974142095598,1
phishtank,1,0.99779418602471,1
tranco_benign_proxy,0,0.03447555033663419,0
tranco_benign_proxy,0,0.19763056611927862,0
phishtank,1,0.8926740992912845,1
phishtank,1,0.9993234392958212,1
tranco_benign_proxy,0,0.6165457518425524,0
phishtank,1,0.9945407694385329,1
tranco_benign_proxy,0,0.868562677306559,1
tranco_benign_proxy,0,0.2467301986880506,0
phishtank,1,0.6740607192302964,0
tranco_benign_proxy,0,0.5273888227195135,0
phishtank,1,0.9801456601033149,1
phishtank,1,0.9739511692136672,1
phishtank,1,0.9415928673602667,1
tranco_benign_proxy,0,0.9205038746002273,1
phishtank,1,0.4309741357370714,0
phishtank,1,0.9991351268192137,1
tranco_benign_proxy,0,0.22000027784336187,0
tranco_benign_proxy,0,0.8133776748721446,1
tranco_benign_proxy,0,0.030512084257159025,0
phishtank,1,0.9107607091473294,1
tranco_benign_proxy,0,0.06568475761584246,0
tranco_benign_proxy,0,0.06592066864594659,0
phishtank,1,0.9993364380252474,1
tranco_benign_proxy,0,0.16555375547005258,0
phishtank,1,0.9626064449756185,1
phishtank,1,0.7622178649427044,0
tranco_benign_proxy,0,0.32659384933360597,0
tranco_benign_proxy,0,0.11840077276569924,0
tranco_benign_proxy,0,0.053215303541834416,0
phishtank,1,0.9992291481444315,1
tranco_benign_proxy,0,0.06433181727066047,0
phishtank,1,0.9764912389656167,1
phishtank,1,0.98861933699839,1
tranco_benign_proxy,0,0.10409525940183731,0
tranco_benign_proxy,0,0.035705835859684176,0
tranco_benign_proxy,0,0.9556203057985488,1
phishtank,1,0.9994705143310673,1
phishtank,1,0.9927140980026163,1
tranco_benign_proxy,0,0.03083842359013795,0
phishtank,1,0.9815271796002497,1
tranco_benign_proxy,0,0.17994695901117438,0
tranco_benign_proxy,0,0.8816264410848936,1
phishtank,1,0.99765620554297,1
tranco_benign_proxy,0,0.22490236365453387,0
phishtank,1,0.9190340664017862,1
tranco_benign_proxy,0,0.9898300050335184,1
tranco_benign_proxy,0,0.04051175831096833,0
tranco_benign_proxy,0,0.2322349387839743,0
tranco_benign_proxy,0,0.5848778732282908,0
phishtank,1,0.9996471507509872,1
phishtank,1,0.8922141216715881,1
phishtank,1,0.5947837971337002,0
tranco_benign_proxy,0,0.9279924226415175,1
tranco_benign_proxy,0,0.16297035903319773,0
phishtank,1,0.5007417892364547,0
tranco_benign_proxy,0,0.004720589770325202,0
phishtank,1,0.9981653327350503,1
tranco_benign_proxy,0,0.7941858754360698,1
tranco_benign_proxy,0,0.9933779491799766,1
phishtank,1,0.999460250945402,1
tranco_benign_proxy,0,0.14612357915188426,0
phishtank,1,0.9954988631803909,1
tranco_benign_proxy,0,0.30087962872274127,0
phishtank,1,0.9942548655503206,1
tranco_benign_proxy,0,0.5989838581454264,0
phishtank,1,0.7699627051450907,1
phishtank,1,0.9875169222713847,1
tranco_benign_proxy,0,0.07311995104341898,0
phishtank,1,0.9975150705347023,1
phishtank,1,0.9997707405608054,1
phishtank,1,0.9337336184732965,1
tranco_benign_proxy,0,0.13548601306426145,0
tranco_benign_proxy,0,0.07892849529658126,0
phishtank,1,0.9932225017201285,1
phishtank,1,0.8967386962113618,1
phishtank,1,0.9999450512755031,1
tranco_benign_proxy,0,0.7148023263348409,0
phishtank,1,0.9990234011208363,1
tranco_benign_proxy,0,0.9114088864686559,1
tranco_benign_proxy,0,0.26268197877676464,0
tranco_benign_proxy,0,0.31592486493317795,0
tranco_benign_proxy,0,0.00549992184851458,0
phishtank,1,0.9752016622565314,1
tranco_benign_proxy,0,0.26070292112940124,0
phishtank,1,0.9895077521643517,1
phishtank,1,0.9992387433360237,1
tranco_benign_proxy,0,0.06372059238625086,0
phishtank,1,0.9999407859671887,1
phishtank,1,0.9999954304828795,1
phishtank,1,0.9913585366235784,1
phishtank,1,0.9701394019120249,1
phishtank,1,0.9916569657123332,1
tranco_benign_proxy,0,0.357446550964031,0
phishtank,1,0.7481558604373223,0
phishtank,1,0.9998924726011704,1
tranco_benign_proxy,0,0.3805576923345749,0
phishtank,1,0.8096763777900114,1
tranco_benign_proxy,0,0.48258782164109054,0
tranco_benign_proxy,0,0.8454177158942198,1
tranco_benign_proxy,0,0.15332507813053653,0
phishtank,1,0.999972110924062,1
tranco_benign_proxy,0,0.19388495994377325,0
tranco_benign_proxy,0,0.34057944833162135,0
tranco_benign_proxy,0,0.9670637044337256,1
phishtank,1,0.8180774235995006,1
tranco_benign_proxy,0,0.698728015538768,0
tranco_benign_proxy,0,0.7413165956506357,0
tranco_benign_proxy,0,0.8934577358753852,1
tranco_benign_proxy,0,0.49129911337806176,0
tranco_benign_proxy,0,0.953071800979297,1
phishtank,1,0.9628503204509242,1
phishtank,1,0.8556216768529185,1
phishtank,1,0.9982686795641665,1
tranco_benign_proxy,0,0.17555022515038737,0
tranco_benign_proxy,0,0.5899805935442689,0
tranco_benign_proxy,0,0.3748241638785247,0
tranco_benign_proxy,0,0.16579776341583488,0
tranco_benign_proxy,0,0.5579104106774045,0
tranco_benign_proxy,0,0.03686950005778146,0
phishtank,1,0.9995235850950269,1
tranco_benign_proxy,0,0.14366776995331282,0
phishtank,1,0.9175779897333962,1
tranco_benign_proxy,0,0.11540452370689266,0
tranco_benign_proxy,0,0.8514757048289128,1
tranco_benign_proxy,0,0.96686971826765,1
tranco_benign_proxy,0,0.0997782767291637,0
tranco_benign_proxy,0,0.352009428555194,0
phishtank,1,0.9976565682696965,1
phishtank,1,0.9472712075933611,1
tranco_benign_proxy,0,0.4954103581111797,0
phishtank,1,0.9977835896131045,1
phishtank,1,0.07543550995771087,0
tranco_benign_proxy,0,0.4686477521015871,0
tranco_benign_proxy,0,0.5492723531062745,0
phishtank,1,0.9692623254681033,1
phishtank,1,0.9999951223696775,1
tranco_benign_proxy,0,0.07916326107194495,0
tranco_benign_proxy,0,0.06164413369084336,0
phishtank,1,0.9140267829660468,1
phishtank,1,0.9995141902210011,1
phishtank,1,0.9999711500873539,1
tranco_benign_proxy,0,0.005920941020455563,0
tranco_benign_proxy,0,0.638431460587423,0
tranco_benign_proxy,0,0.24186977113334024,0
phishtank,1,0.9907631322688752,1
tranco_benign_proxy,0,0.20985446853822962,0
phishtank,1,0.9990047492316629,1
phishtank,1,0.9935435314970856,1
phishtank,1,0.9797956036578074,1
tranco_benign_proxy,0,0.5571612075765593,0
tranco_benign_proxy,0,0.10241283333121239,0
tranco_benign_proxy,0,0.9671444184531397,1
tranco_benign_proxy,0,0.008784804157718599,0
tranco_benign_proxy,0,0.19865487581989472,0
tranco_benign_proxy,0,0.719326889003033,0
tranco_benign_proxy,0,0.9379672889903993,1
phishtank,1,0.9984080472182623,1
tranco_benign_proxy,0,0.14881044014541894,0
tranco_benign_proxy,0,0.9798400056814314,1
tranco_benign_proxy,0,0.994925146871765,1
phishtank,1,0.12660371387981376,0
tranco_benign_proxy,0,0.03837312619303805,0
phishtank,1,0.9970985243703252,1
tranco_benign_proxy,0,0.9706713582033895,1
tranco_benign_proxy,0,0.5448103381560871,0
tranco_benign_proxy,0,0.04568292366220484,0
phishtank,1,0.9997850354624832,1
phishtank,1,0.25023134514942963,0
tranco_benign_proxy,0,0.1855926793195597,0
phishtank,1,0.9880366647995692,1
tranco_benign_proxy,0,0.978964131869605,1
tranco_benign_proxy,0,0.4363158427889354,0
phishtank,1,0.6192902234335615,0
phishtank,1,0.9877586773103141,1
phishtank,1,0.9708637302588865,1
phishtank,1,0.8783844424142011,1
tranco_benign_proxy,0,0.17204117049378942,0
tranco_benign_proxy,0,0.2862134728206557,0
phishtank,1,0.5850848220123853,0
tranco_benign_proxy,0,0.09915525531698849,0
tranco_benign_proxy,0,0.40083019097669814,0
phishtank,1,0.99956128372305,1
phishtank,1,0.8941207919897202,1
phishtank,1,0.9950087669274379,1
phishtank,1,0.5805520642044553,0
phishtank,1,0.9948362284344803,1
phishtank,1,0.984706423051296,1
tranco_benign_proxy,0,0.9625159726383181,1
tranco_benign_proxy,0,0.4106403563026314,0
phishtank,1,0.9993965657285332,1
tranco_benign_proxy,0,0.5722072851130436,0
phishtank,1,0.9999335351404022,1
phishtank,1,0.9745926664169544,1
tranco_benign_proxy,0,0.016099432644116004,0
tranco_benign_proxy,0,0.5716747244060633,0
tranco_benign_proxy,0,0.36832538712260043,0
tranco_benign_proxy,0,0.12505942563931471,0
phishtank,1,0.9758521282844603,1
tranco_benign_proxy,0,0.12004600209954354,0
tranco_benign_proxy,0,0.8723165928262387,1
tranco_benign_proxy,0,0.2850129131513976,0
tranco_benign_proxy,0,0.0017976191125243614,0
tranco_benign_proxy,0,0.477112106107837,0
tranco_benign_proxy,0,0.05567842355442447,0
tranco_benign_proxy,0,0.22216572879751045,0
phishtank,1,0.9726387226530532,1
phishtank,1,0.9968973391750987,1
tranco_benign_proxy,0,0.683681253261009,0
phishtank,1,0.9917609474642693,1
phishtank,1,0.9979888176037065,1
tranco_benign_proxy,0,0.22060853666253769,0
tranco_benign_proxy,0,0.17637456602661553,0
tranco_benign_proxy,0,0.7448990142764919,0
phishtank,1,0.9995937809229568,1
phishtank,1,0.9589313050614607,1
phishtank,1,0.9977840250286673,1
tranco_benign_proxy,0,0.7196434017509769,0
phishtank,1,0.9989574309540042,1
tranco_benign_proxy,0,0.41308320651161595,0
phishtank,1,0.21942000350143712,0
phishtank,1,0.9998309695215063,1
phishtank,1,0.9990822369029901,1
tranco_benign_proxy,0,0.1049134402407167,0
tranco_benign_proxy,0,0.8772000855999436,1
phishtank,1,0.9735122422431302,1
tranco_benign_proxy,0,0.029093514786433645,0
phishtank,1,0.8936469254114398,1
tranco_benign_proxy,0,0.1606052179482978,0
tranco_benign_proxy,0,0.6160099063353389,0
tranco_benign_proxy,0,0.03472244505634715,0
tranco_benign_proxy,0,0.31143108886730514,0
tranco_benign_proxy,0,0.4595509692758479,0
tranco_benign_proxy,0,0.32167982137100226,0
tranco_benign_proxy,0,0.4726169832678506,0
tranco_benign_proxy,0,0.2642888189091731,0
tranco_benign_proxy,0,0.7967607793645333,1
tranco_benign_proxy,0,0.9706535998306354,1
phishtank,1,0.9715968049525979,1
phishtank,1,0.9989776240015193,1
tranco_benign_proxy,0,0.5520582764514538,0
phishtank,1,0.9993249346344952,1
tranco_benign_proxy,0,0.25698892571255466,0
phishtank,1,0.9988884512369356,1
phishtank,1,0.039684473773337364,0
phishtank,1,0.9978674985747743,1
tranco_benign_proxy,0,0.8345632224240601,1
phishtank,1,0.9964150605620683,1
phishtank,1,0.999893174148302,1
phishtank,1,0.9989673115651526,1
tranco_benign_proxy,0,0.4377318756144706,0
phishtank,1,0.9919621198093411,1
tranco_benign_proxy,0,0.9482000947954032,1
tranco_benign_proxy,0,0.021707632486864258,0
tranco_benign_proxy,0,0.012009976537815948,0
tranco_benign_proxy,0,0.0853517631956902,0
tranco_benign_proxy,0,0.2897445979158738,0
phishtank,1,0.9995806280848646,1
phishtank,1,0.9842781919262735,1
tranco_benign_proxy,0,0.6049547338964132,0
phishtank,1,0.24340150532985347,0
phishtank,1,0.9932175093120248,1
phishtank,1,0.9264502736941426,1
tranco_benign_proxy,0,0.14022742039997507,0
phishtank,1,0.9998431435237312,1
phishtank,1,0.9998327965758549,1
phishtank,1,0.9551090739676626,1
tranco_benign_proxy,0,0.03185844253636841,0
tranco_benign_proxy,0,0.947822139630905,1
phishtank,1,0.9999958920951573,1
phishtank,1,0.9737876957671476,1
tranco_benign_proxy,0,0.4265860415872844,0
tranco_benign_proxy,0,0.14467356035593837,0
tranco_benign_proxy,0,0.276253345859402,0
phishtank,1,0.9904802048564009,1
phishtank,1,0.3525950403128312,0
tranco_benign_proxy,0,0.04734038817668963,0
tranco_benign_proxy,0,0.05205623620676332,0
phishtank,1,0.9765185061026032,1
phishtank,1,0.9826561472854728,1
tranco_benign_proxy,0,0.1623958279463642,0
tranco_benign_proxy,0,0.16009527134174376,0
tranco_benign_proxy,0,0.3682787982659309,0
tranco_benign_proxy,0,0.21608195251295245,0
tranco_benign_proxy,0,0.01956733043480348,0
phishtank,1,0.3608475248652408,0
phishtank,1,0.859079533799865,1
tranco_benign_proxy,0,0.28307043146008587,0
tranco_benign_proxy,0,0.18463863697629931,0
phishtank,1,0.9579151261945084,1
tranco_benign_proxy,0,0.5103037958687914,0
phishtank,1,0.9253639223535624,1
phishtank,1,0.7954441757323877,1
tranco_benign_proxy,0,0.05540335539790974,0
tranco_benign_proxy,0,0.10455624045388928,0
tranco_benign_proxy,0,0.8621052467492749,1
tranco_benign_proxy,0,0.09895406909412627,0
phishtank,1,0.9997143739662732,1
tranco_benign_proxy,0,0.29211071621866713,0
phishtank,1,0.9800649021821946,1
tranco_benign_proxy,0,0.10008551133973384,0
phishtank,1,0.9982787669059479,1
phishtank,1,0.9055859360819768,1
tranco_benign_proxy,0,0.36623299204733106,0
phishtank,1,0.9942493506160023,1
phishtank,1,0.7602208769754416,0
tranco_benign_proxy,0,0.46925001107393205,0
phishtank,1,0.9913120303920161,1
tranco_benign_proxy,0,0.6267009811399162,0
phishtank,1,0.9759514672099638,1
phishtank,1,0.9648226328026462,1
phishtank,1,0.981048460120244,1
phishtank,1,0.9921957088799703,1
tranco_benign_proxy,0,0.33569891339846875,0
tranco_benign_proxy,0,0.05381031567389273,0
tranco_benign_proxy,0,0.00545493427658847,0
phishtank,1,0.12477856946815293,0
tranco_benign_proxy,0,0.49159564800590644,0
phishtank,1,0.996292102481822,1
tranco_benign_proxy,0,0.5330610168715072,0
phishtank,1,0.9997533329720242,1
phishtank,1,0.777629614824364,1
phishtank,1,0.04254459249166969,0
tranco_benign_proxy,0,0.1888587086621624,0
phishtank,1,0.9996656801905756,1
tranco_benign_proxy,0,0.009001255220464376,0
tranco_benign_proxy,0,0.26965455127353105,0
phishtank,1,0.7491400573228046,0
tranco_benign_proxy,0,0.43906440614750597,0
tranco_benign_proxy,0,0.3221061274855349,0
phishtank,1,0.9996132927387402,1
phishtank,1,0.9981052231232058,1
tranco_benign_proxy,0,0.16895327445509392,0
tranco_benign_proxy,0,0.11686295575223134,0
tranco_benign_proxy,0,0.9189368145655374,1
phishtank,1,0.9997101548538014,1
phishtank,1,0.9988044318002781,1
tranco_benign_proxy,0,0.01011188348691988,0
tranco_benign_proxy,0,0.23651617484863174,0
phishtank,1,0.1673775620449377,0
phishtank,1,0.9996874493184008,1
phishtank,1,0.995312325980926,1
tranco_benign_proxy,0,0.010408004168047602,0
phishtank,1,0.9938983594936034,1
phishtank,1,0.4209496479488544,0
tranco_benign_proxy,0,0.6926214721910811,0
phishtank,1,0.9593619339294076,1
tranco_benign_proxy,0,0.01880818865711168,0
tranco_benign_proxy,0,0.3434086443781847,0
phishtank,1,0.9932951941189128,1
phishtank,1,0.6859115928159051,0
phishtank,1,0.9506438494084896,1
tranco_benign_proxy,0,0.7212825937607641,0
tranco_benign_proxy,0,0.4006821329914568,0
phishtank,1,0.9993274490471811,1
phishtank,1,0.742915867078572,0
tranco_benign_proxy,0,0.8189438466487023,1
phishtank,1,0.982942742009471,1
tranco_benign_proxy,0,0.9833118818585007,1
tranco_benign_proxy,0,0.6351176840296474,0
tranco_benign_proxy,0,0.24151914211381748,0
phishtank,1,0.7735348373049048,1
phishtank,1,0.9353049285685394,1
tranco_benign_proxy,0,0.5545819668736319,0
phishtank,1,0.5372678774444236,0
phishtank,1,0.9476398156808397,1
tranco_benign_proxy,0,0.44276266861555985,0
phishtank,1,0.9984241121793155,1
phishtank,1,0.9317980133284184,1
phishtank,1,0.9996547498817466,1
phishtank,1,0.5296622100632007,0
tranco_benign_proxy,0,0.943372547425092,1
tranco_benign_proxy,0,0.44354092920908633,0
tranco_benign_proxy,0,0.4094922526267054,0
phishtank,1,0.9952500035534003,1
tranco_benign_proxy,0,0.0886298213741133,0
phishtank,1,0.9848835146265772,1
tranco_benign_proxy,0,0.45819962273515125,0
tranco_benign_proxy,0,0.3972435075624872,0
tranco_benign_proxy,0,0.14182916301724716,0
phishtank,1,0.9994400240877002,1
tranco_benign_proxy,0,0.32433094482485303,0
phishtank,1,0.9616416187302825,1
tranco_benign_proxy,0,0.035734157137840804,0
phishtank,1,0.9938465856905838,1
phishtank,1,0.9215814176356205,1
phishtank,1,0.9999036478251468,1
tranco_benign_proxy,0,0.13298459551770428,0
phishtank,1,0.9358046603397272,1
tranco_benign_proxy,0,0.3068573146898821,0
tranco_benign_proxy,0,0.3664947166932479,0
phishtank,1,0.7813769367069013,1
phishtank,1,0.9961766215226099,1
phishtank,1,0.9908114007474291,1
phishtank,1,0.989902005534575,1
phishtank,1,0.923629624393649,1
tranco_benign_proxy,0,0.04843707857591265,0
tranco_benign_proxy,0,0.30922691853135903,0
tranco_benign_proxy,0,0.8835262450707629,1
tranco_benign_proxy,0,0.32386092576312653,0
phishtank,1,0.9736230104570689,1
phishtank,1,0.9931765857872584,1
phishtank,1,0.8048135002035018,1
tranco_benign_proxy,0,0.18126387191256463,0
tranco_benign_proxy,0,0.003947832889630747,0
tranco_benign_proxy,0,0.9102170027127943,1
tranco_benign_proxy,0,0.32674868733595447,0
phishtank,1,0.999434138995725,1
tranco_benign_proxy,0,0.9270435934675474,1
phishtank,1,0.9997374254943706,1
tranco_benign_proxy,0,0.008112651421565423,0
tranco_benign_proxy,0,0.0265089375460503,0
phishtank,1,0.3095737746756657,0
tranco_benign_proxy,0,0.13553129041049927,0
phishtank,1,0.9745465021031361,1
phishtank,1,0.32851739401301655,0
phishtank,1,0.9951631572258541,1
tranco_benign_proxy,0,0.1793213587089756,0
tranco_benign_proxy,0,0.6697271907155208,0
tranco_benign_proxy,0,0.2184104559758683,0
phishtank,1,0.9152034079339839,1
phishtank,1,0.9444475053413313,1
tranco_benign_proxy,0,0.2552166351585818,0
tranco_benign_proxy,0,0.3860696206040576,0
phishtank,1,0.9955740274838558,1
phishtank,1,0.9969731835645335,1
phishtank,1,0.9876924728393329,1
phishtank,1,0.34813330890937805,0
phishtank,1,0.9773386045106544,1
phishtank,1,0.9991797155928638,1
phishtank,1,0.9715078900260813,1
tranco_benign_proxy,0,0.18619643740969888,0
phishtank,1,0.9974001247783294,1
tranco_benign_proxy,0,0.017717360257069964,0
tranco_benign_proxy,0,0.002460759367813245,0
phishtank,1,0.9950457049192906,1
phishtank,1,0.9996697327275247,1
phishtank,1,0.9999884274188791,1
phishtank,1,0.7443818624628021,0
tranco_benign_proxy,0,0.334634864541955,0
phishtank,1,0.9818778160222541,1
phishtank,1,0.9984844835478821,1
tranco_benign_proxy,0,0.3963241716639895,0
phishtank,1,0.6803349868840749,0
tranco_benign_proxy,0,0.5574425477636418,0
tranco_benign_proxy,0,0.018447178208901443,0
tranco_benign_proxy,0,0.366236847568885,0
phishtank,1,0.8728482673986411,1
phishtank,1,0.999971975903466,1
tranco_benign_proxy,0,0.8877577939013735,1
phishtank,1,0.9923614305713092,1
phishtank,1,0.8662197813611318,1
tranco_benign_proxy,0,0.6005278109782868,0
phishtank,1,0.756156102921498,0
tranco_benign_proxy,0,0.44319030746915444,0
tranco_benign_proxy,0,0.10647891416792538,0
phishtank,1,0.9889115281327784,1
phishtank,1,0.9832841936102101,1
tranco_benign_proxy,0,0.6025055781947074,0
tranco_benign_proxy,0,0.7123236145864049,0
tranco_benign_proxy,0,0.18104765140459617,0
phishtank,1,0.9949919005829755,1
tranco_benign_proxy,0,0.12804760829035947,0
tranco_benign_proxy,0,0.38718782283682446,0
phishtank,1,0.9918829010785207,1
tranco_benign_proxy,0,0.4638840137685186,0
phishtank,1,0.9999851422639741,1
phishtank,1,0.9997063791417974,1
phishtank,1,0.7619762683310403,0
tranco_benign_proxy,0,0.7914610506680007,1
tranco_benign_proxy,0,0.9663930722903928,1
tranco_benign_proxy,0,0.7551107117179457,0
tranco_benign_proxy,0,0.09797149125144151,0
phishtank,1,0.9927934715591007,1
phishtank,1,0.999220795764756,1
tranco_benign_proxy,0,0.1382316854744247,0
tranco_benign_proxy,0,0.9976890459901239,1
phishtank,1,0.9650461667898996,1
phishtank,1,0.8769697460580399,1
tranco_benign_proxy,0,0.16867869537474964,0
phishtank,1,0.961469559750069,1
tranco_benign_proxy,0,0.8127659378763052,1
tranco_benign_proxy,0,0.5113009783724342,0
phishtank,1,0.9983507527271268,1
phishtank,1,0.9724196675639449,1
phishtank,1,0.5240853837665889,0
phishtank,1,0.7499129858755691,0
tranco_benign_proxy,0,0.9955089576653844,1
tranco_benign_proxy,0,0.019759290086091928,0
phishtank,1,0.978751167006526,1
phishtank,1,0.6827855548941408,0
phishtank,1,0.43706657636422397,0
phishtank,1,0.9658748153149921,1
tranco_benign_proxy,0,0.03671652815808658,0
tranco_benign_proxy,0,0.11339900246134339,0
tranco_benign_proxy,0,0.04784685447123623,0
tranco_benign_proxy,0,0.7527618926218264,0
phishtank,1,0.9555168717219032,1
phishtank,1,0.861463787243514,1
phishtank,1,0.9770816724894823,1
tranco_benign_proxy,0,0.006437386885093331,0
tranco_benign_proxy,0,0.4558621290090067,0
tranco_benign_proxy,0,0.985401172995776,1
phishtank,1,0.9567611200207872,1
phishtank,1,0.9987865544439858,1
phishtank,1,0.18746060858484456,0
tranco_benign_proxy,0,0.9811426699952852,1
tranco_benign_proxy,0,0.9863537232393174,1
tranco_benign_proxy,0,0.22943239271624813,0
phishtank,1,0.9653285277828756,1
phishtank,1,0.9999368433393531,1
tranco_benign_proxy,0,0.3829212184240564,0
tranco_benign_proxy,0,0.1093994785548524,0
phishtank,1,0.9957297268117148,1
tranco_benign_proxy,0,0.12805057845303888,0
tranco_benign_proxy,0,0.1297800306932245,0
phishtank,1,0.7363188249535293,0
tranco_benign_proxy,0,0.32984948745222764,0
phishtank,1,0.9982505183027724,1
tranco_benign_proxy,0,0.5048278378030338,0
tranco_benign_proxy,0,0.1907262527235251,0
phishtank,1,0.9933762899892091,1
tranco_benign_proxy,0,0.2744069223926941,0
phishtank,1,0.12163663669165045,0
tranco_benign_proxy,0,0.029501962486387426,0
tranco_benign_proxy,0,0.5120286540015475,0
tranco_benign_proxy,0,0.8766122688052344,1
tranco_benign_proxy,0,0.038663724958131813,0
phishtank,1,0.9447769335440369,1
tranco_benign_proxy,0,0.0039497574716275165,0
phishtank,1,0.9965076756759406,1
tranco_benign_proxy,0,0.13306238693571126,0
phishtank,1,0.6724779846981186,0
tranco_benign_proxy,0,0.47545727101485574,0
tranco_benign_proxy,0,0.1750806532741114,0
tranco_benign_proxy,0,0.5499835869173577,0
phishtank,1,0.03884534642972024,0
phishtank,1,0.19745152939605762,0
tranco_benign_proxy,0,0.20510142294779887,0
tranco_benign_proxy,0,0.32267529521613403,0
tranco_benign_proxy,0,0.123990089435623,0
tranco_benign_proxy,0,0.17662158031474262,0
tranco_benign_proxy,0,0.3962100342096154,0
phishtank,1,0.9998585051701268,1
tranco_benign_proxy,0,0.5153877444717025,0
tranco_benign_proxy,0,0.35841746895547616,0
tranco_benign_proxy,0,0.23686389865478086,0
phishtank,1,0.9886758821429507,1
phishtank,1,0.9488136025471893,1
phishtank,1,0.9388902876270483,1
tranco_benign_proxy,0,0.10038935664120031,0
phishtank,1,0.9991953023221359,1
phishtank,1,0.1763111582953508,0
phishtank,1,0.9998167925120123,1
tranco_benign_proxy,0,0.04512047043970496,0
tranco_benign_proxy,0,0.9153088210471518,1
tranco_benign_proxy,0,0.43295552725186665,0
phishtank,1,0.9995641606782508,1
tranco_benign_proxy,0,0.026477610431562985,0
tranco_benign_proxy,0,0.05899448137106877,0
phishtank,1,0.9692139523022398,1
tranco_benign_proxy,0,0.09384349442414605,0
phishtank,1,0.9640347787879789,1
tranco_benign_proxy,0,0.5097803411318408,0
phishtank,1,0.973131130999982,1
phishtank,1,0.9659871510696056,1
tranco_benign_proxy,0,0.41194117136898534,0
tranco_benign_proxy,0,0.6280793536801599,0
tranco_benign_proxy,0,0.11057221769156955,0
tranco_benign_proxy,0,0.05052725455711312,0
phishtank,1,0.9997632525990048,1
phishtank,1,0.9881114371007942,1
phishtank,1,0.9647929744980724,1
phishtank,1,0.9866624535480638,1
tranco_benign_proxy,0,0.3819388235641038,0
tranco_benign_proxy,0,0.6417025119042893,0
tranco_benign_proxy,0,0.055175748552351245,0
tranco_benign_proxy,0,0.39368572837878074,0
tranco_benign_proxy,0,0.2585403540059767,0
tranco_benign_proxy,0,0.21075101386439954,0
tranco_benign_proxy,0,0.9163954834964751,1
tranco_benign_proxy,0,0.004081056936258297,0
tranco_benign_proxy,0,0.013043392436390838,0
tranco_benign_proxy,0,0.14353761960728087,0
tranco_benign_proxy,0,0.19065508283307514,0
tranco_benign_proxy,0,0.23807920855598588,0
phishtank,1,0.9999111286862089,1
phishtank,1,0.9991159586577164,1
tranco_benign_proxy,0,0.5851305527613957,0
tranco_benign_proxy,0,0.5275192899161469,0
tranco_benign_proxy,0,0.1345904713176353,0
tranco_benign_proxy,0,0.1969866815314256,0
tranco_benign_proxy,0,0.08547318085412771,0
tranco_benign_proxy,0,0.24644146762404148,0
phishtank,1,0.9532339942384302,1
phishtank,1,0.20170082660397473,0
phishtank,1,0.9946599914646193,1
tranco_benign_proxy,0,0.4231793154341095,0
phishtank,1,0.9939014899846152,1
phishtank,1,0.9989922609261723,1
phishtank,1,0.5794448790448956,0
phishtank,1,0.9494428780400248,1
tranco_benign_proxy,0,0.23989969901540767,0
tranco_benign_proxy,0,0.12761638789554997,0
tranco_benign_proxy,0,0.989396595891405,1
tranco_benign_proxy,0,0.2943635682274142,0
tranco_benign_proxy,0,0.5533304107417049,0
phishtank,1,0.9649202858004506,1
tranco_benign_proxy,0,0.4204067046887116,0
tranco_benign_proxy,0,0.9898012828742916,1
phishtank,1,0.9212410975188544,1
phishtank,1,0.9146030597774094,1
tranco_benign_proxy,0,0.6685935411193594,0
phishtank,1,0.48038688420620834,0
tranco_benign_proxy,0,0.07284970931808663,0
tranco_benign_proxy,0,0.534420192470481,0
tranco_benign_proxy,0,0.006944906205494405,0
tranco_benign_proxy,0,0.6438049573584042,0
phishtank,1,0.9983663930596697,1
phishtank,1,0.9975001611164731,1
phishtank,1,0.9999651914309705,1
phishtank,1,0.9993731758656859,1
phishtank,1,0.9998758264004565,1
phishtank,1,0.9992266116686562,1
tranco_benign_proxy,0,0.018991145992937993,0
phishtank,1,0.9984122707865969,1
phishtank,1,0.9979134983562805,1
tranco_benign_proxy,0,0.019850332884794625,0
phishtank,1,0.9889409704177141,1
phishtank,1,0.966804168520302,1
phishtank,1,0.9995634678007429,1
tranco_benign_proxy,0,0.8823454511029029,1
tranco_benign_proxy,0,0.2023764219746716,0
tranco_benign_proxy,0,0.27884204346198777,0
phishtank,1,0.9938490488210695,1
tranco_benign_proxy,0,0.04950328484975868,0
tranco_benign_proxy,0,0.15119028614654412,0
phishtank,1,0.9918615785271628,1
tranco_benign_proxy,0,0.037495896057508804,0
phishtank,1,0.9913499787920579,1
phishtank,1,0.9474850530116223,1
phishtank,1,0.758996954496934,0
phishtank,1,0.9755034266222862,1
tranco_benign_proxy,0,0.044652145804717186,0
phishtank,1,0.9918674595200612,1
tranco_benign_proxy,0,0.6336636278694964,0
phishtank,1,0.9973074468324906,1
phishtank,1,0.9998079604127075,1
tranco_benign_proxy,0,0.9990601688127788,1
phishtank,1,0.9872484002050955,1
phishtank,1,0.9973266793277835,1
tranco_benign_proxy,0,0.15546717575225383,0
phishtank,1,0.6257036061046566,0
tranco_benign_proxy,0,0.022079693576478588,0
phishtank,1,0.9840444388871572,1
phishtank,1,0.7064461695551701,0
phishtank,1,0.8929799188549822,1
tranco_benign_proxy,0,0.3302780718698305,0
phishtank,1,0.9814564674688465,1
tranco_benign_proxy,0,0.024191419367082065,0
phishtank,1,0.9908266015338711,1
phishtank,1,0.5781282586195244,0
phishtank,1,0.925492415141822,1
phishtank,1,0.8926199906422619,1
tranco_benign_proxy,0,0.14503022813540678,0
phishtank,1,0.9687977301359263,1
phishtank,1,0.3942962074103524,0
phishtank,1,0.7121310066418296,0
phishtank,1,0.9775428033120979,1
tranco_benign_proxy,0,0.005318448236963624,0
tranco_benign_proxy,0,0.0848063420308743,0
tranco_benign_proxy,0,0.9813477371501297,1
tranco_benign_proxy,0,0.19937735129498937,0
phishtank,1,0.9856291010945332,1
tranco_benign_proxy,0,0.9620988973874719,1
phishtank,1,0.05101615340417432,0
tranco_benign_proxy,0,0.4829738948041581,0
tranco_benign_proxy,0,0.05978713829973712,0
phishtank,1,0.7934786807193032,1
tranco_benign_proxy,0,0.008995403710696036,0
tranco_benign_proxy,0,0.8354046433997356,1
tranco_benign_proxy,0,0.02611267248313026,0
phishtank,1,0.9844303073804205,1
phishtank,1,0.981963052045917,1
phishtank,1,0.7606551598187283,0
tranco_benign_proxy,0,0.931257136951585,1
phishtank,1,0.9902395421655911,1
phishtank,1,0.9996119582532282,1
phishtank,1,0.9998662570526583,1
phishtank,1,0.9996639566306805,1
phishtank,1,0.25688858772304995,0
phishtank,1,0.5479211499883324,0
tranco_benign_proxy,0,0.9905935874876348,1
tranco_benign_proxy,0,0.45206752625495045,0
phishtank,1,0.17042460189245429,0
phishtank,1,0.668516093450256,0
tranco_benign_proxy,0,0.22631337707114732,0
tranco_benign_proxy,0,0.2888055606833078,0
tranco_benign_proxy,0,0.9441971851175928,1
tranco_benign_proxy,0,0.662149963444407,0
phishtank,1,0.9996488321905963,1
phishtank,1,0.8214719642416747,1
phishtank,1,0.9999710161584826,1
phishtank,1,0.9754951348676214,1
phishtank,1,0.9970789357702696,1
phishtank,1,0.999864796205308,1
phishtank,1,0.9968841170868727,1
tranco_benign_proxy,0,0.11091154109136221,0
tranco_benign_proxy,0,0.07854126236988672,0
tranco_benign_proxy,0,0.015266099634059177,0
tranco_benign_proxy,0,0.24350439289145537,0
phishtank,1,0.9998798575870567,1
phishtank,1,0.9995597792826602,1
tranco_benign_proxy,0,0.9625822045270689,1
phishtank,1,0.9986060184108184,1
tranco_benign_proxy,0,0.532893588573775,0
tranco_benign_proxy,0,0.010593100274840771,0
tranco_benign_proxy,0,0.04951597168073622,0
tranco_benign_proxy,0,0.33384856615870423,0
phishtank,1,0.998533122154165,1
phishtank,1,0.9995628476696197,1
tranco_benign_proxy,0,0.0583751502807031,0
phishtank,1,0.9731973326989167,1
phishtank,1,0.9418683104686585,1
tranco_benign_proxy,0,0.02004871709104811,0
tranco_benign_proxy,0,0.1549856383346284,0
tranco_benign_proxy,0,0.16095518516123505,0
tranco_benign_proxy,0,0.273943442730476,0
tranco_benign_proxy,0,0.1331250990859139,0
tranco_benign_proxy,0,0.0008193864528838356,0
phishtank,1,0.9780932689579842,1
phishtank,1,0.9834447393633879,1
phishtank,1,0.9747125226460113,1
phishtank,1,0.9898867357997948,1
tranco_benign_proxy,0,0.3281462734547935,0
tranco_benign_proxy,0,0.2224606617147289,0
phishtank,1,0.8271019836784727,1
tranco_benign_proxy,0,0.3641763425101012,0
tranco_benign_proxy,0,0.28340807385014716,0
phishtank,1,0.9770586284691652,1
phishtank,1,0.9849391104844192,1
tranco_benign_proxy,0,0.022881000148343156,0
phishtank,1,0.9983511193527146,1
tranco_benign_proxy,0,0.39721497446354515,0
phishtank,1,0.9071661918198445,1
tranco_benign_proxy,0,0.9684262920115332,1
phishtank,1,0.9665832699938026,1
phishtank,1,0.9997998485246204,1
tranco_benign_proxy,0,0.24462043814614887,0
phishtank,1,0.9984901815715997,1
tranco_benign_proxy,0,0.7035582453937682,0
tranco_benign_proxy,0,0.05797401417887267,0
tranco_benign_proxy,0,0.27876050420044146,0
phishtank,1,0.9701577254849814,1
tranco_benign_proxy,0,0.47440366004392953,0
tranco_benign_proxy,0,0.020741866044531772,0
phishtank,1,0.9002981241483039,1
tranco_benign_proxy,0,0.6054026759537859,0
tranco_benign_proxy,0,0.32474066961465164,0
tranco_benign_proxy,0,0.7578201675218733,0
phishtank,1,0.993423502539774,1
tranco_benign_proxy,0,0.7089718796619205,0
tranco_benign_proxy,0,0.4474532415073793,0
phishtank,1,0.9954875524235295,1
tranco_benign_proxy,0,0.36513824176605997,0
phishtank,1,0.8720795453825219,1
phishtank,1,0.998866191614623,1
phishtank,1,0.9992253500504024,1
phishtank,1,0.9872034944651876,1
tranco_benign_proxy,0,0.5789778174886838,0
phishtank,1,0.9325138245420457,1
phishtank,1,0.9882158353234937,1
tranco_benign_proxy,0,0.18188809496357805,0
phishtank,1,0.9641894484574546,1
phishtank,1,0.9945700203138722,1
tranco_benign_proxy,0,0.15990784780378373,0
phishtank,1,0.3735327212912603,0
phishtank,1,0.5779457939293249,0
tranco_benign_proxy,0,0.8225617483457898,1
tranco_benign_proxy,0,0.29944731977108197,0
phishtank,1,0.9872208982317375,1
phishtank,1,0.9954817005957654,1
phishtank,1,0.2066192028176789,0
tranco_benign_proxy,0,0.5325117475451343,0
phishtank,1,0.9162783121160649,1
tranco_benign_proxy,0,0.46953789789614786,0
tranco_benign_proxy,0,0.15680618842046803,0
phishtank,1,0.9889599192985938,1
tranco_benign_proxy,0,0.7281319378258232,0
phishtank,1,0.997445245578242,1
phishtank,1,0.9296166496188081,1
tranco_benign_proxy,0,0.7341843784002291,0
phishtank,1,0.9999882011887095,1
tranco_benign_proxy,0,0.841015189949259,1
phishtank,1,0.9999885907323981,1
tranco_benign_proxy,0,0.17840924626383012,0
tranco_benign_proxy,0,0.03318812261308361,0
phishtank,1,0.9999816986417012,1
tranco_benign_proxy,0,0.6965144132686866,0
phishtank,1,0.018222473039185283,0
phishtank,1,0.9869168409956767,1
phishtank,1,0.9999285760901568,1
tranco_benign_proxy,0,0.013915761404298474,0
phishtank,1,0.9991940717965738,1
phishtank,1,0.7501534956381113,0
phishtank,1,0.9746384420593067,1
phishtank,1,0.996607140559059,1
phishtank,1,0.9988150587363049,1
tranco_benign_proxy,0,0.34339356393991394,0
phishtank,1,0.9441104926940528,1
phishtank,1,0.9971804879374775,1
tranco_benign_proxy,0,0.9621976228048562,1
tranco_benign_proxy,0,0.0710063257768919,0
phishtank,1,0.9996412574078296,1
phishtank,1,0.9929974130633148,1
phishtank,1,0.9963490850562344,1
tranco_benign_proxy,0,0.3928748701625239,0
tranco_benign_proxy,0,0.9027518051145837,1
tranco_benign_proxy,0,0.1628468529176594,0
tranco_benign_proxy,0,0.882102232615093,1
tranco_benign_proxy,0,0.07621651232243172,0
tranco_benign_proxy,0,0.46419928167029817,0
tranco_benign_proxy,0,0.8430074937609574,1
phishtank,1,0.9989072265205614,1
tranco_benign_proxy,0,0.36981995857205907,0
tranco_benign_proxy,0,0.2640797763372138,0
phishtank,1,0.8873753410165717,1
tranco_benign_proxy,0,0.6511557159458511,0
phishtank,1,0.7875111600686171,1
tranco_benign_proxy,0,0.9569973430351828,1
tranco_benign_proxy,0,0.2609006417721011,0
phishtank,1,0.9625658166266042,1
phishtank,1,0.9862781038831868,1
phishtank,1,0.9992432203077917,1
tranco_benign_proxy,0,0.08328175745470312,0
tranco_benign_proxy,0,0.9996224695302314,1
tranco_benign_proxy,0,0.03778828818583468,0
phishtank,1,0.7545788188439725,0
phishtank,1,0.9974150484320481,1
tranco_benign_proxy,0,0.3031812987449983,0
tranco_benign_proxy,0,0.15520554914239001,0
phishtank,1,0.7658526981577783,0
phishtank,1,0.9985323252995209,1
phishtank,1,0.31768312835915474,0
tranco_benign_proxy,0,0.35979424129818455,0
phishtank,1,0.9909281181572716,1
phishtank,1,0.9886681678677526,1
tranco_benign_proxy,0,0.2017889997305673,0
phishtank,1,0.9882667088396044,1
phishtank,1,0.4963144379627077,0
phishtank,1,0.8300218806769559,1
phishtank,1,0.7371113179128731,0
phishtank,1,0.9520202815258473,1
tranco_benign_proxy,0,0.6791892670856183,0
tranco_benign_proxy,0,0.9628557664650849,1
phishtank,1,0.9890477784107854,1
phishtank,1,0.9978600928026127,1
phishtank,1,0.9959770629641526,1
tranco_benign_proxy,0,0.1897603205710491,0
phishtank,1,0.9980519644729405,1
tranco_benign_proxy,0,0.05127610809918803,0
tranco_benign_proxy,0,0.26842779719377363,0
tranco_benign_proxy,0,0.7539513083287472,0
phishtank,1,0.995216935169408,1
tranco_benign_proxy,0,0.9717427655114611,1
phishtank,1,0.9600425893179142,1
tranco_benign_proxy,0,0.4058590889650808,0
phishtank,1,0.6561646500444397,0
tranco_benign_proxy,0,0.31011313425226,0
tranco_benign_proxy,0,0.5638477760035383,0
phishtank,1,0.9961303064300024,1
phishtank,1,0.9970952065446245,1
tranco_benign_proxy,0,0.07523218898060892,0
tranco_benign_proxy,0,0.03259391730808965,0
tranco_benign_proxy,0,0.9505890786779925,1
phishtank,1,0.9956326207286393,1
phishtank,1,0.9935979898503208,1
phishtank,1,0.963399026186139,1
tranco_benign_proxy,0,0.3639344917668452,0
tranco_benign_proxy,0,0.19921440506780097,0
tranco_benign_proxy,0,0.009705414583936329,0
tranco_benign_proxy,0,0.1720776450046769,0
tranco_benign_proxy,0,0.3311571641459565,0
tranco_benign_proxy,0,0.4885389231689389,0
phishtank,1,0.998785894367386,1
tranco_benign_proxy,0,0.093837904646562,0
phishtank,1,0.999984024187541,1
phishtank,1,0.23581257922894208,0
tranco_benign_proxy,0,0.7071596092676801,0
phishtank,1,0.9926154539002012,1
tranco_benign_proxy,0,0.34735426858456037,0
phishtank,1,0.6608716228953206,0
tranco_benign_proxy,0,0.2750685911959805,0
phishtank,1,0.9901389934189637,1
phishtank,1,0.6590315957459381,0
phishtank,1,0.9916189769297724,1
phishtank,1,0.9984597850568947,1
phishtank,1,0.9793293466787247,1
tranco_benign_proxy,0,0.8101183759998364,1
phishtank,1,0.991311717501323,1
phishtank,1,0.897207136376248,1
phishtank,1,0.9904831750887174,1
phishtank,1,0.7912454755745054,1
phishtank,1,0.9996390214417137,1
tranco_benign_proxy,0,0.03236318616387647,0
tranco_benign_proxy,0,0.37038621740306704,0
phishtank,1,0.9983367213746702,1
phishtank,1,0.9910364141629442,1
phishtank,1,0.7835104030947772,1
tranco_benign_proxy,0,0.13221085462539642,0
phishtank,1,0.9916741982558853,1
phishtank,1,0.9955822533730643,1
tranco_benign_proxy,0,0.9925058832766297,1
tranco_benign_proxy,0,0.6023095085412419,0
phishtank,1,0.9998885879879372,1
tranco_benign_proxy,0,0.047974692200319725,0
phishtank,1,0.996158108706228,1
phishtank,1,0.9810437363609444,1
phishtank,1,0.9817582991945879,1
phishtank,1,0.9769371399851389,1
tranco_benign_proxy,0,0.10215896419504421,0
tranco_benign_proxy,0,0.9880589923978771,1
tranco_benign_proxy,0,0.11546421316683049,0
tranco_benign_proxy,0,0.045421087131050926,0
tranco_benign_proxy,0,0.41036390171856596,0
tranco_benign_proxy,0,0.7981354114564863,1
phishtank,1,0.9825741297503617,1
tranco_benign_proxy,0,0.9289581316927721,1
phishtank,1,0.762670817992206,0
phishtank,1,0.870216246369488,1
phishtank,1,0.924938131941583,1
tranco_benign_proxy,0,0.12576552454649795,0
phishtank,1,0.9997549526352245,1
phishtank,1,0.9918146516554589,1
tranco_benign_proxy,0,0.1493371169566827,0
tranco_benign_proxy,0,0.09772014532571578,0
phishtank,1,0.9999024087439388,1
tranco_benign_proxy,0,0.4041333513956514,0
phishtank,1,0.9871384328983048,1
phishtank,1,0.9964850097528306,1
phishtank,1,0.9995092676263533,1
phishtank,1,0.9658233823494318,1
tranco_benign_proxy,0,0.05017606124814421,0
phishtank,1,0.9101830744841258,1
tranco_benign_proxy,0,0.02319846858173571,0
phishtank,1,0.9418336012798744,1
phishtank,1,0.9812988452371456,1
tranco_benign_proxy,0,0.06054994490959719,0
phishtank,1,0.9999737214015172,1
phishtank,1,0.9805366119922132,1
tranco_benign_proxy,0,0.39868849132798234,0
tranco_benign_proxy,0,0.3169860577360627,0
phishtank,1,0.9134222898273849,1
tranco_benign_proxy,0,0.7261995155294474,0
phishtank,1,0.37326396793664673,0
phishtank,1,0.9452887543745909,1
phishtank,1,0.9684802050787568,1
phishtank,1,0.9997710950435936,1
phishtank,1,0.961084600183027,1
tranco_benign_proxy,0,0.26526284880101214,0
phishtank,1,0.3998334795191128,0
tranco_benign_proxy,0,0.13265181865422138,0
tranco_benign_proxy,0,0.1323098347923643,0
tranco_benign_proxy,0,0.24245155454629072,0
phishtank,1,0.869220580127901,1
tranco_benign_proxy,0,0.21069170684931665,0
phishtank,1,0.9722890114402746,1
phishtank,1,0.9991815120695491,1
phishtank,1,0.9980312243732532,1
tranco_benign_proxy,0,0.6046664327522421,0
tranco_benign_proxy,0,0.6956201576129933,0
tranco_benign_proxy,0,0.9933835602306653,1
phishtank,1,0.998698111266202,1
tranco_benign_proxy,0,0.02952595342241939,0
phishtank,1,0.9917422366923071,1
phishtank,1,0.9666234763139878,1
phishtank,1,0.9628769460391908,1
phishtank,1,0.9985049881413703,1
phishtank,1,0.1655089876684557,0
tranco_benign_proxy,0,0.3514427546074474,0
tranco_benign_proxy,0,0.5766530180612282,0
tranco_benign_proxy,0,0.9904924613826671,1
tranco_benign_proxy,0,0.05894119090162039,0
tranco_benign_proxy,0,0.0887305616056883,0
phishtank,1,0.949259428395816,1
tranco_benign_proxy,0,0.028155919150339447,0
tranco_benign_proxy,0,0.06360433144107608,0
phishtank,1,0.9837856516018539,1
phishtank,1,0.9854300418894375,1
tranco_benign_proxy,0,0.8179234061515435,1
tranco_benign_proxy,0,0.06216598728490687,0
tranco_benign_proxy,0,0.26704594362962203,0
phishtank,1,0.38327957065891133,0
tranco_benign_proxy,0,0.0012715880765347136,0
phishtank,1,0.9810597964300358,1
phishtank,1,0.997994840028482,1
tranco_benign_proxy,0,0.14180253151693215,0
phishtank,1,0.9725175991230197,1
tranco_benign_proxy,0,0.7562440825035802,0
phishtank,1,0.9996050058337311,1
tranco_benign_proxy,0,0.9049306678328054,1
tranco_benign_proxy,0,0.06584448961907446,0
phishtank,1,0.9875000233560279,1
tranco_benign_proxy,0,0.17103126916792624,0
tranco_benign_proxy,0,0.04299742262743207,0
phishtank,1,0.15881449209142168,0
tranco_benign_proxy,0,0.053781440563437824,0
tranco_benign_proxy,0,0.01162128291049728,0
tranco_benign_proxy,0,0.8076602576868044,1
phishtank,1,0.9545144975027972,1
tranco_benign_proxy,0,0.892774519620314,1
phishtank,1,0.9998522185700119,1
tranco_benign_proxy,0,0.060024242560173274,0
phishtank,1,0.9962504050468639,1
phishtank,1,0.16623657504832112,0
tranco_benign_proxy,0,0.08773739042956542,0
phishtank,1,0.9986781471929886,1
phishtank,1,0.9533854823798132,1
tranco_benign_proxy,0,0.2035181066239011,0
tranco_benign_proxy,0,0.9495839999864418,1
tranco_benign_proxy,0,0.8988871375669327,1
phishtank,1,0.9991019894021927,1
phishtank,1,0.034333188417847944,0
phishtank,1,0.937478322648465,1
tranco_benign_proxy,0,0.9271229258211009,1
phishtank,1,0.9995375056262801,1
tranco_benign_proxy,0,0.1595914597421276,0
tranco_benign_proxy,0,0.3257881420417538,0
tranco_benign_proxy,0,0.11818273063139872,0
phishtank,1,0.9998516487440934,1
tranco_benign_proxy,0,0.4409351206938247,0
tranco_benign_proxy,0,0.11137216504975021,0
phishtank,1,0.9961435159738177,1
tranco_benign_proxy,0,0.06871129501464827,0
phishtank,1,0.9999879056763331,1
tranco_benign_proxy,0,0.4013411332989477,0
tranco_benign_proxy,0,0.07495649251104512,0
tranco_benign_proxy,0,0.2737643927428244,0
phishtank,1,0.9987159934730361,1
tranco_benign_proxy,0,0.9443150309098258,1
phishtank,1,0.7277337425269129,0
tranco_benign_proxy,0,0.8767209447030884,1
phishtank,1,0.9995474272083427,1
tranco_benign_proxy,0,0.4303595401055954,0
phishtank,1,0.963025462628572,1
tranco_benign_proxy,0,0.2177883803988891,0
phishtank,1,0.9963943393930399,1
tranco_benign_proxy,0,0.09236341628931574,0
tranco_benign_proxy,0,0.17234265307848506,0
tranco_benign_proxy,0,0.5085497925108641,0
phishtank,1,0.9998192130266587,1
phishtank,1,0.9872433439850326,1
tranco_benign_proxy,0,0.9989760600379975,1
tranco_benign_proxy,0,0.7080903137215412,0
tranco_benign_proxy,0,0.013339183227492921,0
tranco_benign_proxy,0,0.1286491687958367,0
phishtank,1,0.999916973136761,1
phishtank,1,0.9662971481425503,1
tranco_benign_proxy,0,0.13055015229174433,0
phishtank,1,0.9997918964600498,1
phishtank,1,0.8877852789834201,1
tranco_benign_proxy,0,0.975482774342389,1
tranco_benign_proxy,0,0.4100633827697623,0
phishtank,1,0.9677310484184256,1
phishtank,1,0.9270478824212555,1
tranco_benign_proxy,0,0.22434187686641477,0
tranco_benign_proxy,0,0.24333300334873045,0
tranco_benign_proxy,0,0.6295709603636049,0
tranco_benign_proxy,0,0.36598602380880596,0
tranco_benign_proxy,0,0.20010870240950837,0
phishtank,1,0.9210609969367848,1
tranco_benign_proxy,0,0.11188468498225126,0
phishtank,1,0.46153025911396967,0
phishtank,1,0.48820753924714616,0
tranco_benign_proxy,0,0.057952477501256996,0
tranco_benign_proxy,0,0.0580421939289176,0
tranco_benign_proxy,0,0.8822739659069604,1
tranco_benign_proxy,0,0.1233464047383862,0
phishtank,1,0.9697165612965838,1
phishtank,1,0.9993646274710721,1
phishtank,1,0.9838015152089419,1
phishtank,1,0.9774038469979199,1
tranco_benign_proxy,0,0.28635813836098295,0
phishtank,1,0.2256471407903084,0
phishtank,1,0.9246033576049753,1
tranco_benign_proxy,0,0.9794593162779359,1
tranco_benign_proxy,0,0.21012844035416653,0
phishtank,1,0.9976371761076916,1
phishtank,1,0.9998942053550297,1
phishtank,1,0.9930115891004386,1
tranco_benign_proxy,0,0.20775051349170873,0
tranco_benign_proxy,0,0.001222864253690765,0
tranco_benign_proxy,0,0.1998315676196786,0
phishtank,1,0.992278368102214,1
tranco_benign_proxy,0,0.0486120895622013,0
tranco_benign_proxy,0,0.5430908745650519,0
phishtank,1,0.1950348582696234,0
tranco_benign_proxy,0,0.009752514334630973,0
phishtank,1,0.9772759414288313,1
phishtank,1,0.8148240944048021,1
phishtank,1,0.551471496174513,0
tranco_benign_proxy,0,0.14479128344405415,0
phishtank,1,0.9941041781393869,1
phishtank,1,0.43137119287587156,0
phishtank,1,0.9718913115439306,1
phishtank,1,0.8457733379954054,1
tranco_benign_proxy,0,0.07855696271818643,0
tranco_benign_proxy,0,0.014966497486211768,0
phishtank,1,0.930779820257343,1
tranco_benign_proxy,0,0.6668873775840721,0
phishtank,1,0.5010859373174726,0
phishtank,1,0.7398653887761468,0
tranco_benign_proxy,0,0.3432599649720753,0
phishtank,1,0.9996227174422923,1
tranco_benign_proxy,0,0.915660711659647,1
phishtank,1,0.672436585292569,0
phishtank,1,0.9998196277238316,1
phishtank,1,0.9823710443674444,1
phishtank,1,0.9785976214195147,1
phishtank,1,0.8142275321518602,1
tranco_benign_proxy,0,0.15901222506270396,0
tranco_benign_proxy,0,0.9658873165348381,1
phishtank,1,0.8764084961228708,1
phishtank,1,0.9994030818698623,1
phishtank,1,0.9517101083578311,1
tranco_benign_proxy,0,0.13300320211864786,0
phishtank,1,0.9981688809700868,1
tranco_benign_proxy,0,0.7784842542837388,1
tranco_benign_proxy,0,0.6307949134307252,0
phishtank,1,0.999546211435542,1
tranco_benign_proxy,0,0.11523675176082625,0
tranco_benign_proxy,0,0.021826062365812637,0
tranco_benign_proxy,0,0.7181478926730128,0
phishtank,1,0.9415497199962806,1
phishtank,1,0.9941600948707139,1
phishtank,1,0.9400953283191508,1
tranco_benign_proxy,0,0.28927791955145316,0
phishtank,1,0.9984144139613162,1
tranco_benign_proxy,0,0.1588204599267443,0
phishtank,1,0.9910024461197187,1
phishtank,1,0.9958092321191565,1
phishtank,1,0.968334413974495,1
phishtank,1,0.995441691196988,1
phishtank,1,0.3852088739098619,0
phishtank,1,0.9746746961003296,1
phishtank,1,0.9667912986959357,1
tranco_benign_proxy,0,0.47227604085234925,0
phishtank,1,0.5773338320182206,0
phishtank,1,0.9837040744384066,1
phishtank,1,0.9902696331639481,1
tranco_benign_proxy,0,0.6860545552284215,0
tranco_benign_proxy,0,0.10544310872352868,0
phishtank,1,0.9963376643505898,1
phishtank,1,0.6381930920578897,0
tranco_benign_proxy,0,0.5179856078746716,0
phishtank,1,0.9920638698648653,1
phishtank,1,0.934178557651886,1
phishtank,1,0.9921568963991177,1
tranco_benign_proxy,0,0.35098895559312493,0
phishtank,1,0.8746714319757931,1
tranco_benign_proxy,0,0.004516119499509332,0
phishtank,1,0.9999599722432579,1
phishtank,1,0.997778405058282,1
tranco_benign_proxy,0,0.04616307580335582,0
phishtank,1,0.9068974568186882,1
phishtank,1,0.9997951802315639,1
tranco_benign_proxy,0,0.22865695654476234,0
tranco_benign_proxy,0,0.11475136364494459,0
tranco_benign_proxy,0,0.7964388255926761,1
phishtank,1,0.9450220772544439,1
tranco_benign_proxy,0,0.1137627399458208,0
tranco_benign_proxy,0,0.5271233773187249,0
tranco_benign_proxy,0,0.0743520869014392,0
phishtank,1,0.9065938816721997,1
phishtank,1,0.9995119805811591,1
tranco_benign_proxy,0,0.8457821485377599,1
phishtank,1,0.998704034101096,1
phishtank,1,0.8756507765421829,1
phishtank,1,0.996974067370388,1
tranco_benign_proxy,0,0.865930917704431,1
tranco_benign_proxy,0,0.6798291724617815,0
phishtank,1,0.9960600592176952,1
tranco_benign_proxy,0,0.09035144419703106,0
phishtank,1,0.14864276971000284,0
phishtank,1,0.7642242155237002,0
phishtank,1,0.6949300962538121,0
phishtank,1,0.9685672115530746,1
phishtank,1,0.9922961789020165,1
tranco_benign_proxy,0,0.9535658421206086,1
tranco_benign_proxy,0,0.20993201443826526,0
phishtank,1,0.9996514584309528,1
phishtank,1,0.9924998912463184,1
tranco_benign_proxy,0,0.10223784815142319,0
tranco_benign_proxy,0,0.904339795794536,1
phishtank,1,0.9880621715008256,1
tranco_benign_proxy,0,0.13755285904486464,0
tranco_benign_proxy,0,0.10960955013176163,0
phishtank,1,0.3984188335461115,0
tranco_benign_proxy,0,0.3802168173042671,0
tranco_benign_proxy,0,0.09132675628299201,0
phishtank,1,0.9989073355190249,1
tranco_benign_proxy,0,0.5104287469837,0
tranco_benign_proxy,0,0.47318874055655075,0
tranco_benign_proxy,0,0.28539514331832117,0
tranco_benign_proxy,0,0.9856233307560304,1
phishtank,1,0.9874084370898959,1
tranco_benign_proxy,0,0.33687676694980984,0
phishtank,1,0.8853295001422932,1
phishtank,1,0.9964502383435178,1
tranco_benign_proxy,0,0.9918414720273706,1
tranco_benign_proxy,0,0.4336184671997999,0
phishtank,1,0.99963561315773,1
tranco_benign_proxy,0,0.04503683211762829,0
tranco_benign_proxy,0,0.0085396482631623,0
phishtank,1,0.9976312645015061,1
tranco_benign_proxy,0,0.01795848999448569,0
tranco_benign_proxy,0,0.1950407888720473,0
phishtank,1,0.995223138298677,1
phishtank,1,0.9784435349620141,1
tranco_benign_proxy,0,0.8305710901353457,1
tranco_benign_proxy,0,0.6720921889468008,0
phishtank,1,0.8423134660829712,1
tranco_benign_proxy,0,0.0032150524531006676,0
tranco_benign_proxy,0,0.07939820823458667,0
phishtank,1,0.9971777162589559,1
tranco_benign_proxy,0,0.539435266144246,0
phishtank,1,0.9366066522041189,1
tranco_benign_proxy,0,0.8913893531655246,1
tranco_benign_proxy,0,0.2820382687827406,0
tranco_benign_proxy,0,0.10474883446419539,0
tranco_benign_proxy,0,0.10925807841379934,0
tranco_benign_proxy,0,0.16372233982942058,0
phishtank,1,0.959448980413562,1
tranco_benign_proxy,0,0.2064236131112085,0
tranco_benign_proxy,0,0.05901067244072378,0
tranco_benign_proxy,0,0.656237509835705,0
tranco_benign_proxy,0,0.9612887627197635,1
tranco_benign_proxy,0,0.7224866063034305,0
phishtank,1,0.9690478144706028,1
tranco_benign_proxy,0,0.03671575226638682,0
tranco_benign_proxy,0,0.052164047405681445,0
phishtank,1,0.9990449583208095,1
tranco_benign_proxy,0,0.24443473786659783,0
tranco_benign_proxy,0,0.6728803600130281,0
phishtank,1,0.9999107189054454,1
phishtank,1,0.9936090279386325,1
phishtank,1,0.9986332614822532,1
tranco_benign_proxy,0,0.28529367556133817,0
phishtank,1,0.9998772693448668,1
tranco_benign_proxy,0,0.8039673704071533,1
phishtank,1,0.9996981017532003,1
phishtank,1,0.9533389276006751,1
tranco_benign_proxy,0,0.05908481510919633,0
tranco_benign_proxy,0,0.5654661067203754,0
phishtank,1,0.9994611458514832,1
tranco_benign_proxy,0,0.5593516652013877,0
phishtank,1,0.6423603523856828,0
tranco_benign_proxy,0,0.22793933757898993,0
phishtank,1,0.658573310636011,0
tranco_benign_proxy,0,0.3661190943751529,0
tranco_benign_proxy,0,0.09100391610255035,0
phishtank,1,0.943272826979051,1
phishtank,1,0.9975703469845553,1
phishtank,1,0.9113796814248059,1
phishtank,1,0.9915019121336099,1
tranco_benign_proxy,0,0.6088888943136823,0
phishtank,1,0.10251645822662174,0
tranco_benign_proxy,0,0.6696696805232399,0
phishtank,1,0.9981690953181567,1
tranco_benign_proxy,0,0.11288095121390433,0
phishtank,1,0.539842293445737,0
phishtank,1,0.9989057915806249,1
phishtank,1,0.9996648530427974,1
tranco_benign_proxy,0,0.27846387829091973,0
tranco_benign_proxy,0,0.06332762572277477,0
phishtank,1,0.9925677442741456,1
tranco_benign_proxy,0,0.2628724319214005,0
phishtank,1,0.7545318611065218,0
phishtank,1,0.8695117580807636,1
phishtank,1,0.5865048456653987,0
phishtank,1,0.9999977100908327,1
phishtank,1,0.9248044610957018,1
phishtank,1,0.8577703490744131,1
phishtank,1,0.4410652584875919,0
tranco_benign_proxy,0,0.7201072574600305,0
phishtank,1,0.9721304280033324,1
phishtank,1,0.9704115703799985,1
tranco_benign_proxy,0,0.16404942594429794,0
tranco_benign_proxy,0,0.1294281482263555,0
tranco_benign_proxy,0,0.16835263210828108,0
tranco_benign_proxy,0,0.051017982671979815,0
tranco_benign_proxy,0,0.06400128008361777,0
phishtank,1,0.8169461117670727,1
tranco_benign_proxy,0,0.053650467459538394,0
tranco_benign_proxy,0,0.0014122390064792829,0
phishtank,1,0.9998251823257955,1
phishtank,1,0.7296015699836855,0
tranco_benign_proxy,0,0.35221223718658834,0
tranco_benign_proxy,0,0.08069239220100928,0
tranco_benign_proxy,0,0.1679978084388378,0
phishtank,1,0.99869510656945,1
tranco_benign_proxy,0,0.12158329552166602,0
tranco_benign_proxy,0,0.5591935731730994,0
tranco_benign_proxy,0,0.2817627126711502,0
tranco_benign_proxy,0,0.9161209800491714,1
tranco_benign_proxy,0,0.9366770124087672,1
tranco_benign_proxy,0,0.7703914192213086,1
phishtank,1,0.9975287162106174,1
phishtank,1,0.9842838027044882,1
phishtank,1,0.9992458229755021,1
tranco_benign_proxy,0,0.3265578497495286,0
tranco_benign_proxy,0,0.38408599941866955,0
tranco_benign_proxy,0,0.8732660619243502,1
tranco_benign_proxy,0,0.14832591648386445,0
tranco_benign_proxy,0,0.27883638429556373,0
phishtank,1,0.9970039389967827,1
phishtank,1,0.9995878707572757,1
phishtank,1,0.8936868782365412,1
tranco_benign_proxy,0,0.018078946928124458,0
phishtank,1,0.9991788772748006,1
tranco_benign_proxy,0,0.9153150601566843,1
tranco_benign_proxy,0,0.7195955794078348,0
phishtank,1,0.9997844935090071,1
phishtank,1,0.4965761744024494,0
phishtank,1,0.9809375682606118,1
tranco_benign_proxy,0,0.1960284386168288,0
tranco_benign_proxy,0,0.032155100595822925,0
phishtank,1,0.9756567086263978,1
tranco_benign_proxy,0,0.8809212042720582,1
tranco_benign_proxy,0,0.05958276549008692,0
phishtank,1,0.9982813544000719,1
phishtank,1,0.9979299657336052,1
phishtank,1,0.9695523114682686,1
phishtank,1,0.7564744255005529,0
phishtank,1,0.4062230533157768,0
tranco_benign_proxy,0,0.4042366967042449,0
tranco_benign_proxy,0,0.03651674071322998,0
tranco_benign_proxy,0,0.10649021822031546,0
tranco_benign_proxy,0,0.9926802691453028,1
tranco_benign_proxy,0,0.806435180462542,1
phishtank,1,0.9881020534975341,1
phishtank,1,0.92962758996889,1
phishtank,1,0.015145447354993423,0
phishtank,1,0.987566633839372,1
phishtank,1,0.9973956146191374,1
phishtank,1,0.994451295207412,1
tranco_benign_proxy,0,0.26845491418223416,0
tranco_benign_proxy,0,0.003294732271946348,0
tranco_benign_proxy,0,0.8476536302033061,1
tranco_benign_proxy,0,0.9764310121374817,1
phishtank,1,0.9707406471654898,1
phishtank,1,0.9957761459738292,1
tranco_benign_proxy,0,0.905646009740806,1
phishtank,1,0.988260941825014,1
phishtank,1,0.9998617519196116,1
tranco_benign_proxy,0,0.0045093627126125396,0
tranco_benign_proxy,0,0.6842053820141726,0
phishtank,1,0.9314370382541021,1
phishtank,1,0.9753164507910148,1
phishtank,1,0.9376285480038182,1
phishtank,1,0.9995582722587306,1
phishtank,1,0.9961832649922543,1
tranco_benign_proxy,0,0.05699306265131658,0
phishtank,1,0.3861769175615431,0
tranco_benign_proxy,0,0.617312817940442,0
tranco_benign_proxy,0,0.5700206009086428,0
phishtank,1,0.9998770016034285,1
tranco_benign_proxy,0,0.1544350454727312,0
phishtank,1,0.8695951601196805,1
phishtank,1,0.995687451427984,1
tranco_benign_proxy,0,0.9329929432764184,1
tranco_benign_proxy,0,0.02542993247883586,0
tranco_benign_proxy,0,0.1142978149595072,0
tranco_benign_proxy,0,0.4012672682274928,0
phishtank,1,0.996719207655585,1
tranco_benign_proxy,0,0.893368033412249,1
tranco_benign_proxy,0,0.7981522746823184,1
phishtank,1,0.9999615386748866,1
tranco_benign_proxy,0,0.08681298782915206,0
phishtank,1,0.9985555059248039,1
phishtank,1,0.9893971818312672,1
phishtank,1,0.9942041619306646,1
tranco_benign_proxy,0,0.013344254424204725,0
phishtank,1,0.8159538107690336,1
phishtank,1,0.9945260919546758,1
tranco_benign_proxy,0,0.6112171559286758,0
tranco_benign_proxy,0,0.33163569887889466,0
tranco_benign_proxy,0,0.9895162494376101,1
tranco_benign_proxy,0,0.8472213243579271,1
tranco_benign_proxy,0,0.16753783472219105,0
phishtank,1,0.8982389239142855,1
phishtank,1,0.9974822320088089,1
phishtank,1,0.9999881565918789,1
tranco_benign_proxy,0,0.26892770814047456,0
tranco_benign_proxy,0,0.09686055114973116,0
tranco_benign_proxy,0,0.42259336634501926,0
phishtank,1,0.9984648150477792,1
tranco_benign_proxy,0,0.2097078218194303,0
phishtank,1,0.999820429898428,1
tranco_benign_proxy,0,0.7268925262777486,0
phishtank,1,0.9999583466057099,1
phishtank,1,0.23705436618172238,0
tranco_benign_proxy,0,0.1371665653969796,0
phishtank,1,0.9687233229666831,1
tranco_benign_proxy,0,0.20667439292457082,0
phishtank,1,0.990737755205014,1
tranco_benign_proxy,0,0.8359281502545407,1
phishtank,1,0.23963313691495183,0
phishtank,1,0.9933654791141067,1
tranco_benign_proxy,0,0.045692571875668685,0
tranco_benign_proxy,0,0.17165058691534835,0
tranco_benign_proxy,0,0.9390375898401931,1
phishtank,1,0.984970282175629,1
phishtank,1,0.9980664279316764,1
tranco_benign_proxy,0,0.05539789622712956,0
phishtank,1,0.9988064557137273,1
phishtank,1,0.9928087414750056,1
phishtank,1,0.9976407346488688,1
phishtank,1,0.9992380915483868,1
tranco_benign_proxy,0,0.36655910690153815,0
tranco_benign_proxy,0,0.06313841805257465,0
tranco_benign_proxy,0,0.027147490112855072,0
phishtank,1,0.9660246885561102,1
tranco_benign_proxy,0,0.697163018669071,0
phishtank,1,0.9974524291728895,1
tranco_benign_proxy,0,0.1553189137759424,0
phishtank,1,0.022675003577607315,0
phishtank,1,0.9841365539918667,1
phishtank,1,0.9945010991840972,1
phishtank,1,0.9995864588279422,1
phishtank,1,0.3677467377133321,0
tranco_benign_proxy,0,0.01655495900609325,0
tranco_benign_proxy,0,0.08824010630003601,0
phishtank,1,0.9896655036297183,1
phishtank,1,0.9859478063901236,1
phishtank,1,0.8953599932067264,1
tranco_benign_proxy,0,0.9018647879385157,1
tranco_benign_proxy,0,0.3213975302873064,0
phishtank,1,0.987986470081464,1
tranco_benign_proxy,0,0.22339022071126552,0
phishtank,1,0.49342803152253817,0
phishtank,1,0.997525637210588,1
phishtank,1,0.9868483430833678,1
tranco_benign_proxy,0,0.8691344229813901,1
tranco_benign_proxy,0,0.14122591685210484,0
tranco_benign_proxy,0,0.04513464642824131,0
tranco_benign_proxy,0,0.9843648671712364,1
phishtank,1,0.2329182094573986,0
tranco_benign_proxy,0,0.4429540717296724,0
tranco_benign_proxy,0,0.27361940374757776,0
phishtank,1,0.9987924135975643,1
tranco_benign_proxy,0,0.9631080150102319,1
tranco_benign_proxy,0,0.5501430151545557,0
phishtank,1,0.9997628723808897,1
phishtank,1,0.30377928723987335,0
phishtank,1,0.9922494881273678,1
tranco_benign_proxy,0,0.839059609638594,1
tranco_benign_proxy,0,0.10116312180310172,0
phishtank,1,0.9774242855193752,1
tranco_benign_proxy,0,0.11732780895341786,0
tranco_benign_proxy,0,0.07940726527786866,0
phishtank,1,0.9956891373821267,1
phishtank,1,0.8482110429846362,1
tranco_benign_proxy,0,0.4055823464771854,0
tranco_benign_proxy,0,0.51972493933233,0
phishtank,1,0.9992093231762201,1
phishtank,1,0.9598463605942378,1
phishtank,1,0.9898286638139324,1
phishtank,1,0.9995731901851512,1
tranco_benign_proxy,0,0.2571534909564939,0
tranco_benign_proxy,0,0.2786988646663484,0
phishtank,1,0.9990118729307692,1
tranco_benign_proxy,0,0.16088976747016098,0
phishtank,1,0.9575348378735069,1
tranco_benign_proxy,0,0.17225089182160744,0
phishtank,1,0.9926931337966619,1
phishtank,1,0.997647197960045,1
tranco_benign_proxy,0,0.8497460970892813,1
tranco_benign_proxy,0,0.33619007188514854,0
phishtank,1,0.545254235997422,0
phishtank,1,0.9389764228507684,1
phishtank,1,0.996615966549551,1
tranco_benign_proxy,0,0.1841274987699129,0
phishtank,1,0.6038565992135568,0
phishtank,1,0.9174432627788336,1
tranco_benign_proxy,0,0.12158077186245402,0
phishtank,1,0.8007856902435422,1
tranco_benign_proxy,0,0.991754600145085,1
tranco_benign_proxy,0,0.573592868170553,0
tranco_benign_proxy,0,0.19533373884645966,0
tranco_benign_proxy,0,0.7049213235002437,0
phishtank,1,0.9998763825357526,1
tranco_benign_proxy,0,0.13773812591645243,0
tranco_benign_proxy,0,0.8489347503915844,1
phishtank,1,0.2960466939025737,0
phishtank,1,0.9999141842735927,1
tranco_benign_proxy,0,0.38378875753369657,0
tranco_benign_proxy,0,0.4056374467161653,0
phishtank,1,0.9999780589840362,1
tranco_benign_proxy,0,0.1261565107124104,0
tranco_benign_proxy,0,0.8799830018173009,1
tranco_benign_proxy,0,0.2756466144158951,0
phishtank,1,0.9999827667619626,1
phishtank,1,0.9931279709193612,1
tranco_benign_proxy,0,0.4688640509359768,0
phishtank,1,0.9964380177037744,1
tranco_benign_proxy,0,0.945565574703345,1
tranco_benign_proxy,0,0.162726550336434,0
tranco_benign_proxy,0,0.23798188862864433,0
tranco_benign_proxy,0,0.7277512169108807,0
phishtank,1,0.9902933870518311,1
phishtank,1,0.9990165236449733,1
phishtank,1,0.9477967857583782,1
phishtank,1,0.9997664499985207,1
phishtank,1,0.9910656275415697,1
phishtank,1,0.9988698983939743,1
phishtank,1,0.997455237076811,1
phishtank,1,0.9770223553984975,1
tranco_benign_proxy,0,0.09280485278820635,0
phishtank,1,0.9824392345050155,1
phishtank,1,0.5449627980389148,0
phishtank,1,0.9766640371084324,1
phishtank,1,0.7198319512010807,0
phishtank,1,0.9728675738030358,1
tranco_benign_proxy,0,0.860399665082736,1
phishtank,1,0.9861737703979871,1
tranco_benign_proxy,0,0.8073318330646284,1
phishtank,1,0.9987015036350996,1
tranco_benign_proxy,0,0.10017799616901853,0
tranco_benign_proxy,0,0.11097960132153697,0
tranco_benign_proxy,0,5.00262251021738e-05,0
phishtank,1,0.9993899013851334,1
tranco_benign_proxy,0,0.6476261993621358,0
phishtank,1,0.9985560489326513,1
tranco_benign_proxy,0,0.21342688556722073,0
tranco_benign_proxy,0,0.8026036328466395,1
phishtank,1,0.9949367274142425,1
tranco_benign_proxy,0,0.25299182406601284,0
tranco_benign_proxy,0,0.019830579613239706,0
tranco_benign_proxy,0,0.17557641965170864,0
phishtank,1,0.8697349020349807,1
tranco_benign_proxy,0,0.776162531734426,1
phishtank,1,0.998221450110129,1
phishtank,1,0.9972368734263073,1
phishtank,1,0.9900379968191939,1
tranco_benign_proxy,0,0.10479825132494491,0
phishtank,1,0.9749785394520062,1
phishtank,1,0.9891151724332278,1
tranco_benign_proxy,0,0.011464566244017668,0
phishtank,1,0.9937526245235909,1
tranco_benign_proxy,0,0.34899484949734577,0
phishtank,1,0.36908516134384023,0
tranco_benign_proxy,0,0.09377559243762511,0
phishtank,1,0.5044637196122613,0
tranco_benign_proxy,0,0.36865950008474113,0
phishtank,1,0.8179912767421899,1
tranco_benign_proxy,0,0.2455707842186966,0
phishtank,1,0.9982701237722958,1
phishtank,1,0.976523394312828,1
tranco_benign_proxy,0,0.06376056030531897,0
tranco_benign_proxy,0,0.0904141763395135,0
tranco_benign_proxy,0,0.5315808272328849,0
tranco_benign_proxy,0,0.05035243286127154,0
phishtank,1,0.9976127232909344,1
phishtank,1,0.9897915778302917,1
phishtank,1,0.9998341861402041,1
phishtank,1,0.9996681296596641,1
tranco_benign_proxy,0,0.5956665177129569,0
phishtank,1,0.9958488773619181,1
tranco_benign_proxy,0,0.056340329941640725,0
tranco_benign_proxy,0,0.1014549253661915,0
phishtank,1,0.9976709921659745,1
phishtank,1,0.9958879661494779,1
phishtank,1,0.9885613655188151,1
tranco_benign_proxy,0,0.7951324303283857,1
phishtank,1,0.9974004563016716,1
phishtank,1,0.9926377529573389,1
phishtank,1,0.008382499332518906,0
tranco_benign_proxy,0,0.5702462107176001,0
phishtank,1,0.9999487258677594,1
tranco_benign_proxy,0,0.42717137523680254,0
tranco_benign_proxy,0,0.16062360422864916,0
phishtank,1,0.9948481742965358,1
phishtank,1,0.9961093743337733,1
tranco_benign_proxy,0,0.48380253447935306,0
phishtank,1,0.9994362839002863,1
phishtank,1,0.9998605896253377,1
tranco_benign_proxy,0,0.645689573510143,0
tranco_benign_proxy,0,0.29628831561183183,0
phishtank,1,0.9982744797112374,1
phishtank,1,0.999519057861267,1
tranco_benign_proxy,0,0.10688559806219368,0
phishtank,1,0.9983337471218832,1
phishtank,1,0.9980680866889998,1
phishtank,1,0.2298739119822184,0
phishtank,1,0.9859238095616292,1
phishtank,1,0.9995759746215686,1
tranco_benign_proxy,0,0.3800366582693768,0
tranco_benign_proxy,0,0.8742377514396027,1
tranco_benign_proxy,0,0.03961581561405151,0
tranco_benign_proxy,0,0.07545100167875969,0
tranco_benign_proxy,0,0.22846432668838015,0
phishtank,1,0.9999917105003411,1
phishtank,1,0.9930946111629463,1
tranco_benign_proxy,0,0.016650129042453683,0
phishtank,1,0.9982589354216393,1
phishtank,1,0.9861411152796264,1
phishtank,1,0.9950646250941388,1
tranco_benign_proxy,0,0.16478036555370018,0
phishtank,1,0.9966266419008625,1
tranco_benign_proxy,0,0.024077726397185858,0
phishtank,1,0.9996414595230942,1
phishtank,1,0.9388272608968327,1
phishtank,1,0.9966299452600704,1
phishtank,1,0.996495435624078,1
tranco_benign_proxy,0,0.230473366671215,0
phishtank,1,0.9653642912246899,1
tranco_benign_proxy,0,0.17237335620538294,0
phishtank,1,0.9844648283525683,1
phishtank,1,0.6006479415879417,0
tranco_benign_proxy,0,0.9178257872318494,1
tranco_benign_proxy,0,0.2090530064311792,0
phishtank,1,0.09641165306293531,0
phishtank,1,0.999991852697018,1
tranco_benign_proxy,0,0.13528284109546077,0
phishtank,1,0.986164732293653,1
phishtank,1,0.9630266166111431,1
phishtank,1,0.9995525048555526,1
tranco_benign_proxy,0,0.7481956081643318,0
phishtank,1,0.278201379636646,0
tranco_benign_proxy,0,0.2543520319108692,0
tranco_benign_proxy,0,0.16074056565037265,0
tranco_benign_proxy,0,0.13125006286817134,0
phishtank,1,0.9942001069550432,1
tranco_benign_proxy,0,0.8609746981433738,1
phishtank,1,0.9871050098681131,1
phishtank,1,0.9807692720959155,1
phishtank,1,0.9401887169394344,1
phishtank,1,0.9975241675919002,1
phishtank,1,0.9999860061660789,1
tranco_benign_proxy,0,0.026948428603920466,0
phishtank,1,0.9932641478983096,1
phishtank,1,0.9999157430954025,1
phishtank,1,0.9994282235564659,1
phishtank,1,0.9729616205674099,1
tranco_benign_proxy,0,0.16125085803334954,0
tranco_benign_proxy,0,0.05951086166410847,0
phishtank,1,0.9667102245035265,1
tranco_benign_proxy,0,0.08655449624476856,0
tranco_benign_proxy,0,0.8400097616302096,1
tranco_benign_proxy,0,0.20029199233856035,0
tranco_benign_proxy,0,0.23053761105192186,0
tranco_benign_proxy,0,0.12337804743258776,0
tranco_benign_proxy,0,0.09136670482852935,0
phishtank,1,0.07544577695113233,0
tranco_benign_proxy,0,0.061271886447373886,0
phishtank,1,0.9946606857891179,1
phishtank,1,0.9999074317525279,1
tranco_benign_proxy,0,0.8714876177363867,1
phishtank,1,0.9943225810741572,1
phishtank,1,0.37549562943573933,0
tranco_benign_proxy,0,0.6368782031193119,0
tranco_benign_proxy,0,0.8673660117159063,1
phishtank,1,0.994603197028535,1
phishtank,1,0.9999426556192457,1
phishtank,1,0.9948296089832448,1
phishtank,1,0.9722322971486057,1
phishtank,1,0.9999515603434667,1
tranco_benign_proxy,0,0.001580915596761769,0
phishtank,1,0.9998806078514467,1
tranco_benign_proxy,0,0.01284869846976224,0
tranco_benign_proxy,0,0.9895938502446694,1
tranco_benign_proxy,0,0.1801449433272754,0
phishtank,1,0.8542044810653138,1
phishtank,1,0.9997052393571166,1
phishtank,1,0.09518957930279438,0
phishtank,1,0.9989524976085942,1
phishtank,1,0.9999678662996615,1
phishtank,1,0.9993996193400374,1
phishtank,1,0.9993611455900614,1
tranco_benign_proxy,0,0.07321483577584195,0
tranco_benign_proxy,0,0.12157727337914222,0
phishtank,1,0.9999122754915022,1
phishtank,1,0.9981736224236166,1
phishtank,1,0.9916482185914464,1
phishtank,1,0.9998810485883429,1
phishtank,1,0.7573407200147055,0
phishtank,1,0.10173119526531987,0
phishtank,1,0.9999897965845876,1
phishtank,1,0.9984096153515519,1
tranco_benign_proxy,0,0.4741821751384277,0
phishtank,1,0.5924936362084618,0
tranco_benign_proxy,0,0.7470094002254544,0
tranco_benign_proxy,0,0.01565008854638869,0
tranco_benign_proxy,0,0.5446004551586191,0
tranco_benign_proxy,0,0.13009228492814906,0
phishtank,1,0.9888957590081823,1
tranco_benign_proxy,0,0.5080589199948828,0
phishtank,1,0.9926982179180326,1
tranco_benign_proxy,0,0.14962135860034037,0
tranco_benign_proxy,0,0.6287843142019767,0
tranco_benign_proxy,0,0.09365563174794053,0
tranco_benign_proxy,0,0.7646216711322552,0
tranco_benign_proxy,0,0.09304264714818054,0
tranco_benign_proxy,0,0.12737414352950455,0
phishtank,1,0.9941521389999307,1
tranco_benign_proxy,0,0.46053061991121425,0
tranco_benign_proxy,0,0.7043548310580809,0
phishtank,1,0.9910429590081401,1
tranco_benign_proxy,0,0.2069606890976334,0
tranco_benign_proxy,0,0.5816480517103484,0
phishtank,1,0.914459831118441,1
phishtank,1,0.7545070381927869,0
phishtank,1,0.5416932841391527,0
phishtank,1,0.9999866933802412,1
phishtank,1,0.9979270579609281,1
tranco_benign_proxy,0,0.5471563222107897,0
tranco_benign_proxy,0,0.6260327045394415,0
tranco_benign_proxy,0,0.7122091977160604,0
tranco_benign_proxy,0,0.4516905192898242,0
tranco_benign_proxy,0,0.6339352320984395,0
tranco_benign_proxy,0,0.22552491605998895,0
phishtank,1,0.9999812017456334,1
phishtank,1,0.9995910048307285,1
tranco_benign_proxy,0,0.17136300154965597,0
tranco_benign_proxy,0,0.9766862678562237,1
phishtank,1,0.8912658227156448,1
phishtank,1,0.9037524215596264,1
tranco_benign_proxy,0,0.4623018789605173,0
phishtank,1,0.9897852992643479,1
tranco_benign_proxy,0,0.06414295204427917,0
tranco_benign_proxy,0,0.959510785564198,1
tranco_benign_proxy,0,0.7813975358172597,1
tranco_benign_proxy,0,0.216680208041079,0
tranco_benign_proxy,0,0.08637946700900018,0
tranco_benign_proxy,0,0.18149390755423628,0
tranco_benign_proxy,0,0.9786647657859814,1
tranco_benign_proxy,0,0.6991082835957037,0
tranco_benign_proxy,0,0.026075501489153115,0
phishtank,1,0.8147861693967973,1
phishtank,1,0.9659625131260009,1
phishtank,1,0.9996761854123816,1
tranco_benign_proxy,0,0.8823339153913835,1
tranco_benign_proxy,0,0.8470483180819507,1
phishtank,1,0.936445373484417,1
tranco_benign_proxy,0,0.35458666320849414,0
phishtank,1,0.7337872121061065,0
phishtank,1,0.9955733921854949,1
phishtank,1,0.9822008766974453,1
phishtank,1,0.7680739332092622,0
phishtank,1,0.8522386200654077,1
tranco_benign_proxy,0,0.5491881531611936,0
tranco_benign_proxy,0,0.5967580026776005,0
phishtank,1,0.9664675471934507,1
phishtank,1,0.9953007923463884,1
phishtank,1,0.9810009778232139,1
phishtank,1,0.9988625069738093,1
phishtank,1,0.983647180672465,1
tranco_benign_proxy,0,0.008306708625721347,0
tranco_benign_proxy,0,0.10637652277455424,0
phishtank,1,0.9966158560572718,1
tranco_benign_proxy,0,0.5019206161454461,0
tranco_benign_proxy,0,0.45033136762916576,0
tranco_benign_proxy,0,0.08908325795355805,0
phishtank,1,0.9999785787218427,1
tranco_benign_proxy,0,0.11913238681941597,0
tranco_benign_proxy,0,0.9106165593578219,1
tranco_benign_proxy,0,0.5422236228810001,0
phishtank,1,0.9696347339396468,1
tranco_benign_proxy,0,0.2595544477788603,0
phishtank,1,0.9999943125580785,1
tranco_benign_proxy,0,0.04603192855699519,0
tranco_benign_proxy,0,0.10575392686981576,0
phishtank,1,0.9595477625623023,1
phishtank,1,0.8807373436052264,1
phishtank,1,0.9992654775774563,1
phishtank,1,0.9979923277348359,1
phishtank,1,0.9714863149589359,1
phishtank,1,0.5959269161174857,0
phishtank,1,0.9999883281948976,1
tranco_benign_proxy,0,0.3279500202769773,0
phishtank,1,0.9369331569540846,1
phishtank,1,0.9966226265358717,1
phishtank,1,0.9723625260257636,1
phishtank,1,0.9574435278323905,1
phishtank,1,0.39683877955124097,0
tranco_benign_proxy,0,0.17656856318634512,0
tranco_benign_proxy,0,0.49719191631066856,0
tranco_benign_proxy,0,0.6922799414450618,0
phishtank,1,0.9999265345604106,1
phishtank,1,0.9654446432944438,1
tranco_benign_proxy,0,0.19960056927106168,0
tranco_benign_proxy,0,0.21934799846192532,0
tranco_benign_proxy,0,0.3331782056224498,0
tranco_benign_proxy,0,0.505386416222951,0
phishtank,1,0.9995336259190214,1
tranco_benign_proxy,0,0.8658666860160397,1
phishtank,1,0.9269254008562946,1
phishtank,1,0.9981982614499172,1
phishtank,1,0.6273812793049772,0
phishtank,1,0.9999952707317881,1
phishtank,1,0.9996914353052451,1
phishtank,1,0.9870668729963039,1
phishtank,1,0.9784181322106472,1
phishtank,1,0.9784384257763868,1
tranco_benign_proxy,0,0.6136184021075614,0
phishtank,1,0.6056849298184359,0
phishtank,1,0.16331088222997575,0
tranco_benign_proxy,0,0.01437787468513792,0
tranco_benign_proxy,0,0.127498185466171,0
tranco_benign_proxy,0,0.7607622810303353,0
tranco_benign_proxy,0,0.9927798889512749,1
phishtank,1,0.971764163249533,1
phishtank,1,0.9843431106187449,1
tranco_benign_proxy,0,0.8811301994045561,1
phishtank,1,0.9997836735141256,1
phishtank,1,0.9993854388321866,1
phishtank,1,0.9757378175240277,1
phishtank,1,0.9711741591529072,1
phishtank,1,0.9995080347937385,1
tranco_benign_proxy,0,0.04718361906414084,0
phishtank,1,0.9972847070984262,1
phishtank,1,0.9905613937567271,1
tranco_benign_proxy,0,0.09168549920736896,0
phishtank,1,0.999907089171945,1
tranco_benign_proxy,0,0.4164884416790131,0
tranco_benign_proxy,0,0.41224300377274176,0
phishtank,1,0.9987485850315969,1
phishtank,1,0.9947473685179872,1
tranco_benign_proxy,0,0.047134297794851523,0
tranco_benign_proxy,0,0.005938632011914591,0
phishtank,1,0.40483629186272496,0
phishtank,1,0.10258157693561705,0
tranco_benign_proxy,0,0.9959030008577405,1
phishtank,1,0.9785161926204101,1
phishtank,1,0.9994616413636231,1
phishtank,1,0.9143197463931962,1
tranco_benign_proxy,0,0.8295439143700606,1
tranco_benign_proxy,0,0.17661660185854744,0
phishtank,1,0.9701085115284057,1
tranco_benign_proxy,0,0.23143051942805254,0
tranco_benign_proxy,0,0.07459286916176115,0
phishtank,1,0.9905509168630363,1
phishtank,1,0.9963683824274147,1
phishtank,1,0.9996635366420211,1
tranco_benign_proxy,0,0.5067866005650936,0
tranco_benign_proxy,0,0.9568393712326045,1
phishtank,1,0.9991130467858683,1
tranco_benign_proxy,0,0.4095518335537006,0
phishtank,1,0.9978123740880016,1
phishtank,1,0.979214477521532,1
tranco_benign_proxy,0,0.3868057944053575,0
tranco_benign_proxy,0,0.9140653242340249,1
phishtank,1,0.999998582295292,1
phishtank,1,0.9831284409242518,1
tranco_benign_proxy,0,0.7955626222067709,1
phishtank,1,0.9962018298269864,1
tranco_benign_proxy,0,0.20593086353976425,0
phishtank,1,0.9993291233152726,1
tranco_benign_proxy,0,0.9215467615182726,1
phishtank,1,0.9571309070927364,1
phishtank,1,0.908288568521313,1
tranco_benign_proxy,0,0.0690013118379406,0
tranco_benign_proxy,0,0.11467840695457479,0
tranco_benign_proxy,0,0.0739201156620475,0
tranco_benign_proxy,0,0.21792652004803137,0
tranco_benign_proxy,0,0.22542311697853443,0
phishtank,1,0.6729169064250003,0
tranco_benign_proxy,0,0.38698019536672246,0
phishtank,1,0.9703287323757352,1
tranco_benign_proxy,0,0.050227575619706866,0
phishtank,1,0.5192952196677414,0
tranco_benign_proxy,0,0.030830838818939384,0
phishtank,1,0.18059680425098457,0
phishtank,1,0.9850062199779968,1
tranco_benign_proxy,0,0.7769635475286887,1
phishtank,1,0.9980907495638063,1
tranco_benign_proxy,0,0.9938962514726888,1
phishtank,1,0.9987905913076474,1
tranco_benign_proxy,0,0.14576080667255603,0
tranco_benign_proxy,0,0.6911290105480256,0
tranco_benign_proxy,0,0.7165361660846123,0
tranco_benign_proxy,0,0.06893375431360821,0
phishtank,1,0.9994200261413515,1
phishtank,1,0.6738259281268786,0
phishtank,1,0.9492872305512803,1
tranco_benign_proxy,0,0.19961342551701616,0
phishtank,1,0.9974324423998938,1
phishtank,1,0.9972738650760612,1
tranco_benign_proxy,0,0.9088101256677585,1
phishtank,1,0.3351398008284202,0
phishtank,1,0.9996717910068481,1
phishtank,1,0.4447308677961694,0
phishtank,1,0.9999914637599386,1
phishtank,1,0.9998950473840026,1
phishtank,1,0.9989131183934584,1
phishtank,1,0.9866565024216198,1
phishtank,1,0.6508380506401215,0
phishtank,1,0.9829060411674219,1
tranco_benign_proxy,0,0.8122858673234084,1
phishtank,1,0.5362338452237247,0
phishtank,1,0.9999333889302598,1
tranco_benign_proxy,0,0.236116850071364,0
tranco_benign_proxy,0,0.18361929960185128,0
phishtank,1,0.7274028188646579,0
phishtank,1,0.9595121869565677,1
tranco_benign_proxy,0,0.9864522502229217,1
tranco_benign_proxy,0,0.22856407548927762,0
tranco_benign_proxy,0,0.9923393854060137,1
phishtank,1,0.9439012608954994,1
phishtank,1,0.4112797662020081,0
tranco_benign_proxy,0,0.1073889119356927,0
tranco_benign_proxy,0,0.0406287024922737,0
tranco_benign_proxy,0,0.07849870094582781,0
tranco_benign_proxy,0,0.5561695402013987,0
tranco_benign_proxy,0,0.0024100988663957345,0
phishtank,1,0.9994145519023545,1
tranco_benign_proxy,0,0.4945979510103968,0
tranco_benign_proxy,0,0.037335749547309685,0
phishtank,1,0.8572726895157541,1
phishtank,1,0.07376186328362863,0
tranco_benign_proxy,0,0.8057634453436598,1
tranco_benign_proxy,0,0.258797100458636,0
tranco_benign_proxy,0,0.05646303051813585,0
tranco_benign_proxy,0,0.13333962034239985,0
phishtank,1,0.8648040032495181,1
phishtank,1,0.8091820416529327,1
tranco_benign_proxy,0,0.0824050516017729,0
phishtank,1,0.9783032988413175,1
phishtank,1,0.5816159499241,0
tranco_benign_proxy,0,0.17306322994250736,0
phishtank,1,0.8082169795168523,1
phishtank,1,0.05638646533967755,0
tranco_benign_proxy,0,0.7881865045504421,1
phishtank,1,0.9991497244898292,1
phishtank,1,0.9984225746823505,1
tranco_benign_proxy,0,0.9884379397983889,1
phishtank,1,0.1876658411078805,0
tranco_benign_proxy,0,0.784278835764747,1
phishtank,1,0.8176417136993905,1
tranco_benign_proxy,0,0.01446202994143156,0
phishtank,1,0.9982254311557635,1
phishtank,1,0.9999426268492865,1
tranco_benign_proxy,0,0.833434575682513,1
tranco_benign_proxy,0,0.11121943646623975,0
phishtank,1,0.8645268849272248,1
tranco_benign_proxy,0,0.39148759410596673,0
tranco_benign_proxy,0,0.6734696589133448,0
phishtank,1,0.9997495981001262,1
phishtank,1,0.9943159250409986,1
phishtank,1,0.9972036451952858,1
phishtank,1,0.9927195779924101,1
tranco_benign_proxy,0,0.7927932525711254,1
tranco_benign_proxy,0,0.13987619685301747,0
phishtank,1,0.4272061424045192,0
phishtank,1,0.9419278778992276,1
tranco_benign_proxy,0,0.08089362824955289,0
phishtank,1,0.9990425816495409,1
tranco_benign_proxy,0,0.9510705559100916,1
tranco_benign_proxy,0,0.7544692127065664,0
phishtank,1,0.148481127725812,0
tranco_benign_proxy,0,0.7854443031380862,1
phishtank,1,0.9990262562094399,1
tranco_benign_proxy,0,0.1059261323043971,0
tranco_benign_proxy,0,0.14584581292996124,0
phishtank,1,0.8567835889920465,1
tranco_benign_proxy,0,0.08021446995939208,0
phishtank,1,0.9924589688387155,1
phishtank,1,0.9984008185583901,1
tranco_benign_proxy,0,0.7002311854792214,0
tranco_benign_proxy,0,0.28636656827333645,0
tranco_benign_proxy,0,0.5439445704571205,0
phishtank,1,0.6231834909418775,0
tranco_benign_proxy,0,0.14074479461576808,0
phishtank,1,0.9704907867213405,1
tranco_benign_proxy,0,0.63604067764896,0
tranco_benign_proxy,0,0.39410093598367624,0
phishtank,1,0.506680730890205,0
phishtank,1,0.9993937764366551,1
phishtank,1,0.9986041955633461,1
tranco_benign_proxy,0,0.026734387042408013,0
phishtank,1,0.9677412355609037,1
tranco_benign_proxy,0,0.13368804489792815,0
tranco_benign_proxy,0,0.36480646594240757,0
phishtank,1,0.996344251924736,1
tranco_benign_proxy,0,0.03314442671167047,0
phishtank,1,0.9956228922460717,1
tranco_benign_proxy,0,0.4976182137965729,0
phishtank,1,0.9995412007326977,1
phishtank,1,0.9926095144250581,1
phishtank,1,0.8754231610389376,1
tranco_benign_proxy,0,0.1438155369120081,0
phishtank,1,0.9977415916023199,1
phishtank,1,0.9834229220855927,1
tranco_benign_proxy,0,0.20067904833704012,0
phishtank,1,0.9927702443564804,1
phishtank,1,0.9999848120078954,1
tranco_benign_proxy,0,0.41639435213660797,0
tranco_benign_proxy,0,0.24042497447041752,0
phishtank,1,0.999808597916302,1
phishtank,1,0.9978337707088507,1
tranco_benign_proxy,0,0.3861735344688876,0
tranco_benign_proxy,0,0.7781591582616278,1
tranco_benign_proxy,0,0.5512383639387456,0
tranco_benign_proxy,0,0.27815109467516375,0
phishtank,1,0.985202059316384,1
phishtank,1,0.9765304612282601,1
phishtank,1,0.9991111858352593,1
tranco_benign_proxy,0,0.9178162946029353,1
phishtank,1,0.9997257676500059,1
tranco_benign_proxy,0,0.3887886380070448,0
tranco_benign_proxy,0,0.14552599104865133,0
tranco_benign_proxy,0,0.7245895121122337,0
phishtank,1,0.9977324950089659,1
tranco_benign_proxy,0,0.2823975322517318,0
phishtank,1,0.9799601324534563,1
phishtank,1,0.9756373755509898,1
tranco_benign_proxy,0,0.7327747883383662,0
phishtank,1,0.9805481526726025,1
phishtank,1,0.9994915513447068,1
tranco_benign_proxy,0,0.11639268045160224,0
phishtank,1,0.9990120780901198,1
phishtank,1,0.9910782574125991,1
tranco_benign_proxy,0,0.10452066787700613,0
phishtank,1,0.9910637744386867,1
phishtank,1,0.9833754188498832,1
phishtank,1,0.30336841081426347,0
tranco_benign_proxy,0,0.18972358888257884,0
phishtank,1,0.9979399264465735,1
tranco_benign_proxy,0,0.8751987210908,1
phishtank,1,0.9998090073741646,1
tranco_benign_proxy,0,0.18099117360553676,0
tranco_benign_proxy,0,0.31645532252962544,0
phishtank,1,0.9781102521943239,1
tranco_benign_proxy,0,0.034362537297035284,0
tranco_benign_proxy,0,0.3440930997309639,0
tranco_benign_proxy,0,0.06500153539330895,0
tranco_benign_proxy,0,0.8472504185825261,1
tranco_benign_proxy,0,0.42447650558702765,0
phishtank,1,0.9403727107398099,1
tranco_benign_proxy,0,0.634938483610405,0
tranco_benign_proxy,0,0.12881625730628793,0
phishtank,1,0.9797424377414348,1
tranco_benign_proxy,0,0.9032365943571354,1
tranco_benign_proxy,0,0.7840668195635212,1
tranco_benign_proxy,0,0.05426087781858932,0
phishtank,1,0.03911306735371713,0
tranco_benign_proxy,0,0.6237731023814035,0
tranco_benign_proxy,0,0.13902408879639222,0
phishtank,1,0.780107287739187,1
tranco_benign_proxy,0,0.07714884912929622,0
tranco_benign_proxy,0,0.09760038767022566,0
tranco_benign_proxy,0,0.8767116342272624,1
tranco_benign_proxy,0,0.8283324618173504,1
tranco_benign_proxy,0,0.5387223824249766,0
tranco_benign_proxy,0,0.03438431591708727,0
phishtank,1,0.998063489653936,1
tranco_benign_proxy,0,0.9847545359308281,1
phishtank,1,0.6683928991524215,0
tranco_benign_proxy,0,0.289268426762586,0
tranco_benign_proxy,0,0.5668804120760508,0
tranco_benign_proxy,0,0.0820868256490947,0
tranco_benign_proxy,0,0.010081153088579759,0
tranco_benign_proxy,0,0.9524653627091713,1
tranco_benign_proxy,0,0.011382335818726887,0
tranco_benign_proxy,0,0.8186300650954021,1
phishtank,1,0.9890910313320395,1
phishtank,1,0.9843154411434668,1
tranco_benign_proxy,0,0.9293388767404469,1
tranco_benign_proxy,0,0.29304262966427286,0
tranco_benign_proxy,0,0.32817004058563626,0
tranco_benign_proxy,0,0.5524119635268107,0
tranco_benign_proxy,0,0.9220653360608745,1
tranco_benign_proxy,0,0.1156325716062001,0
phishtank,1,0.20621087538548724,0
tranco_benign_proxy,0,0.9932338597113225,1
phishtank,1,0.9287619890075989,1
tranco_benign_proxy,0,0.43617803443221126,0
tranco_benign_proxy,0,0.1479092451827535,0
tranco_benign_proxy,0,0.7466809055636615,0
phishtank,1,0.990747913892429,1
phishtank,1,0.9993910139269604,1
tranco_benign_proxy,0,0.17720224657000505,0
phishtank,1,0.9849444422629327,1
tranco_benign_proxy,0,0.20521082733316226,0
tranco_benign_proxy,0,0.10178626615736283,0
tranco_benign_proxy,0,0.03251207961460818,0
tranco_benign_proxy,0,0.5501438058579318,0
tranco_benign_proxy,0,0.4623274920231252,0
phishtank,1,0.9886898060132707,1
phishtank,1,0.9967875219793045,1
tranco_benign_proxy,0,0.48831102924542297,0
phishtank,1,0.9572512569298296,1
phishtank,1,0.1397642713977752,0
phishtank,1,0.8612727138732702,1
phishtank,1,0.9965145187821371,1
tranco_benign_proxy,0,0.8368927847931718,1
tranco_benign_proxy,0,0.9953889293272847,1
tranco_benign_proxy,0,0.5487299153839912,0
phishtank,1,0.9991556219515431,1
phishtank,1,0.725948223416925,0
phishtank,1,0.9990045024044106,1
tranco_benign_proxy,0,0.78684405458483,1
tranco_benign_proxy,0,0.39089314418032367,0
tranco_benign_proxy,0,0.2438180586870334,0
phishtank,1,0.9928677691626757,1
phishtank,1,0.9110785798467823,1
tranco_benign_proxy,0,0.3527139152560494,0
phishtank,1,0.9998741371713099,1
phishtank,1,0.4288137781511984,0
tranco_benign_proxy,0,0.3076519388347215,0
phishtank,1,0.9958699869523088,1
tranco_benign_proxy,0,0.23432262512618351,0
phishtank,1,0.9876097962401716,1
phishtank,1,0.9861688722068667,1
tranco_benign_proxy,0,0.4593941692262827,0
tranco_benign_proxy,0,0.07118204323591165,0
tranco_benign_proxy,0,0.19187918009453478,0
tranco_benign_proxy,0,0.33449755217766425,0
phishtank,1,0.14940184221137645,0
tranco_benign_proxy,0,0.9987370775044766,1
tranco_benign_proxy,0,0.09711535500796714,0
tranco_benign_proxy,0,0.7835251144854787,1
phishtank,1,0.9996416302604311,1
tranco_benign_proxy,0,0.8440140538066483,1
phishtank,1,0.9997009279197006,1
tranco_benign_proxy,0,0.19661192229057908,0
tranco_benign_proxy,0,0.02825922725918029,0
tranco_benign_proxy,0,0.8896933651411937,1
tranco_benign_proxy,0,0.33090881042186904,0
phishtank,1,0.6194296400085761,0
phishtank,1,0.9935028984966539,1
phishtank,1,0.9891815869550996,1
tranco_benign_proxy,0,0.12486318640860773,0
phishtank,1,0.9715322570292679,1
tranco_benign_proxy,0,0.00023063331650631437,0
tranco_benign_proxy,0,0.10079776816161193,0
tranco_benign_proxy,0,0.22028236713766183,0
tranco_benign_proxy,0,0.7545975160724291,0
tranco_benign_proxy,0,0.06623859047545874,0
phishtank,1,0.9768951725263854,1
tranco_benign_proxy,0,0.8389400302197442,1
tranco_benign_proxy,0,0.15964665123394875,0
tranco_benign_proxy,0,0.4347076126509097,0
phishtank,1,0.9764013451607946,1
phishtank,1,0.9998893404175127,1
phishtank,1,0.9877606440549648,1
tranco_benign_proxy,0,0.6684189498681706,0
phishtank,1,0.9954150975329281,1
tranco_benign_proxy,0,0.10705980226923628,0
phishtank,1,0.9982416363423062,1
tranco_benign_proxy,0,0.2573029183916663,0
phishtank,1,0.996949057467029,1
phishtank,1,0.9741568363293831,1
tranco_benign_proxy,0,0.985207854986025,1
phishtank,1,0.9956778699391994,1
phishtank,1,0.9999082371390234,1
phishtank,1,0.9999541821623901,1
phishtank,1,0.9892840638091448,1
tranco_benign_proxy,0,0.7805842309193113,1
phishtank,1,0.9993251595300415,1
tranco_benign_proxy,0,0.2880993835303178,0
tranco_benign_proxy,0,0.2653343248814717,0
phishtank,1,0.9923573242707275,1
phishtank,1,0.42581300242670905,0
phishtank,1,0.904584565765493,1
tranco_benign_proxy,0,0.43068619352106147,0
tranco_benign_proxy,0,0.06258994699838065,0
phishtank,1,0.23005299186707928,0
tranco_benign_proxy,0,0.4225315699821153,0
phishtank,1,0.9858640628609393,1
phishtank,1,0.9997181423211892,1
phishtank,1,0.9960052970790693,1
phishtank,1,0.9996132115765317,1
tranco_benign_proxy,0,0.1745475926644298,0
tranco_benign_proxy,0,0.9482079507071008,1
tranco_benign_proxy,0,0.3699685214200798,0
tranco_benign_proxy,0,0.9247036361239432,1
phishtank,1,0.9999039626733781,1
tranco_benign_proxy,0,0.6457540577877554,0
phishtank,1,0.9438129453534152,1
phishtank,1,0.9899943418270698,1
phishtank,1,0.9991338413959219,1
tranco_benign_proxy,0,0.13053477683406595,0
phishtank,1,0.9374167679377091,1
tranco_benign_proxy,0,0.37724910120292743,0
tranco_benign_proxy,0,0.19833441765638704,0
phishtank,1,0.99997047099897,1
tranco_benign_proxy,0,0.06139884642443841,0
phishtank,1,0.9009388815634114,1
phishtank,1,0.15104141210486857,0
phishtank,1,0.9996965541018153,1
phishtank,1,0.9708623038661879,1
phishtank,1,0.9650557336873377,1
tranco_benign_proxy,0,0.9764187746919568,1
tranco_benign_proxy,0,0.038349410556783856,0
phishtank,1,0.8177003946567699,1
phishtank,1,0.997011843734459,1
tranco_benign_proxy,0,0.5110778302276511,0
phishtank,1,0.961582544219803,1
phishtank,1,0.9952553657413958,1
tranco_benign_proxy,0,0.5037728831000851,0
tranco_benign_proxy,0,0.2968743758751585,0
phishtank,1,0.8950420222672808,1
tranco_benign_proxy,0,0.07606320338780553,0
tranco_benign_proxy,0,0.028686269729828993,0
tranco_benign_proxy,0,0.14975447012168874,0
phishtank,1,0.9859785960572653,1
tranco_benign_proxy,0,0.1097758347015366,0
phishtank,1,0.9978587980665582,1
phishtank,1,0.9988917661287812,1
tranco_benign_proxy,0,0.48984844029347085,0
tranco_benign_proxy,0,0.03586188902967187,0
tranco_benign_proxy,0,0.23066203836112084,0
phishtank,1,0.8613400862498914,1
phishtank,1,0.2455183216534381,0
phishtank,1,0.9800030682681936,1
tranco_benign_proxy,0,0.9581690451277929,1
tranco_benign_proxy,0,0.7013972991763793,0
phishtank,1,0.9830690423661194,1
tranco_benign_proxy,0,0.0033078747850271706,0
phishtank,1,0.9983749673430373,1
phishtank,1,0.9657459566381894,1
tranco_benign_proxy,0,0.9724411824540797,1
phishtank,1,0.9474689723751876,1
phishtank,1,0.9993401765103099,1
tranco_benign_proxy,0,0.009819713051761948,0
tranco_benign_proxy,0,0.11216915065916017,0
phishtank,1,0.9284971135583938,1
tranco_benign_proxy,0,0.010643618206901188,0
tranco_benign_proxy,0,0.07896087372744517,0
tranco_benign_proxy,0,0.04505433387874435,0
tranco_benign_proxy,0,0.2744818681576028,0
phishtank,1,0.8743098576798517,1
tranco_benign_proxy,0,0.0941578290464485,0
phishtank,1,0.9363845255653378,1
phishtank,1,0.987953663070385,1
tranco_benign_proxy,0,0.014293931797710836,0
tranco_benign_proxy,0,0.19665251821978394,0
phishtank,1,0.9643600160194291,1
phishtank,1,0.9731208039987937,1
phishtank,1,0.8162803903941039,1
tranco_benign_proxy,0,0.9162986553248842,1
tranco_benign_proxy,0,0.6861463020905629,0
tranco_benign_proxy,0,0.18456146453708505,0
phishtank,1,0.9789990355584979,1
phishtank,1,0.9937812678126899,1
phishtank,1,0.9975007576723091,1
phishtank,1,0.9356616214355843,1
phishtank,1,0.9989485276759293,1
tranco_benign_proxy,0,0.4310403381444255,0
phishtank,1,0.11891176038214042,0
phishtank,1,0.9680866172418391,1
tranco_benign_proxy,0,0.38858113259138316,0
tranco_benign_proxy,0,0.3610614049098351,0
phishtank,1,0.9740242590683414,1
tranco_benign_proxy,0,0.6279452602451476,0
phishtank,1,0.999858421462972,1
tranco_benign_proxy,0,0.04905385588864539,0
tranco_benign_proxy,0,0.5220785835367668,0
phishtank,1,0.10752038315040643,0
tranco_benign_proxy,0,0.08322806796562134,0
tranco_benign_proxy,0,0.01961736370433,0
tranco_benign_proxy,0,0.28150109882082125,0
tranco_benign_proxy,0,0.10490028538132232,0
phishtank,1,0.9321945933963376,1
tranco_benign_proxy,0,0.41419065741226196,0
phishtank,1,0.988945760803534,1
tranco_benign_proxy,0,0.09119641888620833,0
tranco_benign_proxy,0,0.30919135416014915,0
tranco_benign_proxy,0,0.6758915792639582,0
tranco_benign_proxy,0,0.06562505506757263,0
phishtank,1,0.9984660759051557,1
tranco_benign_proxy,0,0.016661905700661728,0
phishtank,1,0.9985894296647975,1
tranco_benign_proxy,0,0.5551267435457278,0
tranco_benign_proxy,0,0.20012908679311261,0
phishtank,1,0.9966850118434282,1
phishtank,1,0.9884475610619027,1
tranco_benign_proxy,0,0.9855139506992261,1
tranco_benign_proxy,0,0.3182063393487258,0
tranco_benign_proxy,0,0.13079355949068422,0
tranco_benign_proxy,0,0.9872507410883948,1
tranco_benign_proxy,0,0.2536648366460583,0
tranco_benign_proxy,0,0.2353733860568775,0
tranco_benign_proxy,0,0.008807310848770582,0
phishtank,1,0.5523700863573622,0
tranco_benign_proxy,0,0.09996363675955629,0
phishtank,1,0.9989319315960282,1
tranco_benign_proxy,0,0.6511564243984556,0
tranco_benign_proxy,0,0.5566120063116567,0
phishtank,1,0.9999456196270474,1
tranco_benign_proxy,0,0.21842847195991283,0
tranco_benign_proxy,0,0.4545885093048085,0
tranco_benign_proxy,0,0.005196547440094992,0
tranco_benign_proxy,0,0.4945632026190242,0
phishtank,1,0.9997898486040917,1
tranco_benign_proxy,0,0.06716920435374925,0
phishtank,1,0.9995158610826392,1
tranco_benign_proxy,0,0.11613835171300804,0
tranco_benign_proxy,0,0.698008215142828,0
tranco_benign_proxy,0,0.04727052250729044,0
tranco_benign_proxy,0,0.09337939113283357,0
tranco_benign_proxy,0,0.9043227273080318,1
phishtank,1,0.996374003699953,1
tranco_benign_proxy,0,0.1646321455023706,0
tranco_benign_proxy,0,0.9679511691620862,1
phishtank,1,0.33101748959428423,0
tranco_benign_proxy,0,0.0500400883798631,0
phishtank,1,0.5873870387817163,0
phishtank,1,0.991292257651747,1
phishtank,1,0.9993867274325207,1
tranco_benign_proxy,0,0.13081256665367255,0
tranco_benign_proxy,0,0.3004373777850309,0
tranco_benign_proxy,0,0.36251244357323253,0
tranco_benign_proxy,0,0.3973909266711093,0
tranco_benign_proxy,0,0.19670872567640438,0
tranco_benign_proxy,0,0.12639259985185466,0
phishtank,1,0.9727645502081731,1
phishtank,1,0.9856262434878538,1
phishtank,1,0.9739480818641958,1
tranco_benign_proxy,0,0.414288089009846,0
phishtank,1,0.9933099510116123,1
phishtank,1,0.8092673084157634,1
tranco_benign_proxy,0,0.2708115523664471,0
phishtank,1,0.9996472816133374,1
tranco_benign_proxy,0,0.8946619132719943,1
tranco_benign_proxy,0,0.32812593086119995,0
phishtank,1,0.9992080114392842,1
tranco_benign_proxy,0,0.14957331504561353,0
phishtank,1,0.9987496706572427,1
phishtank,1,0.9620910516191319,1
phishtank,1,0.07052919297502264,0
tranco_benign_proxy,0,0.22207801959880508,0
phishtank,1,0.9932504389514485,1
tranco_benign_proxy,0,0.4225807457537876,0
tranco_benign_proxy,0,0.28150024890122866,0
tranco_benign_proxy,0,0.7912080592577392,1
tranco_benign_proxy,0,0.7217586089912337,0
tranco_benign_proxy,0,0.40944760744677317,0
phishtank,1,0.6225942422192438,0
phishtank,1,0.47531217514747615,0
tranco_benign_proxy,0,0.06175650722713218,0
phishtank,1,0.9625223010545251,1
tranco_benign_proxy,0,0.3529990100873002,0
tranco_benign_proxy,0,0.030732103800315512,0
phishtank,1,0.9434018905551227,1
phishtank,1,0.9996749695394993,1
tranco_benign_proxy,0,0.2987064191533712,0
phishtank,1,0.26315230330878575,0
phishtank,1,0.9683755702715588,1
phishtank,1,0.9928812636213306,1
phishtank,1,0.9996905179539471,1
phishtank,1,0.7828562026815886,1
tranco_benign_proxy,0,0.20182161239174884,0
phishtank,1,0.9504528945780515,1
phishtank,1,0.23515942766040593,0
phishtank,1,0.9988670817998383,1
phishtank,1,0.385191381262649,0
phishtank,1,0.9977009841603713,1
phishtank,1,0.9998320017169962,1
phishtank,1,0.992424478683146,1
phishtank,1,0.9993605659914515,1
tranco_benign_proxy,0,0.7077864349724193,0
tranco_benign_proxy,0,0.40669680759944676,0
tranco_benign_proxy,0,0.1825602148498095,0
phishtank,1,0.952867316351318,1
phishtank,1,0.9858307704102812,1
tranco_benign_proxy,0,0.09832562388472466,0
tranco_benign_proxy,0,0.3881764730136535,0
phishtank,1,0.9657512836272606,1
tranco_benign_proxy,0,0.03734991011434451,0
tranco_benign_proxy,0,0.29890005734017155,0
tranco_benign_proxy,0,0.8760230846661384,1
tranco_benign_proxy,0,0.08087971205869994,0
tranco_benign_proxy,0,0.8015877805999078,1
phishtank,1,0.9874492980299437,1
tranco_benign_proxy,0,0.1256773339968412,0
phishtank,1,0.8874749636913994,1
phishtank,1,0.9916571481380803,1
tranco_benign_proxy,0,0.1614725284364789,0
phishtank,1,0.9702970832837062,1
phishtank,1,0.9912851160221956,1
tranco_benign_proxy,0,0.540087158770811,0
phishtank,1,0.9749033900859504,1
phishtank,1,0.2087671591571427,0
tranco_benign_proxy,0,0.32042193488242515,0
phishtank,1,0.9704495909408044,1
phishtank,1,0.9998630720856136,1
tranco_benign_proxy,0,0.004095775868770036,0
phishtank,1,0.9901296569103394,1
tranco_benign_proxy,0,0.8315593545299873,1
phishtank,1,0.9949093362306302,1
phishtank,1,0.9999239630309941,1
phishtank,1,0.9795199280013469,1
phishtank,1,0.985229859148311,1
phishtank,1,0.6910002330431787,0
tranco_benign_proxy,0,0.022562882847323797,0
tranco_benign_proxy,0,0.11016958848754982,0
tranco_benign_proxy,0,0.8822541192447342,1
phishtank,1,0.8113137341373386,1
phishtank,1,0.8268912412416975,1
phishtank,1,0.8590878039645898,1
phishtank,1,0.09446663763491843,0
tranco_benign_proxy,0,0.09897802658625132,0
tranco_benign_proxy,0,0.2868603287383602,0
phishtank,1,0.9841756143758811,1
phishtank,1,0.9999665951922743,1
phishtank,1,0.9886769759338433,1
phishtank,1,0.9829116055333582,1
tranco_benign_proxy,0,0.14163754405275714,0
tranco_benign_proxy,0,0.45279378853530144,0
phishtank,1,0.9983308159889636,1
tranco_benign_proxy,0,0.3407830592077416,0
tranco_benign_proxy,0,0.10811492393070628,0
phishtank,1,0.7669246426117482,0
tranco_benign_proxy,0,0.3332287970224808,0
tranco_benign_proxy,0,0.9610325507489956,1
phishtank,1,0.9963251859031561,1
phishtank,1,0.9768651761610495,1
phishtank,1,0.9997235098573595,1
phishtank,1,0.9998342291160925,1
phishtank,1,0.9566354635730143,1
phishtank,1,0.9932474561583239,1
tranco_benign_proxy,0,0.41362115485427575,0
tranco_benign_proxy,0,0.4714098684057626,0
tranco_benign_proxy,0,0.1777307068058537,0
phishtank,1,0.862866364181481,1
phishtank,1,0.6793497706528545,0
phishtank,1,0.9925889406203827,1
tranco_benign_proxy,0,0.9560502542351145,1
tranco_benign_proxy,0,0.7728549284187368,1
tranco_benign_proxy,0,0.12691762096246573,0
tranco_benign_proxy,0,0.9769101760254754,1
phishtank,1,0.9927453548344848,1
tranco_benign_proxy,0,0.35837145824241,0
phishtank,1,0.9923390559594493,1
phishtank,1,0.9821710297413633,1
phishtank,1,0.992784837241326,1
tranco_benign_proxy,0,0.03567795783349888,0
tranco_benign_proxy,0,0.9032997617545618,1
phishtank,1,0.9706522506792304,1
tranco_benign_proxy,0,0.06761662906339043,0
phishtank,1,0.998166623701116,1
tranco_benign_proxy,0,0.3434963700911548,0
tranco_benign_proxy,0,0.4038190870314657,0
tranco_benign_proxy,0,0.5176817419553564,0
tranco_benign_proxy,0,0.28047841601033985,0
tranco_benign_proxy,0,0.9486443403005161,1
phishtank,1,0.9934788275955524,1
tranco_benign_proxy,0,0.30974956155632005,0
tranco_benign_proxy,0,0.9916934735086166,1
tranco_benign_proxy,0,0.2598912758583016,0
phishtank,1,0.9944680276554563,1
phishtank,1,0.6905549809687723,0
tranco_benign_proxy,0,0.9513150983071604,1
phishtank,1,0.9768759039150253,1
tranco_benign_proxy,0,0.04024071893056313,0
phishtank,1,0.8850512697018167,1
tranco_benign_proxy,0,0.09180259559348933,0
phishtank,1,0.9985211601888442,1
phishtank,1,0.9992063994794707,1
tranco_benign_proxy,0,0.5817368429179444,0
tranco_benign_proxy,0,0.04786106431565955,0
phishtank,1,0.7340331147687993,0
phishtank,1,0.9831215982059901,1
tranco_benign_proxy,0,0.2700306393243158,0
phishtank,1,0.9946694055949509,1
tranco_benign_proxy,0,0.028836516404850694,0
tranco_benign_proxy,0,0.2860243029043448,0
tranco_benign_proxy,0,0.06024913289221688,0
tranco_benign_proxy,0,0.41810802639989375,0
phishtank,1,0.9987905696132678,1
tranco_benign_proxy,0,0.031931483311861485,0
tranco_benign_proxy,0,0.3790439517084021,0
tranco_benign_proxy,0,0.981159072046908,1
tranco_benign_proxy,0,0.9882779149726132,1
phishtank,1,0.9832001423606207,1
tranco_benign_proxy,0,0.5378159510993175,0
tranco_benign_proxy,0,0.30754334260585287,0
tranco_benign_proxy,0,0.05557891597901635,0
tranco_benign_proxy,0,0.1296669986355064,0
phishtank,1,0.9991220817040266,1
phishtank,1,0.9592805133530482,1
tranco_benign_proxy,0,0.09922038195555836,0
tranco_benign_proxy,0,0.05526320362158673,0
phishtank,1,0.9200211188734871,1
tranco_benign_proxy,0,0.21949412893459316,0
tranco_benign_proxy,0,0.27238900941329325,0
phishtank,1,0.9017983207250353,1
tranco_benign_proxy,0,0.41753733035616303,0
tranco_benign_proxy,0,0.22896250335387833,0
tranco_benign_proxy,0,0.06136715913140098,0
phishtank,1,0.999494388041927,1
phishtank,1,0.999795490294163,1
phishtank,1,0.9993266677572936,1
tranco_benign_proxy,0,0.06950037361324839,0
phishtank,1,0.9999751056951975,1
phishtank,1,0.9977311860685871,1
tranco_benign_proxy,0,0.054878606588203885,0
tranco_benign_proxy,0,0.19008728887707146,0
phishtank,1,0.997219485551278,1
phishtank,1,0.9978777784479962,1
tranco_benign_proxy,0,0.2744352088997993,0
phishtank,1,0.9466652708031182,1
phishtank,1,0.9928573530306952,1
tranco_benign_proxy,0,0.17170762840134718,0
phishtank,1,0.9712921510251952,1
tranco_benign_proxy,0,0.32558398393618865,0
tranco_benign_proxy,0,0.23407119539507046,0
tranco_benign_proxy,0,0.4099566558457446,0
phishtank,1,0.8496923925048556,1
tranco_benign_proxy,0,0.29151247636906324,0
tranco_benign_proxy,0,0.8249884114613608,1
phishtank,1,0.25759201880257676,0
phishtank,1,0.9993908578138476,1
phishtank,1,0.899304522362664,1
tranco_benign_proxy,0,0.03653679556416131,0
tranco_benign_proxy,0,0.33112863205259696,0
phishtank,1,0.9997969255989279,1
tranco_benign_proxy,0,0.09051169695749262,0
phishtank,1,0.9999354184019684,1
phishtank,1,0.9939435980989108,1
tranco_benign_proxy,0,0.4294367969450039,0
tranco_benign_proxy,0,0.028582441083494146,0
phishtank,1,0.8124921835476592,1
phishtank,1,0.9895925783852753,1
phishtank,1,0.9998502630268806,1
phishtank,1,0.9985853005180733,1
phishtank,1,0.9996069203828566,1
tranco_benign_proxy,0,0.3387059258880695,0
phishtank,1,0.968754625465064,1
phishtank,1,0.9991767146964983,1
phishtank,1,0.9995900496783664,1
phishtank,1,0.9935491676776773,1
phishtank,1,0.99943048700523,1
tranco_benign_proxy,0,0.0760794098500526,0
tranco_benign_proxy,0,0.14036737879332364,0
tranco_benign_proxy,0,0.03560043550256891,0
phishtank,1,0.998840284635949,1
tranco_benign_proxy,0,0.11046353971641279,0
phishtank,1,0.8686274740334917,1
phishtank,1,0.9996498324276712,1
tranco_benign_proxy,0,0.8555569989931033,1
phishtank,1,0.9959534410576277,1
phishtank,1,0.9982313518328488,1
tranco_benign_proxy,0,0.2738827837460771,0
phishtank,1,0.9978270962012427,1
tranco_benign_proxy,0,0.09938605645921468,0
phishtank,1,0.15031547457697303,0
phishtank,1,0.9835250240632806,1
phishtank,1,0.9842431734085889,1
tranco_benign_proxy,0,0.8099689589066589,1
phishtank,1,0.9998544627603067,1
phishtank,1,0.8005304144934625,1
phishtank,1,0.5219321735207293,0
phishtank,1,0.8540974125247915,1
tranco_benign_proxy,0,0.24675925610797894,0
phishtank,1,0.9851204777337172,1
tranco_benign_proxy,0,0.0009326869593631831,0
phishtank,1,0.9766303993168104,1
phishtank,1,0.9956400913575052,1
phishtank,1,0.9193144315802009,1
phishtank,1,0.5060543993073762,0
tranco_benign_proxy,0,0.7353754676039141,0
tranco_benign_proxy,0,0.10457175993063385,0
phishtank,1,0.8748697100825102,1
phishtank,1,0.09096728607580297,0
tranco_benign_proxy,0,0.34225394224330796,0
phishtank,1,0.9072421885442529,1
tranco_benign_proxy,0,0.20402607994520056,0
tranco_benign_proxy,0,0.1590536034071399,0
phishtank,1,0.9994404756088094,1
phishtank,1,0.9998274167663336,1
tranco_benign_proxy,0,0.9830448051608155,1
tranco_benign_proxy,0,0.056188640277655404,0
tranco_benign_proxy,0,0.8101411722139796,1
phishtank,1,0.9934527287402108,1
phishtank,1,0.9865203291506421,1
phishtank,1,0.9916193035349361,1
tranco_benign_proxy,0,0.2484338932788672,0
phishtank,1,0.9922387188955396,1
phishtank,1,0.6445908060977604,0
phishtank,1,0.9998486230429711,1
phishtank,1,0.8183295013422432,1
phishtank,1,0.966694813635669,1
tranco_benign_proxy,0,0.9445943670951115,1
phishtank,1,0.19578906095751644,0
phishtank,1,0.9710832535531283,1
phishtank,1,0.9997986131085759,1
tranco_benign_proxy,0,0.2732350981332795,0
tranco_benign_proxy,0,0.7246922356514494,0
phishtank,1,0.9966258035399204,1
phishtank,1,0.41874863689796044,0
tranco_benign_proxy,0,0.10519208231062097,0
phishtank,1,0.9626237500665419,1
tranco_benign_proxy,0,0.3883559030025391,0
tranco_benign_proxy,0,0.3010403624401068,0
tranco_benign_proxy,0,0.12716419362433964,0
tranco_benign_proxy,0,0.16318732016414056,0
phishtank,1,0.9838558609990863,1
phishtank,1,0.4596808800972562,0
phishtank,1,0.9997534492606326,1
phishtank,1,0.9959620686307165,1
phishtank,1,0.9758742673121412,1
phishtank,1,0.997499144868364,1
phishtank,1,0.9998451445327903,1
phishtank,1,0.8138537026036223,1
tranco_benign_proxy,0,0.43462491994049585,0
phishtank,1,0.9999587770695523,1
tranco_benign_proxy,0,0.1684982179778778,0
tranco_benign_proxy,0,0.7358334312805566,0
phishtank,1,0.9982595942481147,1
tranco_benign_proxy,0,0.32689459782773495,0
tranco_benign_proxy,0,0.3543511469407009,0
phishtank,1,0.9995532737355785,1
phishtank,1,0.49155331102828015,0
tranco_benign_proxy,0,0.0213940061823554,0
phishtank,1,0.9996149601585338,1
phishtank,1,0.9221317301409119,1
phishtank,1,0.2661206945080951,0
tranco_benign_proxy,0,0.11394276270323822,0
phishtank,1,0.33201563917324883,0
tranco_benign_proxy,0,0.06923889260295722,0
phishtank,1,0.9883196167031153,1
phishtank,1,0.9969141066163298,1
tranco_benign_proxy,0,0.24551910323619167,0
phishtank,1,0.5693844071403086,0
phishtank,1,0.998337931920156,1
phishtank,1,0.9992008655479423,1
tranco_benign_proxy,0,0.8262180133348438,1
phishtank,1,0.4652727837920882,0
phishtank,1,0.8277797239359803,1
phishtank,1,0.9998664513341492,1
tranco_benign_proxy,0,0.09331792142774502,0
phishtank,1,0.012520535368560206,0
phishtank,1,0.9641070010018431,1
phishtank,1,0.9152047954491931,1
phishtank,1,0.2842577410834236,0
phishtank,1,0.9967511604616563,1
phishtank,1,0.9998932221524786,1
tranco_benign_proxy,0,0.10380873224422005,0
tranco_benign_proxy,0,0.08583142393719448,0
phishtank,1,0.8098921774966739,1
tranco_benign_proxy,0,0.5278454459308362,0
tranco_benign_proxy,0,0.8736503274120572,1
phishtank,1,0.34074919227458483,0
phishtank,1,0.9850174881910855,1
phishtank,1,0.9964006725864496,1
phishtank,1,0.8147121541368626,1
phishtank,1,0.9982642627593422,1
tranco_benign_proxy,0,0.1578054155001151,0
tranco_benign_proxy,0,0.8552356355852879,1
phishtank,1,0.9885201888146823,1
tranco_benign_proxy,0,0.4660106311702985,0
tranco_benign_proxy,0,0.005063220953053462,0
phishtank,1,0.9500674404057752,1
phishtank,1,0.9814293463865722,1
tranco_benign_proxy,0,0.877656713856053,1
tranco_benign_proxy,0,0.7509645945418386,0
phishtank,1,0.9981516711699379,1
phishtank,1,0.9766663256858543,1
phishtank,1,0.9926669067331382,1
tranco_benign_proxy,0,0.22632498901469827,0
tranco_benign_proxy,0,0.9993840815305367,1
tranco_benign_proxy,0,0.04829564896446035,0
phishtank,1,0.9894625277573121,1
phishtank,1,0.47876378982341816,0
tranco_benign_proxy,0,0.8100277842244753,1
tranco_benign_proxy,0,0.16847085970871453,0
phishtank,1,0.9918276463200082,1
tranco_benign_proxy,0,0.08234874490882299,0
phishtank,1,0.9995718412164035,1
phishtank,1,0.9810158335915585,1
phishtank,1,0.934062605881792,1
phishtank,1,0.9941571340576028,1
tranco_benign_proxy,0,0.5226760662296355,0
tranco_benign_proxy,0,0.9928680895602263,1
tranco_benign_proxy,0,0.10730773314480305,0
tranco_benign_proxy,0,0.4680310011454229,0
phishtank,1,0.9177682122717647,1
phishtank,1,0.9639518503609189,1
tranco_benign_proxy,0,0.048236107249347474,0
phishtank,1,0.16814031657096393,0
phishtank,1,0.9999633636976353,1
phishtank,1,0.9920791833929387,1
phishtank,1,0.9999429324578967,1
phishtank,1,0.9996333962908993,1
tranco_benign_proxy,0,0.37332338585804503,0
tranco_benign_proxy,0,0.15210400056012877,0
tranco_benign_proxy,0,0.16646943095633676,0
phishtank,1,0.9695064581666017,1
phishtank,1,0.998868366101284,1
tranco_benign_proxy,0,0.06590235933581465,0
tranco_benign_proxy,0,0.47649111510529163,0
phishtank,1,0.9747590046612228,1
tranco_benign_proxy,0,0.40930905757190067,0
phishtank,1,0.9999613923794648,1
tranco_benign_proxy,0,0.6825765655254004,0
tranco_benign_proxy,0,0.6722793265871467,0
phishtank,1,0.6010359294391069,0
tranco_benign_proxy,0,0.2370725185980305,0
tranco_benign_proxy,0,0.9436173311977273,1
tranco_benign_proxy,0,0.3941711428612205,0
phishtank,1,0.9096003795512622,1
phishtank,1,0.9970857809233983,1
phishtank,1,0.9912946655138332,1
tranco_benign_proxy,0,0.10164862224059829,0
phishtank,1,0.9995855503320694,1
tranco_benign_proxy,0,0.5555625371833689,0
tranco_benign_proxy,0,0.06741521461013915,0
tranco_benign_proxy,0,0.01029362889797931,0
tranco_benign_proxy,0,0.09780314869065052,0
phishtank,1,0.9998757362561078,1
tranco_benign_proxy,0,0.8945647380577172,1
phishtank,1,0.5240489871611959,0
phishtank,1,0.9750220982053646,1
tranco_benign_proxy,0,0.025006985561952067,0
phishtank,1,0.9988887211778392,1
tranco_benign_proxy,0,0.9031222448458367,1
tranco_benign_proxy,0,0.013118931574329838,0
phishtank,1,0.1455331035825423,0
tranco_benign_proxy,0,0.05572356686397861,0
tranco_benign_proxy,0,0.010134195306267751,0
phishtank,1,0.9652490964212515,1
tranco_benign_proxy,0,0.9211606232575652,1
phishtank,1,0.9999999996541911,1
phishtank,1,0.9997815905998881,1
tranco_benign_proxy,0,0.1214692732392917,0
tranco_benign_proxy,0,0.7853177294884769,1
tranco_benign_proxy,0,0.24344399248048254,0
phishtank,1,0.9997861196837583,1
tranco_benign_proxy,0,0.2076513494343835,0
phishtank,1,0.9947490792565031,1
phishtank,1,0.9443642713115687,1
tranco_benign_proxy,0,0.10885029065409632,0
tranco_benign_proxy,0,0.27110949080373636,0
tranco_benign_proxy,0,0.6060464785847692,0
tranco_benign_proxy,0,0.7903892389432259,1
phishtank,1,0.4310449660553173,0
tranco_benign_proxy,0,0.22412045970950686,0
phishtank,1,0.9998198914613435,1
phishtank,1,0.9901624923912614,1
phishtank,1,0.03289501117070673,0
tranco_benign_proxy,0,0.2585275878805657,0
phishtank,1,0.9992529010156219,1
tranco_benign_proxy,0,0.4576181578607883,0
tranco_benign_proxy,0,0.93819548485726,1
phishtank,1,0.85633156435344,1
phishtank,1,0.9998303915462785,1
phishtank,1,0.9868015601939085,1
phishtank,1,0.922693452967886,1
phishtank,1,0.9993309344853752,1
tranco_benign_proxy,0,0.9712028985334238,1
phishtank,1,0.9991765902340013,1
tranco_benign_proxy,0,0.9164135715913182,1
phishtank,1,0.9965095070257507,1
tranco_benign_proxy,0,0.912709950048384,1
phishtank,1,0.5480956435325273,0
tranco_benign_proxy,0,0.04695923381326986,0
phishtank,1,0.9560544017168799,1
tranco_benign_proxy,0,0.674889543021322,0
phishtank,1,0.9511737107140811,1
tranco_benign_proxy,0,0.06737302225832897,0
phishtank,1,0.9739383411601162,1
tranco_benign_proxy,0,0.2542614549456654,0
phishtank,1,0.7871084503138748,1
tranco_benign_proxy,0,0.4143110131472446,0
tranco_benign_proxy,0,0.1984088000980826,0
tranco_benign_proxy,0,0.4716855328910531,0
phishtank,1,0.9640982420329162,1
phishtank,1,0.9970611365466436,1
phishtank,1,0.9512196044388673,1
phishtank,1,0.9975066470356225,1
phishtank,1,0.9855901947898763,1
tranco_benign_proxy,0,0.9990203539025919,1
tranco_benign_proxy,0,0.19696235076836113,0
tranco_benign_proxy,0,0.39089451729437413,0
phishtank,1,0.9992573105966616,1
phishtank,1,0.9001764294013156,1
phishtank,1,0.9994464953290918,1
phishtank,1,0.9823787987823169,1
phishtank,1,0.9994133444031116,1
phishtank,1,0.9999402360803537,1
tranco_benign_proxy,0,0.8766031457492998,1
phishtank,1,0.9952826110167678,1
tranco_benign_proxy,0,0.8093566883559047,1
phishtank,1,0.9055318330927924,1
phishtank,1,0.9814523459985648,1
tranco_benign_proxy,0,0.06648062664230912,0
phishtank,1,0.999929427329707,1
tranco_benign_proxy,0,0.8504422846684575,1
phishtank,1,0.9907067995525071,1
tranco_benign_proxy,0,0.037475443829718014,0
tranco_benign_proxy,0,0.6827710957011653,0
phishtank,1,0.992418723146768,1
tranco_benign_proxy,0,0.6096604953187179,0
phishtank,1,0.9989831452038215,1
phishtank,1,0.9999548345130346,1
tranco_benign_proxy,0,0.02254023553028302,0
phishtank,1,0.9786583598813587,1
phishtank,1,0.984973703373386,1
phishtank,1,0.9964411482519193,1
phishtank,1,0.977337243852002,1
phishtank,1,0.9994994840036139,1
tranco_benign_proxy,0,0.3583921250085634,0
tranco_benign_proxy,0,0.3116908270642629,0
tranco_benign_proxy,0,0.34150843602983966,0
phishtank,1,0.9914710532595171,1
phishtank,1,0.9955685447907751,1
tranco_benign_proxy,0,0.000789920678473292,0
tranco_benign_proxy,0,0.9436410496043114,1
phishtank,1,0.10509257880377725,0
tranco_benign_proxy,0,0.38597905055965237,0
tranco_benign_proxy,0,0.1065178218990486,0
phishtank,1,0.9803091023345489,1
phishtank,1,0.41173125905246644,0
phishtank,1,0.9963620927582383,1
phishtank,1,0.9995113233567449,1
tranco_benign_proxy,0,0.673339348361928,0
tranco_benign_proxy,0,0.28168403649013646,0
phishtank,1,0.7314388062769936,0
tranco_benign_proxy,0,0.8794683670729952,1
phishtank,1,0.9998178228920178,1
phishtank,1,0.9280741171558035,1
tranco_benign_proxy,0,0.016233571480157787,0
phishtank,1,0.964792093248483,1
phishtank,1,0.08491433233106653,0
phishtank,1,0.9989809644307203,1
phishtank,1,0.9839420073983917,1
tranco_benign_proxy,0,0.17713004159958118,0
tranco_benign_proxy,0,0.0046229991375105325,0
phishtank,1,0.25446859678905887,0
phishtank,1,0.1790605524357242,0
tranco_benign_proxy,0,0.9268230236801743,1
tranco_benign_proxy,0,0.03295394279196304,0
tranco_benign_proxy,0,0.7199308188061854,0
tranco_benign_proxy,0,0.6500780299596319,0
tranco_benign_proxy,0,0.34400155622282247,0
phishtank,1,0.8774582475019076,1
phishtank,1,0.9991569948322692,1
tranco_benign_proxy,0,0.8733895536269567,1
phishtank,1,0.03447148250761302,0
phishtank,1,0.9994805455322147,1
phishtank,1,0.9681054107266458,1
phishtank,1,0.9090731337601006,1
tranco_benign_proxy,0,0.3923808897017611,0
tranco_benign_proxy,0,0.6513105109452367,0
phishtank,1,0.998412611088602,1
tranco_benign_proxy,0,0.23062807832121618,0
phishtank,1,0.9992883356862613,1
tranco_benign_proxy,0,0.680285844213712,0
tranco_benign_proxy,0,0.43121050212406337,0
phishtank,1,0.985168091670503,1
phishtank,1,0.8429925035131947,1
phishtank,1,0.999115848111834,1
phishtank,1,0.9803844772589858,1
phishtank,1,0.9594601531691599,1
tranco_benign_proxy,0,0.13066272797052392,0
phishtank,1,0.9994039795310902,1
tranco_benign_proxy,0,0.35837433829189913,0
tranco_benign_proxy,0,0.11726537791197615,0
phishtank,1,0.999933865640135,1
tranco_benign_proxy,0,0.4345511608754813,0
phishtank,1,0.9682088462728089,1
phishtank,1,0.9821835763823671,1
tranco_benign_proxy,0,0.024276678170830197,0
tranco_benign_proxy,0,0.550856668798396,0
phishtank,1,0.9999526414114873,1
phishtank,1,0.997310315191161,1
tranco_benign_proxy,0,0.6956725668169039,0
phishtank,1,0.9833343813690727,1
phishtank,1,0.9991955516337536,1
phishtank,1,0.9901353926537707,1
tranco_benign_proxy,0,0.5523284563188595,0
tranco_benign_proxy,0,0.4208391484013849,0
phishtank,1,0.18496012177882754,0
phishtank,1,0.9987900235333625,1
tranco_benign_proxy,0,0.9821373542822045,1
tranco_benign_proxy,0,0.4213149259237917,0
tranco_benign_proxy,0,0.18113440000196404,0
tranco_benign_proxy,0,0.8613358923397209,1
tranco_benign_proxy,0,0.7171570877106528,0
tranco_benign_proxy,0,0.13240329230737088,0
tranco_benign_proxy,0,0.633999891614212,0
tranco_benign_proxy,0,0.20128544618946448,0
phishtank,1,0.9992191585233208,1
tranco_benign_proxy,0,0.06622773276472482,0
tranco_benign_proxy,0,0.09233721135129978,0
phishtank,1,0.9890596112502253,1
tranco_benign_proxy,0,0.019201506122758283,0
tranco_benign_proxy,0,0.4978334965310483,0
phishtank,1,0.9979815919692295,1
phishtank,1,0.999706068361282,1
phishtank,1,0.7696026135536045,1
tranco_benign_proxy,0,0.1447024589683016,0
phishtank,1,0.9930742942429119,1
phishtank,1,0.9951864880189168,1
phishtank,1,0.3294440189553694,0
phishtank,1,0.9588871909466041,1
phishtank,1,0.47290819164018816,0
phishtank,1,0.998066758962215,1
phishtank,1,0.9983292804251879,1
phishtank,1,0.7944688607357984,1
phishtank,1,0.982563560622909,1
tranco_benign_proxy,0,0.43124324057183494,0
tranco_benign_proxy,0,0.9864811759341621,1
tranco_benign_proxy,0,0.13114786171659923,0
phishtank,1,0.9934941230952871,1
phishtank,1,0.6203857696363039,0
phishtank,1,0.9998565307940432,1
phishtank,1,0.9987205060575921,1
tranco_benign_proxy,0,0.30355672511957016,0
tranco_benign_proxy,0,0.9790187379136882,1
phishtank,1,0.9828624819443242,1
phishtank,1,0.9883395068957354,1
phishtank,1,0.9755335715001452,1
tranco_benign_proxy,0,0.9358712078170796,1
phishtank,1,0.9616606710681491,1
phishtank,1,0.9975405265122066,1
tranco_benign_proxy,0,0.3500653848350286,0
phishtank,1,0.1445328660816868,0
phishtank,1,0.9991882424200618,1
tranco_benign_proxy,0,0.28350834731311225,0
tranco_benign_proxy,0,0.9034521340036352,1
tranco_benign_proxy,0,0.1907105103109525,0
phishtank,1,0.9562491975435774,1
tranco_benign_proxy,0,0.11515901686033492,0
phishtank,1,0.8381681614175441,1
phishtank,1,0.9682880398425567,1
phishtank,1,0.989800374728915,1
tranco_benign_proxy,0,0.7344623937435526,0
tranco_benign_proxy,0,0.07178821632464845,0
phishtank,1,0.9638166324500789,1
tranco_benign_proxy,0,0.24084450183852613,0
phishtank,1,0.9983574214594171,1
tranco_benign_proxy,0,0.1490456555541714,0
tranco_benign_proxy,0,0.20670188416431326,0
tranco_benign_proxy,0,0.9951438966991208,1
tranco_benign_proxy,0,0.1323176611011989,0
phishtank,1,0.9957749796994141,1
phishtank,1,0.997465362165167,1
phishtank,1,0.17459314103513987,0
phishtank,1,0.9988969697528549,1
tranco_benign_proxy,0,0.9946304815443796,1
tranco_benign_proxy,0,0.8207715393147261,1
phishtank,1,0.9992461099911794,1
phishtank,1,0.07344831360253559,0
tranco_benign_proxy,0,0.5477440209091029,0
tranco_benign_proxy,0,0.8651812118362308,1
phishtank,1,0.9824955293586697,1
tranco_benign_proxy,0,0.1293576758295376,0
phishtank,1,0.9983293822680249,1
phishtank,1,0.9940997675338381,1
phishtank,1,0.9987504584709052,1
tranco_benign_proxy,0,0.19738342787202998,0
tranco_benign_proxy,0,0.7593762774436931,0
tranco_benign_proxy,0,0.7909477079777467,1
phishtank,1,0.9987311470269704,1
phishtank,1,0.8709467049337651,1
tranco_benign_proxy,0,0.0845583659551383,0
tranco_benign_proxy,0,0.3257259197903173,0
phishtank,1,0.9833718249686713,1
phishtank,1,0.9992438538005781,1
phishtank,1,0.6747707962695515,0
tranco_benign_proxy,0,0.8550169241669933,1
tranco_benign_proxy,0,0.6342519533533214,0
tranco_benign_proxy,0,0.5384585182617565,0
tranco_benign_proxy,0,0.9687219441697877,1
phishtank,1,0.9995400052773734,1
phishtank,1,0.975393888638755,1
phishtank,1,0.9997115070358029,1
phishtank,1,0.998943956069883,1
tranco_benign_proxy,0,0.37518430488416715,0
tranco_benign_proxy,0,0.15584776373568046,0
phishtank,1,0.9989841670536642,1
phishtank,1,0.5940494373415985,0
tranco_benign_proxy,0,0.02670733590537826,0
phishtank,1,0.935646670013716,1
phishtank,1,0.9558123427562789,1
phishtank,1,0.9983028256947286,1
tranco_benign_proxy,0,0.23453980539996747,0
tranco_benign_proxy,0,0.11582762737396687,0
tranco_benign_proxy,0,0.34614920562080514,0
phishtank,1,0.9997548736940554,1
tranco_benign_proxy,0,0.23131827203158822,0
tranco_benign_proxy,0,0.06959748469834756,0
tranco_benign_proxy,0,0.30920675632915556,0
phishtank,1,0.9979076288306035,1
tranco_benign_proxy,0,0.03530214496429818,0
tranco_benign_proxy,0,0.5057976373096755,0
tranco_benign_proxy,0,0.14092529135828138,0
phishtank,1,0.9974676759892128,1
tranco_benign_proxy,0,0.205080563133304,0
tranco_benign_proxy,0,0.8392340110144001,1
tranco_benign_proxy,0,0.06082774099185516,0
tranco_benign_proxy,0,0.6950026891151999,0
phishtank,1,0.7655138980891002,0
tranco_benign_proxy,0,0.09133735664371717,0
tranco_benign_proxy,0,0.8883176564788151,1
tranco_benign_proxy,0,0.07286222802625177,0
phishtank,1,0.9610381533003652,1
tranco_benign_proxy,0,0.3170651847922545,0
phishtank,1,0.9586967283104196,1
tranco_benign_proxy,0,0.08545976101404455,0
phishtank,1,0.3623172760205393,0
tranco_benign_proxy,0,0.0027616568386065253,0
phishtank,1,0.9888286910571095,1
phishtank,1,0.9569026225538515,1
tranco_benign_proxy,0,0.0005370424693387914,0
tranco_benign_proxy,0,0.26674067952433733,0
tranco_benign_proxy,0,0.4859628406098898,0
tranco_benign_proxy,0,0.036634355529138955,0
tranco_benign_proxy,0,0.7846126758895983,1
phishtank,1,0.9997199409966144,1
tranco_benign_proxy,0,0.20260529280107004,0
tranco_benign_proxy,0,0.28762133154430797,0
tranco_benign_proxy,0,0.3845452821984166,0
tranco_benign_proxy,0,0.6656128893513571,0
tranco_benign_proxy,0,0.05380683464103869,0
tranco_benign_proxy,0,0.8746647853631994,1
phishtank,1,0.9983552262016594,1
phishtank,1,0.9938794566651599,1
tranco_benign_proxy,0,0.1568403463321461,0
phishtank,1,0.9993597040632697,1
tranco_benign_proxy,0,0.22901254902681178,0
tranco_benign_proxy,0,0.4216256280428689,0
phishtank,1,0.690454678742366,0
phishtank,1,0.4696849828610363,0
phishtank,1,0.23232891929674257,0
phishtank,1,0.9921202067990497,1
phishtank,1,0.9934180176072355,1
phishtank,1,0.9807171445311982,1
tranco_benign_proxy,0,0.005445206007364523,0
phishtank,1,0.10757319544859723,0
phishtank,1,0.2854233743518335,0
tranco_benign_proxy,0,0.17945634509582223,0
tranco_benign_proxy,0,0.07259820837471428,0
phishtank,1,0.983142966654774,1
tranco_benign_proxy,0,0.21411191663777315,0
phishtank,1,0.3895537728891353,0
phishtank,1,0.9509090482906841,1
phishtank,1,0.9872434627453902,1
tranco_benign_proxy,0,0.2466893847181865,0
tranco_benign_proxy,0,0.9917625007285182,1
phishtank,1,0.9953803631130984,1
tranco_benign_proxy,0,0.9673770665787217,1
phishtank,1,0.45453095638057794,0
phishtank,1,0.9594176769651206,1
phishtank,1,0.13318217382579367,0
tranco_benign_proxy,0,0.15567318665392837,0
phishtank,1,0.8827972430856752,1
phishtank,1,0.9530985453452683,1
phishtank,1,0.9834062052376009,1
tranco_benign_proxy,0,0.07269852326912422,0
phishtank,1,0.8816245769131167,1
phishtank,1,0.8681805867745097,1
phishtank,1,0.1458396411939886,0
phishtank,1,0.9992975886825232,1
phishtank,1,0.9700334981894415,1
phishtank,1,0.5536769196764518,0
tranco_benign_proxy,0,0.07533004349166465,0
tranco_benign_proxy,0,0.34466894258159647,0
tranco_benign_proxy,0,0.49173573243352164,0
tranco_benign_proxy,0,0.9871387593311327,1
tranco_benign_proxy,0,0.21834022855662213,0
phishtank,1,0.9998416341956603,1
tranco_benign_proxy,0,0.04756890042708062,0
phishtank,1,0.9989642188165146,1
tranco_benign_proxy,0,0.17488316637026693,0
phishtank,1,0.992822505064857,1
phishtank,1,0.9996375818943493,1
tranco_benign_proxy,0,0.8282319778028256,1
phishtank,1,0.9999845205772572,1
tranco_benign_proxy,0,0.5981877867506719,0
phishtank,1,0.9984153859517007,1
tranco_benign_proxy,0,0.010002686002461614,0
phishtank,1,0.9991556089759229,1
phishtank,1,0.9819715248998734,1
phishtank,1,0.8836722144852803,1
phishtank,1,0.025376148490432546,0
tranco_benign_proxy,0,0.0025356072378530828,0
tranco_benign_proxy,0,0.2552900785493028,0
phishtank,1,0.7684402454595209,1
tranco_benign_proxy,0,0.29295144287585445,0
tranco_benign_proxy,0,0.21591213703896264,0
tranco_benign_proxy,0,0.16609257049961032,0
tranco_benign_proxy,0,0.46140492428800417,0
tranco_benign_proxy,0,0.10209719445964435,0
phishtank,1,0.999703148363489,1
phishtank,1,0.9978203787301047,1
tranco_benign_proxy,0,0.43902624354075664,0
phishtank,1,0.9940458632110318,1
tranco_benign_proxy,0,0.5884619750885143,0
phishtank,1,0.9984719754303029,1
phishtank,1,0.9979889988951213,1
tranco_benign_proxy,0,0.8845050052423643,1
phishtank,1,0.8923673080511314,1
tranco_benign_proxy,0,0.1763256429459739,0
tranco_benign_proxy,0,0.36764996417944784,0
tranco_benign_proxy,0,0.08389837242741763,0
tranco_benign_proxy,0,0.7631629516613648,0
tranco_benign_proxy,0,0.6781214332383535,0
phishtank,1,0.9876867668960071,1
tranco_benign_proxy,0,0.0398951722180248,0
phishtank,1,0.8263127164602139,1
tranco_benign_proxy,0,0.3882655833496716,0
tranco_benign_proxy,0,0.6052752281960215,0
phishtank,1,0.9990204920463569,1
tranco_benign_proxy,0,0.9234162995497393,1
tranco_benign_proxy,0,0.7382048127198663,0
phishtank,1,0.9849095402589327,1
tranco_benign_proxy,0,0.706230290809303,0
tranco_benign_proxy,0,0.17938251341538627,0
phishtank,1,0.9993362510282261,1
phishtank,1,0.7764028356767343,1
phishtank,1,0.7809154364332507,1
phishtank,1,0.970267635405782,1
phishtank,1,0.9977309655373179,1
tranco_benign_proxy,0,0.3007268587191422,0
phishtank,1,0.9646204892755421,1
phishtank,1,0.9966840295689566,1
phishtank,1,0.9998569603918369,1
tranco_benign_proxy,0,0.817277954316559,1
phishtank,1,0.9980697272200931,1
phishtank,1,0.11783161079852401,0
phishtank,1,0.9977307387044696,1
phishtank,1,0.9887935166299078,1
phishtank,1,0.970824982637411,1
tranco_benign_proxy,0,0.09484774292854774,0
phishtank,1,0.995010320596125,1
phishtank,1,0.9929347165696916,1
phishtank,1,0.9993895774987417,1
tranco_benign_proxy,0,0.9650178235149006,1
tranco_benign_proxy,0,0.25130053994940815,0
phishtank,1,0.35238024219439507,0
tranco_benign_proxy,0,0.19826413925752245,0
phishtank,1,0.9982688087694853,1
tranco_benign_proxy,0,0.3375672916880486,0
phishtank,1,0.03033608923754675,0
tranco_benign_proxy,0,0.6672169486114029,0
tranco_benign_proxy,0,0.19561785326005998,0
phishtank,1,0.986698741179323,1
tranco_benign_proxy,0,0.9480592996676958,1
phishtank,1,0.9758911344307046,1
phishtank,1,0.8200039011761825,1
phishtank,1,0.993418060582912,1
tranco_benign_proxy,0,0.44825859885425906,0
phishtank,1,0.9981345935805659,1
tranco_benign_proxy,0,0.23362002472735727,0
phishtank,1,0.9722446366244726,1
phishtank,1,0.980523954090763,1
phishtank,1,0.9878790568129387,1
phishtank,1,0.9953135102360652,1
tranco_benign_proxy,0,0.34209538083131763,0
tranco_benign_proxy,0,0.4830305113640317,0
phishtank,1,0.9975577481728792,1
tranco_benign_proxy,0,0.269845316565209,0
tranco_benign_proxy,0,0.8006920629704922,1
phishtank,1,0.9401432630987447,1
phishtank,1,0.7990122950451447,1
phishtank,1,0.6948249409950642,0
tranco_benign_proxy,0,0.11254368846221109,0
tranco_benign_proxy,0,0.9298517898622437,1
phishtank,1,0.9993033284814634,1
tranco_benign_proxy,0,0.033961274561934776,0
tranco_benign_proxy,0,0.08145915440724147,0
phishtank,1,0.9977391425046555,1
phishtank,1,0.8712613032492119,1
tranco_benign_proxy,0,0.06229091117895667,0
phishtank,1,0.97252854845348,1
phishtank,1,0.9477787727988055,1
tranco_benign_proxy,0,0.03305768110804106,0
tranco_benign_proxy,0,0.8579261763930577,1
phishtank,1,0.8250353191460942,1
tranco_benign_proxy,0,0.3108313676920135,0
tranco_benign_proxy,0,0.1441981241677464,0
phishtank,1,0.1722719192918698,0
tranco_benign_proxy,0,0.2947163440028231,0
tranco_benign_proxy,0,0.05631771240688642,0
tranco_benign_proxy,0,0.7429152852760625,0
phishtank,1,0.9995363475647094,1
phishtank,1,0.9935890284340836,1
tranco_benign_proxy,0,0.4991763556218783,0
tranco_benign_proxy,0,0.1324714798257805,0
tranco_benign_proxy,0,0.08840836760070248,0
tranco_benign_proxy,0,0.020827985485011108,0
phishtank,1,0.9886102340819364,1
tranco_benign_proxy,0,0.5189081060129866,0
tranco_benign_proxy,0,0.08191332125899373,0
phishtank,1,0.9986112365540681,1
phishtank,1,0.9983774547679274,1
phishtank,1,0.9985464008851739,1
phishtank,1,0.10341749350544396,0
tranco_benign_proxy,0,0.991044056577444,1
phishtank,1,0.967203402013036,1
tranco_benign_proxy,0,0.04977499204844735,0
phishtank,1,0.9960609744393091,1
phishtank,1,0.9197844039560931,1
phishtank,1,0.998445764257108,1
phishtank,1,0.7685370473312199,1
phishtank,1,0.999516193360897,1
tranco_benign_proxy,0,0.02583897228283826,0
phishtank,1,0.2851613777089213,0
phishtank,1,0.9180889205527215,1
phishtank,1,0.9926642238113899,1
tranco_benign_proxy,0,0.8573204748025242,1
tranco_benign_proxy,0,0.981163470166691,1
tranco_benign_proxy,0,0.5257180136358106,0
tranco_benign_proxy,0,0.28925722793805925,0
tranco_benign_proxy,0,0.10979906213629619,0
tranco_benign_proxy,0,0.83632502458773,1
phishtank,1,0.453527607169674,0
phishtank,1,0.9934822290467862,1
tranco_benign_proxy,0,0.6808122492654259,0
tranco_benign_proxy,0,0.0643993666243437,0
tranco_benign_proxy,0,0.2673721205384094,0
phishtank,1,0.9736806571471398,1
phishtank,1,0.9811629333503048,1
tranco_benign_proxy,0,0.2953624021826368,0
phishtank,1,0.9965042963774852,1
phishtank,1,0.9994223883954153,1
phishtank,1,0.999952141229939,1
tranco_benign_proxy,0,0.07992418363828725,0
phishtank,1,0.9840303689515779,1
phishtank,1,0.9955268937905546,1
tranco_benign_proxy,0,0.14156905283419868,0
phishtank,1,0.9967817997224094,1
phishtank,1,0.9859223329105751,1
tranco_benign_proxy,0,0.04216852095005434,0
phishtank,1,0.9853887617940933,1
phishtank,1,0.9992759410057839,1
tranco_benign_proxy,0,0.25461959934482226,0
tranco_benign_proxy,0,0.802608392618781,1
phishtank,1,0.9999049792257455,1
phishtank,1,0.9682645562142334,1
tranco_benign_proxy,0,0.08884509156416957,0
phishtank,1,0.8613811945140317,1
tranco_benign_proxy,0,0.447153684533723,0
phishtank,1,0.9997649092185009,1
phishtank,1,0.9988461248830608,1
tranco_benign_proxy,0,0.4542332270096276,0
tranco_benign_proxy,0,0.7720329540025123,1
tranco_benign_proxy,0,0.09825367340970598,0
phishtank,1,0.9990663010721953,1
tranco_benign_proxy,0,0.1408159199771101,0
tranco_benign_proxy,0,0.2270741742268291,0
tranco_benign_proxy,0,0.09045845082825228,0
tranco_benign_proxy,0,0.28728093313926156,0
phishtank,1,0.9979400185656737,1
phishtank,1,0.6991633925230107,0
phishtank,1,0.9987392433204354,1
tranco_benign_proxy,0,0.9814022189638408,1
tranco_benign_proxy,0,0.04209701272427978,0
phishtank,1,0.989815628200834,1
tranco_benign_proxy,0,0.672075542572079,0
phishtank,1,0.985335168394446,1
tranco_benign_proxy,0,0.3868647857138001,0
phishtank,1,0.9973462327009743,1
tranco_benign_proxy,0,0.051297356270026795,0
phishtank,1,0.3960495096664994,0
tranco_benign_proxy,0,0.7924083355969213,1
phishtank,1,0.9709120879159012,1
phishtank,1,0.5182734509207694,0
phishtank,1,0.9974028824463961,1
tranco_benign_proxy,0,0.9358257497583202,1
phishtank,1,0.765027775960673,0
phishtank,1,0.9709210890473525,1
tranco_benign_proxy,0,0.14620046181105806,0
phishtank,1,0.9967896701654934,1
tranco_benign_proxy,0,0.19799518137927327,0
tranco_benign_proxy,0,0.7876806607861045,1
phishtank,1,0.6689018228662817,0
tranco_benign_proxy,0,0.1660927008712424,0
phishtank,1,0.9983794745421913,1
phishtank,1,0.9728759563599052,1
tranco_benign_proxy,0,0.10255401704732825,0
phishtank,1,0.9986824554460106,1
tranco_benign_proxy,0,0.8633120772612329,1
tranco_benign_proxy,0,0.18141609236398445,0
tranco_benign_proxy,0,0.3856402683612261,0
phishtank,1,0.9979904638155717,1
phishtank,1,0.9990043056684882,1
tranco_benign_proxy,0,0.765297348494618,0
phishtank,1,0.9990584210619318,1
phishtank,1,0.9861595040006818,1
phishtank,1,0.9922784252550438,1
phishtank,1,0.9744695952057826,1
tranco_benign_proxy,0,0.10023659413477051,0
phishtank,1,0.9744115874369511,1
tranco_benign_proxy,0,0.34634723632495407,0
phishtank,1,0.9938048964507745,1
phishtank,1,0.9879623266795772,1
phishtank,1,0.9990816909498336,1
tranco_benign_proxy,0,0.5959781642191857,0
phishtank,1,0.9999545482919538,1
tranco_benign_proxy,0,0.6664062457969554,0
phishtank,1,0.9999193998704834,1
tranco_benign_proxy,0,0.2627308857565532,0
phishtank,1,0.927543861416939,1
phishtank,1,0.9628224481955984,1
tranco_benign_proxy,0,0.009553579426310185,0
tranco_benign_proxy,0,0.1919359957915138,0
phishtank,1,0.9855696271153267,1
tranco_benign_proxy,0,0.9367139812431596,1
tranco_benign_proxy,0,0.008198986949621588,0
tranco_benign_proxy,0,0.9007859968011693,1
phishtank,1,0.997056398159715,1
phishtank,1,0.9998852995181079,1
tranco_benign_proxy,0,0.18748490558603711,0
tranco_benign_proxy,0,0.41690862798123635,0
phishtank,1,0.9971410203344365,1
phishtank,1,0.8160109660199913,1
phishtank,1,0.9988970753861294,1
phishtank,1,0.35219682891831294,0
tranco_benign_proxy,0,0.9310540280275303,1
tranco_benign_proxy,0,0.19194673618485847,0
tranco_benign_proxy,0,0.008246000287063718,0
phishtank,1,0.9889487694156895,1
phishtank,1,0.9836614998442923,1
tranco_benign_proxy,0,0.6553488375276441,0
tranco_benign_proxy,0,0.5324395212117953,0
tranco_benign_proxy,0,0.1391585338507654,0
phishtank,1,0.9750941997077179,1
tranco_benign_proxy,0,0.537635406054858,0
phishtank,1,0.9807479572050598,1
phishtank,1,0.9993431014170722,1
phishtank,1,0.9999708973608663,1
tranco_benign_proxy,0,0.5390466311043719,0
phishtank,1,0.9455214176181971,1
tranco_benign_proxy,0,0.22176732068896096,0
phishtank,1,0.9933110467922872,1
tranco_benign_proxy,0,0.10145745181769675,0
tranco_benign_proxy,0,0.05839623845355293,0
tranco_benign_proxy,0,0.16378314023806165,0
tranco_benign_proxy,0,0.25909134255911526,0
phishtank,1,0.9924045866056669,1
phishtank,1,0.9944000014570614,1
tranco_benign_proxy,0,0.5935885578543562,0
tranco_benign_proxy,0,0.3432818143851636,0
tranco_benign_proxy,0,0.016333120894941693,0
phishtank,1,0.9996696940902953,1
phishtank,1,0.9989977912462935,1
tranco_benign_proxy,0,0.04823481960953306,0
tranco_benign_proxy,0,0.08188744106140386,0
phishtank,1,0.9345387895994296,1
tranco_benign_proxy,0,0.9892078135995649,1
tranco_benign_proxy,0,0.07552783789980369,0
phishtank,1,0.9923845767471317,1
tranco_benign_proxy,0,0.17740909400065635,0
phishtank,1,0.9982941739972744,1
phishtank,1,0.9932196660711038,1
phishtank,1,0.9971838576720777,1
phishtank,1,0.9972194010067164,1
phishtank,1,0.9830265313843846,1
phishtank,1,0.9854163574428763,1
tranco_benign_proxy,0,0.2077673161550753,0
phishtank,1,0.9983715728062603,1
phishtank,1,0.9979570106412899,1
phishtank,1,0.9993655615856197,1
phishtank,1,0.165565107556922,0
phishtank,1,0.41565609912085005,0
phishtank,1,0.9989576655181029,1
phishtank,1,0.7783762688838892,1
tranco_benign_proxy,0,0.0489126148262854,0
tranco_benign_proxy,0,0.11163088182389345,0
tranco_benign_proxy,0,0.4095839284563662,0
tranco_benign_proxy,0,0.8416008850863971,1
phishtank,1,0.9245223907460864,1
phishtank,1,0.9977521477974907,1
tranco_benign_proxy,0,0.9967499347540305,1
tranco_benign_proxy,0,0.09416374037655673,0
tranco_benign_proxy,0,0.05999030037088105,0
phishtank,1,0.9316485883281593,1
tranco_benign_proxy,0,0.1257652520958226,0
tranco_benign_proxy,0,0.021855289108608823,0
phishtank,1,0.9990431821476425,1
phishtank,1,0.9990889895683221,1
tranco_benign_proxy,0,0.2600009535208941,0
phishtank,1,0.9984670748556556,1
tranco_benign_proxy,0,0.16309274442810145,0
phishtank,1,0.9962962871811035,1
phishtank,1,0.1528804087516379,0
tranco_benign_proxy,0,0.5295226478442278,0
tranco_benign_proxy,0,0.35018832300576735,0
phishtank,1,0.4242620388665797,0
tranco_benign_proxy,0,0.1103238149873918,0
phishtank,1,0.9996688848091271,1
phishtank,1,0.2762100938835797,0
phishtank,1,0.5768476516274225,0
tranco_benign_proxy,0,0.12387969866158813,0
tranco_benign_proxy,0,0.3054569796810278,0
phishtank,1,0.7291358749373394,0
phishtank,1,0.972977068884344,1
tranco_benign_proxy,0,0.2897291531381036,0
tranco_benign_proxy,0,0.21290097002916583,0
phishtank,1,0.33548407368902766,0
phishtank,1,0.9929163881749425,1
tranco_benign_proxy,0,0.9500694347535893,1
phishtank,1,0.9554394272556578,1
tranco_benign_proxy,0,0.41351010844612296,0
tranco_benign_proxy,0,0.08471540396557956,0
phishtank,1,0.9572058238742583,1
phishtank,1,0.999854860385571,1
tranco_benign_proxy,0,0.7159207505379742,0
phishtank,1,0.9985541227450689,1
tranco_benign_proxy,0,0.23751852022725797,0
tranco_benign_proxy,0,0.4457780636438606,0
phishtank,1,0.9957479121039102,1
phishtank,1,0.9992488709678294,1
tranco_benign_proxy,0,0.0712048120359878,0
phishtank,1,0.8837958403457915,1
phishtank,1,0.9974813244304813,1
tranco_benign_proxy,0,0.22468555289816208,0
tranco_benign_proxy,0,0.8443874044909556,1
tranco_benign_proxy,0,0.9597741810771476,1
phishtank,1,0.9846667440741804,1
phishtank,1,0.9775488613894254,1
tranco_benign_proxy,0,0.00820843508356953,0
tranco_benign_proxy,0,0.2723409782097839,0
tranco_benign_proxy,0,0.14379574655871627,0
tranco_benign_proxy,0,0.23419774597992116,0
tranco_benign_proxy,0,0.355034232566354,0
tranco_benign_proxy,0,0.030016163550479914,0
phishtank,1,0.9943826393569238,1
tranco_benign_proxy,0,0.01847269292678702,0
tranco_benign_proxy,0,0.2897471808509413,0
tranco_benign_proxy,0,0.5249685723741553,0
tranco_benign_proxy,0,0.1434282025355526,0
tranco_benign_proxy,0,0.06489887047360159,0
phishtank,1,0.9193741658766323,1
phishtank,1,0.08629478293341714,0
tranco_benign_proxy,0,0.08133303024303856,0
phishtank,1,0.1328641967362417,0
phishtank,1,0.0874680395769417,0
tranco_benign_proxy,0,0.22896999657742684,0
phishtank,1,0.9814624262010727,1
phishtank,1,0.9991570415650509,1
phishtank,1,0.9624338059790483,1
tranco_benign_proxy,0,0.17659079631149624,0
tranco_benign_proxy,0,0.4093318110858802,0
phishtank,1,0.9966622244140523,1
phishtank,1,0.9987686497288901,1
tranco_benign_proxy,0,0.052356973897275214,0
phishtank,1,0.9876700997673988,1
phishtank,1,0.9783037903145121,1
phishtank,1,0.9993697709116458,1
tranco_benign_proxy,0,0.788812028616555,1
tranco_benign_proxy,0,0.9570702254516869,1
tranco_benign_proxy,0,0.4495490167221062,0
tranco_benign_proxy,0,0.990955907874576,1
tranco_benign_proxy,0,0.09715211096112611,0
phishtank,1,0.9862125182209334,1
phishtank,1,0.9989488006717073,1
tranco_benign_proxy,0,0.20948689994732275,0
tranco_benign_proxy,0,0.009093236327463039,0
tranco_benign_proxy,0,0.9659647702057699,1
tranco_benign_proxy,0,0.16073658692691373,0
phishtank,1,0.9998380553020125,1
phishtank,1,0.947456992186235,1
tranco_benign_proxy,0,0.69575970767745,0
phishtank,1,0.9982028272985853,1
phishtank,1,0.9936833436004998,1
phishtank,1,0.9536916354648928,1
tranco_benign_proxy,0,0.7840765136766229,1
tranco_benign_proxy,0,0.816795404313967,1
tranco_benign_proxy,0,0.3290342847891671,0
phishtank,1,0.9838702656587748,1
phishtank,1,0.999870914167807,1
phishtank,1,0.9735463393434639,1
tranco_benign_proxy,0,0.05867795998706369,0
phishtank,1,0.9845183695731511,1
tranco_benign_proxy,0,0.9561159062868912,1
tranco_benign_proxy,0,0.35176877110776117,0
tranco_benign_proxy,0,0.17199922769993128,0
tranco_benign_proxy,0,0.14985199571367727,0
phishtank,1,0.9661924493206572,1
phishtank,1,0.39171028717548056,0
tranco_benign_proxy,0,0.10973760873056508,0
phishtank,1,0.9997053196851607,1
tranco_benign_proxy,0,0.16329357445548282,0
phishtank,1,0.9902855774024132,1
tranco_benign_proxy,0,0.1864190328695729,0
phishtank,1,0.9971663828961462,1
tranco_benign_proxy,0,0.5868839371518411,0
tranco_benign_proxy,0,0.7825138459678327,1
phishtank,1,0.8465263969506441,1
phishtank,1,0.37292216167861225,0
phishtank,1,0.9969341515222331,1
phishtank,1,0.9596127998400099,1
tranco_benign_proxy,0,0.09102067667608998,0
tranco_benign_proxy,0,0.9833252327767977,1
phishtank,1,0.9986100915997638,1
tranco_benign_proxy,0,0.36751927592733813,0
tranco_benign_proxy,0,0.06215360372960498,0
phishtank,1,0.9999748993636863,1
phishtank,1,0.9975926988865068,1
phishtank,1,0.9994610548237745,1
phishtank,1,0.9929389624006131,1
phishtank,1,0.998321771704321,1
phishtank,1,0.9934494698389287,1
phishtank,1,0.8643932887008401,1
phishtank,1,0.9988233527210894,1
phishtank,1,0.7521231636977004,0
tranco_benign_proxy,0,0.033146842036872924,0
tranco_benign_proxy,0,0.18814677814761283,0
tranco_benign_proxy,0,0.4331499185049522,0
phishtank,1,0.7039647944716995,0
phishtank,1,0.9962354179488891,1
phishtank,1,0.9496723288241729,1
tranco_benign_proxy,0,0.8207937760931132,1
phishtank,1,0.9680459063609717,1
tranco_benign_proxy,0,0.3180693388593656,0
tranco_benign_proxy,0,0.44200027027383987,0
phishtank,1,0.9992457951342993,1
tranco_benign_proxy,0,0.4100787403003453,0
phishtank,1,0.19499314389436329,0
phishtank,1,0.9195759135178461,1
tranco_benign_proxy,0,0.9930993170280337,1
phishtank,1,0.9973745417775403,1
tranco_benign_proxy,0,0.12449045965449086,0
phishtank,1,0.9865777928560958,1
tranco_benign_proxy,0,0.7215292996409287,0
tranco_benign_proxy,0,0.5246591570473736,0
tranco_benign_proxy,0,0.4021261175706227,0
tranco_benign_proxy,0,0.12180801798317303,0
phishtank,1,0.9973005026765905,1
phishtank,1,0.9996658548383315,1
tranco_benign_proxy,0,0.4342299107481262,0
phishtank,1,0.9996637460762794,1
tranco_benign_proxy,0,0.1493405972568769,0
phishtank,1,0.9986726110024013,1
tranco_benign_proxy,0,0.008558496059336373,0
tranco_benign_proxy,0,0.14888832053685658,0
phishtank,1,0.9928924382815331,1
tranco_benign_proxy,0,0.34962924350476093,0
tranco_benign_proxy,0,0.22387704421309756,0
tranco_benign_proxy,0,0.38419557840437885,0
phishtank,1,0.9904054368078082,1
phishtank,1,0.9939103482098062,1
tranco_benign_proxy,0,0.9969206918677729,1
phishtank,1,0.9864159006973616,1
tranco_benign_proxy,0,0.3410332709823867,0
phishtank,1,0.999978576322629,1
tranco_benign_proxy,0,0.8544504988832238,1
tranco_benign_proxy,0,0.9609402953347475,1
tranco_benign_proxy,0,0.20997493539691597,0
tranco_benign_proxy,0,0.9248109409706422,1
tranco_benign_proxy,0,0.057174533042864864,0
tranco_benign_proxy,0,0.3408829056823864,0
phishtank,1,0.9166773220228908,1
tranco_benign_proxy,0,0.24136510176270268,0
tranco_benign_proxy,0,0.03752236747514136,0
phishtank,1,0.9987871933027541,1
phishtank,1,0.9997002729855741,1
tranco_benign_proxy,0,0.25302162648576,0
tranco_benign_proxy,0,0.15809973990029108,0
tranco_benign_proxy,0,0.9535208923832765,1
phishtank,1,0.9998690877997608,1
phishtank,1,0.9930042939124915,1
tranco_benign_proxy,0,0.008385113879488013,0
tranco_benign_proxy,0,0.10088710224481003,0
phishtank,1,0.7583968756894163,0
phishtank,1,0.998593829793105,1
phishtank,1,0.9923210986301495,1
tranco_benign_proxy,0,0.3403443260484464,0
tranco_benign_proxy,0,0.10707556136076858,0
tranco_benign_proxy,0,0.3326915575991427,0
tranco_benign_proxy,0,0.2762585709931123,0
phishtank,1,0.9505433337168485,1
phishtank,1,0.9992386890874337,1
tranco_benign_proxy,0,0.537386003528413,0
phishtank,1,0.997689396455003,1
tranco_benign_proxy,0,0.09764738792828168,0
phishtank,1,0.9918849667962211,1
phishtank,1,0.9446587729721927,1
tranco_benign_proxy,0,0.0648044562830593,0
phishtank,1,0.9988396005468032,1
tranco_benign_proxy,0,0.3050734611632954,0
phishtank,1,0.987886529209857,1
phishtank,1,0.9294780368129523,1
phishtank,1,0.7909867575554517,1
phishtank,1,0.18945351199579957,0
tranco_benign_proxy,0,0.07582437140411877,0
tranco_benign_proxy,0,0.3213777138726715,0
phishtank,1,0.9992212282317109,1
phishtank,1,0.5275224742982709,0
phishtank,1,0.9659847710303525,1
phishtank,1,0.999877447059831,1
phishtank,1,0.9992436527755293,1
tranco_benign_proxy,0,0.0037625683362324854,0
phishtank,1,0.9969610531173078,1
tranco_benign_proxy,0,0.40478339746293746,0
tranco_benign_proxy,0,0.313899982960533,0
phishtank,1,0.9915419631566331,1
phishtank,1,0.9918001437694425,1
tranco_benign_proxy,0,0.6164128977869796,0
tranco_benign_proxy,0,0.4715140903955449,0
phishtank,1,0.925764563918542,1
tranco_benign_proxy,0,0.6845530021418071,0
phishtank,1,0.996287773621472,1
phishtank,1,0.704185000461631,0
phishtank,1,0.6882344664872591,0
phishtank,1,0.9159908778307394,1
phishtank,1,0.9967634141443981,1
tranco_benign_proxy,0,0.23734908197731452,0
phishtank,1,0.9879266585507781,1
phishtank,1,0.9988805446065366,1
tranco_benign_proxy,0,0.8870146580749583,1
phishtank,1,0.9916812989143108,1
tranco_benign_proxy,0,0.09221607942325351,0
tranco_benign_proxy,0,0.004885360749779592,0
phishtank,1,0.992230114229775,1
phishtank,1,0.9998543657614485,1
phishtank,1,0.9991296004036475,1
phishtank,1,0.9767131909090779,1
tranco_benign_proxy,0,0.9606372412753065,1
tranco_benign_proxy,0,0.9462474679009388,1
phishtank,1,0.986106562448599,1
tranco_benign_proxy,0,0.7052958751256246,0
tranco_benign_proxy,0,0.20206644297205495,0
tranco_benign_proxy,0,0.7221482504214487,0
phishtank,1,0.9903938998914256,1
tranco_benign_proxy,0,0.6278465170873647,0
tranco_benign_proxy,0,0.07452475156617398,0
tranco_benign_proxy,0,0.1127831079320995,0
phishtank,1,0.9771840945818462,1
tranco_benign_proxy,0,0.5847169770059754,0
phishtank,1,0.995499976022795,1
phishtank,1,0.997307041319153,1
phishtank,1,0.9999974625093133,1
tranco_benign_proxy,0,0.17417518022037215,0
phishtank,1,0.9990390640772991,1
phishtank,1,0.9993955098794202,1
tranco_benign_proxy,0,0.12234853720763526,0
phishtank,1,0.9925492191791976,1
tranco_benign_proxy,0,0.7997444207924369,1
phishtank,1,0.9958641386108043,1
phishtank,1,0.9614389709963612,1
phishtank,1,0.997049161983427,1
tranco_benign_proxy,0,0.06813413221381791,0
tranco_benign_proxy,0,0.09976318197575715,0
tranco_benign_proxy,0,0.022011093827059895,0
tranco_benign_proxy,0,0.21738795187319826,0
phishtank,1,0.7799693875493531,1
tranco_benign_proxy,0,0.9441203111055536,1
phishtank,1,0.9994103230758326,1
phishtank,1,0.9946636484682934,1
tranco_benign_proxy,0,0.7778850844547881,1
phishtank,1,0.7540826945715521,0
phishtank,1,0.22524934980056088,0
tranco_benign_proxy,0,0.36133722476752944,0
tranco_benign_proxy,0,0.9501120965993731,1
phishtank,1,0.9999595960152606,1
phishtank,1,0.9196048199528826,1
phishtank,1,0.9910968113623234,1
tranco_benign_proxy,0,0.03061189560849741,0
tranco_benign_proxy,0,0.31380884225908806,0
tranco_benign_proxy,0,0.263359566570152,0
tranco_benign_proxy,0,0.31677432439101233,0
tranco_benign_proxy,0,0.2905283587326679,0
phishtank,1,0.872778597365906,1
tranco_benign_proxy,0,0.00230243299556263,0
phishtank,1,0.7695007408041303,1
phishtank,1,0.308655503230676,0
tranco_benign_proxy,0,0.11057847642480921,0
tranco_benign_proxy,0,0.5236937754601345,0
tranco_benign_proxy,0,0.4607786968795042,0
tranco_benign_proxy,0,0.847259275491604,1
phishtank,1,0.9947955639151541,1
tranco_benign_proxy,0,0.04778799504765726,0
phishtank,1,0.985387846972801,1
tranco_benign_proxy,0,0.02485107439217929,0
phishtank,1,0.9937744561481751,1
tranco_benign_proxy,0,0.9894497925031817,1
tranco_benign_proxy,0,0.6498584732300745,0
tranco_benign_proxy,0,0.04845141840912135,0
phishtank,1,0.8520433912395325,1
tranco_benign_proxy,0,0.0702654428211693,0
phishtank,1,0.9944285363430899,1
tranco_benign_proxy,0,0.30828425069417204,0
tranco_benign_proxy,0,0.062434625762302236,0
phishtank,1,0.8619223304356514,1
phishtank,1,0.999749191280365,1
tranco_benign_proxy,0,0.5256107820792589,0
phishtank,1,0.9989102729332783,1
tranco_benign_proxy,0,0.928569592961048,1
phishtank,1,0.9031602292354092,1
tranco_benign_proxy,0,0.43357034236185205,0
tranco_benign_proxy,0,0.6591622394202428,0
tranco_benign_proxy,0,0.0987519920378245,0
phishtank,1,0.9993255093759621,1
tranco_benign_proxy,0,0.08301127545660641,0
tranco_benign_proxy,0,0.20134358898911323,0
phishtank,1,0.9994059768455503,1
phishtank,1,0.9995809241158844,1
tranco_benign_proxy,0,0.947667637529201,1
phishtank,1,0.9988223570691259,1
phishtank,1,0.6863908595338,0
tranco_benign_proxy,0,0.28043569396200735,0
phishtank,1,0.9978094281959239,1
tranco_benign_proxy,0,0.3605750937597534,0
phishtank,1,0.9909855457940051,1
phishtank,1,0.9895547192256207,1
tranco_benign_proxy,0,0.8443166472726277,1
tranco_benign_proxy,0,0.9098891139641531,1
phishtank,1,0.9913115937621508,1
tranco_benign_proxy,0,0.11380704055010203,0
tranco_benign_proxy,0,0.4317210908781229,0
tranco_benign_proxy,0,0.14489371681550203,0
tranco_benign_proxy,0,0.2710895943638728,0
phishtank,1,0.9810273880435603,1
phishtank,1,0.9869682959062057,1
tranco_benign_proxy,0,0.33964713777433075,0
phishtank,1,0.9999978458327602,1
phishtank,1,0.9965075018857555,1
phishtank,1,0.9751750484843608,1
phishtank,1,0.9991795717433913,1
phishtank,1,0.9501239980363828,1
tranco_benign_proxy,0,0.03179026253396292,0
tranco_benign_proxy,0,0.8135906690871947,1
phishtank,1,0.9980670083003352,1
tranco_benign_proxy,0,0.23528358237726366,0
phishtank,1,0.9971780449048773,1
phishtank,1,0.9995051411545798,1
phishtank,1,0.9603246694396296,1
phishtank,1,0.8312868656875029,1
phishtank,1,0.9957444015794644,1
tranco_benign_proxy,0,0.7258103707061313,0
tranco_benign_proxy,0,0.38990761749279834,0
phishtank,1,0.9991940309240027,1
tranco_benign_proxy,0,0.48894085040849744,0
phishtank,1,0.6796078599089498,0
phishtank,1,0.9996850467492245,1
tranco_benign_proxy,0,0.881818920623468,1
phishtank,1,0.9714132923433266,1
tranco_benign_proxy,0,0.3858687880681159,0
tranco_benign_proxy,0,0.33242488240860124,0
phishtank,1,0.9964617473235472,1
tranco_benign_proxy,0,0.36999977159473135,0
phishtank,1,0.19711966506392214,0
tranco_benign_proxy,0,0.5885580842856281,0
tranco_benign_proxy,0,0.9762279807848899,1
phishtank,1,0.9874813542970231,1
phishtank,1,0.8267530820194244,1
tranco_benign_proxy,0,0.4567798844868295,0
phishtank,1,0.9981822547476823,1
phishtank,1,0.9347407255036293,1
phishtank,1,0.10054535216429711,0
phishtank,1,0.9895121776377928,1
phishtank,1,0.9998563068922098,1
tranco_benign_proxy,0,0.22481409334832844,0
phishtank,1,0.061269265208059795,0
phishtank,1,0.9999662994355474,1
phishtank,1,0.9988650074989261,1
phishtank,1,0.18120088610879684,0
phishtank,1,0.1529478430456789,0
phishtank,1,0.9998738575125474,1
phishtank,1,0.9996617895330904,1
phishtank,1,0.3635490861144595,0
tranco_benign_proxy,0,0.3684870227042154,0
phishtank,1,0.5844344789835285,0
phishtank,1,0.9984640973354838,1
tranco_benign_proxy,0,0.062307536423247795,0
phishtank,1,0.9995138914131306,1
phishtank,1,0.9511332434140242,1
tranco_benign_proxy,0,0.056239693476786874,0
tranco_benign_proxy,0,0.03188730297860936,0
phishtank,1,0.9992811350129751,1
tranco_benign_proxy,0,0.9342122596410736,1
phishtank,1,0.9390079819421056,1
tranco_benign_proxy,0,0.45633784393835447,0
tranco_benign_proxy,0,0.003284462206888689,0
phishtank,1,0.9760052840153274,1
tranco_benign_proxy,0,0.03828505557369058,0
phishtank,1,0.9503316718607164,1
tranco_benign_proxy,0,0.6139400384960889,0
phishtank,1,0.9599189130279565,1
tranco_benign_proxy,0,0.3957941923449076,0
tranco_benign_proxy,0,0.022679658424277764,0
phishtank,1,0.9979534162179651,1
phishtank,1,0.1616977061090305,0
phishtank,1,0.12130024530472035,0
phishtank,1,0.9998271713537877,1
phishtank,1,0.951814833568925,1
tranco_benign_proxy,0,0.7018560139708815,0
phishtank,1,0.9962078903918462,1
phishtank,1,0.4763110863661355,0
tranco_benign_proxy,0,0.7560253341289331,0
tranco_benign_proxy,0,0.2354314251342171,0
phishtank,1,0.3149316304149584,0
tranco_benign_proxy,0,0.12032670238375073,0
phishtank,1,0.9634570280536464,1
phishtank,1,0.9826484446713449,1
tranco_benign_proxy,0,0.9291681797697227,1
phishtank,1,0.9998337518207732,1
tranco_benign_proxy,0,0.21291767018494315,0
phishtank,1,0.999569167719764,1
tranco_benign_proxy,0,0.08914968169754586,0
phishtank,1,0.9980854999158215,1
phishtank,1,0.9998779463455647,1
tranco_benign_proxy,0,0.03609361169150821,0
phishtank,1,0.996913106976682,1
phishtank,1,0.9946455127181855,1
tranco_benign_proxy,0,0.6913058081229202,0
tranco_benign_proxy,0,0.08508015002562998,0
phishtank,1,0.976410152435368,1
phishtank,1,0.9999447258838841,1
phishtank,1,0.16893793736302015,0
tranco_benign_proxy,0,0.22024942002720221,0
phishtank,1,0.16884961249176492,0
phishtank,1,0.22446997688799233,0
tranco_benign_proxy,0,0.7750931375940945,1
tranco_benign_proxy,0,0.08688333596509612,0
phishtank,1,0.9912824363468054,1
phishtank,1,0.973902483551135,1
phishtank,1,0.9524505680327818,1
tranco_benign_proxy,0,0.07918243667952377,0
phishtank,1,0.9524572025206325,1
tranco_benign_proxy,0,0.8732578022512227,1
tranco_benign_proxy,0,0.14435079193705952,0
tranco_benign_proxy,0,0.5366864610445515,0
tranco_benign_proxy,0,0.5920748155283729,0
tranco_benign_proxy,0,0.5929338172099258,0
tranco_benign_proxy,0,0.1623744358649133,0
phishtank,1,0.997669073356903,1
tranco_benign_proxy,0,0.024290529691006778,0
phishtank,1,0.9973284011562329,1
tranco_benign_proxy,0,0.16403538239169932,0
phishtank,1,0.9726546786491888,1
tranco_benign_proxy,0,0.14060062961573397,0
tranco_benign_proxy,0,0.09172878717064027,0
tranco_benign_proxy,0,0.089381816994162,0
phishtank,1,0.9872333122633095,1
phishtank,1,0.9854009391282248,1
phishtank,1,0.9406315945106578,1
tranco_benign_proxy,0,0.6195906362214912,0
phishtank,1,0.9872820530838495,1
phishtank,1,0.9995989844768887,1
phishtank,1,0.9980873625246425,1
phishtank,1,0.8573517831542072,1
phishtank,1,0.9877068691132308,1
tranco_benign_proxy,0,0.5859718642975149,0
tranco_benign_proxy,0,0.6594057043183914,0
tranco_benign_proxy,0,0.1822200359450633,0
tranco_benign_proxy,0,0.06130415516757632,0
phishtank,1,0.9907430677956871,1
tranco_benign_proxy,0,0.10136505253039355,0
phishtank,1,0.4375342491702925,0
phishtank,1,0.9256650286947881,1
phishtank,1,0.9939450731816535,1
tranco_benign_proxy,0,0.891066220752387,1
tranco_benign_proxy,0,0.0634553680033947,0
phishtank,1,0.9988145131565038,1
tranco_benign_proxy,0,0.24322957469776071,0
tranco_benign_proxy,0,0.18231408141685687,0
tranco_benign_proxy,0,0.13859436435577832,0
phishtank,1,0.3565464091098227,0
phishtank,1,0.9963836572347903,1
tranco_benign_proxy,0,0.06503178837927025,0
phishtank,1,0.9501757255033906,1
tranco_benign_proxy,0,0.06356008703527656,0
phishtank,1,0.7231558262408504,0
phishtank,1,0.5766961592983189,0
tranco_benign_proxy,0,0.0439317172439762,0
phishtank,1,0.30532415921852674,0
phishtank,1,0.32106513927811187,0
tranco_benign_proxy,0,0.1265152697288862,0
tranco_benign_proxy,0,0.6454238359263865,0
phishtank,1,0.998118638657373,1
phishtank,1,0.9999793017777996,1
tranco_benign_proxy,0,0.41319985963059774,0
phishtank,1,0.5761012328851258,0
phishtank,1,0.976392078601507,1
tranco_benign_proxy,0,0.34599010126417296,0
phishtank,1,0.9797042398951424,1
tranco_benign_proxy,0,0.1908453541209638,0
phishtank,1,0.9999790249860182,1
tranco_benign_proxy,0,0.21106177458105008,0
phishtank,1,0.998222053676212,1
phishtank,1,0.9993537172908176,1
phishtank,1,0.999623181568591,1
tranco_benign_proxy,0,0.4696890145933167,0
tranco_benign_proxy,0,0.9179648975859973,1
tranco_benign_proxy,0,0.030663238750503065,0
tranco_benign_proxy,0,0.39060024309792235,0
phishtank,1,0.9996874526335692,1
phishtank,1,0.9964335956135345,1
tranco_benign_proxy,0,0.17903766909441643,0
phishtank,1,0.2717364178601777,0
phishtank,1,0.28503102834616983,0
phishtank,1,0.20004802432012053,0
phishtank,1,0.7430093390716045,0
phishtank,1,0.9782964105876822,1
tranco_benign_proxy,0,0.03962597373592895,0
phishtank,1,0.26857139666797875,0
phishtank,1,0.9433135703317664,1
phishtank,1,0.7955715373468953,1
phishtank,1,0.8350445775434985,1
tranco_benign_proxy,0,0.8041630725628494,1
phishtank,1,0.9985873969101301,1
phishtank,1,0.9991574631065521,1
phishtank,1,0.999128045605551,1
tranco_benign_proxy,0,0.806808222611508,1
tranco_benign_proxy,0,0.1677515734766097,0
tranco_benign_proxy,0,0.7193533022008715,0
phishtank,1,0.8947088245444044,1
phishtank,1,0.9999866478198026,1
tranco_benign_proxy,0,0.025487707767851746,0
phishtank,1,0.1702064537614212,0
phishtank,1,0.9994467299883713,1
tranco_benign_proxy,0,0.15230343264333326,0
tranco_benign_proxy,0,0.3746355250028838,0
phishtank,1,0.9992312840225276,1
tranco_benign_proxy,0,0.5272353183360607,0
phishtank,1,0.5026124961982353,0
tranco_benign_proxy,0,0.20514534382446165,0
tranco_benign_proxy,0,0.1145041791118359,0
phishtank,1,0.9940154181161271,1
phishtank,1,0.9985945592009551,1
tranco_benign_proxy,0,0.04564804303200934,0
tranco_benign_proxy,0,0.08722574348857841,0
phishtank,1,0.983616635887532,1
tranco_benign_proxy,0,0.2823277073846853,0
tranco_benign_proxy,0,0.040529051749309354,0
tranco_benign_proxy,0,0.07685725233781543,0
phishtank,1,0.7914189981623442,1
phishtank,1,0.6851873111499567,0
tranco_benign_proxy,0,0.14070373307946923,0
tranco_benign_proxy,0,0.39727109721596615,0
phishtank,1,0.9844298886651338,1
tranco_benign_proxy,0,0.8974765358427933,1
tranco_benign_proxy,0,0.18063706411607844,0
tranco_benign_proxy,0,0.14280996117476463,0
phishtank,1,0.9986340059401728,1
tranco_benign_proxy,0,0.6840965706421755,0
phishtank,1,0.9542751927681856,1
phishtank,1,0.9972114116984707,1
phishtank,1,0.975281269200773,1
phishtank,1,0.9988005695060669,1
tranco_benign_proxy,0,0.4116514030940886,0
phishtank,1,0.9928237260674356,1
phishtank,1,0.9779559955345702,1
phishtank,1,0.9989476187891689,1
tranco_benign_proxy,0,0.38301768082427573,0
tranco_benign_proxy,0,0.257370937901982,0
phishtank,1,0.9847926480447632,1
tranco_benign_proxy,0,0.8934530597644963,1
tranco_benign_proxy,0,0.08181598076042076,0
tranco_benign_proxy,0,0.1329148199411758,0
phishtank,1,0.9989238756781009,1
phishtank,1,0.9716870427026022,1
tranco_benign_proxy,0,0.9467943938969285,1
phishtank,1,0.9587680408974644,1
tranco_benign_proxy,0,0.7944423186243759,1
phishtank,1,0.9990818408216778,1
phishtank,1,0.39720846618358857,0
tranco_benign_proxy,0,0.36704633351493904,0
tranco_benign_proxy,0,0.07297987528332613,0
phishtank,1,0.9795541281579467,1
tranco_benign_proxy,0,0.4803748738323833,0
tranco_benign_proxy,0,0.7424432345199506,0
phishtank,1,0.12504107843972873,0
tranco_benign_proxy,0,0.009195998140567662,0
phishtank,1,0.19226187606185782,0
tranco_benign_proxy,0,0.037981384200231685,0
phishtank,1,0.6428182010375882,0
phishtank,1,0.9184885675160547,1
phishtank,1,0.8021680529417107,1
tranco_benign_proxy,0,0.5161071720713487,0
tranco_benign_proxy,0,0.008640356018981695,0
phishtank,1,0.8927754143017587,1
phishtank,1,0.9981528353562116,1
tranco_benign_proxy,0,0.5350673083861317,0
phishtank,1,0.3273126338332133,0
tranco_benign_proxy,0,0.01940060454327154,0
phishtank,1,0.8366369516584412,1
phishtank,1,0.961818780984856,1
tranco_benign_proxy,0,0.953718762032655,1
phishtank,1,0.9576836801642686,1
tranco_benign_proxy,0,0.44962742488779095,0
phishtank,1,0.9902450538543605,1
tranco_benign_proxy,0,0.035341023877700294,0
phishtank,1,0.991977818922315,1
tranco_benign_proxy,0,0.4779549015599363,0
phishtank,1,0.9997938505971075,1
tranco_benign_proxy,0,0.8921858453190087,1
tranco_benign_proxy,0,0.16691721033857015,0
tranco_benign_proxy,0,0.1489838493770376,0
phishtank,1,0.9987165592746543,1
phishtank,1,0.9966229462670754,1
tranco_benign_proxy,0,0.7053310053357987,0
tranco_benign_proxy,0,0.09343386450027402,0
phishtank,1,0.9332321914512893,1
tranco_benign_proxy,0,0.6260372391883045,0
tranco_benign_proxy,0,0.25297651990750347,0
phishtank,1,0.7840747067596265,1
tranco_benign_proxy,0,0.38598085507446284,0
phishtank,1,0.8443032774153835,1
phishtank,1,0.979107876320491,1
phishtank,1,0.9998662424365914,1
tranco_benign_proxy,0,0.3301338971085992,0
tranco_benign_proxy,0,0.23024360543872702,0
tranco_benign_proxy,0,0.5099263114738297,0
tranco_benign_proxy,0,0.01815441499486721,0
tranco_benign_proxy,0,0.3573214079244076,0
phishtank,1,0.3511925136710985,0
tranco_benign_proxy,0,0.4937712715669347,0
tranco_benign_proxy,0,0.020530633972393932,0
phishtank,1,0.9193747529045273,1
phishtank,1,0.9998109933431943,1
tranco_benign_proxy,0,0.28346049179762167,0
tranco_benign_proxy,0,0.9719642332972817,1
phishtank,1,0.9817301733077778,1
tranco_benign_proxy,0,0.7421003899221451,0
tranco_benign_proxy,0,0.23416321706592086,0
phishtank,1,0.3733569445827007,0
phishtank,1,0.8222990528080313,1
phishtank,1,0.9949316250062916,1
phishtank,1,0.1617332134397094,0
tranco_benign_proxy,0,0.9231592930054675,1
tranco_benign_proxy,0,0.23752176223439136,0
tranco_benign_proxy,0,0.7018341229489761,0
tranco_benign_proxy,0,0.5249630553902106,0
phishtank,1,0.6904228076514639,0
tranco_benign_proxy,0,0.40214973333345677,0
phishtank,1,0.983654118931583,1
tranco_benign_proxy,0,0.4164240144505895,0
phishtank,1,0.991836983136561,1
phishtank,1,0.9999463281719797,1
phishtank,1,0.9950697858212766,1
tranco_benign_proxy,0,0.5200833823091182,0
phishtank,1,0.9973753571462697,1
tranco_benign_proxy,0,0.5883405837018074,0
phishtank,1,0.9971668971451019,1
tranco_benign_proxy,0,0.9812819022298249,1
phishtank,1,0.9995259070160067,1
phishtank,1,0.2585062776541403,0
tranco_benign_proxy,0,0.20546693599674062,0
tranco_benign_proxy,0,0.9347185156533198,1
tranco_benign_proxy,0,0.053998273130601605,0
tranco_benign_proxy,0,0.5266101813157337,0
tranco_benign_proxy,0,0.605948414560329,0
tranco_benign_proxy,0,0.5340950437657072,0
tranco_benign_proxy,0,0.37717764415848654,0
phishtank,1,0.9985803934987748,1
tranco_benign_proxy,0,0.8899105202833608,1
phishtank,1,0.9868454542433552,1
phishtank,1,0.9438309619207925,1
tranco_benign_proxy,0,0.4594881158307683,0
phishtank,1,0.9843899744439834,1
phishtank,1,0.9999907439777155,1
phishtank,1,0.8212994983713336,1
phishtank,1,0.9928978454105922,1
tranco_benign_proxy,0,0.45114395539094043,0
tranco_benign_proxy,0,0.9594261676985293,1
tranco_benign_proxy,0,0.1532206293313866,0
tranco_benign_proxy,0,0.05779341308035947,0
tranco_benign_proxy,0,0.08158185900626778,0
phishtank,1,0.9509849336494267,1
tranco_benign_proxy,0,0.3913486909979063,0
tranco_benign_proxy,0,0.02604892798300087,0
tranco_benign_proxy,0,0.5760757784811076,0
tranco_benign_proxy,0,0.08768098435500637,0
phishtank,1,0.9980072378582379,1
phishtank,1,0.9999885130000743,1
tranco_benign_proxy,0,0.6534073205933649,0
phishtank,1,0.9913770322887854,1
tranco_benign_proxy,0,0.9273103682736384,1
tranco_benign_proxy,0,0.7724418512919349,1
phishtank,1,0.8154377533260253,1
phishtank,1,0.9981463575866292,1
phishtank,1,0.9948042653114569,1
tranco_benign_proxy,0,0.5640775569586769,0
phishtank,1,0.06105901759472883,0
phishtank,1,0.9890090837104517,1
tranco_benign_proxy,0,0.08112763502209032,0
tranco_benign_proxy,0,0.5339650139577882,0
phishtank,1,0.9890027959467619,1
tranco_benign_proxy,0,0.9113044989928288,1
tranco_benign_proxy,0,0.006043639355105344,0
tranco_benign_proxy,0,0.1908517600500646,0
phishtank,1,0.8672856593202531,1
tranco_benign_proxy,0,0.08632097235051259,0
phishtank,1,0.9975402384098437,1
tranco_benign_proxy,0,0.4192305849574512,0
tranco_benign_proxy,0,0.921448343505088,1
phishtank,1,0.9855791722186372,1
phishtank,1,0.952250737743859,1
phishtank,1,0.823676838608832,1
tranco_benign_proxy,0,0.39166625427147433,0
phishtank,1,0.9848562754095129,1
phishtank,1,0.983168190490535,1
phishtank,1,0.9886943702178238,1
phishtank,1,0.9985393514175442,1
tranco_benign_proxy,0,0.39791781554830336,0
phishtank,1,0.9987812795499792,1
tranco_benign_proxy,0,0.7112539840424358,0
phishtank,1,0.9836253210010173,1
phishtank,1,0.9986632903357314,1
phishtank,1,0.9969053980429062,1
phishtank,1,0.9991399034796717,1
phishtank,1,0.9967883846433124,1
phishtank,1,0.9864123572816215,1
phishtank,1,0.9992862048771622,1
phishtank,1,0.9990548902727925,1
tranco_benign_proxy,0,0.8981754211323166,1
tranco_benign_proxy,0,0.027065628607868316,0
phishtank,1,0.9995561359268785,1
tranco_benign_proxy,0,0.16136969448407698,0
phishtank,1,0.9970546071470748,1
tranco_benign_proxy,0,0.7443451333288642,0
tranco_benign_proxy,0,0.9807445613062797,1
tranco_benign_proxy,0,0.4289604262918685,0
phishtank,1,0.8334579691598605,1
phishtank,1,0.999792742179744,1
tranco_benign_proxy,0,0.9469122983103743,1
phishtank,1,0.8995183319538499,1
phishtank,1,0.984703942844034,1
phishtank,1,0.9892097694173658,1
tranco_benign_proxy,0,0.6396871111212002,0
tranco_benign_proxy,0,0.2581372796328082,0
phishtank,1,0.9594925328583013,1
tranco_benign_proxy,0,0.1348727330061724,0
tranco_benign_proxy,0,0.8434102283364537,1
tranco_benign_proxy,0,0.7036653927915237,0
tranco_benign_proxy,0,0.5085438273366372,0
phishtank,1,0.07247832980150785,0
phishtank,1,0.988065874871631,1
phishtank,1,0.999702635791275,1
tranco_benign_proxy,0,0.9314088932238423,1
tranco_benign_proxy,0,0.5257371982210097,0
phishtank,1,0.9960401666446065,1
phishtank,1,0.3183297462284922,0
phishtank,1,0.9658293357001689,1
tranco_benign_proxy,0,0.6721476547956773,0
phishtank,1,0.9992288761942131,1
phishtank,1,0.9993822862049047,1
tranco_benign_proxy,0,0.045960585101657514,0
tranco_benign_proxy,0,0.03505783992419511,0
phishtank,1,0.9991955210838851,1
phishtank,1,0.9996592064162558,1
tranco_benign_proxy,0,0.20777884950879977,0
phishtank,1,0.36238781751671373,0
phishtank,1,0.9975219768239358,1
phishtank,1,0.2406282081179534,0
phishtank,1,0.99762072366589,1
phishtank,1,0.14808290591219836,0
phishtank,1,0.9977849408680579,1
phishtank,1,0.9980461273162403,1
phishtank,1,0.9986662668080597,1
tranco_benign_proxy,0,0.9094754453107288,1
tranco_benign_proxy,0,0.6752514491702933,0
tranco_benign_proxy,0,0.36537119555889214,0
phishtank,1,0.8606361088383228,1
tranco_benign_proxy,0,0.4785022229067468,0
phishtank,1,0.49628156189523304,0
phishtank,1,0.9403496390158786,1
tranco_benign_proxy,0,0.6013177113921412,0
tranco_benign_proxy,0,0.135083005811724,0
phishtank,1,0.9992701707181624,1
tranco_benign_proxy,0,0.5046813214466652,0
phishtank,1,0.9994131520633988,1
tranco_benign_proxy,0,0.9626308482715017,1
phishtank,1,0.1271869988455895,0
phishtank,1,0.7810881035710511,1
tranco_benign_proxy,0,0.004800940354799493,0
tranco_benign_proxy,0,0.4900539902656942,0
phishtank,1,0.3065265256744263,0
tranco_benign_proxy,0,0.8803052529173352,1
phishtank,1,0.9998044283546207,1
phishtank,1,0.9983179353341308,1
tranco_benign_proxy,0,0.9137862122517965,1
phishtank,1,0.9900567803078588,1
tranco_benign_proxy,0,0.5289375471021012,0
tranco_benign_proxy,0,0.6931827491140707,0
tranco_benign_proxy,0,0.2559778395136017,0
tranco_benign_proxy,0,0.05235824869419681,0
phishtank,1,0.8994230818495236,1
phishtank,1,0.9991162062531538,1
tranco_benign_proxy,0,0.5322020383641209,0
tranco_benign_proxy,0,0.5745789989925763,0
tranco_benign_proxy,0,0.014814768295252542,0
tranco_benign_proxy,0,0.07765365393284698,0
phishtank,1,0.9462122622388298,1
phishtank,1,0.9748727154137552,1
phishtank,1,0.999574300835111,1
phishtank,1,0.9769877406902309,1
phishtank,1,0.9645157801468145,1
tranco_benign_proxy,0,0.10465291791284016,0
tranco_benign_proxy,0,0.7792876951304945,1
phishtank,1,0.13380208195664256,0
phishtank,1,0.9926572391996354,1
tranco_benign_proxy,0,0.17454625661104298,0
tranco_benign_proxy,0,0.06020047927900967,0
tranco_benign_proxy,0,0.09580722801469332,0
tranco_benign_proxy,0,0.8613060347078889,1
tranco_benign_proxy,0,0.09459904548479221,0
phishtank,1,0.5159196205413835,0
phishtank,1,0.9880707189715088,1
phishtank,1,0.9676481958515767,1
tranco_benign_proxy,0,0.049032404861854735,0
tranco_benign_proxy,0,0.19168340452978516,0
phishtank,1,0.9986881004735577,1
phishtank,1,0.665858489147374,0
tranco_benign_proxy,0,0.4697511183594089,0
tranco_benign_proxy,0,0.08179381161264128,0
tranco_benign_proxy,0,0.3021370382387157,0
phishtank,1,0.6221007718788405,0
tranco_benign_proxy,0,0.6292325827667614,0
phishtank,1,0.4134669922936636,0
tranco_benign_proxy,0,0.1546378054785215,0
tranco_benign_proxy,0,0.38802650501559977,0
phishtank,1,0.7930292455518734,1
phishtank,1,0.3960294573818237,0
phishtank,1,0.9990849069391287,1
tranco_benign_proxy,0,0.3342388987091447,0
phishtank,1,0.9996156032623718,1
tranco_benign_proxy,0,0.2026579995723642,0
tranco_benign_proxy,0,0.05909300462760357,0
phishtank,1,0.7944111071526523,1
phishtank,1,0.9896513668952628,1
phishtank,1,0.9816728832889849,1
phishtank,1,0.7410250684431064,0
phishtank,1,0.9991735283074964,1
phishtank,1,0.9538216413796423,1
phishtank,1,0.9960853827738612,1
phishtank,1,0.9168605984050491,1
phishtank,1,0.1775810101096438,0
tranco_benign_proxy,0,0.8609566861614545,1
tranco_benign_proxy,0,0.1854438900226988,0
tranco_benign_proxy,0,0.10802568118538436,0
phishtank,1,0.9758889639255526,1
tranco_benign_proxy,0,0.0017020809457241608,0
phishtank,1,0.923019092217374,1
tranco_benign_proxy,0,0.05923816924574502,0
phishtank,1,0.9972103980637463,1
tranco_benign_proxy,0,0.044407224487152216,0
tranco_benign_proxy,0,0.09238301451283423,0
tranco_benign_proxy,0,0.04583258303184953,0
tranco_benign_proxy,0,0.6452423494115465,0
tranco_benign_proxy,0,0.7850010908816575,1
tranco_benign_proxy,0,0.463355282050123,0
tranco_benign_proxy,0,0.4894259590165194,0
phishtank,1,0.9805952116948274,1
tranco_benign_proxy,0,0.36726107788607787,0
tranco_benign_proxy,0,0.5084349750264802,0
phishtank,1,0.17021618904040164,0
tranco_benign_proxy,0,0.9379470816516242,1
tranco_benign_proxy,0,0.03889637969261963,0
phishtank,1,0.6873813464561899,0
tranco_benign_proxy,0,0.9224107054269267,1
phishtank,1,0.8813802868081461,1
tranco_benign_proxy,0,0.3985660744820308,0
phishtank,1,0.9952185559335099,1
phishtank,1,0.9977273789227225,1
phishtank,1,0.9782973188247439,1
phishtank,1,0.9991314490709063,1
tranco_benign_proxy,0,0.6779576820522014,0
phishtank,1,0.9914466317395633,1
phishtank,1,0.9996498538715887,1
tranco_benign_proxy,0,0.14335066943060157,0
phishtank,1,0.9993890129426474,1
phishtank,1,0.9978107380637259,1
phishtank,1,0.9973253575131215,1
phishtank,1,0.34477234290821984,0
tranco_benign_proxy,0,0.42300035209476583,0
phishtank,1,0.999992867037867,1
phishtank,1,0.9994699837368558,1
phishtank,1,0.8396990979504951,1
tranco_benign_proxy,0,0.9958398238964022,1
phishtank,1,0.9694170125979918,1
phishtank,1,0.9525706156164465,1
phishtank,1,0.8259683562183379,1
tranco_benign_proxy,0,0.4501228119092092,0
phishtank,1,0.979402152699483,1
tranco_benign_proxy,0,0.7081402431847992,0
phishtank,1,0.8916931889998224,1
phishtank,1,0.9782291256785249,1
tranco_benign_proxy,0,0.3900026710902697,0
phishtank,1,0.9443444171096737,1
phishtank,1,0.995758626473897,1
phishtank,1,0.9998685989308612,1
tranco_benign_proxy,0,0.4860799561443108,0
tranco_benign_proxy,0,0.07112579117391707,0
tranco_benign_proxy,0,0.035009935868173477,0
tranco_benign_proxy,0,0.1607125436387317,0
tranco_benign_proxy,0,0.7248321220927895,0
phishtank,1,0.8583283915307512,1
phishtank,1,0.990504986260857,1
tranco_benign_proxy,0,0.049525048781983605,0
phishtank,1,0.9801838688899672,1
phishtank,1,0.9992456396953258,1
phishtank,1,0.9543625581106304,1
tranco_benign_proxy,0,0.789111929868285,1
phishtank,1,0.9985098260378785,1
tranco_benign_proxy,0,0.19440883422267963,0
tranco_benign_proxy,0,0.6051190127771408,0
phishtank,1,0.9897335212231626,1
tranco_benign_proxy,0,0.6505648535670128,0
phishtank,1,0.9864203690439202,1
tranco_benign_proxy,0,0.11367391393035745,0
phishtank,1,0.9497073908909272,1
tranco_benign_proxy,0,0.9768181295668747,1
phishtank,1,0.9940291378081929,1
phishtank,1,0.9303110950374882,1
tranco_benign_proxy,0,0.16007224657723595,0
tranco_benign_proxy,0,0.09268965961484356,0
tranco_benign_proxy,0,0.9319844164071972,1
tranco_benign_proxy,0,0.9341161477952988,1
tranco_benign_proxy,0,0.17507944932628888,0
phishtank,1,0.7672398733234899,0
phishtank,1,0.9986241914104469,1
tranco_benign_proxy,0,0.5293150774910655,0
tranco_benign_proxy,0,0.16580814911109998,0
tranco_benign_proxy,0,0.524459951229311,0
phishtank,1,0.38678382698999303,0
tranco_benign_proxy,0,0.23283277481259304,0
phishtank,1,0.987927725388217,1
tranco_benign_proxy,0,0.15544988616478506,0
phishtank,1,0.8941244899703963,1
tranco_benign_proxy,0,0.22217895229060836,0
tranco_benign_proxy,0,0.2970840994273112,0
phishtank,1,0.5257112395507316,0
tranco_benign_proxy,0,0.994776015363377,1
tranco_benign_proxy,0,0.07727504591715906,0
phishtank,1,0.5848917900413455,0
phishtank,1,0.994076922943477,1
tranco_benign_proxy,0,0.3812330211205594,0
phishtank,1,0.9834285218123983,1
phishtank,1,0.8693561017127096,1
tranco_benign_proxy,0,0.8463514766840003,1
tranco_benign_proxy,0,0.09545082027298274,0
phishtank,1,0.9816640224195587,1
tranco_benign_proxy,0,0.003190287532903328,0
tranco_benign_proxy,0,0.6699908194484652,0
phishtank,1,0.9181647109238981,1
phishtank,1,0.9983827076551552,1
phishtank,1,0.45876566551097336,0
tranco_benign_proxy,0,0.10517642957325851,0
tranco_benign_proxy,0,0.637545277883431,0
tranco_benign_proxy,0,0.5878473298397522,0
phishtank,1,0.9852005043937745,1
tranco_benign_proxy,0,0.28632922060056276,0
phishtank,1,0.47960262979742135,0
tranco_benign_proxy,0,0.07937571889782506,0
phishtank,1,0.9992000935993075,1
tranco_benign_proxy,0,0.5919508309714451,0
tranco_benign_proxy,0,0.9967147653857414,1
tranco_benign_proxy,0,0.041442916313710006,0
tranco_benign_proxy,0,0.11646040067833444,0
tranco_benign_proxy,0,0.5670963928776205,0
phishtank,1,0.9736768078584761,1
phishtank,1,0.9562321126348882,1
phishtank,1,0.9999703930606436,1
tranco_benign_proxy,0,0.4919645144669547,0
phishtank,1,0.9958240738071081,1
tranco_benign_proxy,0,0.1940781589773576,0
phishtank,1,0.2131694564462496,0
tranco_benign_proxy,0,0.46579360911599316,0
phishtank,1,0.9999829989040654,1
tranco_benign_proxy,0,0.9624595518849061,1
phishtank,1,0.9991100686611086,1
phishtank,1,0.9998806420812679,1
phishtank,1,0.9999917078102531,1
phishtank,1,0.9922475176499638,1
phishtank,1,0.9991020154381915,1
tranco_benign_proxy,0,0.6159141607604018,0
tranco_benign_proxy,0,0.6268657569335006,0
phishtank,1,0.999460904704974,1
phishtank,1,0.8471897203063344,1
tranco_benign_proxy,0,0.2669061109470244,0
tranco_benign_proxy,0,0.12368516087995245,0
tranco_benign_proxy,0,0.08251313070505006,0
phishtank,1,0.9983907610333798,1
phishtank,1,0.9765580453947766,1
phishtank,1,0.9993803377555016,1
tranco_benign_proxy,0,0.4978399077923165,0
tranco_benign_proxy,0,0.6220804290259843,0
phishtank,1,0.5760766569249349,0
phishtank,1,0.9996494941590691,1
phishtank,1,0.9678043955725575,1
tranco_benign_proxy,0,0.06025739495463487,0
tranco_benign_proxy,0,0.24956283866647597,0
phishtank,1,0.9980082326696846,1
phishtank,1,0.876308460485953,1
tranco_benign_proxy,0,0.9871626091810591,1
phishtank,1,0.8045696050150107,1
tranco_benign_proxy,0,0.6676826064620394,0
phishtank,1,0.19071568658166657,0
phishtank,1,0.9718071394636794,1
tranco_benign_proxy,0,0.8051388468943274,1
phishtank,1,0.9984499542675356,1
phishtank,1,0.9018961755088619,1
tranco_benign_proxy,0,0.3182928410886224,0
tranco_benign_proxy,0,0.17700680264054064,0
phishtank,1,0.9854661320346749,1
phishtank,1,0.9534820305979227,1
phishtank,1,0.9992658557529366,1
tranco_benign_proxy,0,0.38988676348545426,0
tranco_benign_proxy,0,0.3541936646932637,0
phishtank,1,0.9887124210297836,1
tranco_benign_proxy,0,0.2591811769109199,0
tranco_benign_proxy,0,0.09901509989816627,0
phishtank,1,0.9528266298907584,1
tranco_benign_proxy,0,0.049670217256941755,0
tranco_benign_proxy,0,0.045851925580140264,0
phishtank,1,0.99017658440704,1
phishtank,1,0.7832584355528196,1
tranco_benign_proxy,0,0.03947283960853661,0
phishtank,1,0.9671134630340819,1
phishtank,1,0.8503741586771483,1
phishtank,1,0.9973271219678389,1
tranco_benign_proxy,0,0.5867412826783315,0
phishtank,1,0.721244728133828,0
phishtank,1,0.788278105077147,1
tranco_benign_proxy,0,0.7967392163728628,1
phishtank,1,0.9982403682152718,1
phishtank,1,0.9597754960981113,1
phishtank,1,0.9874540698999934,1
phishtank,1,0.9910475628514228,1
tranco_benign_proxy,0,0.675576028288458,0
tranco_benign_proxy,0,0.8723180316457313,1
phishtank,1,0.37538943347145776,0
tranco_benign_proxy,0,0.9936709642137806,1
phishtank,1,0.8267406064521969,1
tranco_benign_proxy,0,0.08712585778999582,0
phishtank,1,0.947415363996735,1
tranco_benign_proxy,0,0.9064611999027943,1
phishtank,1,0.8237868492803988,1
tranco_benign_proxy,0,0.5184072834051094,0
tranco_benign_proxy,0,0.8843071411930085,1
phishtank,1,0.32539097457580196,0
tranco_benign_proxy,0,0.9870875525959663,1
phishtank,1,0.26570451619230945,0
phishtank,1,0.9998799805143029,1
phishtank,1,0.9602591544610436,1
tranco_benign_proxy,0,0.9908261330516268,1
tranco_benign_proxy,0,0.24558859610070446,0
phishtank,1,0.9999443470470174,1
phishtank,1,0.9990045021517868,1
tranco_benign_proxy,0,0.5799319370071344,0
phishtank,1,0.8637070697632006,1
phishtank,1,0.9996657814200303,1
tranco_benign_proxy,0,0.02518132902896682,0
phishtank,1,0.9913684257985256,1
phishtank,1,0.9912309772674127,1
phishtank,1,0.9207139705427021,1
tranco_benign_proxy,0,0.9730918800612308,1
phishtank,1,0.9716451901556119,1
phishtank,1,0.9999126975848691,1
phishtank,1,0.196994519380155,0
phishtank,1,0.9994879972204432,1
phishtank,1,0.8435971829235377,1
phishtank,1,0.9869417669107958,1
phishtank,1,0.26982832221361275,0
phishtank,1,0.9975935769282854,1
phishtank,1,0.9654775765971912,1
tranco_benign_proxy,0,0.606821475571004,0
tranco_benign_proxy,0,0.4609282442237956,0
tranco_benign_proxy,0,0.11513384331769433,0
phishtank,1,0.9274822984595056,1
tranco_benign_proxy,0,0.8116732851457815,1
tranco_benign_proxy,0,0.04365070029731821,0
tranco_benign_proxy,0,0.871457171721778,1
tranco_benign_proxy,0,0.005382606511947188,0
phishtank,1,0.9942931982154446,1
phishtank,1,0.056564442782502306,0
tranco_benign_proxy,0,0.2899372002290427,0
tranco_benign_proxy,0,0.9876585716358453,1
tranco_benign_proxy,0,0.8373426966128372,1
tranco_benign_proxy,0,0.28963711102933726,0
phishtank,1,0.9945105755406054,1
phishtank,1,0.9986563809976756,1
tranco_benign_proxy,0,0.5098069688149378,0
phishtank,1,0.9988426339443726,1
tranco_benign_proxy,0,0.20215452795812217,0
phishtank,1,0.9879547823624825,1
phishtank,1,0.9993683966807017,1
tranco_benign_proxy,0,0.08417248911454395,0
phishtank,1,0.5848506302834525,0
tranco_benign_proxy,0,0.12774198806271805,0
tranco_benign_proxy,0,0.19135911695527505,0
tranco_benign_proxy,0,0.9920818155529498,1
tranco_benign_proxy,0,0.8589010567530765,1
tranco_benign_proxy,0,0.21914715723820874,0
phishtank,1,0.06946314502857998,0
tranco_benign_proxy,0,0.12537198207205041,0
tranco_benign_proxy,0,0.1570043261984086,0
phishtank,1,0.9999872041162491,1
tranco_benign_proxy,0,0.0641159548662334,0
tranco_benign_proxy,0,0.5577069414374096,0
phishtank,1,0.9515990919749405,1
tranco_benign_proxy,0,0.2604275222499598,0
tranco_benign_proxy,0,0.5963854404723336,0
tranco_benign_proxy,0,0.8163040599104705,1
tranco_benign_proxy,0,0.41079505193360705,0
phishtank,1,0.5638931983429627,0
phishtank,1,0.9764729922788755,1
phishtank,1,0.9992956569122557,1
tranco_benign_proxy,0,0.15407429768549097,0
phishtank,1,0.9983230224508861,1
tranco_benign_proxy,0,0.3033553361751351,0
phishtank,1,0.04440215082849514,0
phishtank,1,0.999786056927491,1
tranco_benign_proxy,0,0.47531927768327487,0
tranco_benign_proxy,0,0.06513820527307683,0
phishtank,1,0.9992673793108487,1
tranco_benign_proxy,0,0.9871271073726664,1
tranco_benign_proxy,0,0.12451274588788654,0
phishtank,1,0.8947373367857583,1
phishtank,1,0.9970083914160423,1
tranco_benign_proxy,0,0.21674390832875257,0
tranco_benign_proxy,0,0.22086246451724312,0
phishtank,1,0.9994544341113312,1
tranco_benign_proxy,0,0.9821666316547215,1
phishtank,1,0.9984491812744752,1
tranco_benign_proxy,0,0.03369752097370913,0
tranco_benign_proxy,0,0.25509350124889973,0
tranco_benign_proxy,0,0.10597038352124634,0
tranco_benign_proxy,0,0.0031806195355708958,0
tranco_benign_proxy,0,0.18954241256305837,0
phishtank,1,0.8738583407234259,1
tranco_benign_proxy,0,0.9104843543716584,1
phishtank,1,0.9999917823548918,1
phishtank,1,0.9850296870482035,1
tranco_benign_proxy,0,0.5871271103529924,0
tranco_benign_proxy,0,0.3071486981032557,0
phishtank,1,0.3545761859019604,0
phishtank,1,0.95332849507683,1
phishtank,1,0.9998650219349513,1
phishtank,1,0.7915055555823279,1
tranco_benign_proxy,0,0.42758223104622184,0
phishtank,1,0.16189739280776114,0
tranco_benign_proxy,0,0.7993249820034987,1
tranco_benign_proxy,0,0.05741575050916273,0
tranco_benign_proxy,0,0.7544452666752356,0
tranco_benign_proxy,0,0.7686648943684399,1
phishtank,1,0.9389612858235341,1
tranco_benign_proxy,0,0.1550267837297761,0
tranco_benign_proxy,0,0.9734455479865394,1
phishtank,1,0.9856640669925996,1
phishtank,1,0.9808726032878007,1
phishtank,1,0.9999474615497578,1
phishtank,1,0.998177511392753,1
phishtank,1,0.9812666065539595,1
tranco_benign_proxy,0,0.09207227753388607,0
phishtank,1,0.9528093858378693,1
phishtank,1,0.6083740368408114,0
tranco_benign_proxy,0,0.9393125854351385,1
tranco_benign_proxy,0,0.2558833509044696,0
tranco_benign_proxy,0,0.8498458755093627,1
tranco_benign_proxy,0,0.6670463198480886,0
phishtank,1,0.2733767267417291,0
phishtank,1,0.09598262212522757,0
phishtank,1,0.9431249813344771,1
tranco_benign_proxy,0,0.8378299051798812,1
phishtank,1,0.9936256850573545,1
phishtank,1,0.9854181089445386,1
phishtank,1,0.9780491287130679,1
phishtank,1,0.968801075472256,1
phishtank,1,0.5146764132671099,0
tranco_benign_proxy,0,0.08369994924661318,0
tranco_benign_proxy,0,0.13487085901386917,0
tranco_benign_proxy,0,0.2656185370981653,0
tranco_benign_proxy,0,0.9323467112920115,1
tranco_benign_proxy,0,0.8761020492542219,1
phishtank,1,0.9994894135001361,1
tranco_benign_proxy,0,0.22054546215983453,0
tranco_benign_proxy,0,0.9344625610848226,1
phishtank,1,0.9889025375720258,1
tranco_benign_proxy,0,0.07193794560945939,0
phishtank,1,0.9909013938616208,1
tranco_benign_proxy,0,0.41204838213353845,0
phishtank,1,0.9998712678193434,1
tranco_benign_proxy,0,0.5288115835550317,0
phishtank,1,0.695267234084655,0
phishtank,1,0.9997899005061164,1
tranco_benign_proxy,0,0.14807490165519824,0
phishtank,1,0.9998137496021879,1
phishtank,1,0.9829445755972339,1
tranco_benign_proxy,0,0.253106477736019,0
phishtank,1,0.99675975279762,1
phishtank,1,0.956888534121209,1
phishtank,1,0.9987734028044186,1
phishtank,1,0.9999958918574567,1
phishtank,1,0.9845925149484742,1
phishtank,1,0.9271901239993308,1
phishtank,1,0.9980005929366541,1
phishtank,1,0.9103910945456022,1
phishtank,1,0.9991625932489233,1
tranco_benign_proxy,0,0.05019858054431692,0
tranco_benign_proxy,0,0.8279108825371115,1
tranco_benign_proxy,0,0.7078766740701949,0
tranco_benign_proxy,0,0.2686419010913503,0
phishtank,1,0.9948506683178029,1
phishtank,1,0.9533607623764029,1
phishtank,1,0.9704344866762488,1
tranco_benign_proxy,0,0.5511479907580111,0
phishtank,1,0.999151403838618,1
phishtank,1,0.9857387919322739,1
phishtank,1,0.9983512169012576,1
tranco_benign_proxy,0,0.8492742994608804,1
tranco_benign_proxy,0,0.7328572291198738,0
tranco_benign_proxy,0,0.13254051249320548,0
phishtank,1,0.9988897338757643,1
phishtank,1,0.9750664738197756,1
tranco_benign_proxy,0,0.58654342024501,0
tranco_benign_proxy,0,0.29015661736502524,0
phishtank,1,0.9879240968937121,1
tranco_benign_proxy,0,0.23906232629457036,0
tranco_benign_proxy,0,0.058188511349507956,0
phishtank,1,0.9564235315903237,1
tranco_benign_proxy,0,0.08503565881861197,0
tranco_benign_proxy,0,0.8843989302757626,1
tranco_benign_proxy,0,0.9948285657392281,1
phishtank,1,0.45582031729251266,0
phishtank,1,0.9999694285663606,1
phishtank,1,0.9938287842635478,1
phishtank,1,0.9967824419483353,1
phishtank,1,0.16103894080094827,0
tranco_benign_proxy,0,0.0023641514808588246,0
phishtank,1,0.9996282765866482,1
phishtank,1,0.8076288946160456,1
tranco_benign_proxy,0,0.06662749356379129,0
phishtank,1,0.9999644163177775,1
tranco_benign_proxy,0,0.18008691221360454,0
phishtank,1,0.9768018688670964,1
phishtank,1,0.9881594199702276,1
tranco_benign_proxy,0,0.4798066815621329,0
tranco_benign_proxy,0,0.1975443902786816,0
tranco_benign_proxy,0,0.4200297078975073,0
tranco_benign_proxy,0,0.24923484798767936,0
phishtank,1,0.9846082949269981,1
tranco_benign_proxy,0,0.0909005835413052,0
tranco_benign_proxy,0,0.14901902093340663,0
phishtank,1,0.9998759342850747,1
phishtank,1,0.9974865420304231,1
tranco_benign_proxy,0,0.2402460876796013,0
phishtank,1,0.9972119656660253,1
phishtank,1,0.9911122101703893,1
tranco_benign_proxy,0,0.19642749821641325,0
tranco_benign_proxy,0,0.03790579303174823,0
phishtank,1,0.9999772622744244,1
phishtank,1,0.43810847163392946,0
tranco_benign_proxy,0,0.43369695008309306,0
phishtank,1,0.9999977333200347,1
tranco_benign_proxy,0,0.8464303311622299,1
tranco_benign_proxy,0,0.9994378782558018,1
tranco_benign_proxy,0,0.447606801195755,0
phishtank,1,0.9981470878689521,1
tranco_benign_proxy,0,0.19298296918988786,0
phishtank,1,0.9961657083699735,1
tranco_benign_proxy,0,0.3592505061429767,0
phishtank,1,0.9378661549904387,1
tranco_benign_proxy,0,0.2232046143266268,0
tranco_benign_proxy,0,0.19471989667001885,0
phishtank,1,0.9968452150671601,1
phishtank,1,0.9897062000895485,1
phishtank,1,0.9999385380095454,1
phishtank,1,0.9995824321524698,1
phishtank,1,0.9975602343256036,1
tranco_benign_proxy,0,0.3153821223755552,0
tranco_benign_proxy,0,0.0028070369246905656,0
tranco_benign_proxy,0,0.0880816591669655,0
phishtank,1,0.998941951232141,1
phishtank,1,0.9069301688317774,1
tranco_benign_proxy,0,0.7394502826033119,0
phishtank,1,0.9714448312678011,1
tranco_benign_proxy,0,0.04694633387864902,0
phishtank,1,0.995851068490552,1
phishtank,1,0.9891788854868946,1
phishtank,1,0.748187056332843,0
tranco_benign_proxy,0,0.16578090187250435,0
phishtank,1,0.996660926151712,1
tranco_benign_proxy,0,0.4766431494143908,0
phishtank,1,0.054663894566070334,0
phishtank,1,0.998527918159313,1
tranco_benign_proxy,0,0.15478977797511403,0
phishtank,1,0.9878248432413795,1
phishtank,1,0.6776747752528761,0
phishtank,1,0.6671606833705477,0
tranco_benign_proxy,0,0.8660295340926021,1
tranco_benign_proxy,0,0.9884799941778976,1
phishtank,1,0.9985427457087437,1
phishtank,1,0.998183041861071,1
phishtank,1,0.09410080982764155,0
phishtank,1,0.9943415614932208,1
phishtank,1,0.9991342377183324,1
tranco_benign_proxy,0,0.8280361200817483,1
tranco_benign_proxy,0,0.07208977127615304,0
tranco_benign_proxy,0,0.4757021059811429,0
phishtank,1,0.9918603295620422,1
phishtank,1,0.8695204900454693,1
phishtank,1,0.9947052756664043,1
tranco_benign_proxy,0,0.212349051946847,0
tranco_benign_proxy,0,0.12545928067719025,0
tranco_benign_proxy,0,0.9925070697887577,1
tranco_benign_proxy,0,0.025241457381795087,0
phishtank,1,0.9235303696229935,1
phishtank,1,0.9875391253970803,1
tranco_benign_proxy,0,0.9261919304589653,1
phishtank,1,0.12493729894408341,0
tranco_benign_proxy,0,0.49701561515936066,0
tranco_benign_proxy,0,0.028784069449871864,0
phishtank,1,0.9856859862570271,1
phishtank,1,0.9662330706258787,1
tranco_benign_proxy,0,0.4215916491190029,0
phishtank,1,0.7344959983827413,0
tranco_benign_proxy,0,0.10020569382915492,0
tranco_benign_proxy,0,0.8482852572934821,1
phishtank,1,0.999860339538117,1
tranco_benign_proxy,0,0.03717035189106183,0
phishtank,1,0.8913430439815108,1
phishtank,1,0.7964870342624114,1
phishtank,1,0.9997409148199559,1
tranco_benign_proxy,0,0.7563789330518016,0
phishtank,1,0.98112148223613,1
tranco_benign_proxy,0,0.07442273065813727,0
phishtank,1,0.7570248613280445,0
tranco_benign_proxy,0,0.916347166478346,1
phishtank,1,0.9999530718978418,1
phishtank,1,0.04292945939998312,0
phishtank,1,0.9696842069479863,1
tranco_benign_proxy,0,0.1055364700672668,0
phishtank,1,0.9909575761852065,1
phishtank,1,0.9996732432939952,1
phishtank,1,0.3643483774807988,0
tranco_benign_proxy,0,0.2669927902695012,0
phishtank,1,0.9809991654839655,1
phishtank,1,0.9969890682222097,1
phishtank,1,0.9909922354399566,1
tranco_benign_proxy,0,0.10225149261321283,0
tranco_benign_proxy,0,0.09303942150211159,0
tranco_benign_proxy,0,0.7098966165328073,0
phishtank,1,0.9992425351268939,1
phishtank,1,0.9995994864054684,1
phishtank,1,0.27492224725889397,0
phishtank,1,0.9263238449599364,1
tranco_benign_proxy,0,0.046469743897822734,0
phishtank,1,0.44792393118467616,0
phishtank,1,0.9975345775948941,1
tranco_benign_proxy,0,0.11980059074982462,0
phishtank,1,0.7741277871490201,1
tranco_benign_proxy,0,0.3321472592591637,0
tranco_benign_proxy,0,0.3989314540237701,0
phishtank,1,0.9999975293982856,1
phishtank,1,0.9999347378386623,1
tranco_benign_proxy,0,0.7901878066914563,1
phishtank,1,0.9965308750177336,1
tranco_benign_proxy,0,0.3286844572859665,0
tranco_benign_proxy,0,0.36425162553452706,0
phishtank,1,0.3347336495851593,0
tranco_benign_proxy,0,0.8270025538744563,1
phishtank,1,0.9983244560555814,1
tranco_benign_proxy,0,0.20113834690304502,0
tranco_benign_proxy,0,0.336410064545028,0
phishtank,1,0.1935386619841504,0
phishtank,1,0.9954349188906729,1
tranco_benign_proxy,0,0.33943978869087266,0
tranco_benign_proxy,0,0.9475188478788257,1
phishtank,1,0.9508760964159849,1
phishtank,1,0.9962698327927296,1
phishtank,1,0.9999220691125731,1
tranco_benign_proxy,0,0.9029988608337053,1
tranco_benign_proxy,0,0.7457814809854908,0
phishtank,1,0.9898087561174965,1
tranco_benign_proxy,0,0.8733941040961136,1
phishtank,1,0.7170072048514472,0
tranco_benign_proxy,0,0.404043681546625,0
phishtank,1,0.9862711214373963,1
phishtank,1,0.9993836166155355,1
phishtank,1,0.22628275353728872,0
tranco_benign_proxy,0,0.06779656880880612,0
tranco_benign_proxy,0,0.20140014815295204,0
tranco_benign_proxy,0,0.12026272358024954,0
phishtank,1,0.9999812763874878,1
tranco_benign_proxy,0,0.2254595628650883,0
tranco_benign_proxy,0,0.22586790110541421,0
phishtank,1,0.9995960382874046,1
tranco_benign_proxy,0,0.0015168787939500688,0
phishtank,1,0.9999958209360544,1
phishtank,1,0.9533346045457826,1
phishtank,1,0.9740102940467048,1
tranco_benign_proxy,0,0.31630300881188145,0
phishtank,1,0.9972452364743395,1
tranco_benign_proxy,0,0.7092797224048998,0
phishtank,1,0.9964513056820273,1
tranco_benign_proxy,0,0.5826704991018223,0
tranco_benign_proxy,0,0.08227068017009069,0
tranco_benign_proxy,0,0.17783562726389346,0
tranco_benign_proxy,0,0.7530762078961488,0
tranco_benign_proxy,0,0.37608843300185224,0
tranco_benign_proxy,0,0.43077739837077317,0
tranco_benign_proxy,0,0.05205942827326668,0
tranco_benign_proxy,0,0.602381983807112,0
tranco_benign_proxy,0,0.9865267885256375,1
tranco_benign_proxy,0,0.5730991568524632,0
phishtank,1,0.9892745522350982,1
tranco_benign_proxy,0,0.08425907780433,0
phishtank,1,0.9981017562716008,1
tranco_benign_proxy,0,0.25617319485472173,0
phishtank,1,0.9935912724092766,1
tranco_benign_proxy,0,0.7556117053670803,0
tranco_benign_proxy,0,0.019506754402060143,0
tranco_benign_proxy,0,0.5812259141823208,0
phishtank,1,0.9993759630052195,1
phishtank,1,0.9836604460663425,1
phishtank,1,0.8287308511417819,1
tranco_benign_proxy,0,0.970504262640948,1
phishtank,1,0.9809274380514895,1
phishtank,1,0.9999688770733755,1
tranco_benign_proxy,0,0.026658559737258246,0
tranco_benign_proxy,0,0.01791570189529024,0
phishtank,1,0.9762831977063342,1
tranco_benign_proxy,0,0.09046384815171507,0
phishtank,1,0.9920368112451751,1
phishtank,1,0.9958969867399433,1
phishtank,1,0.9884186715837393,1
tranco_benign_proxy,0,0.550395531340405,0
phishtank,1,0.999044470662919,1
tranco_benign_proxy,0,0.9580247978694614,1
tranco_benign_proxy,0,0.7974429878689226,1
phishtank,1,0.9741851809583367,1
tranco_benign_proxy,0,0.8641490540750054,1
tranco_benign_proxy,0,0.27155814661500627,0
tranco_benign_proxy,0,0.601901810259567,0
tranco_benign_proxy,0,0.9940690494884552,1
tranco_benign_proxy,0,0.9589718794616748,1
phishtank,1,0.8656578927142768,1
tranco_benign_proxy,0,0.9649917403121705,1
tranco_benign_proxy,0,0.7540012618305459,0
phishtank,1,0.9780118418343924,1
tranco_benign_proxy,0,0.8379366847653158,1
phishtank,1,0.9988882196111141,1
phishtank,1,0.18946246917098042,0
tranco_benign_proxy,0,0.663085800262421,0
tranco_benign_proxy,0,0.6830088492257447,0
tranco_benign_proxy,0,0.516213578730803,0
phishtank,1,0.6018821456436914,0
phishtank,1,0.9906111870057412,1
tranco_benign_proxy,0,0.14388767808010336,0
tranco_benign_proxy,0,0.257436738706318,0
tranco_benign_proxy,0,0.8679463319896403,1
tranco_benign_proxy,0,0.7959315383886576,1
tranco_benign_proxy,0,0.501780825823559,0
phishtank,1,0.9771451951046939,1
phishtank,1,0.9981196772251499,1
phishtank,1,0.8496565876993852,1
tranco_benign_proxy,0,0.5148981792229398,0
tranco_benign_proxy,0,0.003727658030952208,0
phishtank,1,0.9629455486524348,1
tranco_benign_proxy,0,0.2180882892320028,0
tranco_benign_proxy,0,0.21191035006997666,0
tranco_benign_proxy,0,0.9108757023845088,1
phishtank,1,0.8178070755788487,1
phishtank,1,0.8281391876759997,1
phishtank,1,0.9878815377932098,1
tranco_benign_proxy,0,0.5418274501279929,0
phishtank,1,0.9989255505539706,1
tranco_benign_proxy,0,0.04573677964480583,0
tranco_benign_proxy,0,0.04460075804832455,0
phishtank,1,0.995268942090035,1
tranco_benign_proxy,0,0.8822031576903298,1
tranco_benign_proxy,0,0.7199417505417419,0
phishtank,1,0.9996819430521228,1
phishtank,1,0.9989207514208553,1
tranco_benign_proxy,0,0.8478557717787086,1
tranco_benign_proxy,0,0.01976452132335369,0
tranco_benign_proxy,0,0.21922090459953175,0
phishtank,1,0.9994980199035362,1
tranco_benign_proxy,0,0.10226981401081454,0
phishtank,1,0.9860055391115969,1
tranco_benign_proxy,0,0.2782366996920742,0
tranco_benign_proxy,0,0.7709922902261711,1
tranco_benign_proxy,0,0.09443856940280927,0
tranco_benign_proxy,0,0.2269476317323008,0
tranco_benign_proxy,0,0.3724083076796494,0
tranco_benign_proxy,0,0.7484735731105614,0
phishtank,1,0.7857665670981666,1
phishtank,1,0.8430561856428885,1
phishtank,1,0.9717895390223198,1
phishtank,1,0.7131604778205247,0
phishtank,1,0.9995708054582879,1
phishtank,1,0.9999615456788707,1
phishtank,1,0.9928763381774237,1
phishtank,1,0.8291237013269631,1
tranco_benign_proxy,0,0.5007562773032379,0
phishtank,1,0.9976850869366984,1
tranco_benign_proxy,0,0.7632108915895519,0
tranco_benign_proxy,0,0.6167549874553171,0
tranco_benign_proxy,0,0.4686785146684186,0
tranco_benign_proxy,0,0.07805956276756028,0
phishtank,1,0.9776119588345691,1
tranco_benign_proxy,0,0.18761594326392647,0
tranco_benign_proxy,0,0.3692438811126151,0
tranco_benign_proxy,0,0.7965821074072101,1
phishtank,1,0.9999850879406416,1
phishtank,1,0.9967219234533752,1
tranco_benign_proxy,0,0.7943620210897951,1
tranco_benign_proxy,0,0.2736559538738197,0
tranco_benign_proxy,0,0.7480849868081755,0
phishtank,1,0.993944633257884,1
tranco_benign_proxy,0,0.04071864921859391,0
phishtank,1,0.996640745429997,1
phishtank,1,0.9973250406046603,1
tranco_benign_proxy,0,0.12850399353936226,0
tranco_benign_proxy,0,0.006575750694105461,0
phishtank,1,0.8664425372203746,1
phishtank,1,0.9974533278931902,1
phishtank,1,0.9813661977828584,1
phishtank,1,0.9371566378401255,1
tranco_benign_proxy,0,0.004671120383461847,0
tranco_benign_proxy,0,0.6541874485172411,0
tranco_benign_proxy,0,0.3252049167049769,0
tranco_benign_proxy,0,0.865726902692476,1
tranco_benign_proxy,0,0.9277647213053674,1
tranco_benign_proxy,0,0.056337433587090514,0
phishtank,1,0.9963711226073342,1
tranco_benign_proxy,0,0.03238537303543546,0
phishtank,1,0.520606430837289,0
phishtank,1,0.9883875183251526,1
tranco_benign_proxy,0,0.09729748074898496,0
tranco_benign_proxy,0,0.22669468864129902,0
phishtank,1,0.7729424860168603,1
phishtank,1,0.9987667806336341,1
tranco_benign_proxy,0,0.3959895167743469,0
phishtank,1,0.9975419231709223,1
tranco_benign_proxy,0,0.9795310650681983,1
tranco_benign_proxy,0,0.009390791938526452,0
tranco_benign_proxy,0,0.3203477445150794,0
tranco_benign_proxy,0,0.7109243768600272,0
phishtank,1,0.9992488175730248,1
phishtank,1,0.9048982092840261,1
phishtank,1,0.16566114993791883,0
tranco_benign_proxy,0,0.03183465820324481,0
tranco_benign_proxy,0,0.5623879368699993,0
phishtank,1,0.9955093194615243,1
tranco_benign_proxy,0,0.21092787441378322,0
phishtank,1,0.9996616446293081,1
tranco_benign_proxy,0,0.7398437253453054,0
phishtank,1,0.8581511730422381,1
phishtank,1,0.9859802338041248,1
tranco_benign_proxy,0,0.01928903756557343,0
phishtank,1,0.9578628504798944,1
phishtank,1,0.9998398985302097,1
phishtank,1,0.9994594585189914,1
phishtank,1,0.13908712995416178,0
tranco_benign_proxy,0,0.5099526243946412,0
tranco_benign_proxy,0,0.7038893567879971,0
phishtank,1,0.9767530347105488,1
tranco_benign_proxy,0,0.0015639951448721842,0
tranco_benign_proxy,0,0.15867062736336152,0
phishtank,1,0.9999568456121004,1
tranco_benign_proxy,0,0.051447816444964656,0
tranco_benign_proxy,0,0.0841223184857624,0
tranco_benign_proxy,0,0.5685971028483586,0
tranco_benign_proxy,0,0.6417306868320527,0
tranco_benign_proxy,0,0.4768356277985027,0
tranco_benign_proxy,0,0.26683973077330275,0
phishtank,1,0.997817796062129,1
phishtank,1,0.9996069100972248,1
tranco_benign_proxy,0,0.2997497477908284,0
phishtank,1,0.9949493671633358,1
phishtank,1,0.9552561839041372,1
tranco_benign_proxy,0,0.16387212829857228,0
phishtank,1,0.7779054055121517,1
phishtank,1,0.9998201233502024,1
phishtank,1,0.9726666089593154,1
phishtank,1,0.9991235254767521,1
tranco_benign_proxy,0,0.05623845290538328,0
tranco_benign_proxy,0,0.21846183439758524,0
tranco_benign_proxy,0,0.11785877662455295,0
phishtank,1,0.9882441652881396,1
tranco_benign_proxy,0,0.25843739811627153,0
tranco_benign_proxy,0,0.7635778437561136,0
phishtank,1,0.9384050270055845,1
tranco_benign_proxy,0,0.42605175764205655,0
tranco_benign_proxy,0,0.46613287765250516,0
tranco_benign_proxy,0,0.34720302130476544,0
tranco_benign_proxy,0,0.07829295920566945,0
phishtank,1,0.9619829188626887,1
phishtank,1,0.9996476549361745,1
phishtank,1,0.9635628183372109,1
tranco_benign_proxy,0,0.028449655077578954,0
phishtank,1,0.9960754241806256,1
tranco_benign_proxy,0,0.9850929096642204,1
phishtank,1,0.0413305777324542,0
phishtank,1,0.975101493097614,1
phishtank,1,0.9944923702744004,1
tranco_benign_proxy,0,0.2093747209590015,0
tranco_benign_proxy,0,0.5958638604956429,0
tranco_benign_proxy,0,0.9252048634285487,1
phishtank,1,0.9662906851603053,1
tranco_benign_proxy,0,0.32264598347117135,0
phishtank,1,0.9986546876210073,1
phishtank,1,0.7733426247810758,1
tranco_benign_proxy,0,0.880059943843726,1
phishtank,1,0.9988686749613025,1
tranco_benign_proxy,0,0.05817543156593792,0
tranco_benign_proxy,0,0.44262105926195483,0
phishtank,1,0.9963440317295258,1
tranco_benign_proxy,0,0.14306720255536542,0
tranco_benign_proxy,0,0.43229106053409244,0
tranco_benign_proxy,0,0.2974203999084255,0
phishtank,1,0.9918699497365343,1
phishtank,1,0.9301300579906401,1
phishtank,1,0.9997069960438499,1
phishtank,1,0.615695603891223,0
phishtank,1,0.9986452848207432,1
tranco_benign_proxy,0,0.5982372027356063,0
phishtank,1,0.9996940503900483,1
tranco_benign_proxy,0,0.6318351171631191,0
tranco_benign_proxy,0,0.2866863484746324,0
phishtank,1,0.9998699536181068,1
tranco_benign_proxy,0,0.002947677400380409,0
phishtank,1,0.9124960126379876,1
phishtank,1,0.9197749749200059,1
phishtank,1,0.9165369886103798,1
phishtank,1,0.9996475933386592,1
tranco_benign_proxy,0,0.03483119587067956,0
tranco_benign_proxy,0,0.31321604222583355,0
tranco_benign_proxy,0,0.053550349110952813,0
phishtank,1,0.9172577051420612,1
tranco_benign_proxy,0,0.029156127579814572,0
tranco_benign_proxy,0,0.12402666911079999,0
phishtank,1,0.9991222881336933,1
phishtank,1,0.7631538321922356,0
phishtank,1,0.9558290020923659,1
phishtank,1,0.91812793860367,1
phishtank,1,0.9968435060742621,1
tranco_benign_proxy,0,0.46291945220167485,0
tranco_benign_proxy,0,0.2718162491185351,0
tranco_benign_proxy,0,0.2840285469362411,0
phishtank,1,0.9994087108624546,1
phishtank,1,0.9995727570194681,1
tranco_benign_proxy,0,0.6441916801264131,0
tranco_benign_proxy,0,0.7927315580289037,1
tranco_benign_proxy,0,0.02995476255874753,0
tranco_benign_proxy,0,0.08250632285121376,0
phishtank,1,0.9202051712541616,1
tranco_benign_proxy,0,0.09490478611212114,0
phishtank,1,0.9972175996055662,1
phishtank,1,0.2919668705976319,0
tranco_benign_proxy,0,0.6673218018871054,0
phishtank,1,0.189552798925031,0
tranco_benign_proxy,0,0.9865206781508565,1
tranco_benign_proxy,0,0.012698135734736228,0
tranco_benign_proxy,0,0.8482958645136834,1
phishtank,1,0.9948454955905333,1
phishtank,1,0.9108700979221089,1
tranco_benign_proxy,0,0.13119959780063173,0
tranco_benign_proxy,0,0.08579181081309507,0
phishtank,1,0.9996206532073952,1
phishtank,1,0.9999966144044826,1
tranco_benign_proxy,0,0.7116699790200685,0
phishtank,1,0.9990772387344053,1
tranco_benign_proxy,0,0.08839069731359177,0
phishtank,1,0.3018806621312445,0
tranco_benign_proxy,0,0.18181050025981677,0
tranco_benign_proxy,0,0.09185214556859089,0
phishtank,1,0.9963766667552573,1
tranco_benign_proxy,0,0.5291125101609544,0
phishtank,1,0.9907047248525817,1
phishtank,1,0.9982777344236743,1
phishtank,1,0.7106886216053475,0
tranco_benign_proxy,0,0.23797188550322454,0
phishtank,1,0.9998482990636937,1
phishtank,1,0.9981410426635282,1
phishtank,1,0.9979272229792542,1
tranco_benign_proxy,0,0.2649409310718728,0
tranco_benign_proxy,0,0.6228204783034678,0
phishtank,1,0.500474272674035,0
phishtank,1,0.9875649427717533,1
phishtank,1,0.9832390935413805,1
phishtank,1,0.9968189677796019,1
phishtank,1,0.99900235540491,1
phishtank,1,0.9998974359483573,1
tranco_benign_proxy,0,0.5159072650658918,0
phishtank,1,0.9717782378322569,1
tranco_benign_proxy,0,0.09953923321617657,0
phishtank,1,0.9493964676962051,1
tranco_benign_proxy,0,0.0023245085567575262,0
phishtank,1,0.9816523679078958,1
tranco_benign_proxy,0,0.07792055079305082,0
tranco_benign_proxy,0,0.9690536433594985,1
tranco_benign_proxy,0,0.5271494725515206,0
phishtank,1,0.923175352217238,1
phishtank,1,0.9891620178302294,1
tranco_benign_proxy,0,0.41848442099930894,0
phishtank,1,0.9850341055178813,1
tranco_benign_proxy,0,0.287107766341128,0
tranco_benign_proxy,0,0.7537083597730527,0
tranco_benign_proxy,0,0.7068676945801443,0
tranco_benign_proxy,0,0.22403763074452118,0
tranco_benign_proxy,0,0.1325165892062175,0
phishtank,1,0.9885956290168663,1
tranco_benign_proxy,0,0.5805936756028687,0
tranco_benign_proxy,0,0.29228764663720597,0
phishtank,1,0.999997075035027,1
tranco_benign_proxy,0,0.20151790994048926,0
phishtank,1,0.9530042724068459,1
phishtank,1,0.999825090526525,1
phishtank,1,0.6686731991603022,0
tranco_benign_proxy,0,0.7566907435198337,0
tranco_benign_proxy,0,0.026879225470677965,0
tranco_benign_proxy,0,0.9086169590704769,1
tranco_benign_proxy,0,0.11621031500488001,0
phishtank,1,0.9994329319262699,1
tranco_benign_proxy,0,0.14022836641935235,0
phishtank,1,0.9748572808009938,1
phishtank,1,0.9709387719125391,1
tranco_benign_proxy,0,0.14905795049870896,0
tranco_benign_proxy,0,0.24997059687321885,0
phishtank,1,0.9987145215643691,1
phishtank,1,0.3576748432913354,0
phishtank,1,0.8988729624888095,1
tranco_benign_proxy,0,0.49025237070502087,0
tranco_benign_proxy,0,0.0916847248120869,0
phishtank,1,0.9818034647079427,1
tranco_benign_proxy,0,0.3224307417524075,0
phishtank,1,0.976969939484231,1
tranco_benign_proxy,0,0.4619950247272476,0
tranco_benign_proxy,0,0.18953161660980525,0
phishtank,1,0.9886647779303945,1
tranco_benign_proxy,0,0.6873435202788452,0
tranco_benign_proxy,0,0.8684590101863152,1
tranco_benign_proxy,0,0.0026201878210320353,0
tranco_benign_proxy,0,0.5577618321530661,0
tranco_benign_proxy,0,0.6694224525092403,0
tranco_benign_proxy,0,0.05236524504672533,0
tranco_benign_proxy,0,0.06717569377169577,0
tranco_benign_proxy,0,0.6886013715287059,0
phishtank,1,0.9992640632278305,1
phishtank,1,0.9858551075112163,1
phishtank,1,0.42985176844563283,0
tranco_benign_proxy,0,0.5906135332827009,0
phishtank,1,0.9937790606689711,1
phishtank,1,0.9968676895187437,1
phishtank,1,0.944167213660852,1
tranco_benign_proxy,0,0.3591263890832907,0
tranco_benign_proxy,0,0.045277929783778176,0
phishtank,1,0.912001561926561,1
phishtank,1,0.8867795243102528,1
phishtank,1,0.7546200248714406,0
phishtank,1,0.9907383544520542,1
tranco_benign_proxy,0,0.4428332585278737,0
phishtank,1,0.9470883821352643,1
tranco_benign_proxy,0,0.07093862649627355,0
phishtank,1,0.7108215776421533,0
tranco_benign_proxy,0,0.16205546547977523,0
tranco_benign_proxy,0,0.3684270344398692,0
phishtank,1,0.47048759303247106,0
tranco_benign_proxy,0,0.32688430483860925,0
phishtank,1,0.11978582959308177,0
tranco_benign_proxy,0,0.07119539882389253,0
tranco_benign_proxy,0,0.04765690506822985,0
tranco_benign_proxy,0,0.45812156080606864,0
phishtank,1,0.9999876143686415,1
phishtank,1,0.8850215639782786,1
tranco_benign_proxy,0,0.9921513874999522,1
tranco_benign_proxy,0,0.26526631539017875,0
phishtank,1,0.2798246771346789,0
tranco_benign_proxy,0,0.26468457249331623,0
tranco_benign_proxy,0,0.18566662608373014,0
phishtank,1,0.9857262111450225,1
tranco_benign_proxy,0,0.032695662492683665,0
phishtank,1,0.9989862307203555,1
tranco_benign_proxy,0,0.2702898946223986,0
tranco_benign_proxy,0,0.48687923169351993,0
tranco_benign_proxy,0,0.4737848162349474,0
tranco_benign_proxy,0,0.10768823466357458,0
tranco_benign_proxy,0,0.15881875397101708,0
phishtank,1,0.9998646225953441,1
phishtank,1,0.9887677842853342,1
phishtank,1,0.9990472451520479,1
tranco_benign_proxy,0,0.6100452137923082,0
tranco_benign_proxy,0,0.11326663678439904,0
tranco_benign_proxy,0,0.043663961374784406,0
phishtank,1,0.9993761190853223,1
tranco_benign_proxy,0,0.21070883577439123,0
tranco_benign_proxy,0,0.19798237505788774,0
tranco_benign_proxy,0,0.7125271291797626,0
tranco_benign_proxy,0,0.1444293834324873,0
phishtank,1,0.9997840674632069,1
phishtank,1,0.996087048879088,1
phishtank,1,0.9896380635294467,1
phishtank,1,0.9992733802046194,1
tranco_benign_proxy,0,0.2428675135180053,0
phishtank,1,0.9865276183144197,1
tranco_benign_proxy,0,0.6750859296505043,0
phishtank,1,0.1979677147727193,0
tranco_benign_proxy,0,0.3115308600398525,0
phishtank,1,0.9920284881573824,1
phishtank,1,0.5713422033446095,0
phishtank,1,0.6923894397739078,0
tranco_benign_proxy,0,0.13334806091178525,0
phishtank,1,0.8105845538026922,1
tranco_benign_proxy,0,0.964648304619925,1
phishtank,1,0.8613121131716919,1
tranco_benign_proxy,0,0.031400059982271813,0
phishtank,1,0.9721661506638224,1
tranco_benign_proxy,0,0.06626098662878477,0
tranco_benign_proxy,0,0.137104895885064,0
tranco_benign_proxy,0,0.016354926157447516,0
phishtank,1,0.2153126976571057,0
tranco_benign_proxy,0,0.10999417730052452,0
phishtank,1,0.9049494264386634,1
phishtank,1,0.9896067619071173,1
tranco_benign_proxy,0,0.3951741092436856,0
phishtank,1,0.987606861219098,1
phishtank,1,0.28148660614048393,0
phishtank,1,0.7987486974767573,1
phishtank,1,0.8144716628625255,1
tranco_benign_proxy,0,0.6847130780111753,0
tranco_benign_proxy,0,0.11622941591771573,0
tranco_benign_proxy,0,0.07189943498314305,0
phishtank,1,0.9474146476187298,1
phishtank,1,0.9993908158069882,1
tranco_benign_proxy,0,0.9911051387801801,1
phishtank,1,0.9999781186618,1
phishtank,1,0.9732017435133483,1
phishtank,1,0.7495993853052031,0
tranco_benign_proxy,0,0.09232651057762056,0
tranco_benign_proxy,0,0.2798505298851037,0
phishtank,1,0.9579762414840005,1
tranco_benign_proxy,0,0.8939108385088136,1
tranco_benign_proxy,0,0.00204379787298267,0
tranco_benign_proxy,0,0.3349953306483372,0
tranco_benign_proxy,0,0.005762466487278323,0
phishtank,1,0.9970480481684996,1
tranco_benign_proxy,0,0.4138884594796861,0
tranco_benign_proxy,0,0.09996508366824763,0
phishtank,1,0.9996394168330464,1
tranco_benign_proxy,0,0.249470172519881,0
phishtank,1,0.9999430274457689,1
tranco_benign_proxy,0,0.5664424317894714,0
tranco_benign_proxy,0,0.6922949109030208,0
tranco_benign_proxy,0,0.3538583792982135,0
phishtank,1,0.9845479739133767,1
tranco_benign_proxy,0,0.7359836171570203,0
tranco_benign_proxy,0,0.10029658688432459,0
tranco_benign_proxy,0,0.5309884886863977,0
tranco_benign_proxy,0,0.8443705749546305,1
tranco_benign_proxy,0,0.1934448452742562,0
phishtank,1,0.9676189668120616,1
tranco_benign_proxy,0,0.9732180663698562,1
tranco_benign_proxy,0,0.2303868620908365,0
phishtank,1,0.9388837887573503,1
phishtank,1,0.974553324314787,1
tranco_benign_proxy,0,0.20519224260542018,0
phishtank,1,0.9966860330820189,1
phishtank,1,0.9998771238844691,1
tranco_benign_proxy,0,0.11656542764413286,0
tranco_benign_proxy,0,0.3161697104531914,0
tranco_benign_proxy,0,0.09601291522104231,0
tranco_benign_proxy,0,0.3156230395450856,0
tranco_benign_proxy,0,0.2842595165787014,0
tranco_benign_proxy,0,0.7813427970404256,1
phishtank,1,0.9928584081446087,1
phishtank,1,0.9995459596102069,1
phishtank,1,0.9949315597725393,1
tranco_benign_proxy,0,0.05116402580136985,0
tranco_benign_proxy,0,0.08569749650939835,0
phishtank,1,0.9885298815513643,1
tranco_benign_proxy,0,0.3434270754868415,0
phishtank,1,0.9845436582317962,1
phishtank,1,0.9993865296213047,1
tranco_benign_proxy,0,0.06954077914203907,0
phishtank,1,0.9984043192693242,1
phishtank,1,0.9972370502709644,1
phishtank,1,0.997834342791585,1
phishtank,1,0.9843078101719849,1
tranco_benign_proxy,0,0.2568885384535174,0
tranco_benign_proxy,0,0.03670970057218804,0
tranco_benign_proxy,0,0.8734536406333379,1
tranco_benign_proxy,0,0.25536076913123934,0
phishtank,1,0.8749711578790431,1
phishtank,1,0.9960252387592267,1
phishtank,1,0.9578662178220029,1
phishtank,1,0.9920047558567012,1
tranco_benign_proxy,0,0.04583321008285288,0
tranco_benign_proxy,0,0.7701292692727241,1
tranco_benign_proxy,0,0.011970421254399984,0
tranco_benign_proxy,0,0.3365963224351598,0
tranco_benign_proxy,0,0.7116228748496672,0
tranco_benign_proxy,0,0.4078074039161527,0
phishtank,1,0.8047667441272244,1
phishtank,1,0.9999875680110518,1
tranco_benign_proxy,0,0.9818155948807854,1
tranco_benign_proxy,0,0.7891274889461942,1
phishtank,1,0.9639860695488083,1
tranco_benign_proxy,0,0.9656585517788476,1
phishtank,1,0.9992222351126533,1
tranco_benign_proxy,0,0.10888262882348128,0
tranco_benign_proxy,0,0.8916866684431433,1
phishtank,1,0.9966455167939736,1
tranco_benign_proxy,0,0.5165118330904861,0
phishtank,1,0.9997423535780595,1
tranco_benign_proxy,0,0.25000891504337663,0
phishtank,1,0.9998131578047088,1
tranco_benign_proxy,0,0.08178506999470868,0
tranco_benign_proxy,0,0.7947896465064478,1
phishtank,1,0.9936315887116199,1
tranco_benign_proxy,0,0.18212377116846654,0
tranco_benign_proxy,0,0.09597443087254298,0
tranco_benign_proxy,0,0.3166589332907138,0
phishtank,1,0.9949571861930046,1
phishtank,1,0.9991936182561674,1
tranco_benign_proxy,0,0.12235193533105412,0
tranco_benign_proxy,0,0.5893985472781336,0
phishtank,1,0.9990075819830637,1
phishtank,1,0.9845878464672831,1
tranco_benign_proxy,0,0.7078340905157203,0
tranco_benign_proxy,0,0.1054650645505782,0
tranco_benign_proxy,0,0.7619751496566857,0
phishtank,1,0.3404310075884574,0
phishtank,1,0.9963065884059942,1
tranco_benign_proxy,0,0.24413382732967556,0
tranco_benign_proxy,0,0.1309385805577254,0
tranco_benign_proxy,0,0.06147742682220227,0
tranco_benign_proxy,0,0.13001653617502873,0
phishtank,1,0.9998391991367818,1
tranco_benign_proxy,0,0.4788382923611114,0
tranco_benign_proxy,0,0.28959889830665153,0
phishtank,1,0.9984299427103376,1
tranco_benign_proxy,0,0.07089315890335234,0
phishtank,1,0.9985676949002106,1
tranco_benign_proxy,0,0.22291684615049018,0
phishtank,1,0.44944804971281477,0
tranco_benign_proxy,0,0.66535621484759,0
tranco_benign_proxy,0,0.0014221762812821296,0
phishtank,1,0.9902353385885119,1
tranco_benign_proxy,0,0.4499823074314494,0
tranco_benign_proxy,0,0.08019687134627251,0
tranco_benign_proxy,0,0.24044303029051026,0
tranco_benign_proxy,0,0.01532514131195055,0
phishtank,1,0.9901426034521218,1
phishtank,1,0.9994009474273875,1
phishtank,1,0.9874472442294774,1
tranco_benign_proxy,0,0.2956125803229845,0
tranco_benign_proxy,0,0.30487210809855814,0
tranco_benign_proxy,0,0.43937129225907146,0
phishtank,1,0.4379111488286611,0
tranco_benign_proxy,0,0.45170808805454,0
tranco_benign_proxy,0,0.5452706433523359,0
tranco_benign_proxy,0,0.1649548667237818,0
tranco_benign_proxy,0,0.2464962638263178,0
phishtank,1,0.9846834965084968,1
phishtank,1,0.9816430508203717,1
phishtank,1,0.9985787917988412,1
phishtank,1,0.9475390336867869,1
tranco_benign_proxy,0,0.907547146583792,1
phishtank,1,0.5245680526361923,0
phishtank,1,0.9994646660613034,1
phishtank,1,0.9890932611649412,1
phishtank,1,0.951491957728162,1
phishtank,1,0.9872971259667069,1
phishtank,1,0.9981408673477311,1
tranco_benign_proxy,0,0.03913163983011939,0
phishtank,1,0.9883179106663585,1
phishtank,1,0.9990207536538891,1
phishtank,1,0.9997338526869638,1
tranco_benign_proxy,0,0.057252333451442414,0
tranco_benign_proxy,0,0.5353512957470259,0
phishtank,1,0.5830664186471775,0
phishtank,1,0.9695947817079577,1
phishtank,1,0.9987714390772464,1
tranco_benign_proxy,0,0.06809582715086893,0
tranco_benign_proxy,0,0.0006476700611206362,0
tranco_benign_proxy,0,0.37848519855547297,0
phishtank,1,0.6626455244331964,0
phishtank,1,0.9062323003204301,1
tranco_benign_proxy,0,0.8079226954816691,1
tranco_benign_proxy,0,0.26248735057803635,0
phishtank,1,0.9871583065265237,1
phishtank,1,0.9989470756871818,1
tranco_benign_proxy,0,0.23898675726253982,0
phishtank,1,0.9997482871980856,1
phishtank,1,0.07971514672439578,0
tranco_benign_proxy,0,0.02218144656997289,0
phishtank,1,0.9999102226772366,1
phishtank,1,0.9932587714871095,1
tranco_benign_proxy,0,0.8437113628175286,1
phishtank,1,0.9972910203088926,1
phishtank,1,0.9981520061386657,1
phishtank,1,0.5313684327511091,0
tranco_benign_proxy,0,0.7998600832217518,1
tranco_benign_proxy,0,0.9979309101862602,1
tranco_benign_proxy,0,0.25634611330563145,0
phishtank,1,0.9998606316777912,1
tranco_benign_proxy,0,0.9851471973351101,1
tranco_benign_proxy,0,0.3426695143737018,0
phishtank,1,0.9999889556584487,1
phishtank,1,0.9987336076699408,1
phishtank,1,0.9975449817037928,1
tranco_benign_proxy,0,0.3938063639979015,0
phishtank,1,0.9862269290584079,1
tranco_benign_proxy,0,0.4500158459714638,0
phishtank,1,0.9987364566005023,1
phishtank,1,0.8567216241882215,1
phishtank,1,0.33555003585880816,0
tranco_benign_proxy,0,0.1095189844996177,0
phishtank,1,0.9939689184134991,1
phishtank,1,0.9691541571707925,1
tranco_benign_proxy,0,0.646041672536771,0
phishtank,1,0.8137323336018553,1
phishtank,1,0.9792568231422144,1
tranco_benign_proxy,0,0.9832290583947254,1
tranco_benign_proxy,0,0.9957352183288692,1
phishtank,1,0.998467793967637,1
phishtank,1,0.9992397059618895,1
tranco_benign_proxy,0,0.3265485681625015,0
tranco_benign_proxy,0,0.32482998897718124,0
phishtank,1,0.9936005281598461,1
tranco_benign_proxy,0,0.03323159171880027,0
tranco_benign_proxy,0,0.05013177715398797,0
tranco_benign_proxy,0,0.8673503608571816,1
phishtank,1,0.9986317237129294,1
tranco_benign_proxy,0,0.1259543015200656,0
tranco_benign_proxy,0,0.9996482246490099,1
phishtank,1,0.9829685705511517,1
tranco_benign_proxy,0,0.802972059443639,1
phishtank,1,0.9976563829050361,1
phishtank,1,0.994517340771827,1
tranco_benign_proxy,0,0.3029591705251333,0
tranco_benign_proxy,0,0.007195796692251582,0
phishtank,1,0.9574198000640248,1
phishtank,1,0.9962371772840408,1
phishtank,1,0.4152129812734847,0
tranco_benign_proxy,0,0.1348369592557544,0
phishtank,1,0.9399734565133788,1
tranco_benign_proxy,0,0.614512327575154,0
tranco_benign_proxy,0,0.577814994930139,0
tranco_benign_proxy,0,0.4264564982724763,0
phishtank,1,0.9914125287744825,1
phishtank,1,0.9961400738910782,1
tranco_benign_proxy,0,0.9928621643203428,1
phishtank,1,0.9988713483806408,1
phishtank,1,0.9792443897084324,1
tranco_benign_proxy,0,0.001962595383022443,0
phishtank,1,0.9644628223284577,1
tranco_benign_proxy,0,0.1529483162409419,0
phishtank,1,0.9182710044727366,1
phishtank,1,0.9928524064943571,1
phishtank,1,0.2158520093046726,0
phishtank,1,0.4067444505968995,0
phishtank,1,0.955740112557297,1
tranco_benign_proxy,0,0.06994962918291407,0
phishtank,1,0.9995081220651388,1
phishtank,1,0.25427565848138517,0
tranco_benign_proxy,0,0.44823961501219134,0
phishtank,1,0.9954375584090562,1
phishtank,1,0.5725786130790056,0
tranco_benign_proxy,0,0.9716381480328452,1
phishtank,1,0.9986152831144524,1
phishtank,1,0.4986390802067933,0
phishtank,1,0.6227818493561375,0
tranco_benign_proxy,0,0.00863335006179013,0
phishtank,1,0.5351017812075707,0
phishtank,1,0.838040557045372,1
tranco_benign_proxy,0,0.7506206254019995,0
phishtank,1,0.9708559392653823,1
tranco_benign_proxy,0,0.6383835811623094,0
tranco_benign_proxy,0,0.6875920751669303,0
tranco_benign_proxy,0,0.1739656340461341,0
tranco_benign_proxy,0,0.9680421258283489,1
phishtank,1,0.9864573931118745,1
tranco_benign_proxy,0,0.1210429523709135,0
tranco_benign_proxy,0,0.0692570957739567,0
phishtank,1,0.9560849561822575,1
phishtank,1,0.9999289284991935,1
tranco_benign_proxy,0,0.08286930037532123,0
phishtank,1,0.23364469372657232,0
phishtank,1,0.9800546713863572,1
phishtank,1,0.9994610307436496,1
phishtank,1,0.8769494171679373,1
tranco_benign_proxy,0,0.551166460519216,0
phishtank,1,0.9995382418236229,1
phishtank,1,0.9922836351443121,1
phishtank,1,0.998510144582415,1
tranco_benign_proxy,0,0.9436202034086101,1
phishtank,1,0.9059352504941374,1
tranco_benign_proxy,0,0.001279570089063592,0
tranco_benign_proxy,0,0.5435057436581987,0
tranco_benign_proxy,0,0.14036234697920272,0
tranco_benign_proxy,0,0.5814550844718108,0
tranco_benign_proxy,0,0.38213301228630264,0
tranco_benign_proxy,0,0.6405053544673964,0
phishtank,1,0.9942824881073277,1
phishtank,1,0.9908727882088247,1
phishtank,1,0.9975580374520719,1
tranco_benign_proxy,0,0.9559586885013992,1
phishtank,1,0.748598992057088,0
tranco_benign_proxy,0,0.6025174546927996,0
phishtank,1,0.1664191622688087,0
tranco_benign_proxy,0,0.9849272015497199,1
phishtank,1,0.9396045399335323,1
phishtank,1,0.9961198311356457,1
phishtank,1,0.9981918270230149,1
tranco_benign_proxy,0,0.602835541797496,0
phishtank,1,0.9994420123420904,1
phishtank,1,0.9973669696915735,1
phishtank,1,0.9999405951739153,1
phishtank,1,0.2273999035411382,0
phishtank,1,0.9775698385303875,1
tranco_benign_proxy,0,0.48105157000848714,0
phishtank,1,0.9592277381802429,1
phishtank,1,0.9988422797254813,1
tranco_benign_proxy,0,0.17689122533837212,0
phishtank,1,0.9869708221233703,1
tranco_benign_proxy,0,0.2113146697688397,0
tranco_benign_proxy,0,0.974787216535171,1
tranco_benign_proxy,0,0.40441400822936013,0
phishtank,1,0.30912012619784685,0
phishtank,1,0.9991734162659962,1
phishtank,1,0.9844346635302982,1
phishtank,1,0.9847800734235563,1
tranco_benign_proxy,0,0.034956522260928685,0
tranco_benign_proxy,0,0.449212247989774,0
phishtank,1,0.4411609248187961,0
phishtank,1,0.9983933299724578,1
tranco_benign_proxy,0,0.05406299857655575,0
tranco_benign_proxy,0,0.1812756339123451,0
tranco_benign_proxy,0,0.05635855245539758,0
tranco_benign_proxy,0,0.06056815694422421,0
phishtank,1,0.9993769979763026,1
phishtank,1,0.990927800920572,1
tranco_benign_proxy,0,0.5856047029221736,0
tranco_benign_proxy,0,0.1675542131557962,0
phishtank,1,0.9999040753891326,1
phishtank,1,0.9926916428598181,1
phishtank,1,0.7346986483098843,0
phishtank,1,0.9895002127479461,1
phishtank,1,0.9972633051835672,1
tranco_benign_proxy,0,0.8258548107625304,1
phishtank,1,0.9889597970009015,1
phishtank,1,0.9428780653716367,1
tranco_benign_proxy,0,0.314766679066759,0
tranco_benign_proxy,0,0.08248328189300633,0
tranco_benign_proxy,0,0.027975566412386015,0
tranco_benign_proxy,0,0.9937331145559202,1
tranco_benign_proxy,0,0.8650507710754703,1
phishtank,1,0.9908382668957708,1
tranco_benign_proxy,0,0.4165642199826225,0
phishtank,1,0.9885582923087165,1
tranco_benign_proxy,0,0.2694920232415345,0
tranco_benign_proxy,0,0.25928519747469153,0
tranco_benign_proxy,0,0.20349932590218014,0
phishtank,1,0.8599399395181573,1
tranco_benign_proxy,0,0.15077966303379986,0
tranco_benign_proxy,0,0.41026909541196926,0
phishtank,1,0.9846213661218429,1
phishtank,1,0.9997700015864207,1
tranco_benign_proxy,0,0.1204566938897179,0
phishtank,1,0.556374354377047,0
phishtank,1,0.9999964272418571,1
phishtank,1,0.9986244105899429,1
phishtank,1,0.9127879758977459,1
tranco_benign_proxy,0,0.9771226457044516,1
phishtank,1,0.9978661293408566,1
tranco_benign_proxy,0,0.6623177722457079,0
phishtank,1,0.9760519909543972,1
tranco_benign_proxy,0,0.6321994507658685,0
tranco_benign_proxy,0,0.13858486305585685,0
tranco_benign_proxy,0,0.4087034954151852,0
tranco_benign_proxy,0,0.6686211369474412,0
phishtank,1,0.9929218606736089,1
phishtank,1,0.9971933513588762,1
phishtank,1,0.8160574549410521,1
tranco_benign_proxy,0,0.4226540912489466,0
tranco_benign_proxy,0,0.9118077129503687,1
phishtank,1,0.9890277671351883,1
phishtank,1,0.9966921652806677,1
phishtank,1,0.9888448531146747,1
tranco_benign_proxy,0,0.5197199263080776,0
tranco_benign_proxy,0,0.8231492182977517,1
tranco_benign_proxy,0,0.24832979017932594,0
phishtank,1,0.9542059776418244,1
tranco_benign_proxy,0,0.4053751420159782,0
tranco_benign_proxy,0,0.7439530745254499,0
tranco_benign_proxy,0,0.9920630308329254,1
phishtank,1,0.9790944806830335,1
phishtank,1,0.9546765767817795,1
tranco_benign_proxy,0,0.1973419021713153,0
tranco_benign_proxy,0,0.5863976440289508,0
phishtank,1,0.999169824720494,1
phishtank,1,0.9479026529244607,1
tranco_benign_proxy,0,0.03226669706330385,0
tranco_benign_proxy,0,0.1660593845927125,0
phishtank,1,0.9894624386881589,1
phishtank,1,0.6983354124116753,0
tranco_benign_proxy,0,0.9912658418112774,1
phishtank,1,0.999834453397422,1
tranco_benign_proxy,0,0.7949665848989218,1
phishtank,1,0.9995715530964567,1
tranco_benign_proxy,0,0.570794889994057,0
phishtank,1,0.3172847201160834,0
tranco_benign_proxy,0,0.012121633100357694,0
tranco_benign_proxy,0,0.9966225654125488,1
tranco_benign_proxy,0,0.015958955112043042,0
tranco_benign_proxy,0,0.06436139950695906,0
phishtank,1,0.9999883190515926,1
phishtank,1,0.9777382488405487,1
tranco_benign_proxy,0,0.15638850109541041,0
tranco_benign_proxy,0,0.17018697483574471,0
phishtank,1,0.2098546289946288,0
tranco_benign_proxy,0,0.2577740073721221,0
phishtank,1,0.8133011363567295,1
phishtank,1,0.9987506003647623,1
phishtank,1,0.9999605381808164,1
tranco_benign_proxy,0,0.34334510677731017,0
phishtank,1,0.903581727714602,1
phishtank,1,0.9956954750617608,1
tranco_benign_proxy,0,0.3961366861567886,0
tranco_benign_proxy,0,0.39636016413716435,0
phishtank,1,0.9970710008319666,1
tranco_benign_proxy,0,0.16459753707547953,0
tranco_benign_proxy,0,0.16198468897356386,0
phishtank,1,0.9996778003093628,1
phishtank,1,0.9992583276918992,1
phishtank,1,0.9427825329571314,1
tranco_benign_proxy,0,0.0954005074016218,0
phishtank,1,0.9330838908615829,1
tranco_benign_proxy,0,0.08695647205928088,0
phishtank,1,0.99994934746556,1
tranco_benign_proxy,0,0.40925792695162905,0
phishtank,1,0.999451848658508,1
tranco_benign_proxy,0,0.4606055617489651,0
tranco_benign_proxy,0,0.46745321315639743,0
tranco_benign_proxy,0,0.8101635228463249,1
phishtank,1,0.9995206488878748,1
phishtank,1,0.999008807087437,1
tranco_benign_proxy,0,0.08142479393991452,0
phishtank,1,0.977535135926187,1
phishtank,1,0.999682302239616,1
tranco_benign_proxy,0,0.6531976493560775,0
phishtank,1,0.9701443358673595,1
phishtank,1,0.9252544621170858,1
phishtank,1,0.9996428264465927,1
tranco_benign_proxy,0,0.6301540281777572,0
phishtank,1,0.9714622103035047,1
phishtank,1,0.9921234552765613,1
phishtank,1,0.9283679446938004,1
tranco_benign_proxy,0,0.18427011331193555,0
tranco_benign_proxy,0,0.9960094688887043,1
tranco_benign_proxy,0,0.05018800756174853,0
phishtank,1,0.9996350115791686,1
tranco_benign_proxy,0,0.1062499022613748,0
phishtank,1,0.7398335347525528,0
phishtank,1,0.9904443587104319,1
phishtank,1,0.9965789053420012,1
phishtank,1,0.42427665558696787,0
tranco_benign_proxy,0,0.3912028597135403,0
tranco_benign_proxy,0,0.6593272471996748,0
phishtank,1,0.9997525861059373,1
phishtank,1,0.9983933382689665,1
tranco_benign_proxy,0,0.18750392429694238,0
tranco_benign_proxy,0,0.08374983402204512,0
tranco_benign_proxy,0,0.7194086938361361,0
phishtank,1,0.9998183435839861,1
phishtank,1,0.9940594758763454,1
phishtank,1,0.9091707847898356,1
phishtank,1,0.9673097796554427,1
phishtank,1,0.9909334130579999,1
phishtank,1,0.9992958785653286,1
phishtank,1,0.838029808048256,1
tranco_benign_proxy,0,0.976384747695291,1
tranco_benign_proxy,0,0.46379936189569854,0
tranco_benign_proxy,0,0.573747814704669,0
phishtank,1,0.997349268516357,1
tranco_benign_proxy,0,0.18755720644393284,0
phishtank,1,0.9759482386128328,1
tranco_benign_proxy,0,0.012060356524761154,0
tranco_benign_proxy,0,0.18110125969431332,0
phishtank,1,0.9978999018386592,1
tranco_benign_proxy,0,0.09595115552327238,0
phishtank,1,0.9870793373968134,1
phishtank,1,0.9993117614153408,1
phishtank,1,0.46882496342434987,0
phishtank,1,0.9907151325499869,1
tranco_benign_proxy,0,0.9471616381599927,1
phishtank,1,0.6518993534958067,0
tranco_benign_proxy,0,0.46394671163658935,0
phishtank,1,0.9983276944663658,1
tranco_benign_proxy,0,0.6886050266374668,0
phishtank,1,0.9708866892663677,1
phishtank,1,0.9991097723539665,1
phishtank,1,0.9995285272861077,1
tranco_benign_proxy,0,0.03219663118544525,0
phishtank,1,0.9995755085630562,1
tranco_benign_proxy,0,0.17270054546914881,0
tranco_benign_proxy,0,0.026845773421462906,0
phishtank,1,0.9965625110176911,1
phishtank,1,0.11516656890712013,0
phishtank,1,0.9592594459741327,1
tranco_benign_proxy,0,0.046065871020039055,0
tranco_benign_proxy,0,0.8411575654272095,1
tranco_benign_proxy,0,0.0837236070453146,0
tranco_benign_proxy,0,0.43880071410771754,0
tranco_benign_proxy,0,0.9845277276545806,1
tranco_benign_proxy,0,0.14196619008557027,0
tranco_benign_proxy,0,0.3731286168506996,0
tranco_benign_proxy,0,0.4312106532495256,0
tranco_benign_proxy,0,0.5629347077940245,0
phishtank,1,0.9892016517030336,1
phishtank,1,0.9988877197181925,1
tranco_benign_proxy,0,0.44821314359179165,0
tranco_benign_proxy,0,0.2354582390854566,0
phishtank,1,0.6104865796513221,0
phishtank,1,0.999282814859852,1
tranco_benign_proxy,0,0.0026921859537284466,0
tranco_benign_proxy,0,0.9306189414285063,1
tranco_benign_proxy,0,0.28473748020232154,0
tranco_benign_proxy,0,0.6890623677994239,0
phishtank,1,0.9618157037051722,1
tranco_benign_proxy,0,0.5440073984073699,0
phishtank,1,0.6603330533884624,0
phishtank,1,0.99987081895974,1
tranco_benign_proxy,0,0.9875946155528115,1
tranco_benign_proxy,0,0.16601482858934216,0
tranco_benign_proxy,0,0.29693415051407007,0
tranco_benign_proxy,0,0.45519120222071396,0
phishtank,1,0.999937870014874,1
phishtank,1,0.9933217559772152,1
tranco_benign_proxy,0,0.555845272928735,0
tranco_benign_proxy,0,0.0031053367306282096,0
phishtank,1,0.9940814848067441,1
tranco_benign_proxy,0,0.5605804011639115,0
phishtank,1,0.9768363317981361,1
phishtank,1,0.7842718049493208,1
tranco_benign_proxy,0,0.7703306470825639,1
phishtank,1,0.9745630744584048,1
tranco_benign_proxy,0,0.2344452732358465,0
tranco_benign_proxy,0,0.9026224296121548,1
tranco_benign_proxy,0,0.29975147439059446,0
tranco_benign_proxy,0,0.8406663978435648,1
tranco_benign_proxy,0,0.9066621363790474,1
tranco_benign_proxy,0,0.6115124928495226,0
tranco_benign_proxy,0,0.04756430052624586,0
phishtank,1,0.874437892240347,1
phishtank,1,0.999489761147018,1
phishtank,1,0.9895289370395224,1
tranco_benign_proxy,0,0.29791171163446034,0
tranco_benign_proxy,0,0.3075916566587211,0
tranco_benign_proxy,0,0.032196058588479355,0
tranco_benign_proxy,0,0.5879068057897865,0
phishtank,1,0.9993667172117534,1
phishtank,1,0.7177989460643281,0
phishtank,1,0.9950022984046483,1
phishtank,1,0.8916690844980619,1
phishtank,1,0.9899155258102365,1
tranco_benign_proxy,0,0.27161709707391524,0
tranco_benign_proxy,0,0.7535494626033191,0
phishtank,1,0.9972295858166681,1
phishtank,1,0.9999689412098259,1
phishtank,1,0.998073823329902,1
tranco_benign_proxy,0,0.9632659016013562,1
tranco_benign_proxy,0,0.908612341204049,1
phishtank,1,0.9881852089310813,1
tranco_benign_proxy,0,0.4496436089509823,0
phishtank,1,0.9967454453938739,1
tranco_benign_proxy,0,0.9445464873051037,1
phishtank,1,0.9996369144771977,1
tranco_benign_proxy,0,0.7917619650552323,1
phishtank,1,0.6532616738583404,0
phishtank,1,0.9937974414729009,1
tranco_benign_proxy,0,0.010485636966007737,0
phishtank,1,0.99997102455246,1
tranco_benign_proxy,0,0.9906868931812228,1
tranco_benign_proxy,0,0.26817087493461617,0
phishtank,1,0.9939428303872437,1
phishtank,1,0.9947203740982938,1
phishtank,1,0.9954791342679504,1
tranco_benign_proxy,0,0.009878977588278983,0
phishtank,1,0.9862132881080632,1
phishtank,1,0.9995217068078549,1
phishtank,1,0.9988942508247012,1
tranco_benign_proxy,0,0.6345857136028576,0
phishtank,1,0.896532620378336,1
phishtank,1,0.9957211227927155,1
phishtank,1,0.9734822826054639,1
phishtank,1,0.9947994745239246,1
phishtank,1,0.9966025252358525,1
phishtank,1,0.9999153000436637,1
phishtank,1,0.7377923003013077,0
tranco_benign_proxy,0,0.9694052935049197,1
phishtank,1,0.8558114712289725,1
tranco_benign_proxy,0,0.23706810208553114,0
phishtank,1,0.9987781379671602,1
phishtank,1,0.9291156138103963,1
tranco_benign_proxy,0,0.3815860537954536,0
phishtank,1,0.7248016187165832,0
tranco_benign_proxy,0,0.2905138264699026,0
phishtank,1,0.997731601138001,1
phishtank,1,0.902696496960461,1
phishtank,1,0.9989036520884429,1
phishtank,1,0.9041789731667984,1
tranco_benign_proxy,0,0.9866538312475029,1
phishtank,1,0.9871297335511875,1
phishtank,1,0.9984488077240797,1
tranco_benign_proxy,0,0.051663467598058885,0
tranco_benign_proxy,0,0.603175516103467,0
tranco_benign_proxy,0,0.12063370431867529,0
tranco_benign_proxy,0,0.08649353581853442,0
phishtank,1,0.9906620089132789,1
tranco_benign_proxy,0,0.5434354623585885,0
phishtank,1,0.9943956370714573,1
phishtank,1,0.9996846903890806,1
phishtank,1,0.8128340396628124,1
phishtank,1,0.99985416241103,1
tranco_benign_proxy,0,0.01850946313254264,0
tranco_benign_proxy,0,0.5765224156990316,0
phishtank,1,0.8837517202568983,1
phishtank,1,0.98032235233083,1
phishtank,1,0.9894739564198922,1
tranco_benign_proxy,0,0.41627473597212067,0
phishtank,1,0.9993704896042835,1
phishtank,1,0.02623135395404118,0
phishtank,1,0.9996264885482801,1
phishtank,1,0.17250904205845677,0
phishtank,1,0.9741520529766445,1
phishtank,1,0.9999713693514355,1
phishtank,1,0.9478090149839652,1
phishtank,1,0.9998267017421198,1
tranco_benign_proxy,0,0.9614086973490927,1
phishtank,1,0.9937574950088471,1
phishtank,1,0.9987232832210952,1
phishtank,1,0.9853095725551309,1
phishtank,1,0.7848152174372964,1
tranco_benign_proxy,0,0.3207629863256541,0
tranco_benign_proxy,0,0.9255033160605095,1
phishtank,1,0.6707495177075194,0
tranco_benign_proxy,0,0.8137206523440126,1
phishtank,1,0.17690988003775315,0
tranco_benign_proxy,0,0.5973218198610157,0
tranco_benign_proxy,0,0.20953341005672693,0
tranco_benign_proxy,0,0.15650327388630939,0
phishtank,1,0.9919371643761132,1
tranco_benign_proxy,0,0.3178850835090184,0
phishtank,1,0.9919236446515257,1
tranco_benign_proxy,0,0.41225217915672396,0
tranco_benign_proxy,0,0.1489035853081194,0
phishtank,1,0.9886780159177725,1
phishtank,1,0.9979978891353563,1
phishtank,1,0.05473225184851409,0
tranco_benign_proxy,0,0.3717398943818333,0
phishtank,1,0.9953292790264372,1
tranco_benign_proxy,0,0.4917617216749421,0
tranco_benign_proxy,0,0.013541063027761594,0
tranco_benign_proxy,0,0.015417697240737861,0
phishtank,1,0.8788369943171751,1
phishtank,1,0.9839161453565237,1
phishtank,1,0.9566056306898266,1
phishtank,1,0.9990656954689728,1
phishtank,1,0.9555363745840635,1
tranco_benign_proxy,0,0.7403030639687903,0
phishtank,1,0.8598398145764253,1
tranco_benign_proxy,0,0.09014164128262156,0
tranco_benign_proxy,0,0.014760000325303965,0
tranco_benign_proxy,0,0.14627140020679438,0
phishtank,1,0.09324484068119442,0
phishtank,1,0.9609967975483635,1
phishtank,1,0.9973993099880128,1
phishtank,1,0.14482651971462637,0
phishtank,1,0.9999792011983647,1
phishtank,1,0.9992585332410865,1
phishtank,1,0.9973653310867688,1
tranco_benign_proxy,0,0.02472850779214185,0
tranco_benign_proxy,0,0.015111115974847837,0
tranco_benign_proxy,0,0.11962979762028117,0
phishtank,1,0.38646193689446773,0
tranco_benign_proxy,0,0.43448494325873765,0
phishtank,1,0.4370447900916961,0
phishtank,1,0.9945813802424665,1
phishtank,1,0.9801669230266584,1
phishtank,1,0.9951650169430654,1
phishtank,1,0.9933210520714914,1
tranco_benign_proxy,0,0.2647277672290188,0
phishtank,1,0.721759785423907,0
phishtank,1,0.812001055614989,1
phishtank,1,0.9562505634428443,1
phishtank,1,0.9989043987135642,1
tranco_benign_proxy,0,0.702530984264173,0
tranco_benign_proxy,0,0.5295046638753598,0
tranco_benign_proxy,0,0.986708684911715,1
tranco_benign_proxy,0,0.31209753992223577,0
tranco_benign_proxy,0,0.9622242199829079,1
tranco_benign_proxy,0,0.8275848321031247,1
tranco_benign_proxy,0,0.6113255367646158,0
tranco_benign_proxy,0,0.752120973940445,0
phishtank,1,0.9982356602117454,1
tranco_benign_proxy,0,0.015637723604435126,0
phishtank,1,0.15169444881946295,0
tranco_benign_proxy,0,0.11657880952746992,0
phishtank,1,0.8221370323615874,1
tranco_benign_proxy,0,0.2294513185450534,0
tranco_benign_proxy,0,0.4210509079453829,0
phishtank,1,0.24311874073357093,0
phishtank,1,0.9832255522099037,1
tranco_benign_proxy,0,0.24848022527435837,0
tranco_benign_proxy,0,0.2374710964675749,0
tranco_benign_proxy,0,0.2222746023642113,0
tranco_benign_proxy,0,0.21209753873386217,0
phishtank,1,0.27326951605334204,0
phishtank,1,0.9992812661198519,1
tranco_benign_proxy,0,0.025558083284825634,0
tranco_benign_proxy,0,0.034925493609668685,0
phishtank,1,0.9981297132287177,1
phishtank,1,0.9862670590329106,1
phishtank,1,0.24820662494706566,0
tranco_benign_proxy,0,0.08717419618140877,0
tranco_benign_proxy,0,0.4214810613371584,0
tranco_benign_proxy,0,0.33740239814475087,0
phishtank,1,0.7761912533582682,1
phishtank,1,0.9884248413114582,1
phishtank,1,0.9721930733958775,1
phishtank,1,0.969339610629266,1
tranco_benign_proxy,0,0.0732479353310149,0
tranco_benign_proxy,0,0.3473557357590841,0
tranco_benign_proxy,0,0.2210879495279209,0
phishtank,1,0.986449740972193,1
tranco_benign_proxy,0,0.4423752830726484,0
phishtank,1,0.9825620296125163,1
phishtank,1,0.9999873753020075,1
tranco_benign_proxy,0,0.1421713475855285,0
tranco_benign_proxy,0,0.9895214646594435,1
phishtank,1,0.9994537072610912,1
phishtank,1,0.9991582113220099,1
tranco_benign_proxy,0,0.6301679630814355,0
phishtank,1,0.6432801189523061,0
phishtank,1,0.7468840043270367,0
phishtank,1,0.9846532058412313,1
tranco_benign_proxy,0,0.07088091603877363,0
tranco_benign_proxy,0,0.7159076908079279,0
phishtank,1,0.9392032916820646,1
tranco_benign_proxy,0,0.1282003253433713,0
phishtank,1,0.9956022298190422,1
tranco_benign_proxy,0,0.1378701712065557,0
phishtank,1,0.9340521670261155,1
phishtank,1,0.9969402472515648,1
phishtank,1,0.9989516266310369,1
tranco_benign_proxy,0,0.24536999240291563,0
phishtank,1,0.9979603083548008,1
phishtank,1,0.9878131590443631,1
phishtank,1,0.9990323526573321,1
tranco_benign_proxy,0,0.8041507117181799,1
phishtank,1,0.9873249827615602,1
tranco_benign_proxy,0,0.5587275943953347,0
tranco_benign_proxy,0,0.8443080592288315,1
tranco_benign_proxy,0,0.7953489607392278,1
phishtank,1,0.9128470145864821,1
tranco_benign_proxy,0,0.1273945440380245,0
tranco_benign_proxy,0,0.1559241652216109,0
phishtank,1,0.4118496056412462,0
tranco_benign_proxy,0,0.9457913020008566,1
phishtank,1,0.9886766892212484,1
tranco_benign_proxy,0,0.11635798733050093,0
tranco_benign_proxy,0,0.4777665829278217,0
phishtank,1,0.9880126621791314,1
tranco_benign_proxy,0,0.9081182946807291,1
tranco_benign_proxy,0,0.5592390015472799,0
phishtank,1,0.9617900417709926,1
phishtank,1,0.9699095336028349,1
tranco_benign_proxy,0,0.37077236873257946,0
tranco_benign_proxy,0,0.3268891895391266,0
phishtank,1,0.0920594584234862,0
phishtank,1,0.9934452729459833,1
phishtank,1,0.9989215326035211,1
tranco_benign_proxy,0,0.5845977080011624,0
phishtank,1,0.9961981663457165,1
phishtank,1,0.824680169772216,1
phishtank,1,0.995646699065622,1
phishtank,1,0.9996067818440144,1
phishtank,1,0.6755836598683986,0
phishtank,1,0.9099211212720651,1
phishtank,1,0.9920093490331917,1
phishtank,1,0.9603532255109055,1
tranco_benign_proxy,0,0.07967154271569822,0
tranco_benign_proxy,0,0.3097582650430229,0
tranco_benign_proxy,0,0.8656925509550432,1
tranco_benign_proxy,0,0.564833650254263,0
phishtank,1,0.9659745247247346,1
phishtank,1,0.9999351877858309,1
phishtank,1,0.9920038482056065,1
tranco_benign_proxy,0,0.4486299775751756,0
tranco_benign_proxy,0,0.09078634614844551,0
phishtank,1,0.9979583850828467,1
tranco_benign_proxy,0,0.12063979820852824,0
tranco_benign_proxy,0,0.39352624007368686,0
tranco_benign_proxy,0,0.16625719734952393,0
phishtank,1,0.9292315569950262,1
tranco_benign_proxy,0,0.21963640131240628,0
phishtank,1,0.9995574046374951,1
tranco_benign_proxy,0,0.9643353301578831,1
tranco_benign_proxy,0,0.7101774194778956,0
phishtank,1,0.9713128032816605,1
tranco_benign_proxy,0,0.029110326241250352,0
phishtank,1,0.9830183948293189,1
tranco_benign_proxy,0,0.8732510716392934,1
phishtank,1,0.9971873418995181,1
tranco_benign_proxy,0,0.8731204288851631,1
phishtank,1,0.9944495148090862,1
phishtank,1,0.9961166048107715,1
tranco_benign_proxy,0,0.8609694028697028,1
phishtank,1,0.780783077759298,1
tranco_benign_proxy,0,0.028910335270153242,0
phishtank,1,0.9317832231641384,1
phishtank,1,0.9960076519617255,1
tranco_benign_proxy,0,0.9588092752060529,1
phishtank,1,0.8264136266449161,1
tranco_benign_proxy,0,0.07082001807252698,0
phishtank,1,0.9854025111485202,1
phishtank,1,0.9970563401281737,1
tranco_benign_proxy,0,0.6556438400657116,0
phishtank,1,0.9124842872132338,1
tranco_benign_proxy,0,0.08419076482567718,0
phishtank,1,0.9523281975906284,1
tranco_benign_proxy,0,0.02100652358399249,0
phishtank,1,0.9628523417419282,1
phishtank,1,0.6083809133211106,0
tranco_benign_proxy,0,0.39060143443093825,0
tranco_benign_proxy,0,0.030621645178042924,0
phishtank,1,0.9990175474668822,1
phishtank,1,0.7694995382263615,1
tranco_benign_proxy,0,0.9693503480588906,1
phishtank,1,0.9987814579913048,1
phishtank,1,0.2998507867772377,0
tranco_benign_proxy,0,0.729070044040732,0
phishtank,1,0.9860095102589789,1
tranco_benign_proxy,0,0.2493785204410247,0
phishtank,1,0.99472497213509,1
phishtank,1,0.9857992871120844,1
phishtank,1,0.9999592819425627,1
phishtank,1,0.9994199281524874,1
phishtank,1,0.8313534946536442,1
phishtank,1,0.9991025445273224,1
tranco_benign_proxy,0,0.15205595061185445,0
tranco_benign_proxy,0,0.6536169412747943,0
phishtank,1,0.9803411963137517,1
phishtank,1,0.9686549885089069,1
phishtank,1,0.9991289445258569,1
phishtank,1,0.9942193810369864,1
tranco_benign_proxy,0,0.7445517382761565,0
phishtank,1,0.9980156158984717,1
phishtank,1,0.2198149329276185,0
phishtank,1,0.8209199550103686,1
phishtank,1,0.9917202939218452,1
phishtank,1,0.9408349881898473,1
tranco_benign_proxy,0,0.20569397559945704,0
tranco_benign_proxy,0,0.04716971555501466,0
phishtank,1,0.998164632130266,1
phishtank,1,0.9973485394929938,1
tranco_benign_proxy,0,0.06626951229642951,0
tranco_benign_proxy,0,0.19812853416644363,0
tranco_benign_proxy,0,0.7983685541262666,1
phishtank,1,0.6171246553075788,0
tranco_benign_proxy,0,0.003851224775523506,0
phishtank,1,0.9140907512996809,1
phishtank,1,0.9559717307540917,1
tranco_benign_proxy,0,0.3760034277690517,0
tranco_benign_proxy,0,0.42841578719248397,0
phishtank,1,0.4674651487836203,0
phishtank,1,0.9983945714137353,1
phishtank,1,0.9954126590237117,1
phishtank,1,0.992670602183934,1
tranco_benign_proxy,0,0.07769289602999521,0
phishtank,1,0.9779198431579191,1
tranco_benign_proxy,0,0.5945854725960286,0
tranco_benign_proxy,0,0.6229991785075208,0
tranco_benign_proxy,0,0.32099518088219126,0
phishtank,1,0.1513110118500636,0
tranco_benign_proxy,0,0.406717407119904,0
phishtank,1,0.9413926122431514,1
phishtank,1,0.5773141998627386,0
phishtank,1,0.9982456853557401,1
phishtank,1,0.7047616549523126,0
phishtank,1,0.45959983047836095,0
phishtank,1,0.999952636889072,1
tranco_benign_proxy,0,0.9414678674963152,1
phishtank,1,0.7336687417703185,0
tranco_benign_proxy,0,0.07511118210139257,0
phishtank,1,0.9958343116264421,1
tranco_benign_proxy,0,0.646336205727977,0
tranco_benign_proxy,0,0.20206184391082338,0
phishtank,1,0.8644271620716119,1
phishtank,1,0.4839497859541669,0
phishtank,1,0.9638137876716788,1
phishtank,1,0.7180961794039739,0
tranco_benign_proxy,0,0.5565654043739129,0
phishtank,1,0.992938863652999,1
tranco_benign_proxy,0,0.3372236620331013,0
tranco_benign_proxy,0,0.99113092653614,1
phishtank,1,0.9929728879363674,1
tranco_benign_proxy,0,0.10480112328939732,0
phishtank,1,0.6523663845416022,0
tranco_benign_proxy,0,0.24657503770265993,0
tranco_benign_proxy,0,0.3017034366573049,0
tranco_benign_proxy,0,0.07142221205945762,0
tranco_benign_proxy,0,0.24966341478648912,0
phishtank,1,0.9958171357106808,1
tranco_benign_proxy,0,0.6940619300423922,0
phishtank,1,0.9572649339108644,1
phishtank,1,0.9833069859524834,1
tranco_benign_proxy,0,0.3090443261994661,0
phishtank,1,0.19165163943939098,0
phishtank,1,0.9999753972220149,1
phishtank,1,0.9888077051522441,1
tranco_benign_proxy,0,0.04638383879770714,0
phishtank,1,0.900983020154486,1
phishtank,1,0.038989349811675414,0
tranco_benign_proxy,0,0.3466546964532534,0
tranco_benign_proxy,0,0.9627725294837807,1
phishtank,1,0.9999203588140091,1
phishtank,1,0.9716439628142487,1
phishtank,1,0.999025141540177,1
tranco_benign_proxy,0,0.9726868918079671,1
phishtank,1,0.9853747417415175,1
tranco_benign_proxy,0,0.8894839231284585,1
phishtank,1,0.9999160851135328,1
phishtank,1,0.9999410269141528,1
phishtank,1,0.9842687577728606,1
phishtank,1,0.9903871742484486,1
tranco_benign_proxy,0,0.5325920087435705,0
tranco_benign_proxy,0,0.12728930126548335,0
phishtank,1,0.7661364440014511,0
phishtank,1,0.9606698297888456,1
tranco_benign_proxy,0,0.27214964560188376,0
tranco_benign_proxy,0,0.005105443185407623,0
phishtank,1,0.9939415038580501,1
phishtank,1,0.977285412311342,1
tranco_benign_proxy,0,0.1696442744571109,0
tranco_benign_proxy,0,0.23411960794793316,0
phishtank,1,0.2739528557301661,0
tranco_benign_proxy,0,0.4257122775344448,0
phishtank,1,0.9692813250765674,1
tranco_benign_proxy,0,0.03711999778723815,0
tranco_benign_proxy,0,0.7269417384939809,0
phishtank,1,0.9703335529587627,1
phishtank,1,0.9997730881352783,1
phishtank,1,0.9992855105998787,1
tranco_benign_proxy,0,0.30029280565947997,0
tranco_benign_proxy,0,0.9912655189135817,1
phishtank,1,0.9994362804165733,1
tranco_benign_proxy,0,0.022587619669059745,0
phishtank,1,0.7705465046502304,1
tranco_benign_proxy,0,0.09262623078073524,0
phishtank,1,0.9961310573773492,1
tranco_benign_proxy,0,0.7353726959617297,0
phishtank,1,0.7660402314385641,0
tranco_benign_proxy,0,0.19562625937645559,0
tranco_benign_proxy,0,0.17987179833906505,0
phishtank,1,0.9902607593656565,1
tranco_benign_proxy,0,0.5550173053836412,0
tranco_benign_proxy,0,0.13174642554907293,0
tranco_benign_proxy,0,0.2031807790460866,0
tranco_benign_proxy,0,0.02801050848350912,0
tranco_benign_proxy,0,0.10723481905572237,0
phishtank,1,0.5411877996567928,0
tranco_benign_proxy,0,0.030694515999253068,0
tranco_benign_proxy,0,0.14221836148524272,0
phishtank,1,0.9999494401396257,1
tranco_benign_proxy,0,0.2424516378566915,0
phishtank,1,0.21180668266775993,0
phishtank,1,0.9916636611357068,1
tranco_benign_proxy,0,0.7860629816042308,1
phishtank,1,0.998441020442451,1
tranco_benign_proxy,0,0.24199118532988498,0
phishtank,1,0.7435307913490892,0
phishtank,1,0.9987054979501914,1
tranco_benign_proxy,0,0.738320568597051,0
phishtank,1,0.9778696210027584,1
phishtank,1,0.9998640661745913,1
phishtank,1,0.99692585454543,1
tranco_benign_proxy,0,0.009803853612061644,0
tranco_benign_proxy,0,0.12264729063170743,0
tranco_benign_proxy,0,0.10477096995604224,0
tranco_benign_proxy,0,0.16813486034412636,0
phishtank,1,0.9945269486272248,1
phishtank,1,0.9234315153906087,1
phishtank,1,0.9872948068735989,1
phishtank,1,0.2604885603153647,0
phishtank,1,0.9986625047867487,1
tranco_benign_proxy,0,0.9006126121940238,1
tranco_benign_proxy,0,0.041272735114858294,0
tranco_benign_proxy,0,0.05487227517684298,0
tranco_benign_proxy,0,0.21024561529887306,0
phishtank,1,0.9998620378412388,1
phishtank,1,0.9995401054185657,1
phishtank,1,0.9975645124654585,1
tranco_benign_proxy,0,0.34586974004849624,0
tranco_benign_proxy,0,0.2813548635248459,0
tranco_benign_proxy,0,0.6973484086581546,0
phishtank,1,0.9993098082029943,1
tranco_benign_proxy,0,0.5642599114336377,0
tranco_benign_proxy,0,0.9831646064539639,1
tranco_benign_proxy,0,0.011397536777411161,0
phishtank,1,0.969614463135609,1
tranco_benign_proxy,0,0.012337150814878583,0
tranco_benign_proxy,0,0.7092358355530874,0
tranco_benign_proxy,0,0.5208082310580091,0
tranco_benign_proxy,0,0.6217786084966321,0
tranco_benign_proxy,0,0.9182986866692353,1
phishtank,1,0.9988474016987442,1
tranco_benign_proxy,0,0.44633254269014205,0
phishtank,1,0.7009833615028033,0
phishtank,1,0.98693871655223,1
phishtank,1,0.8391529299786227,1
tranco_benign_proxy,0,0.050849167499788475,0
tranco_benign_proxy,0,0.39614918341442823,0
phishtank,1,0.9996637655683365,1
tranco_benign_proxy,0,0.21496936337849054,0
tranco_benign_proxy,0,0.06856349049639024,0
phishtank,1,0.9909889538121834,1
tranco_benign_proxy,0,0.2924474126632035,0
tranco_benign_proxy,0,0.23734714537773188,0
tranco_benign_proxy,0,0.662146984761808,0
phishtank,1,0.9811757268098259,1
tranco_benign_proxy,0,0.6615129944864634,0
tranco_benign_proxy,0,0.9909615891419266,1
phishtank,1,0.8673249682061256,1
tranco_benign_proxy,0,0.021724062614234315,0
tranco_benign_proxy,0,0.27927615728897703,0
tranco_benign_proxy,0,0.011467590574049068,0
tranco_benign_proxy,0,0.24989404198273163,0
tranco_benign_proxy,0,0.4449768869046879,0
tranco_benign_proxy,0,0.12849142301233657,0
phishtank,1,0.9842678577891077,1
phishtank,1,0.9997045613930313,1
tranco_benign_proxy,0,0.36450837429560773,0
tranco_benign_proxy,0,0.8199769482266189,1
tranco_benign_proxy,0,0.08202113867087214,0
tranco_benign_proxy,0,0.2899462659200983,0
tranco_benign_proxy,0,0.6354005723788905,0
tranco_benign_proxy,0,0.19188620763962494,0
tranco_benign_proxy,0,0.7791373939908998,1
phishtank,1,0.9970735278544532,1
phishtank,1,0.9993187660008442,1
tranco_benign_proxy,0,0.1432153477491882,0
phishtank,1,0.9191437861405803,1
phishtank,1,0.9986182095924244,1
tranco_benign_proxy,0,0.9997013791093834,1
phishtank,1,0.820743776919122,1
tranco_benign_proxy,0,0.11202829728831383,0
phishtank,1,0.9976930317959906,1
tranco_benign_proxy,0,0.12739975840280923,0
phishtank,1,0.9902014013255577,1
tranco_benign_proxy,0,0.14519883256700478,0
tranco_benign_proxy,0,0.03965255905941926,0
phishtank,1,0.5353228141557289,0
tranco_benign_proxy,0,0.37731920440168765,0
phishtank,1,0.2967232135346038,0
phishtank,1,0.39043372973089524,0
tranco_benign_proxy,0,0.9894326133036069,1
phishtank,1,0.9986629172054589,1
tranco_benign_proxy,0,0.07179499338124479,0
tranco_benign_proxy,0,0.2726464468480636,0
tranco_benign_proxy,0,0.5453744121193635,0
phishtank,1,0.999245099118095,1
tranco_benign_proxy,0,0.17597978178473445,0
tranco_benign_proxy,0,0.9048452440726054,1
tranco_benign_proxy,0,0.903938316709964,1
tranco_benign_proxy,0,0.05340725946929415,0
phishtank,1,0.9992776820143456,1
tranco_benign_proxy,0,0.0780865115356895,0
tranco_benign_proxy,0,0.7611348943517181,0
phishtank,1,0.9954936590203479,1
phishtank,1,0.5491331214731391,0
tranco_benign_proxy,0,0.30784066763018186,0
phishtank,1,0.6416036090972945,0
phishtank,1,0.999215805225111,1
tranco_benign_proxy,0,0.8805620886794095,1
tranco_benign_proxy,0,0.9469033271899729,1
phishtank,1,0.8319164414577271,1
tranco_benign_proxy,0,0.7128932929005857,0
phishtank,1,0.9524109022160883,1
phishtank,1,0.9995846865651484,1
phishtank,1,0.9999741288028872,1
tranco_benign_proxy,0,0.40951041535334226,0
phishtank,1,0.9896791893031763,1
phishtank,1,0.9990112218863515,1
tranco_benign_proxy,0,0.7624832291586605,0
tranco_benign_proxy,0,0.0014916349821275856,0
tranco_benign_proxy,0,0.06747306853761803,0
phishtank,1,0.9886864176573733,1
phishtank,1,0.9999754707965068,1
phishtank,1,0.9452709684770246,1
phishtank,1,0.9976635706187683,1
phishtank,1,0.9828771674527667,1
phishtank,1,0.9880002734967771,1
tranco_benign_proxy,0,0.005951430947283152,0
tranco_benign_proxy,0,0.4334680231819085,0
phishtank,1,0.9960953710078057,1
tranco_benign_proxy,0,0.0959402213536908,0
tranco_benign_proxy,0,0.4363631548016162,0
phishtank,1,0.9777352307050662,1
tranco_benign_proxy,0,0.30983614741618765,0
tranco_benign_proxy,0,0.9407097560391969,1
tranco_benign_proxy,0,0.4933122332810797,0
tranco_benign_proxy,0,0.2972588065282261,0
tranco_benign_proxy,0,0.6740065289873691,0
phishtank,1,0.8934526883031718,1
tranco_benign_proxy,0,0.48879490485240557,0
tranco_benign_proxy,0,0.9941276100460822,1
tranco_benign_proxy,0,0.7825547831154424,1
tranco_benign_proxy,0,0.778187868804507,1
phishtank,1,0.9995280784913771,1
tranco_benign_proxy,0,0.58140795851689,0
tranco_benign_proxy,0,0.3942057034770966,0
tranco_benign_proxy,0,0.10099925698095992,0
tranco_benign_proxy,0,0.17325672116246799,0
phishtank,1,0.9281965488856518,1
phishtank,1,0.9977196026293145,1
tranco_benign_proxy,0,0.30498489701277326,0
phishtank,1,0.6559915671481745,0
tranco_benign_proxy,0,0.8004348246203992,1
phishtank,1,0.9989293469892455,1
tranco_benign_proxy,0,0.12123337848490809,0
phishtank,1,0.9995619204309345,1
phishtank,1,0.8535970877662715,1
phishtank,1,0.9826425318647776,1
phishtank,1,0.9972432536009687,1
tranco_benign_proxy,0,0.9519387119980484,1
tranco_benign_proxy,0,0.4512848119768437,0
tranco_benign_proxy,0,0.18993003654002416,0
tranco_benign_proxy,0,0.9402791502450818,1
phishtank,1,0.991692877089429,1
phishtank,1,0.9985626599771835,1
phishtank,1,0.9839478786134024,1
phishtank,1,0.9911234302104941,1
phishtank,1,0.9973122509156381,1
phishtank,1,0.9997722973049068,1
phishtank,1,0.9998386472216056,1
phishtank,1,0.9862298676832527,1
tranco_benign_proxy,0,0.004448593325531339,0
tranco_benign_proxy,0,0.2562376750677435,0
phishtank,1,0.9345140503129477,1
phishtank,1,0.9921138833446655,1
tranco_benign_proxy,0,0.6237777982262624,0
phishtank,1,0.5036602630720092,0
tranco_benign_proxy,0,0.9459488069952433,1
phishtank,1,0.9949785810580969,1
tranco_benign_proxy,0,0.09167464243010119,0
tranco_benign_proxy,0,0.5887118721457453,0
tranco_benign_proxy,0,0.046358320903110435,0
phishtank,1,0.9749030283690371,1
phishtank,1,0.9972839320351364,1
tranco_benign_proxy,0,0.6089504779090196,0
tranco_benign_proxy,0,0.25618886010308717,0
phishtank,1,0.893901558124597,1
phishtank,1,0.9995724240372035,1
phishtank,1,0.9281559315408303,1
tranco_benign_proxy,0,0.3621760119082381,0
phishtank,1,0.9992610808139845,1
phishtank,1,0.9406912066265787,1
phishtank,1,0.9999127943571555,1
tranco_benign_proxy,0,0.19723915402602574,0
tranco_benign_proxy,0,0.9499008022245574,1
phishtank,1,0.9840465452440609,1
phishtank,1,0.05454145093676564,0
tranco_benign_proxy,0,0.2728994340506505,0
tranco_benign_proxy,0,0.2746670808486656,0
tranco_benign_proxy,0,0.702184802625405,0
phishtank,1,0.21646500458477158,0
phishtank,1,0.9999651013244687,1
tranco_benign_proxy,0,0.40015220203942964,0
phishtank,1,0.9961172651128309,1
phishtank,1,0.9999899021179917,1
tranco_benign_proxy,0,0.10004837903635636,0
tranco_benign_proxy,0,0.7482287749524188,0
phishtank,1,0.9998315629758381,1
phishtank,1,0.8014666498575247,1
tranco_benign_proxy,0,0.7594510203008213,0
phishtank,1,0.9759597384959914,1
tranco_benign_proxy,0,0.9594322455808773,1
tranco_benign_proxy,0,0.5000539274086141,0
phishtank,1,0.9786276762288815,1
phishtank,1,0.9977816022963593,1
phishtank,1,0.9930940263254889,1
tranco_benign_proxy,0,0.9864353408512316,1
tranco_benign_proxy,0,0.8132012175755161,1
phishtank,1,0.9879718999102827,1
phishtank,1,0.7156175316265004,0
phishtank,1,0.9455830904861712,1
phishtank,1,0.9967360324659642,1
phishtank,1,0.9017945016805264,1
phishtank,1,0.5584227070446857,0
tranco_benign_proxy,0,0.5279358850708102,0
phishtank,1,0.7376167870793346,0
phishtank,1,0.9858461882286038,1
tranco_benign_proxy,0,0.7279648894881161,0
tranco_benign_proxy,0,0.4965949663238202,0
tranco_benign_proxy,0,0.07928051009899366,0
phishtank,1,0.987862589831986,1
tranco_benign_proxy,0,0.7687328150768185,1
phishtank,1,0.30819778656023566,0
tranco_benign_proxy,0,0.05348628478182524,0
phishtank,1,0.9994487715952959,1
phishtank,1,0.9882931134538007,1
phishtank,1,0.9907934896640214,1
phishtank,1,0.9999780521967465,1
phishtank,1,0.9938393016490641,1
phishtank,1,0.8262707054154242,1
phishtank,1,0.89942336031392,1
tranco_benign_proxy,0,0.3310256764579996,0
phishtank,1,0.9999401013313585,1
tranco_benign_proxy,0,0.4050197252114769,0
phishtank,1,0.9944683643637031,1
tranco_benign_proxy,0,0.8921528103552681,1
tranco_benign_proxy,0,0.06929269549816267,0
phishtank,1,0.3170819278516216,0
tranco_benign_proxy,0,0.5732086939080295,0
tranco_benign_proxy,0,0.011050727133142799,0
phishtank,1,0.9942951549169825,1
tranco_benign_proxy,0,0.9704553313829665,1
phishtank,1,0.9451453970412702,1
tranco_benign_proxy,0,0.10444173384971135,0
tranco_benign_proxy,0,0.7271877829725871,0
phishtank,1,0.9967940320198604,1
phishtank,1,0.9715395982504098,1
phishtank,1,0.910871030799586,1
tranco_benign_proxy,0,0.40739224362302406,0
tranco_benign_proxy,0,0.04792064239789404,0
tranco_benign_proxy,0,0.1435309556531498,0
tranco_benign_proxy,0,0.9525187364407884,1
tranco_benign_proxy,0,0.2766493626160818,0
tranco_benign_proxy,0,0.8968867536450287,1
tranco_benign_proxy,0,0.06525866719329887,0
tranco_benign_proxy,0,0.7507056048271488,0
phishtank,1,0.9985763101137107,1
phishtank,1,0.7711521449908882,1
phishtank,1,0.9798396128804737,1
tranco_benign_proxy,0,0.3087001658498631,0
phishtank,1,0.998772892914407,1
tranco_benign_proxy,0,0.2616428851914158,0
tranco_benign_proxy,0,0.007046868606175924,0
phishtank,1,0.8988663753643421,1
phishtank,1,0.9985720982157458,1
phishtank,1,0.9677850719813801,1
tranco_benign_proxy,0,0.6342520757652466,0
phishtank,1,0.9976897234244524,1
phishtank,1,0.5949464113737718,0
phishtank,1,0.9970953693026406,1
tranco_benign_proxy,0,0.39401494623315175,0
phishtank,1,0.9975901033440435,1
phishtank,1,0.9819279025329228,1
phishtank,1,0.9456512798685796,1
phishtank,1,0.9950118826349225,1
tranco_benign_proxy,0,0.3184838791471119,0
phishtank,1,0.9664914426353711,1
tranco_benign_proxy,0,0.0025562529675854824,0
tranco_benign_proxy,0,0.16231792909507953,0
tranco_benign_proxy,0,0.953877438075117,1
phishtank,1,0.9990769335289859,1
tranco_benign_proxy,0,0.22874188129330497,0
tranco_benign_proxy,0,0.9611896771685575,1
phishtank,1,0.5230724930160559,0
phishtank,1,0.9965410761462686,1
tranco_benign_proxy,0,0.8631118388809654,1
tranco_benign_proxy,0,0.18649416535508662,0
tranco_benign_proxy,0,0.11706834991677109,0
phishtank,1,0.9992203000942883,1
phishtank,1,0.30315376582882037,0
phishtank,1,0.9880061642910072,1
tranco_benign_proxy,0,0.9063162081962907,1
phishtank,1,0.9362151605405534,1
phishtank,1,0.999881123374505,1
tranco_benign_proxy,0,0.31341634133173163,0
phishtank,1,0.9630162207133346,1
tranco_benign_proxy,0,0.40814602806520056,0
tranco_benign_proxy,0,0.19773425429491762,0
tranco_benign_proxy,0,0.41686278438309565,0
phishtank,1,0.9996305076676559,1
tranco_benign_proxy,0,0.9628916626173045,1
phishtank,1,0.9978474369879857,1
tranco_benign_proxy,0,0.17279076940022392,0
tranco_benign_proxy,0,0.27410042210160457,0
tranco_benign_proxy,0,0.07955519714793133,0
tranco_benign_proxy,0,0.057356495585924205,0
phishtank,1,0.9902090009386473,1
phishtank,1,0.991075987252353,1
phishtank,1,0.5026580596124764,0
phishtank,1,0.986040003341643,1
tranco_benign_proxy,0,0.06440457827392825,0
phishtank,1,0.9542102231135261,1
phishtank,1,0.9999857963501008,1
tranco_benign_proxy,0,0.35885514418773506,0
phishtank,1,0.9663179233869004,1
tranco_benign_proxy,0,0.9751551204727501,1
tranco_benign_proxy,0,0.5152190590203571,0
phishtank,1,0.468723008816173,0
phishtank,1,0.9988588150254147,1
tranco_benign_proxy,0,0.19598344251389205,0
phishtank,1,0.9603865255822776,1
phishtank,1,0.2435566926077722,0
phishtank,1,0.5604391823553442,0
phishtank,1,0.7486125381536313,0
tranco_benign_proxy,0,0.9893389087892197,1
phishtank,1,0.9902160309758362,1
tranco_benign_proxy,0,0.045791003940722955,0
tranco_benign_proxy,0,0.013064578292554602,0
phishtank,1,0.9924900653623866,1
phishtank,1,0.5588351245456802,0
tranco_benign_proxy,0,0.1483061290940351,0
tranco_benign_proxy,0,0.5538044721368945,0
tranco_benign_proxy,0,0.45531378071593304,0
phishtank,1,0.9253664303214063,1
tranco_benign_proxy,0,0.0019378204094301138,0
phishtank,1,0.9999878578140813,1
tranco_benign_proxy,0,0.16131038464681224,0
tranco_benign_proxy,0,0.04119136258211329,0
tranco_benign_proxy,0,0.5163785062975857,0
phishtank,1,0.9957684211091409,1
tranco_benign_proxy,0,0.5020396607290946,0
phishtank,1,0.994268758609112,1
tranco_benign_proxy,0,0.47221060587033864,0
tranco_benign_proxy,0,0.008763700152671002,0
phishtank,1,0.8699451450466726,1
phishtank,1,0.18157098229031585,0
phishtank,1,0.9967281529454219,1
tranco_benign_proxy,0,0.3842696938381615,0
tranco_benign_proxy,0,0.26931084574192987,0
phishtank,1,0.22255393250767844,0
phishtank,1,0.9891618841942537,1
tranco_benign_proxy,0,0.22381412561273165,0
phishtank,1,0.923712615241566,1
tranco_benign_proxy,0,0.2373035414000154,0
phishtank,1,0.23554842735930037,0
tranco_benign_proxy,0,0.47390667951694565,0
tranco_benign_proxy,0,0.2011888379193237,0
phishtank,1,0.9410011253745599,1
phishtank,1,0.2830695785189179,0
phishtank,1,0.9864038811522143,1
tranco_benign_proxy,0,0.22613384589518779,0
tranco_benign_proxy,0,0.07531713219609573,0
phishtank,1,0.999694110853639,1
phishtank,1,0.8925538135881116,1
tranco_benign_proxy,0,0.06342220601053199,0
tranco_benign_proxy,0,0.05387963575028866,0
phishtank,1,0.9997178815227324,1
tranco_benign_proxy,0,0.3007682596225589,0
phishtank,1,0.9946991424329499,1
tranco_benign_proxy,0,0.061951975430715,0
tranco_benign_proxy,0,0.08533776699767905,0
tranco_benign_proxy,0,0.11535365155503881,0
tranco_benign_proxy,0,0.22312444605463247,0
phishtank,1,0.989157711842034,1
phishtank,1,0.9843711888429407,1
phishtank,1,0.71362049080234,0
phishtank,1,0.20822164830974652,0
tranco_benign_proxy,0,0.1643375615154789,0
phishtank,1,0.984526039558213,1
phishtank,1,0.519378007964339,0
tranco_benign_proxy,0,0.9876177334503788,1
phishtank,1,0.9998473735422863,1
tranco_benign_proxy,0,0.10253284073700382,0
phishtank,1,0.9371536882022469,1
tranco_benign_proxy,0,0.914697658351204,1
tranco_benign_proxy,0,0.04121028321361387,0
phishtank,1,0.9984067793092561,1
tranco_benign_proxy,0,0.318464611857683,0
tranco_benign_proxy,0,0.3915429091282945,0
tranco_benign_proxy,0,0.7792267893086399,1
tranco_benign_proxy,0,0.7518029987868526,0
tranco_benign_proxy,0,0.20044893071149444,0
phishtank,1,0.9904285698523243,1
tranco_benign_proxy,0,0.95734417949812,1
tranco_benign_proxy,0,0.02758438722982926,0
tranco_benign_proxy,0,0.07980269444715293,0
tranco_benign_proxy,0,0.863676976242988,1
phishtank,1,0.9922793433699352,1
phishtank,1,0.9582364185951453,1
tranco_benign_proxy,0,0.7715341960210808,1
phishtank,1,0.998614007442904,1
tranco_benign_proxy,0,0.8619226247823125,1
tranco_benign_proxy,0,0.011712528149126074,0
tranco_benign_proxy,0,0.18386032229200028,0
tranco_benign_proxy,0,0.13338579854662022,0
tranco_benign_proxy,0,0.20970042420258955,0
tranco_benign_proxy,0,0.0589012976364889,0
tranco_benign_proxy,0,0.24774462602655273,0
phishtank,1,0.8783599390540975,1
tranco_benign_proxy,0,0.7276080098434606,0
tranco_benign_proxy,0,0.7950939895450212,1
phishtank,1,0.973950651746811,1
tranco_benign_proxy,0,0.6702164622643431,0
tranco_benign_proxy,0,0.8170946956938138,1
phishtank,1,0.9974276493739627,1
tranco_benign_proxy,0,0.24255368898783647,0
phishtank,1,0.9831200760581147,1
tranco_benign_proxy,0,0.13217121043033514,0
phishtank,1,0.9954881316924176,1
phishtank,1,0.9999617255993211,1
phishtank,1,0.16328443784583932,0
phishtank,1,0.9979169821084629,1
tranco_benign_proxy,0,0.2615614698920846,0
tranco_benign_proxy,0,0.3241671000475816,0
phishtank,1,0.9994424763331855,1
phishtank,1,0.9887589270298789,1
phishtank,1,0.33994710919849364,0
tranco_benign_proxy,0,0.8744913543638557,1
phishtank,1,0.9712504343098628,1
phishtank,1,0.9985741343635661,1
tranco_benign_proxy,0,0.9765743860064869,1
phishtank,1,0.9825038045584947,1
phishtank,1,0.9351731680079184,1
phishtank,1,0.9424693946604953,1
tranco_benign_proxy,0,0.9293296586400143,1
tranco_benign_proxy,0,0.12089099233597578,0
phishtank,1,0.9892836324103825,1
phishtank,1,0.20434873716139285,0
tranco_benign_proxy,0,0.7897756294525551,1
phishtank,1,0.9919176398495595,1
phishtank,1,0.8459687749588034,1
phishtank,1,0.028180856596774002,0
tranco_benign_proxy,0,0.09506048002567347,0
tranco_benign_proxy,0,0.8987983258848593,1
phishtank,1,0.9996444839303562,1
tranco_benign_proxy,0,0.7257805175605615,0
tranco_benign_proxy,0,0.9859566167677883,1
phishtank,1,0.9988965559846751,1
phishtank,1,0.9986134480621373,1
phishtank,1,0.7782277280561463,1
phishtank,1,0.9598175631218228,1
phishtank,1,0.788363754973296,1
tranco_benign_proxy,0,0.7587072491031425,0
phishtank,1,0.9999723209544039,1
tranco_benign_proxy,0,0.2508507468978881,0
phishtank,1,0.9998594195187852,1
phishtank,1,0.998822444609426,1
tranco_benign_proxy,0,0.11752974208714183,0
tranco_benign_proxy,0,0.15219235668752393,0
tranco_benign_proxy,0,0.31916102888021575,0
phishtank,1,0.9993960235910948,1
phishtank,1,0.96361117681264,1
tranco_benign_proxy,0,0.13834043537807758,0
tranco_benign_proxy,0,0.8305594318479657,1
phishtank,1,0.94973923673228,1
tranco_benign_proxy,0,0.7209311382580416,0
phishtank,1,0.9896268875539799,1
phishtank,1,0.999547993472203,1
phishtank,1,0.9766336781116489,1
phishtank,1,0.4441350362686223,0
phishtank,1,0.9921955672911628,1
tranco_benign_proxy,0,0.931795754464826,1
phishtank,1,0.9714811127175057,1
tranco_benign_proxy,0,0.34628248337718065,0
phishtank,1,0.9662183625358671,1
phishtank,1,0.6344435431309562,0
tranco_benign_proxy,0,0.3740969317313554,0
tranco_benign_proxy,0,0.06909944486891856,0
tranco_benign_proxy,0,0.14615914518650383,0
tranco_benign_proxy,0,0.4100699823714934,0
phishtank,1,0.9999356315618394,1
phishtank,1,0.9993462148623298,1
tranco_benign_proxy,0,0.19719081249709017,0
tranco_benign_proxy,0,0.003152323014167157,0
phishtank,1,0.9966040822193768,1
tranco_benign_proxy,0,0.6573035827130344,0
tranco_benign_proxy,0,0.9936707381642998,1
tranco_benign_proxy,0,0.9523265209115377,1
phishtank,1,0.9875653970120624,1
tranco_benign_proxy,0,0.891386929078843,1
phishtank,1,0.9956180331550332,1
phishtank,1,0.4968138682395152,0
phishtank,1,0.8450322152475725,1
tranco_benign_proxy,0,0.30803169666843927,0
tranco_benign_proxy,0,0.2929161201624221,0
phishtank,1,0.9976974195992064,1
phishtank,1,0.9788159558185461,1
tranco_benign_proxy,0,0.46203502255315065,0
tranco_benign_proxy,0,0.5802170664163284,0
phishtank,1,0.9976299284173423,1
phishtank,1,0.05031114332916627,0
phishtank,1,0.9925837752275494,1
tranco_benign_proxy,0,0.054246214052302594,0
tranco_benign_proxy,0,0.026190901677669028,0
tranco_benign_proxy,0,0.16472078511089994,0
phishtank,1,0.5949509052524388,0
phishtank,1,0.05081949678426831,0
phishtank,1,0.9999901688789509,1
tranco_benign_proxy,0,0.4308308326973925,0
tranco_benign_proxy,0,0.8397694099163374,1
phishtank,1,0.9835623367215872,1
phishtank,1,0.9888358186043305,1
phishtank,1,0.7326142335742519,0
tranco_benign_proxy,0,0.14651587617898462,0
tranco_benign_proxy,0,0.15001086039832867,0
phishtank,1,0.9830930629316103,1
phishtank,1,0.9847767170436008,1
phishtank,1,0.6158907471234408,0
phishtank,1,0.7083500607619893,0
tranco_benign_proxy,0,0.12474164736401296,0
tranco_benign_proxy,0,0.3534459862536343,0
phishtank,1,0.9414899029867163,1
tranco_benign_proxy,0,0.47543833704141014,0
phishtank,1,0.8516556650090972,1
tranco_benign_proxy,0,0.12275185878514716,0
phishtank,1,0.9844148994370364,1
phishtank,1,0.8534353926928344,1
phishtank,1,0.9999272884240328,1
tranco_benign_proxy,0,0.9223360374906252,1
tranco_benign_proxy,0,0.3152047836647728,0
tranco_benign_proxy,0,0.43723866168296605,0
phishtank,1,0.9977382736606123,1
phishtank,1,0.9999198899265931,1
tranco_benign_proxy,0,0.5943882465096313,0
phishtank,1,0.9159760991583732,1
phishtank,1,0.9997932511821875,1
tranco_benign_proxy,0,0.15963755199718757,0
tranco_benign_proxy,0,0.6501564993497925,0
phishtank,1,0.9806478530473823,1
tranco_benign_proxy,0,0.062141195012839205,0
tranco_benign_proxy,0,0.5208195253587868,0
phishtank,1,0.5771885864018499,0
phishtank,1,0.9839796757945354,1
phishtank,1,0.8959141075256604,1
tranco_benign_proxy,0,0.9742186211622739,1
tranco_benign_proxy,0,0.587246763764258,0
tranco_benign_proxy,0,0.026076568614397968,0
phishtank,1,0.9998185225634988,1
phishtank,1,0.9944997202126884,1
phishtank,1,0.9644901837004687,1
phishtank,1,0.9980425316568345,1
phishtank,1,0.9898117461284915,1
tranco_benign_proxy,0,0.10617503441881071,0
tranco_benign_proxy,0,0.3071080003160516,0
phishtank,1,0.994962153321548,1
phishtank,1,0.9999769764415258,1
tranco_benign_proxy,0,0.9529789953154861,1
phishtank,1,0.999938761475155,1
phishtank,1,0.9997240184776497,1
tranco_benign_proxy,0,0.058805882215911924,0
phishtank,1,0.9912268026112476,1
phishtank,1,0.9999350202849915,1
tranco_benign_proxy,0,0.9298399816681878,1
tranco_benign_proxy,0,0.09829542890647468,0
tranco_benign_proxy,0,0.26062717090314186,0
tranco_benign_proxy,0,0.3261729638280635,0
tranco_benign_proxy,0,0.2157534321532719,0
tranco_benign_proxy,0,0.7011142111517698,0
phishtank,1,0.9827943282272973,1
tranco_benign_proxy,0,0.06274905234335339,0
tranco_benign_proxy,0,0.23484307618583145,0
tranco_benign_proxy,0,0.13365433741794525,0
phishtank,1,0.9997720251734653,1
tranco_benign_proxy,0,0.9526851851041144,1
tranco_benign_proxy,0,0.01700689490962542,0
phishtank,1,0.9994057365284077,1
tranco_benign_proxy,0,0.19610811229571498,0
phishtank,1,0.31830887869445995,0
tranco_benign_proxy,0,0.9671156502092698,1
phishtank,1,0.9980263906594871,1
tranco_benign_proxy,0,0.40008728002059035,0
tranco_benign_proxy,0,0.17951189591372158,0
phishtank,1,0.9974654131062559,1
tranco_benign_proxy,0,0.12124172076942319,0
phishtank,1,0.9535364040457731,1
tranco_benign_proxy,0,0.49835917688503373,0
phishtank,1,0.9831169790281042,1
tranco_benign_proxy,0,0.15749055995745875,0
phishtank,1,0.43079117955770385,0
phishtank,1,0.9970993030076211,1
tranco_benign_proxy,0,0.27880305980183107,0
tranco_benign_proxy,0,0.18465362694808665,0
tranco_benign_proxy,0,0.062155344810937374,0
phishtank,1,0.9988937879536517,1
tranco_benign_proxy,0,0.24978286927999904,0
tranco_benign_proxy,0,0.5326557671987835,0
tranco_benign_proxy,0,0.41547328441986414,0
tranco_benign_proxy,0,0.10024301892959073,0
tranco_benign_proxy,0,0.7401939920373072,0
tranco_benign_proxy,0,0.024881947120801804,0
tranco_benign_proxy,0,0.9293454294948598,1
tranco_benign_proxy,0,0.7330464371916177,0
phishtank,1,0.9942023580633192,1
tranco_benign_proxy,0,0.678956507647034,0
tranco_benign_proxy,0,0.8354429704983116,1
tranco_benign_proxy,0,0.008846459774204101,0
tranco_benign_proxy,0,0.44803669313862216,0
phishtank,1,0.10866394671120266,0
tranco_benign_proxy,0,0.37703904175940106,0
phishtank,1,0.9994240938589218,1
phishtank,1,0.5869940302430644,0
tranco_benign_proxy,0,0.024414521874857893,0
phishtank,1,0.9471002727997201,1
tranco_benign_proxy,0,0.07356903950406891,0
phishtank,1,0.9919123569089903,1
phishtank,1,0.9955466073905025,1
tranco_benign_proxy,0,0.2425061733554697,0
phishtank,1,0.9220745595990644,1
tranco_benign_proxy,0,0.11967841226040747,0
phishtank,1,0.9966565304516065,1
tranco_benign_proxy,0,0.2567158469408867,0
tranco_benign_proxy,0,0.15407468485762776,0
phishtank,1,0.8903472702859324,1
tranco_benign_proxy,0,0.3516094609991001,0
tranco_benign_proxy,0,0.9624259424578714,1
tranco_benign_proxy,0,0.2650930517400559,0
phishtank,1,0.9949400143534649,1
tranco_benign_proxy,0,0.2915677900973167,0
phishtank,1,0.07630975969980433,0
phishtank,1,0.9690901901885728,1
tranco_benign_proxy,0,0.3816958750455333,0
tranco_benign_proxy,0,0.3388413398500225,0
tranco_benign_proxy,0,0.056577497736341555,0
tranco_benign_proxy,0,0.48361234114482643,0
phishtank,1,0.9337432452307403,1
tranco_benign_proxy,0,0.9861866201877879,1
tranco_benign_proxy,0,0.7806552780047085,1
tranco_benign_proxy,0,0.6025161851701423,0
phishtank,1,0.12709400741273835,0
phishtank,1,0.6404512530433397,0
tranco_benign_proxy,0,0.5069288736412048,0
phishtank,1,0.9987176398341616,1
phishtank,1,0.9996586171907427,1
tranco_benign_proxy,0,0.04662789078182652,0
phishtank,1,0.9078812508931787,1
phishtank,1,0.9986426259091958,1
tranco_benign_proxy,0,0.18133501253351675,0
tranco_benign_proxy,0,0.3647706677707186,0
tranco_benign_proxy,0,0.9630371964330344,1
tranco_benign_proxy,0,0.7934166277103458,1
tranco_benign_proxy,0,0.4561254892953341,0
phishtank,1,0.9987729899894952,1
phishtank,1,0.9991267842192727,1
phishtank,1,0.984519325820452,1
phishtank,1,0.9960327629584992,1
tranco_benign_proxy,0,0.7931279460863638,1
phishtank,1,0.9681570823024338,1
phishtank,1,0.301837664918414,0
tranco_benign_proxy,0,0.08240019667644384,0
phishtank,1,0.9846869833990832,1
phishtank,1,0.9745834917767804,1
phishtank,1,0.8307507790712609,1
phishtank,1,0.37566342796112184,0
phishtank,1,0.9432711974575813,1
tranco_benign_proxy,0,0.07383937990710095,0
phishtank,1,0.8975608128353995,1
phishtank,1,0.9999822814679804,1
tranco_benign_proxy,0,0.8987129560698928,1
tranco_benign_proxy,0,0.20987300235375927,0
tranco_benign_proxy,0,0.01550830355833538,0
phishtank,1,0.9949493597595018,1
phishtank,1,0.41740161970269246,0
phishtank,1,0.9984086253335942,1
tranco_benign_proxy,0,0.65319218389896,0
tranco_benign_proxy,0,0.1497823551775637,0
tranco_benign_proxy,0,0.19506297509780796,0
phishtank,1,0.9947830747168759,1
tranco_benign_proxy,0,0.0931324223523747,0
tranco_benign_proxy,0,0.5781901848265443,0
phishtank,1,0.991055172627,1
phishtank,1,0.8103802114951716,1
tranco_benign_proxy,0,0.30298133539905364,0
tranco_benign_proxy,0,0.17679999649022465,0
tranco_benign_proxy,0,0.3791709420535579,0
phishtank,1,0.9956212474440397,1
tranco_benign_proxy,0,0.7656974185153141,0
tranco_benign_proxy,0,0.3125466219655431,0
phishtank,1,0.9835811163837739,1
phishtank,1,0.3595984355663126,0
phishtank,1,0.9999098559617674,1
tranco_benign_proxy,0,0.8800046514232297,1
phishtank,1,0.9980969041229618,1
tranco_benign_proxy,0,0.05630477933542367,0
phishtank,1,0.9186742551372458,1
tranco_benign_proxy,0,0.22951472453389835,0
phishtank,1,0.9796280044207586,1
tranco_benign_proxy,0,0.4236936247571654,0
tranco_benign_proxy,0,0.19749089453573415,0
phishtank,1,0.9324816698160225,1
phishtank,1,0.9996493738434022,1
phishtank,1,0.9875382781116254,1
phishtank,1,0.9067942403129663,1
phishtank,1,0.9569373680755662,1
tranco_benign_proxy,0,0.05083844775300654,0
phishtank,1,0.9910675151260935,1
phishtank,1,0.9979716111919054,1
phishtank,1,0.9528877502805388,1
tranco_benign_proxy,0,0.04363121975569739,0
phishtank,1,0.9978584191025089,1
tranco_benign_proxy,0,0.3168838532013376,0
tranco_benign_proxy,0,0.0022735979037314985,0
phishtank,1,0.7575175967560425,0
phishtank,1,0.9939922444217135,1
tranco_benign_proxy,0,0.11732437133403989,0
phishtank,1,0.9342539258382746,1
phishtank,1,0.929867128210966,1
phishtank,1,0.9942217107953368,1
tranco_benign_proxy,0,0.21689717190818716,0
tranco_benign_proxy,0,0.3729559337495757,0
tranco_benign_proxy,0,0.010256594513549816,0
phishtank,1,0.9987159261806041,1
phishtank,1,0.971550446644,1
tranco_benign_proxy,0,0.34566748556889,0
tranco_benign_proxy,0,0.06077601304330248,0
phishtank,1,0.9445799541807088,1
tranco_benign_proxy,0,0.8062246672798792,1
tranco_benign_proxy,0,0.8460730426585343,1
phishtank,1,0.9927854987103131,1
phishtank,1,0.9998928913643769,1
phishtank,1,0.4661031446731327,0
tranco_benign_proxy,0,0.5055590811789467,0
tranco_benign_proxy,0,0.6324540499006854,0
tranco_benign_proxy,0,0.868845322917119,1
tranco_benign_proxy,0,0.9460379601477071,1
tranco_benign_proxy,0,0.8120889565599743,1
phishtank,1,0.9997388858581432,1
phishtank,1,0.9078622681822861,1
tranco_benign_proxy,0,0.7605753482808287,0
phishtank,1,0.9376265188003143,1
tranco_benign_proxy,0,0.7446300496693468,0
phishtank,1,0.9956002877656608,1
tranco_benign_proxy,0,0.2608008421233189,0
phishtank,1,0.9672544040962869,1
phishtank,1,0.973355845488995,1
tranco_benign_proxy,0,0.6659808792259961,0
phishtank,1,0.999864359016314,1
phishtank,1,0.10645227867960055,0
phishtank,1,0.9994052804621636,1
tranco_benign_proxy,0,0.34462179734692516,0
tranco_benign_proxy,0,0.32495823665492335,0
phishtank,1,0.9811890924016239,1
phishtank,1,0.9120564339597547,1
tranco_benign_proxy,0,0.5345720743203628,0
phishtank,1,0.9762273195102206,1
phishtank,1,0.9635504880592312,1
phishtank,1,0.9984775435571853,1
phishtank,1,0.9982936099143316,1
tranco_benign_proxy,0,0.9024290922212159,1
phishtank,1,0.9996614211734919,1
tranco_benign_proxy,0,0.9817518448248587,1
phishtank,1,0.931070894803017,1
phishtank,1,0.6511602395404431,0
tranco_benign_proxy,0,0.07722687296180841,0
phishtank,1,0.6621629199575844,0
phishtank,1,0.7490384063429864,0
phishtank,1,0.8158219491710521,1
tranco_benign_proxy,0,0.01625840841503053,0
phishtank,1,0.9949008461590098,1
phishtank,1,0.9973421402455074,1
phishtank,1,0.9995891397452593,1
phishtank,1,0.9836232603752373,1
phishtank,1,0.9854928206713046,1
tranco_benign_proxy,0,0.7369241199827816,0
tranco_benign_proxy,0,0.05572429357436609,0
tranco_benign_proxy,0,0.9385977036802473,1
tranco_benign_proxy,0,0.9433992373933099,1
phishtank,1,0.9732447299145508,1
phishtank,1,0.8797593425906883,1
phishtank,1,0.973703622284141,1
tranco_benign_proxy,0,0.623355936844913,0
phishtank,1,0.9994681645245957,1
tranco_benign_proxy,0,0.009467796910357321,0
tranco_benign_proxy,0,0.2355092120239942,0
tranco_benign_proxy,0,0.011700333721897776,0
tranco_benign_proxy,0,0.828638993378377,1
phishtank,1,0.9835247315395412,1
phishtank,1,0.7992979223868301,1
tranco_benign_proxy,0,0.234177337112724,0
phishtank,1,0.9981219096010209,1
tranco_benign_proxy,0,0.7739978071955567,1
phishtank,1,0.9876655837100876,1
tranco_benign_proxy,0,0.47547692515604717,0
tranco_benign_proxy,0,0.8772129935276166,1
tranco_benign_proxy,0,0.0017461566540415779,0
phishtank,1,0.9995345289966489,1
tranco_benign_proxy,0,0.001776101301258771,0
phishtank,1,0.9908114736503362,1
tranco_benign_proxy,0,0.2899107852867694,0
phishtank,1,0.9943392880273246,1
phishtank,1,0.9964621704943353,1
tranco_benign_proxy,0,0.21669337057194782,0
phishtank,1,0.9959736230807938,1
phishtank,1,0.9969208592635468,1
phishtank,1,0.12029722805214325,0
phishtank,1,0.999489916500908,1
tranco_benign_proxy,0,0.011883985034516601,0
tranco_benign_proxy,0,0.13413343869075023,0
tranco_benign_proxy,0,0.555907267522749,0
tranco_benign_proxy,0,0.10971125539625483,0
tranco_benign_proxy,0,0.3271850743101389,0
tranco_benign_proxy,0,0.11849271509406512,0
phishtank,1,0.48752881249586916,0
phishtank,1,0.9985103342653823,1
tranco_benign_proxy,0,0.9770412378426483,1
tranco_benign_proxy,0,0.8326221688493683,1
phishtank,1,0.9847039331821773,1
phishtank,1,0.9800412290860523,1
phishtank,1,0.9046319168646045,1
tranco_benign_proxy,0,0.10909833248401,0
tranco_benign_proxy,0,0.012225824783432208,0
phishtank,1,0.9978841372521023,1
phishtank,1,0.9993511437521823,1
tranco_benign_proxy,0,0.7226228633534134,0
tranco_benign_proxy,0,0.12265507394919485,0
tranco_benign_proxy,0,0.5895711017670996,0
tranco_benign_proxy,0,0.1815683629699491,0
tranco_benign_proxy,0,0.05643807563919433,0
tranco_benign_proxy,0,0.700220369301955,0
tranco_benign_proxy,0,0.46225362148384536,0
phishtank,1,0.9900610579968854,1
tranco_benign_proxy,0,0.3100855881511788,0
phishtank,1,0.9277715479564237,1
phishtank,1,0.9828056194690034,1
tranco_benign_proxy,0,0.8427578185184758,1
tranco_benign_proxy,0,0.05331147877464381,0
tranco_benign_proxy,0,0.4791507673047144,0
phishtank,1,0.7055644859828589,0
phishtank,1,0.6303139664061239,0
tranco_benign_proxy,0,0.13179952705305814,0
tranco_benign_proxy,0,0.6198491850455393,0
phishtank,1,0.9889118320408968,1
tranco_benign_proxy,0,0.4916920781433958,0
phishtank,1,0.4376393474994246,0
phishtank,1,0.5329324319848147,0
tranco_benign_proxy,0,0.21898957133994126,0
tranco_benign_proxy,0,0.6015647107495543,0
phishtank,1,0.4604609009247223,0
tranco_benign_proxy,0,0.7104395589471802,0
phishtank,1,0.795445113496587,1
tranco_benign_proxy,0,0.15659960387895988,0
phishtank,1,0.999229968452201,1
tranco_benign_proxy,0,0.7370639979359077,0
phishtank,1,0.9980423784160953,1
phishtank,1,0.8531103727897744,1
phishtank,1,0.9495680327408973,1
tranco_benign_proxy,0,0.9832065477002659,1
tranco_benign_proxy,0,0.8014674234892066,1
phishtank,1,0.9947532682296747,1
tranco_benign_proxy,0,0.6086253416532041,0
phishtank,1,0.389499512783714,0
tranco_benign_proxy,0,0.11880825061414269,0
phishtank,1,0.9878288008150535,1
tranco_benign_proxy,0,0.29953211078356934,0
tranco_benign_proxy,0,0.9090525560597827,1
phishtank,1,0.9355197860645761,1
tranco_benign_proxy,0,0.6218215062354373,0
tranco_benign_proxy,0,0.530172064736039,0
tranco_benign_proxy,0,0.1110921336579574,0
phishtank,1,0.21335583926069843,0
tranco_benign_proxy,0,0.9395373508616688,1
phishtank,1,0.9996161225556649,1
phishtank,1,0.9974192739469068,1
phishtank,1,0.9656212606330441,1
phishtank,1,0.9481991237692223,1
phishtank,1,0.9996480798127022,1
tranco_benign_proxy,0,0.5779572344395298,0
phishtank,1,0.9975238570611064,1
phishtank,1,0.7651086725560927,0
tranco_benign_proxy,0,0.8300827547365247,1
phishtank,1,0.9925435905925217,1
phishtank,1,0.9989850260006778,1
phishtank,1,0.39232379187863614,0
tranco_benign_proxy,0,0.2003873163818169,0
phishtank,1,0.9797775550702765,1
phishtank,1,0.4077228471764344,0
tranco_benign_proxy,0,0.16241472560216386,0
tranco_benign_proxy,0,0.23920110291819033,0
phishtank,1,0.9974024519907664,1
tranco_benign_proxy,0,0.03457480268488257,0
phishtank,1,0.9992727903413496,1
phishtank,1,0.9990785023235738,1
tranco_benign_proxy,0,0.04713676215474583,0
phishtank,1,0.9996562624679236,1
phishtank,1,0.9971522401291059,1
phishtank,1,0.9931143283342094,1
phishtank,1,0.9769471655555135,1
tranco_benign_proxy,0,0.10886050734888116,0
tranco_benign_proxy,0,0.37853292261308036,0
tranco_benign_proxy,0,0.06107028910001328,0
phishtank,1,0.5654476930608556,0
tranco_benign_proxy,0,0.14656406911784914,0
tranco_benign_proxy,0,0.4021490201753259,0
tranco_benign_proxy,0,0.9723563798886442,1
phishtank,1,0.8662959575800819,1
tranco_benign_proxy,0,0.8065828325180423,1
phishtank,1,0.9946303054621782,1
phishtank,1,0.9912748085371618,1
tranco_benign_proxy,0,0.09904197032690176,0
phishtank,1,0.9828434245609593,1
phishtank,1,0.8502511422116527,1
tranco_benign_proxy,0,0.3025752042215001,0
phishtank,1,0.9519910847733355,1
tranco_benign_proxy,0,0.30727168015350925,0
tranco_benign_proxy,0,0.021872959638965992,0
phishtank,1,0.999753188733629,1
phishtank,1,0.9952041040139851,1
tranco_benign_proxy,0,0.19758432146863666,0
phishtank,1,0.9995931472703293,1
phishtank,1,0.22516081068151303,0
phishtank,1,0.9998656156054657,1
phishtank,1,0.9731611738627954,1
phishtank,1,0.9572416807095607,1
tranco_benign_proxy,0,0.02620681916400966,0
phishtank,1,0.990901920692773,1
tranco_benign_proxy,0,0.9366412681434001,1
phishtank,1,0.990974169054164,1
tranco_benign_proxy,0,0.27976191087173385,0
phishtank,1,0.9141189123596937,1
tranco_benign_proxy,0,0.0606232368136015,0
phishtank,1,0.9986475097868867,1
tranco_benign_proxy,0,0.10646304833929388,0
tranco_benign_proxy,0,0.3409977428469271,0
tranco_benign_proxy,0,0.9088710242264538,1
tranco_benign_proxy,0,0.11526021249781222,0
phishtank,1,0.670873905131891,0
tranco_benign_proxy,0,0.08451870828509,0
phishtank,1,0.9996606652782883,1
tranco_benign_proxy,0,0.7318331069937671,0
tranco_benign_proxy,0,0.6011584055682992,0
phishtank,1,0.9998554068627509,1
phishtank,1,0.9966912271156294,1
tranco_benign_proxy,0,0.30197603465410283,0
tranco_benign_proxy,0,0.005542056309351305,0
phishtank,1,0.9181405121797255,1
tranco_benign_proxy,0,0.8527652678692702,1
tranco_benign_proxy,0,0.03142025109782908,0
phishtank,1,0.9908802099908501,1
phishtank,1,0.9784484257927922,1
tranco_benign_proxy,0,0.33548941468518934,0
tranco_benign_proxy,0,0.5907807994536157,0
tranco_benign_proxy,0,0.06984334975979146,0
phishtank,1,0.9672280233157341,1
tranco_benign_proxy,0,0.3966530074566268,0
phishtank,1,0.9992879358456248,1
phishtank,1,0.9735193822000164,1
phishtank,1,0.5028734338028227,0
tranco_benign_proxy,0,0.7841376449933066,1
tranco_benign_proxy,0,0.8638567829262456,1
tranco_benign_proxy,0,0.13632033523028705,0
phishtank,1,0.9642687952382666,1
phishtank,1,0.19138144818312386,0
phishtank,1,0.997116569903655,1
phishtank,1,0.9989577700909988,1
phishtank,1,0.26394771119872196,0
phishtank,1,0.9999254504143469,1
tranco_benign_proxy,0,0.6125520474252715,0
phishtank,1,0.9814403652082745,1
tranco_benign_proxy,0,0.06716833205711412,0
tranco_benign_proxy,0,0.20075577343205192,0
phishtank,1,0.9894640304822389,1
tranco_benign_proxy,0,0.828531641200111,1
phishtank,1,0.985307923949608,1
phishtank,1,0.6154011732558561,0
tranco_benign_proxy,0,0.00441633353376179,0
phishtank,1,0.9294142383618892,1
phishtank,1,0.990092994888926,1
phishtank,1,0.23671262177494623,0
phishtank,1,0.994458159070019,1
tranco_benign_proxy,0,0.9023283949175401,1
tranco_benign_proxy,0,0.7902166983901548,1
tranco_benign_proxy,0,0.053592440129070246,0
phishtank,1,0.995051382271839,1
tranco_benign_proxy,0,0.7822352249469978,1
tranco_benign_proxy,0,0.08592706598851714,0
tranco_benign_proxy,0,0.13201272711792247,0
phishtank,1,0.9786233577465573,1
tranco_benign_proxy,0,0.10126936588656761,0
phishtank,1,0.9923424161978911,1
phishtank,1,0.9874386921233079,1
tranco_benign_proxy,0,0.16698492428460784,0
phishtank,1,0.997368235595466,1
phishtank,1,0.5426220934603553,0
phishtank,1,0.9875689145039348,1
tranco_benign_proxy,0,0.1392629754748454,0
phishtank,1,0.9993105470958749,1
tranco_benign_proxy,0,0.7574320638041865,0
phishtank,1,0.9901620795323696,1
phishtank,1,0.4533264797433558,0
phishtank,1,0.9729296516803342,1
phishtank,1,0.9896002047403589,1
tranco_benign_proxy,0,0.13386643853115224,0
tranco_benign_proxy,0,0.08024545868579794,0
tranco_benign_proxy,0,0.9779767105673878,1
tranco_benign_proxy,0,0.19537540488421323,0
tranco_benign_proxy,0,0.08222682514089412,0
phishtank,1,0.8636774200209651,1
tranco_benign_proxy,0,0.22908898270327252,0
phishtank,1,0.9912415345235978,1
tranco_benign_proxy,0,0.2400377448860757,0
phishtank,1,0.2577923276186028,0
tranco_benign_proxy,0,0.992668975903383,1
tranco_benign_proxy,0,0.019275951292504385,0
tranco_benign_proxy,0,0.19292245891855445,0
tranco_benign_proxy,0,0.11956952993280438,0
phishtank,1,0.9972993081913972,1
tranco_benign_proxy,0,0.16770641726876104,0
tranco_benign_proxy,0,0.5392786859783484,0
phishtank,1,0.9999500298932408,1
tranco_benign_proxy,0,0.19378458213540517,0
phishtank,1,0.9880745446709421,1
phishtank,1,0.9882767452231562,1
phishtank,1,0.9984744520500346,1
tranco_benign_proxy,0,0.3025713289078081,0
phishtank,1,0.9311108089787883,1
tranco_benign_proxy,0,0.03565353663600236,0
phishtank,1,0.9983949218086066,1
tranco_benign_proxy,0,0.9047719059403416,1
tranco_benign_proxy,0,0.8910350988351657,1
tranco_benign_proxy,0,0.07657343605604335,0
phishtank,1,0.9924865589964523,1
tranco_benign_proxy,0,0.08247819265179289,0
tranco_benign_proxy,0,0.07364139576753133,0
tranco_benign_proxy,0,0.19352996681890677,0
phishtank,1,0.997710612239682,1
tranco_benign_proxy,0,0.2139951561002787,0
phishtank,1,0.9995052420109589,1
phishtank,1,0.9994457525553583,1
phishtank,1,0.9949949761374914,1
tranco_benign_proxy,0,0.09496950508315477,0
phishtank,1,0.8732173461536802,1
tranco_benign_proxy,0,0.9561371910570268,1
tranco_benign_proxy,0,0.381401858833314,0
phishtank,1,0.9994805927539011,1
tranco_benign_proxy,0,0.058845179983518146,0
tranco_benign_proxy,0,0.7023523546193393,0
phishtank,1,0.9865862600637592,1
phishtank,1,0.9993245404958745,1
phishtank,1,0.9899138910813884,1
phishtank,1,0.985583226588768,1
phishtank,1,0.9889050532277297,1
phishtank,1,0.9862957571774512,1
phishtank,1,0.9710964863128504,1
tranco_benign_proxy,0,0.9684534277967718,1
tranco_benign_proxy,0,0.0036040375685653108,0
tranco_benign_proxy,0,0.7730200239005248,1
phishtank,1,0.9209478938285488,1
phishtank,1,0.5778637609980928,0
tranco_benign_proxy,0,0.24911065933898405,0
phishtank,1,0.1376638774102702,0
phishtank,1,0.25287576158114433,0
phishtank,1,0.0885887472889795,0
phishtank,1,0.9735867152897819,1
phishtank,1,0.9999931772066032,1
phishtank,1,0.9961418283037812,1
tranco_benign_proxy,0,0.756648901444205,0
tranco_benign_proxy,0,0.048408329152041345,0
phishtank,1,0.16893166734448126,0
phishtank,1,0.4627967674654031,0
phishtank,1,0.9999883136333099,1
phishtank,1,0.9977058971672563,1
phishtank,1,0.8370877875478748,1
phishtank,1,0.9987477068692356,1
tranco_benign_proxy,0,0.20056222715644384,0
tranco_benign_proxy,0,0.09201360492625947,0
phishtank,1,0.9997171633767185,1
tranco_benign_proxy,0,0.005692639333276592,0
tranco_benign_proxy,0,0.7135565577617708,0
phishtank,1,0.9801651534913772,1
tranco_benign_proxy,0,0.047982781330344816,0
phishtank,1,0.9715563251182839,1
tranco_benign_proxy,0,0.02875253894230496,0
phishtank,1,0.39448642469739176,0
tranco_benign_proxy,0,0.21322049144143224,0
tranco_benign_proxy,0,0.04936199712301632,0
tranco_benign_proxy,0,0.006452690891803643,0
phishtank,1,0.9772256246162946,1
tranco_benign_proxy,0,0.15060770364267625,0
phishtank,1,0.2034960817228109,0
tranco_benign_proxy,0,0.6456726981606851,0
tranco_benign_proxy,0,0.16538760039613526,0
phishtank,1,0.8027012562767235,1
tranco_benign_proxy,0,0.9862535899003804,1
phishtank,1,0.9999323236590901,1
tranco_benign_proxy,0,0.3271766478622236,0
phishtank,1,0.9992943696857141,1
tranco_benign_proxy,0,0.12054553050876743,0
phishtank,1,0.8949388016675639,1
tranco_benign_proxy,0,0.9506680526489506,1
phishtank,1,0.9931789112521705,1
tranco_benign_proxy,0,0.23193788576887972,0
phishtank,1,0.9976182744245136,1
phishtank,1,0.9704165299435101,1
tranco_benign_proxy,0,0.09364919801535232,0
tranco_benign_proxy,0,0.04829025732962255,0
phishtank,1,0.09138653640336729,0
tranco_benign_proxy,0,0.7236154542435622,0
tranco_benign_proxy,0,0.4303165299517195,0
phishtank,1,0.7341900646781616,0
tranco_benign_proxy,0,0.3292406701338049,0
phishtank,1,0.9990538968445586,1
tranco_benign_proxy,0,0.5834358097585921,0
phishtank,1,0.9905140093840282,1
tranco_benign_proxy,0,0.10584782725047795,0
tranco_benign_proxy,0,0.4227921615403258,0
phishtank,1,0.9975113241020079,1
phishtank,1,0.9972635990563874,1
phishtank,1,0.986537672069469,1
tranco_benign_proxy,0,0.5634845091873005,0
phishtank,1,0.9891893611478316,1
tranco_benign_proxy,0,0.3215907477527117,0
tranco_benign_proxy,0,0.6920220498437275,0
tranco_benign_proxy,0,0.4920931910358718,0
tranco_benign_proxy,0,0.208470882623768,0
phishtank,1,0.9990699574715736,1
phishtank,1,0.13604295781564707,0
tranco_benign_proxy,0,0.12201668850917217,0
phishtank,1,0.9918227745096392,1
tranco_benign_proxy,0,0.3222557719177517,0
tranco_benign_proxy,0,0.47422981686388516,0
phishtank,1,0.9905436941609758,1
tranco_benign_proxy,0,0.41233893529619786,0
phishtank,1,0.9964321927011991,1
tranco_benign_proxy,0,0.09843218359807558,0
phishtank,1,0.11611414267882937,0
phishtank,1,0.9985004341895062,1
tranco_benign_proxy,0,0.568812780706373,0
tranco_benign_proxy,0,0.4580815808737695,0
phishtank,1,0.995445284440319,1
phishtank,1,0.9993181214942476,1
tranco_benign_proxy,0,0.7302495504674433,0
phishtank,1,0.23131867137174647,0
phishtank,1,0.9960114227216245,1
phishtank,1,0.9897721846726988,1
phishtank,1,0.21963579685136633,0
phishtank,1,0.9988064200506472,1
phishtank,1,0.9981464961992252,1
phishtank,1,0.9948937547528364,1
phishtank,1,0.9078444158072531,1
phishtank,1,0.9996706855701042,1
phishtank,1,0.23518223596112625,0
phishtank,1,0.9980253878457278,1
phishtank,1,0.9999246409547938,1
phishtank,1,0.9941486189215382,1
tranco_benign_proxy,0,0.6917748945246773,0
phishtank,1,0.9997838603460639,1
phishtank,1,0.9594391595721712,1
phishtank,1,0.9990177467217368,1
tranco_benign_proxy,0,0.6589667466699767,0
phishtank,1,0.9999646695134764,1
phishtank,1,0.9996128694381656,1
tranco_benign_proxy,0,0.2433607052723333,0
tranco_benign_proxy,0,0.9958308869563751,1
tranco_benign_proxy,0,0.008798716908373224,0
phishtank,1,0.9921180353576523,1
tranco_benign_proxy,0,0.07748580206361218,0
tranco_benign_proxy,0,0.8853303833234029,1
phishtank,1,0.9909500311363623,1
tranco_benign_proxy,0,0.12827982371290783,0
phishtank,1,0.9924710068776386,1
tranco_benign_proxy,0,0.01501505933105011,0
tranco_benign_proxy,0,0.9233871464493666,1
phishtank,1,0.9995757159197904,1
tranco_benign_proxy,0,0.7910870563020234,1
tranco_benign_proxy,0,0.7898408333896652,1
tranco_benign_proxy,0,0.584515079152151,0
tranco_benign_proxy,0,0.018399792902120543,0
phishtank,1,0.9997827856911784,1
phishtank,1,0.9073840796516294,1
tranco_benign_proxy,0,0.6395902849130835,0
phishtank,1,0.8599249196182014,1
phishtank,1,0.9999958815841411,1
phishtank,1,0.970195774928166,1
phishtank,1,0.9521323178559871,1
phishtank,1,0.9999804469871098,1
tranco_benign_proxy,0,0.5183387043466943,0
tranco_benign_proxy,0,0.6389935258295194,0
tranco_benign_proxy,0,0.3710011617563506,0
tranco_benign_proxy,0,0.29409823967747756,0
tranco_benign_proxy,0,0.01841586006748581,0
phishtank,1,0.9948507909723655,1
phishtank,1,0.9328745271040636,1
phishtank,1,0.9995734788176487,1
tranco_benign_proxy,0,0.6592840484754837,0
tranco_benign_proxy,0,0.35168704526025596,0
tranco_benign_proxy,0,0.05310334975382696,0
phishtank,1,0.9932293138322983,1
phishtank,1,0.994157196469545,1
tranco_benign_proxy,0,0.019813947592405155,0
tranco_benign_proxy,0,0.8224791534013309,1
phishtank,1,0.8343273563738732,1
phishtank,1,0.9870368766604881,1
phishtank,1,0.9005865396102106,1
tranco_benign_proxy,0,0.2926114037139788,0
tranco_benign_proxy,0,0.6378314029638295,0
phishtank,1,0.9691954866168208,1
tranco_benign_proxy,0,0.7855316351579121,1
tranco_benign_proxy,0,0.782139001779358,1
phishtank,1,0.9274754858906807,1
tranco_benign_proxy,0,0.22725266448755121,0
phishtank,1,0.75975941812779,0
tranco_benign_proxy,0,0.7968810466571193,1
phishtank,1,0.9370276178846093,1
phishtank,1,0.9504274268633318,1
phishtank,1,0.9884405075515562,1
phishtank,1,0.9992873587805254,1
phishtank,1,0.9235369344268246,1
tranco_benign_proxy,0,0.7393943776201864,0
phishtank,1,0.9971566193495077,1
phishtank,1,0.9986641347970523,1
tranco_benign_proxy,0,0.1175177013819254,0
phishtank,1,0.9982871035253663,1
tranco_benign_proxy,0,0.13242672051284293,0
phishtank,1,0.9924365050048183,1
phishtank,1,0.9686349661863582,1
tranco_benign_proxy,0,0.2849602886612101,0
tranco_benign_proxy,0,0.24856354643906778,0
tranco_benign_proxy,0,0.9344087888356009,1
phishtank,1,0.9466587967180994,1
tranco_benign_proxy,0,0.2066905916900737,0
tranco_benign_proxy,0,0.10768429789269496,0
phishtank,1,0.9973048243562935,1
tranco_benign_proxy,0,0.31807595491045043,0
tranco_benign_proxy,0,0.6617741156127179,0
tranco_benign_proxy,0,0.39893184382850017,0
tranco_benign_proxy,0,0.8007715253729919,1
tranco_benign_proxy,0,0.7018129528183347,0
tranco_benign_proxy,0,0.1802081056632522,0
phishtank,1,0.4403770996597404,0
phishtank,1,0.8724562462777448,1
phishtank,1,0.9983858108614573,1
tranco_benign_proxy,0,0.1784472544973263,0
tranco_benign_proxy,0,0.16233802266861122,0
phishtank,1,0.9993359623518924,1
phishtank,1,0.9993580887907896,1
tranco_benign_proxy,0,0.14540646689986886,0
tranco_benign_proxy,0,0.40809156867335616,0
phishtank,1,0.9996951802528021,1
tranco_benign_proxy,0,0.0648941595694269,0
tranco_benign_proxy,0,0.005585253608558868,0
tranco_benign_proxy,0,0.08278259758899613,0
tranco_benign_proxy,0,0.7727417788576473,1
phishtank,1,0.9643306154637181,1
phishtank,1,0.999219539388343,1
phishtank,1,0.9927017996140423,1
tranco_benign_proxy,0,0.2602948040901121,0
tranco_benign_proxy,0,0.6175447764111346,0
phishtank,1,0.999565561848194,1
tranco_benign_proxy,0,0.9757298858621213,1
phishtank,1,0.9886378969712291,1
tranco_benign_proxy,0,0.0973667002205219,0
tranco_benign_proxy,0,0.0795440778601059,0
phishtank,1,0.8829522842521996,1
phishtank,1,0.9959426915618744,1
tranco_benign_proxy,0,0.9305902280166926,1
phishtank,1,0.9965553970052073,1
tranco_benign_proxy,0,0.72151724556305,0
phishtank,1,0.9787511269829988,1
phishtank,1,0.9996652493521958,1
tranco_benign_proxy,0,0.32949015791552466,0
tranco_benign_proxy,0,0.3711832374379164,0
tranco_benign_proxy,0,0.6157281833302294,0
phishtank,1,0.9928729488202811,1
phishtank,1,0.9950901123696597,1
phishtank,1,0.9999957242578774,1
tranco_benign_proxy,0,0.05747426258313483,0
phishtank,1,0.7487855126361889,0
phishtank,1,0.989823059906337,1
tranco_benign_proxy,0,0.2744760286608138,0
phishtank,1,0.5356638911004059,0
tranco_benign_proxy,0,0.13775831743611786,0
tranco_benign_proxy,0,0.08668502979260972,0
phishtank,1,0.9061212530445104,1
phishtank,1,0.9996868023890517,1
tranco_benign_proxy,0,0.8049119692142819,1
tranco_benign_proxy,0,0.11380838732037074,0
phishtank,1,0.6052076105973112,0
tranco_benign_proxy,0,0.2506153746469443,0
tranco_benign_proxy,0,0.19561984529627374,0
phishtank,1,0.06883196362008372,0
tranco_benign_proxy,0,0.9270199849542898,1
phishtank,1,0.998107144190406,1
tranco_benign_proxy,0,0.3351244929384446,0
phishtank,1,0.9996484864137465,1
tranco_benign_proxy,0,0.2163068087512457,0
phishtank,1,0.8021858112081725,1
tranco_benign_proxy,0,0.11953002917776172,0
tranco_benign_proxy,0,0.07241050580496725,0
phishtank,1,0.7126851469963162,0
tranco_benign_proxy,0,0.1068394603312794,0
tranco_benign_proxy,0,0.45399667787600667,0
tranco_benign_proxy,0,0.5352933517398771,0
phishtank,1,0.1603456215369637,0
tranco_benign_proxy,0,0.005303210042231542,0
tranco_benign_proxy,0,0.2916190465576157,0
phishtank,1,0.9982934817199669,1
tranco_benign_proxy,0,0.5265338371436569,0
tranco_benign_proxy,0,0.07397819093006616,0
tranco_benign_proxy,0,0.3391558041362798,0
phishtank,1,0.8274305252751984,1
tranco_benign_proxy,0,0.43332279456551076,0
phishtank,1,0.9999589036584517,1
phishtank,1,0.9984447439870914,1
tranco_benign_proxy,0,0.07840014904512416,0
tranco_benign_proxy,0,0.7476604707575354,0
phishtank,1,0.998301064783838,1
phishtank,1,0.9582321601719455,1
tranco_benign_proxy,0,0.926741800588133,1
phishtank,1,0.9997875433298996,1
tranco_benign_proxy,0,0.8209215093866375,1
tranco_benign_proxy,0,0.9901607220175307,1
phishtank,1,0.915382854425888,1
phishtank,1,0.996024614698732,1
tranco_benign_proxy,0,0.31424818207551153,0
phishtank,1,0.49502079198075355,0
phishtank,1,0.9365857542744014,1
phishtank,1,0.5750304111091428,0
phishtank,1,0.08087223320714147,0
phishtank,1,0.9833486957669504,1
phishtank,1,0.9757661036807255,1
tranco_benign_proxy,0,0.7730862754743313,1
tranco_benign_proxy,0,0.08138405740763843,0
phishtank,1,0.9897657981772834,1
phishtank,1,0.9993839676029656,1
phishtank,1,0.9994513003604626,1
phishtank,1,0.9893852676446958,1
tranco_benign_proxy,0,0.4685712424920987,0
phishtank,1,0.9173103715308608,1
tranco_benign_proxy,0,0.9138468224498973,1
tranco_benign_proxy,0,0.20267708808516452,0
phishtank,1,0.999505695974538,1
phishtank,1,0.9991316635669348,1
tranco_benign_proxy,0,0.8854055975923932,1
phishtank,1,0.9567931533917692,1
tranco_benign_proxy,0,0.9618696424771432,1
phishtank,1,0.9886605810188921,1
phishtank,1,0.9946010024942799,1
phishtank,1,0.9951151154248369,1
tranco_benign_proxy,0,0.9675859777228242,1
tranco_benign_proxy,0,0.24492621973182,0
tranco_benign_proxy,0,0.41763526437502463,0
phishtank,1,0.999966725370998,1
tranco_benign_proxy,0,0.5173340073659598,0
phishtank,1,0.7233940253333262,0
tranco_benign_proxy,0,0.8992193302303336,1
phishtank,1,0.5949082738912398,0
phishtank,1,0.7717072015335213,1
phishtank,1,0.9992287142484632,1
tranco_benign_proxy,0,0.12049387684204742,0
tranco_benign_proxy,0,0.9165616962363422,1
phishtank,1,0.8191772218533928,1
tranco_benign_proxy,0,0.4040413437726767,0
phishtank,1,0.9999764684976737,1
phishtank,1,0.9996836158391568,1
tranco_benign_proxy,0,0.44492193683092257,0
phishtank,1,0.9966166477165,1
phishtank,1,0.9989482525338638,1
phishtank,1,0.9999535044185425,1
tranco_benign_proxy,0,0.4238610685439947,0
phishtank,1,0.8991025919676996,1
tranco_benign_proxy,0,0.03589162113976239,0
phishtank,1,0.9999114504114163,1
phishtank,1,0.7859671768798567,1
phishtank,1,0.9677972186830955,1
tranco_benign_proxy,0,0.20302612158984448,0
phishtank,1,0.8524637183059539,1
phishtank,1,0.9943029245252052,1
phishtank,1,0.993465352943676,1
phishtank,1,0.9998153434464038,1
tranco_benign_proxy,0,0.4016943803993648,0
phishtank,1,0.9992446249688698,1
tranco_benign_proxy,0,0.2674992728616203,0
phishtank,1,0.9998684357123158,1
tranco_benign_proxy,0,0.8503036210648928,1
tranco_benign_proxy,0,0.9862308254152196,1
phishtank,1,0.35178289891604303,0
phishtank,1,0.9970855129169577,1
tranco_benign_proxy,0,0.5257860351228474,0
phishtank,1,0.9975580821639688,1
phishtank,1,0.9279734905864795,1
phishtank,1,0.9988248337248409,1
phishtank,1,0.9994009030144116,1
phishtank,1,0.9949442878571685,1
tranco_benign_proxy,0,0.6076854407525898,0
phishtank,1,0.9999772531179348,1
phishtank,1,0.994042279278499,1
tranco_benign_proxy,0,0.3967923626631833,0
phishtank,1,0.9938768540451939,1
tranco_benign_proxy,0,0.120822382673067,0
phishtank,1,0.9803680735749852,1
phishtank,1,0.9934549987165884,1
tranco_benign_proxy,0,0.3151382055997639,0
tranco_benign_proxy,0,0.9261196735491134,1
phishtank,1,0.9998237251144478,1
phishtank,1,0.563698489020902,0
tranco_benign_proxy,0,0.951707247355853,1
tranco_benign_proxy,0,0.35955484495312784,0
phishtank,1,0.9994764354901983,1
phishtank,1,0.8518595501741825,1
phishtank,1,0.9667432317373368,1
tranco_benign_proxy,0,0.0074383983763792495,0
tranco_benign_proxy,0,0.04651996147713696,0
tranco_benign_proxy,0,0.1795438783762408,0
tranco_benign_proxy,0,0.12531657040580801,0
phishtank,1,0.15637072280789932,0
phishtank,1,0.5811219769583327,0
tranco_benign_proxy,0,0.4620173900972676,0
phishtank,1,0.286892854506139,0
phishtank,1,0.9680832537953712,1
tranco_benign_proxy,0,0.608326903041501,0
tranco_benign_proxy,0,0.3748255538050431,0
tranco_benign_proxy,0,0.9339385671008466,1
phishtank,1,0.9999606990473084,1
phishtank,1,0.998927087234487,1
phishtank,1,0.9879836108366825,1
tranco_benign_proxy,0,0.23885763116799585,0
phishtank,1,0.22437299168823846,0
phishtank,1,0.956182387516236,1
tranco_benign_proxy,0,0.0021611964512870657,0
tranco_benign_proxy,0,0.7085509480140977,0
phishtank,1,0.6430220016038412,0
tranco_benign_proxy,0,0.21031058475901387,0
tranco_benign_proxy,0,0.22747885855964797,0
phishtank,1,0.9999821149166146,1
phishtank,1,0.9999942150647148,1
phishtank,1,0.9911586645189372,1
tranco_benign_proxy,0,0.72175708472239,0
tranco_benign_proxy,0,0.14201731755993055,0
tranco_benign_proxy,0,0.7465144793570656,0
tranco_benign_proxy,0,0.2591098974124693,0
tranco_benign_proxy,0,0.17539157539662104,0
tranco_benign_proxy,0,0.20014495957965087,0
phishtank,1,0.9887264500109536,1
phishtank,1,0.9999674298740713,1
tranco_benign_proxy,0,0.03666251298601816,0
phishtank,1,0.8038144905499739,1
tranco_benign_proxy,0,0.1093112865595077,0
tranco_benign_proxy,0,0.5986080041397164,0
tranco_benign_proxy,0,0.5636216309971622,0
phishtank,1,0.9907581609524172,1
phishtank,1,0.9975173256858312,1
tranco_benign_proxy,0,0.788017508801519,1
tranco_benign_proxy,0,0.9761078095904708,1
tranco_benign_proxy,0,0.1314377309416604,0
tranco_benign_proxy,0,0.5825852413388772,0
phishtank,1,0.9703993115863915,1
phishtank,1,0.9813932305077298,1
phishtank,1,0.9884304411878149,1
tranco_benign_proxy,0,0.6204997335834637,0
tranco_benign_proxy,0,0.4487924033572902,0
phishtank,1,0.1300353997025877,0
tranco_benign_proxy,0,0.8301095326113177,1
phishtank,1,0.9993876230666621,1
phishtank,1,0.9999448703591817,1
tranco_benign_proxy,0,0.01160543994565655,0
phishtank,1,0.9985399560047449,1
phishtank,1,0.9771642315395407,1
tranco_benign_proxy,0,0.6982660817371299,0
tranco_benign_proxy,0,0.228663067455938,0
phishtank,1,0.9884679237386508,1
tranco_benign_proxy,0,0.03735649261303977,0
phishtank,1,0.9996728871303769,1
phishtank,1,0.99871339406363,1
tranco_benign_proxy,0,0.5788664379581805,0
phishtank,1,0.9983027046405304,1
phishtank,1,0.9998920418495001,1
phishtank,1,0.9884721313481971,1
tranco_benign_proxy,0,0.4976677692830946,0
tranco_benign_proxy,0,0.876346817844961,1
tranco_benign_proxy,0,0.26403534801190315,0
tranco_benign_proxy,0,0.2559343045772171,0
tranco_benign_proxy,0,0.5306759049885698,0
phishtank,1,0.9993306695702396,1
tranco_benign_proxy,0,0.9058841555873768,1
phishtank,1,0.19331111928452874,0
phishtank,1,0.9929455848219434,1
tranco_benign_proxy,0,0.0030581843038991053,0
tranco_benign_proxy,0,0.25350049411250314,0
tranco_benign_proxy,0,0.5564913173316348,0
phishtank,1,0.992297880383692,1
phishtank,1,0.9976451531491122,1
tranco_benign_proxy,0,0.06894097416476319,0
tranco_benign_proxy,0,0.16789213900682992,0
phishtank,1,0.9986609028901046,1
tranco_benign_proxy,0,0.22027924485073017,0
tranco_benign_proxy,0,0.09004497184161757,0
tranco_benign_proxy,0,0.9181621191803285,1
tranco_benign_proxy,0,0.9127031526157114,1
tranco_benign_proxy,0,0.22575128510581602,0
phishtank,1,0.9949360070277135,1
tranco_benign_proxy,0,0.000845277813073811,0
tranco_benign_proxy,0,0.3502306570239033,0
phishtank,1,0.999929346924683,1
phishtank,1,0.08470366422454871,0
phishtank,1,0.9999410364618986,1
tranco_benign_proxy,0,0.2737081425115541,0
tranco_benign_proxy,0,0.028130516557937923,0
tranco_benign_proxy,0,0.10008601963413274,0
phishtank,1,0.9565848540617798,1
tranco_benign_proxy,0,0.8145351042303688,1
tranco_benign_proxy,0,0.14489244366804527,0
tranco_benign_proxy,0,0.9786717929717558,1
phishtank,1,0.29482729306683203,0
tranco_benign_proxy,0,0.8165374393637855,1
tranco_benign_proxy,0,0.11495362000722857,0
phishtank,1,0.1352417083886699,0
phishtank,1,0.9925229635303302,1
phishtank,1,0.995964715691768,1
phishtank,1,0.9150883839962843,1
phishtank,1,0.8587085394949787,1
tranco_benign_proxy,0,0.02640462292468906,0
phishtank,1,0.9981649663748426,1
tranco_benign_proxy,0,0.33392342683042925,0
phishtank,1,0.9642976966212597,1
tranco_benign_proxy,0,0.5311361694542349,0
phishtank,1,0.9404329379045876,1
phishtank,1,0.9588296795830837,1
phishtank,1,0.9827187969757536,1
phishtank,1,0.9927353047125087,1
phishtank,1,0.4770823184550953,0
tranco_benign_proxy,0,0.3341344630551325,0
phishtank,1,0.10056324674090522,0
tranco_benign_proxy,0,0.16722839592014924,0
tranco_benign_proxy,0,0.05452607612951766,0
tranco_benign_proxy,0,0.37450303640310467,0
tranco_benign_proxy,0,0.9646234374330516,1
tranco_benign_proxy,0,0.06825769881240448,0
tranco_benign_proxy,0,0.44994288726382714,0
phishtank,1,0.879657507646823,1
phishtank,1,0.9998489828066415,1
phishtank,1,0.8711791532513286,1
phishtank,1,0.9530809673407321,1
phishtank,1,0.9964929433237105,1
tranco_benign_proxy,0,0.7186848752047283,0
phishtank,1,0.9376553148653193,1
phishtank,1,0.9888946475787153,1
phishtank,1,0.999569068609162,1
phishtank,1,0.5869691990622528,0
phishtank,1,0.9847385509614484,1
phishtank,1,0.9997253918407845,1
tranco_benign_proxy,0,0.04995633265227802,0
phishtank,1,0.5482041458057856,0
phishtank,1,0.9999226383092745,1
tranco_benign_proxy,0,0.5907111783569919,0
phishtank,1,0.7869665309308465,1
phishtank,1,0.8507882755945462,1
tranco_benign_proxy,0,0.6372548335796047,0
phishtank,1,0.9896900185328863,1
phishtank,1,0.9879617487345068,1
tranco_benign_proxy,0,0.8920646844949133,1
tranco_benign_proxy,0,0.8109976811049612,1
phishtank,1,0.9355683273196929,1
phishtank,1,0.9979845893487228,1
tranco_benign_proxy,0,0.5822054484702034,0
tranco_benign_proxy,0,0.08717902622164594,0
phishtank,1,0.8710594105608344,1
tranco_benign_proxy,0,0.9228265734918605,1
tranco_benign_proxy,0,0.9770684548068853,1
tranco_benign_proxy,0,0.22778170486220808,0
phishtank,1,0.9994725876698995,1
phishtank,1,0.98150054578764,1
phishtank,1,0.9943840941775046,1
tranco_benign_proxy,0,0.08071660630471698,0
phishtank,1,0.9721382920112837,1
tranco_benign_proxy,0,0.6805394122306431,0
tranco_benign_proxy,0,0.9726334886789216,1
tranco_benign_proxy,0,0.48317033536304443,0
tranco_benign_proxy,0,0.6934896946219117,0
tranco_benign_proxy,0,0.041858009365183454,0
tranco_benign_proxy,0,0.07597437853356966,0
phishtank,1,0.9324306708548823,1
phishtank,1,0.6057430535533301,0
tranco_benign_proxy,0,0.21577819244770652,0
phishtank,1,0.9917793668957727,1
tranco_benign_proxy,0,0.20664161632104744,0
tranco_benign_proxy,0,0.23573345890215894,0
tranco_benign_proxy,0,0.09520077276201604,0
phishtank,1,0.40272096005412883,0
tranco_benign_proxy,0,0.16433952256885126,0
phishtank,1,0.4445241207372892,0
phishtank,1,0.21125116594669024,0
phishtank,1,0.9942130112558122,1
tranco_benign_proxy,0,0.30805598573330895,0
phishtank,1,0.9988119897791649,1
tranco_benign_proxy,0,0.14193926039577973,0
phishtank,1,0.9528231673303134,1
tranco_benign_proxy,0,0.8462690728557801,1
tranco_benign_proxy,0,0.26803369937906063,0
tranco_benign_proxy,0,0.017233757948452003,0
phishtank,1,0.8226733661732574,1
phishtank,1,0.9619108177909218,1
tranco_benign_proxy,0,0.4220474925697335,0
tranco_benign_proxy,0,0.09612818429508468,0
phishtank,1,0.998631040904434,1
tranco_benign_proxy,0,0.1262198111436235,0
phishtank,1,0.9890145863364215,1
tranco_benign_proxy,0,0.29288539130362506,0
phishtank,1,0.9982638348530092,1
tranco_benign_proxy,0,0.13833696420931282,0
phishtank,1,0.5056064127743446,0
tranco_benign_proxy,0,0.005452203938063592,0
phishtank,1,0.9868010183713524,1
phishtank,1,0.9942575209050184,1
phishtank,1,0.1859598498407216,0
phishtank,1,0.9996734968489719,1
tranco_benign_proxy,0,0.16410879346279975,0
tranco_benign_proxy,0,0.007453165867321745,0
tranco_benign_proxy,0,0.9932562847877583,1
tranco_benign_proxy,0,0.025589086996209164,0
tranco_benign_proxy,0,0.4049139032810481,0
phishtank,1,0.9992563897839166,1
tranco_benign_proxy,0,0.7927846530558824,1
phishtank,1,0.9986508299869005,1
phishtank,1,0.9712309158855733,1
phishtank,1,0.9998376314199975,1
tranco_benign_proxy,0,0.42607031081192503,0
tranco_benign_proxy,0,0.021552276293565067,0
phishtank,1,0.9987502573601752,1
tranco_benign_proxy,0,0.7998415477728332,1
phishtank,1,0.999334868963887,1
tranco_benign_proxy,0,0.944198653364397,1
tranco_benign_proxy,0,0.44540844064523716,0
phishtank,1,0.9823103944545634,1
phishtank,1,0.997496186661414,1
tranco_benign_proxy,0,0.9634740749970999,1
phishtank,1,0.9901434917094664,1
tranco_benign_proxy,0,0.2467651872299748,0
phishtank,1,0.9734643235482,1
phishtank,1,0.3578142072444874,0
phishtank,1,0.9905098546194695,1
phishtank,1,0.6551628154544401,0
tranco_benign_proxy,0,0.029429575722542747,0
tranco_benign_proxy,0,0.7015628629926464,0
phishtank,1,0.938238364870924,1
tranco_benign_proxy,0,0.014194087253306679,0
tranco_benign_proxy,0,0.9610454985334713,1
phishtank,1,0.9981277563393134,1
phishtank,1,0.14327406265863696,0
tranco_benign_proxy,0,0.519140063601108,0
phishtank,1,0.9993296982786711,1
phishtank,1,0.9965471587533886,1
phishtank,1,0.9981764831991554,1
phishtank,1,0.9769309215856151,1
phishtank,1,0.9649640315188877,1
tranco_benign_proxy,0,0.14053493750464569,0
phishtank,1,0.9999760085816554,1
tranco_benign_proxy,0,0.5530053185082782,0
tranco_benign_proxy,0,0.039900467446089466,0
tranco_benign_proxy,0,0.999746591058111,1
tranco_benign_proxy,0,0.2173098242048355,0
phishtank,1,0.9797290608024438,1
tranco_benign_proxy,0,0.0635673315850052,0
phishtank,1,0.9945617599167379,1
phishtank,1,0.9997023002850581,1
phishtank,1,0.8635551235402343,1
phishtank,1,0.7618805633277205,0
tranco_benign_proxy,0,0.962602326060556,1
tranco_benign_proxy,0,0.7797620653365643,1
tranco_benign_proxy,0,0.11201284786807648,0
tranco_benign_proxy,0,0.3851604865488125,0
tranco_benign_proxy,0,0.23055283855703887,0
phishtank,1,0.7687571914113062,1
tranco_benign_proxy,0,0.12491680519194326,0
phishtank,1,0.9315908891505962,1
phishtank,1,0.9993548649711195,1
phishtank,1,0.9989725441440412,1
phishtank,1,0.9983112375263934,1
tranco_benign_proxy,0,0.44715007393772016,0
phishtank,1,0.9695055136455867,1
tranco_benign_proxy,0,0.0013159977666592655,0
phishtank,1,0.8010541481927687,1
tranco_benign_proxy,0,0.9173447731992305,1
tranco_benign_proxy,0,0.3215709798172186,0
tranco_benign_proxy,0,0.32140985891579577,0
tranco_benign_proxy,0,0.10207594597507891,0
tranco_benign_proxy,0,0.17820533639122493,0
tranco_benign_proxy,0,0.014778535756685925,0
phishtank,1,0.9978309923976532,1
tranco_benign_proxy,0,0.05344472975990586,0
phishtank,1,0.9818391639161217,1
phishtank,1,0.9930154744087026,1
tranco_benign_proxy,0,0.06679088990093444,0
tranco_benign_proxy,0,0.3623883924354166,0
tranco_benign_proxy,0,0.7387761376560984,0
phishtank,1,0.9972326216417219,1
tranco_benign_proxy,0,0.869131102384452,1
tranco_benign_proxy,0,0.4761354774071775,0
tranco_benign_proxy,0,0.08883570897143345,0
tranco_benign_proxy,0,0.3333468741608699,0
tranco_benign_proxy,0,0.2877206987728724,0
tranco_benign_proxy,0,0.3473487772148419,0
tranco_benign_proxy,0,0.7972540119655869,1
phishtank,1,0.5688173606338294,0
phishtank,1,0.6903697475304835,0
phishtank,1,0.9998603284079178,1
tranco_benign_proxy,0,0.9174605169756956,1
tranco_benign_proxy,0,0.11036774182024199,0
tranco_benign_proxy,0,0.8276795415346075,1
phishtank,1,0.9939264767975848,1
phishtank,1,0.9991001779704153,1
tranco_benign_proxy,0,0.3326020148680248,0
phishtank,1,0.9936115351068582,1
tranco_benign_proxy,0,0.3900393032187029,0
phishtank,1,0.9999786970064586,1
tranco_benign_proxy,0,0.0507641825814236,0
phishtank,1,0.9999452949912938,1
phishtank,1,0.9999114309339088,1
tranco_benign_proxy,0,0.06441242075836102,0
phishtank,1,0.9815957146655966,1
phishtank,1,0.9590353932957876,1
phishtank,1,0.9941930965800463,1
phishtank,1,0.9588389739355258,1
phishtank,1,0.8040256798222547,1
phishtank,1,0.9917646482912907,1
phishtank,1,0.8174777447527684,1
tranco_benign_proxy,0,0.2025351970010453,0
tranco_benign_proxy,0,0.08888333102145608,0
phishtank,1,0.07791001898264678,0
phishtank,1,0.9783711441148603,1
tranco_benign_proxy,0,0.3741679569204493,0
phishtank,1,0.9992772774243251,1
tranco_benign_proxy,0,0.025257559396786856,0
phishtank,1,0.9924230890504646,1
phishtank,1,0.9999024475027163,1
phishtank,1,0.9998612830868925,1
tranco_benign_proxy,0,0.04131322305802695,0
phishtank,1,0.9963019441607313,1
phishtank,1,0.9998388853538361,1
tranco_benign_proxy,0,0.4120061751814757,0
phishtank,1,0.962371420011157,1
tranco_benign_proxy,0,0.8076650051807265,1
phishtank,1,0.999545461897882,1
phishtank,1,0.9786700785203281,1
tranco_benign_proxy,0,0.5808508967043625,0
tranco_benign_proxy,0,0.09318904474230422,0
phishtank,1,0.9222137512869281,1
tranco_benign_proxy,0,0.6197638717528866,0
tranco_benign_proxy,0,0.12982794531703062,0
phishtank,1,0.9548351571389474,1
tranco_benign_proxy,0,0.8716306164206846,1
tranco_benign_proxy,0,0.6435340436560817,0
tranco_benign_proxy,0,0.015757873444907894,0
tranco_benign_proxy,0,0.02996246816922645,0
phishtank,1,0.7659538435306396,0
phishtank,1,0.9960207822759962,1
tranco_benign_proxy,0,0.16119621329337466,0
tranco_benign_proxy,0,0.07793911561494626,0
tranco_benign_proxy,0,0.013585671172343753,0
tranco_benign_proxy,0,0.300221297335088,0
phishtank,1,0.9870411966321703,1
phishtank,1,0.9815928472698329,1
tranco_benign_proxy,0,0.8393260651959568,1
tranco_benign_proxy,0,0.12334844672020437,0
tranco_benign_proxy,0,0.6395664570852971,0
phishtank,1,0.9999887784904133,1
tranco_benign_proxy,0,0.5072258336820649,0
phishtank,1,0.9984724910857382,1
phishtank,1,0.7016710188615044,0
phishtank,1,0.7919613702923057,1
phishtank,1,0.9697861546408066,1
tranco_benign_proxy,0,0.2096859779267282,0
phishtank,1,0.9999567123075643,1
tranco_benign_proxy,0,0.3346606123177842,0
phishtank,1,0.9954374373893716,1
tranco_benign_proxy,0,0.5836162795022157,0
tranco_benign_proxy,0,0.08917789391847125,0
tranco_benign_proxy,0,0.04512878333294263,0
tranco_benign_proxy,0,0.3307787388270938,0
phishtank,1,0.9554892242462651,1
phishtank,1,0.9837991009759597,1
phishtank,1,0.9846599989679439,1
phishtank,1,0.9949923625098291,1
tranco_benign_proxy,0,0.6323245435070912,0
phishtank,1,0.9998382804686287,1
tranco_benign_proxy,0,0.13907942682293406,0
tranco_benign_proxy,0,0.36197314364498323,0
tranco_benign_proxy,0,0.41829994928341363,0
tranco_benign_proxy,0,0.03310890189660968,0
tranco_benign_proxy,0,0.5503647407252988,0
tranco_benign_proxy,0,0.05899677861050832,0
phishtank,1,0.9778492488956325,1
tranco_benign_proxy,0,0.04453006832680816,0
phishtank,1,0.998592120316069,1
phishtank,1,0.981799656380644,1
tranco_benign_proxy,0,0.8311267575792471,1
tranco_benign_proxy,0,0.6455096795210202,0
tranco_benign_proxy,0,0.9903733330000268,1
tranco_benign_proxy,0,0.022349814095086885,0
phishtank,1,0.9342125593381528,1
phishtank,1,0.9864135674487755,1
phishtank,1,0.6346747909572776,0
phishtank,1,0.9647882392367274,1
tranco_benign_proxy,0,0.6097135457632117,0
phishtank,1,0.9999961249459873,1
tranco_benign_proxy,0,0.05648954129141087,0
tranco_benign_proxy,0,0.02803110000589557,0
phishtank,1,0.28931536641981154,0
tranco_benign_proxy,0,0.42543206769391406,0
phishtank,1,0.7718158044942567,1
tranco_benign_proxy,0,0.1410456115445364,0
phishtank,1,0.864784869068679,1
phishtank,1,0.9905452617135386,1
tranco_benign_proxy,0,0.4517350326341721,0
tranco_benign_proxy,0,0.866564600650635,1
phishtank,1,0.6927481733459929,0
phishtank,1,0.6545128015067215,0
tranco_benign_proxy,0,0.14129425773342302,0
tranco_benign_proxy,0,0.25707624241278304,0
phishtank,1,0.9975676653502294,1
phishtank,1,0.3680048876738752,0
tranco_benign_proxy,0,0.5734525584352902,0
phishtank,1,0.9861963439938254,1
tranco_benign_proxy,0,0.9924163254385746,1
phishtank,1,0.9645958406230805,1
tranco_benign_proxy,0,0.05151101452281828,0
phishtank,1,0.8389787259664677,1
phishtank,1,0.9429408004092452,1
phishtank,1,0.697971278123194,0
phishtank,1,0.5424142716789264,0
tranco_benign_proxy,0,0.9394281265658772,1
tranco_benign_proxy,0,0.10440843018547494,0
tranco_benign_proxy,0,0.586057013077268,0
phishtank,1,0.5120957647918853,0
tranco_benign_proxy,0,0.09233597322316965,0
tranco_benign_proxy,0,0.22185176051525726,0
phishtank,1,0.9692349243506696,1
tranco_benign_proxy,0,0.9559411004431951,1
phishtank,1,0.9974846660725339,1
phishtank,1,0.999185381618678,1
tranco_benign_proxy,0,0.8247599227250336,1
phishtank,1,0.9796634705435008,1
phishtank,1,0.3738249434934321,0
tranco_benign_proxy,0,0.3360953284888819,0
phishtank,1,0.9999996312727729,1
tranco_benign_proxy,0,0.21902300358041824,0
tranco_benign_proxy,0,0.869584265386154,1
phishtank,1,0.9992565123597167,1
phishtank,1,0.9976867011661678,1
tranco_benign_proxy,0,0.0664295354600145,0
phishtank,1,0.9952410491422918,1
phishtank,1,0.96858545372458,1
tranco_benign_proxy,0,0.03742923135677156,0
tranco_benign_proxy,0,0.0916676445843435,0
tranco_benign_proxy,0,0.795863610333009,1
phishtank,1,0.29902716867575724,0
tranco_benign_proxy,0,0.001568233967357254,0
tranco_benign_proxy,0,0.7706491900398464,1
tranco_benign_proxy,0,0.29859146274461984,0
tranco_benign_proxy,0,0.22828763544493497,0
phishtank,1,0.9387381134431103,1
tranco_benign_proxy,0,0.03900144283779655,0
tranco_benign_proxy,0,0.1640993373080645,0
tranco_benign_proxy,0,0.27646355386489174,0
phishtank,1,0.984647882758403,1
phishtank,1,0.9852692859046112,1
phishtank,1,0.25837642112561815,0
phishtank,1,0.99579196232263,1
phishtank,1,0.9994247093244985,1
phishtank,1,0.9726198210992749,1
phishtank,1,0.9429540492434478,1
tranco_benign_proxy,0,0.25757325971271056,0
tranco_benign_proxy,0,0.3586060393393908,0
phishtank,1,0.4753122985047871,0
tranco_benign_proxy,0,0.2119806831166747,0
tranco_benign_proxy,0,0.8144596284076354,1
phishtank,1,0.8909968497666638,1
tranco_benign_proxy,0,0.5150059836932572,0
phishtank,1,0.9962344227602647,1
tranco_benign_proxy,0,0.2111049895851589,0
phishtank,1,0.9551143040657896,1
phishtank,1,0.7635610133583397,0
phishtank,1,0.9894336333663476,1
tranco_benign_proxy,0,0.5274449322769453,0
phishtank,1,0.9948714513573645,1
tranco_benign_proxy,0,0.547588767590471,0
phishtank,1,0.903901719826778,1
tranco_benign_proxy,0,0.30038265468871356,0
phishtank,1,0.9036462854261949,1
phishtank,1,0.9920295079108986,1
tranco_benign_proxy,0,0.2604350129721785,0
tranco_benign_proxy,0,0.7895286336017583,1
tranco_benign_proxy,0,0.12287024236242305,0
tranco_benign_proxy,0,0.47562480992575706,0
phishtank,1,0.8825261375893978,1
tranco_benign_proxy,0,0.008039457706968907,0
tranco_benign_proxy,0,0.9918966808408629,1
phishtank,1,0.9588883286827748,1
tranco_benign_proxy,0,0.9221078882310114,1
phishtank,1,0.9987555189478373,1
tranco_benign_proxy,0,0.07736413379534224,0
tranco_benign_proxy,0,0.5338499741862017,0
tranco_benign_proxy,0,0.2844074846137267,0
phishtank,1,0.9985150314669933,1
phishtank,1,0.9847582776928455,1
tranco_benign_proxy,0,0.7050281272792669,0
phishtank,1,0.9855053690010142,1
tranco_benign_proxy,0,0.024251802130328792,0
phishtank,1,0.9788724562649889,1
tranco_benign_proxy,0,0.8408592665175827,1
phishtank,1,0.9639962010761078,1
tranco_benign_proxy,0,0.2527534649890957,0
tranco_benign_proxy,0,0.7880100739281913,1
tranco_benign_proxy,0,0.24187894957326025,0
tranco_benign_proxy,0,0.5694013784798102,0
phishtank,1,0.9815422867663668,1
tranco_benign_proxy,0,0.2550412498049193,0
phishtank,1,0.9631881386321538,1
tranco_benign_proxy,0,0.6710646034501389,0
phishtank,1,0.9999857576227953,1
phishtank,1,0.9772103789671878,1
tranco_benign_proxy,0,0.2766728472804527,0
tranco_benign_proxy,0,0.10124752092108819,0
tranco_benign_proxy,0,0.18912228596284028,0
tranco_benign_proxy,0,0.2847984609387439,0
tranco_benign_proxy,0,0.6633629291560712,0
tranco_benign_proxy,0,0.5530073737605596,0
phishtank,1,0.5373742700241484,0
tranco_benign_proxy,0,0.004425505723885257,0
phishtank,1,0.7288600298916093,0
phishtank,1,0.999641663403729,1
phishtank,1,0.9907452745307973,1
phishtank,1,0.9985544627578532,1
tranco_benign_proxy,0,0.15173315655936093,0
tranco_benign_proxy,0,0.6083007001911234,0
tranco_benign_proxy,0,0.3646751088055301,0
phishtank,1,0.3957977495555171,0
phishtank,1,0.9985833733359756,1
phishtank,1,0.9035502222346259,1
phishtank,1,0.9405335343047841,1
phishtank,1,0.9975111842026595,1
tranco_benign_proxy,0,0.29643678488068265,0
tranco_benign_proxy,0,0.22002985490289162,0
phishtank,1,0.18972641748657149,0
tranco_benign_proxy,0,0.14500519541849202,0
tranco_benign_proxy,0,0.6127228074357747,0
phishtank,1,0.9999158123895855,1
tranco_benign_proxy,0,0.6917738742560657,0
phishtank,1,0.9967627280321977,1
tranco_benign_proxy,0,0.9128059156706643,1
phishtank,1,0.9632576333968621,1
phishtank,1,0.9841568075503188,1
tranco_benign_proxy,0,0.49693979755342815,0
phishtank,1,0.987232192849009,1
tranco_benign_proxy,0,0.9260410129416407,1
tranco_benign_proxy,0,0.3375157786727447,0
phishtank,1,0.9992490349204497,1
tranco_benign_proxy,0,0.0807459440995358,0
phishtank,1,0.9995588164463755,1
tranco_benign_proxy,0,0.6395362246697982,0
tranco_benign_proxy,0,0.9579391569349069,1
tranco_benign_proxy,0,0.513996309708142,0
tranco_benign_proxy,0,0.17976960441531978,0
tranco_benign_proxy,0,0.060183318094443355,0
phishtank,1,0.9818442931768726,1
phishtank,1,0.11488509121777399,0
phishtank,1,0.6578129794971511,0
phishtank,1,0.9923742594703688,1
phishtank,1,0.9862422147808284,1
tranco_benign_proxy,0,0.8836871837252633,1
tranco_benign_proxy,0,0.328938343556169,0
phishtank,1,0.9877195216372477,1
phishtank,1,0.991993501946875,1
phishtank,1,0.9753026941448993,1
tranco_benign_proxy,0,0.03245394304281376,0
phishtank,1,0.9944574921817823,1
phishtank,1,0.4159762351295939,0
tranco_benign_proxy,0,0.49955213825047046,0
tranco_benign_proxy,0,0.5537079204845777,0
tranco_benign_proxy,0,0.7966719504831191,1
phishtank,1,0.29636207056728814,0
phishtank,1,0.6167077304313289,0
tranco_benign_proxy,0,0.10791604408224427,0
phishtank,1,0.9657936931351452,1
tranco_benign_proxy,0,0.8442010059768892,1
phishtank,1,0.9996737369878621,1
tranco_benign_proxy,0,0.03360207618143209,0
phishtank,1,0.15819716301255715,0
phishtank,1,0.9996584015349723,1
tranco_benign_proxy,0,0.1859066465572705,0
phishtank,1,0.9540434550590091,1
phishtank,1,0.9902232427807136,1
tranco_benign_proxy,0,0.7893502946482569,1
tranco_benign_proxy,0,0.30872690596218594,0
tranco_benign_proxy,0,0.8985486603539793,1
tranco_benign_proxy,0,0.6638574309337504,0
phishtank,1,0.9963595694454662,1
tranco_benign_proxy,0,0.9446354676038072,1
phishtank,1,0.9865875205548972,1
phishtank,1,0.9987117298353186,1
tranco_benign_proxy,0,0.026293593047408352,0
phishtank,1,0.7837189572793661,1
phishtank,1,0.28833585967543984,0
tranco_benign_proxy,0,0.8556786604848652,1
tranco_benign_proxy,0,0.7469502034099208,0
tranco_benign_proxy,0,0.22711676494510238,0
tranco_benign_proxy,0,0.5679633651881979,0
tranco_benign_proxy,0,0.8172084414730733,1
tranco_benign_proxy,0,0.6277055935086985,0
tranco_benign_proxy,0,0.017795951136782024,0
tranco_benign_proxy,0,0.2555542547857332,0
tranco_benign_proxy,0,0.17330596784074073,0
tranco_benign_proxy,0,0.11395756172358312,0
phishtank,1,0.167756050108332,0
phishtank,1,0.997137521836247,1
phishtank,1,0.9839752683951424,1
tranco_benign_proxy,0,0.022956684327611943,0
phishtank,1,0.9977476359259759,1
tranco_benign_proxy,0,0.13019190111767598,0
tranco_benign_proxy,0,0.8951997212102846,1
phishtank,1,0.992330893036348,1
tranco_benign_proxy,0,0.5600059164247216,0
phishtank,1,0.9978671764714729,1
tranco_benign_proxy,0,0.16630344267112643,0
phishtank,1,0.7345848448255868,0
tranco_benign_proxy,0,0.2504640802611381,0
tranco_benign_proxy,0,0.5481674224207316,0
tranco_benign_proxy,0,0.08129259269435361,0
phishtank,1,0.9986052934493834,1
phishtank,1,0.9001034746159878,1
phishtank,1,0.9992154982286372,1
tranco_benign_proxy,0,0.3565177592694781,0
phishtank,1,0.9895350109217087,1
phishtank,1,0.954123383807989,1
tranco_benign_proxy,0,0.15481474935024087,0
phishtank,1,0.9894366912867528,1
tranco_benign_proxy,0,0.6653254041473068,0
phishtank,1,0.9875897840836421,1
phishtank,1,0.5154771612798812,0
tranco_benign_proxy,0,0.804579438790338,1
tranco_benign_proxy,0,0.9194436695262649,1
tranco_benign_proxy,0,0.1060361983532983,0
tranco_benign_proxy,0,0.08331765367548757,0
tranco_benign_proxy,0,0.17838885374177277,0
phishtank,1,0.5407977163906748,0
phishtank,1,0.9999853261922358,1
tranco_benign_proxy,0,0.18539328270611208,0
tranco_benign_proxy,0,0.8447960805970476,1
phishtank,1,0.9989502625147055,1
phishtank,1,0.9989536854910064,1
tranco_benign_proxy,0,0.9611131126804603,1
tranco_benign_proxy,0,0.1389288091043093,0
tranco_benign_proxy,0,0.3565328400680665,0
phishtank,1,0.9999080642327357,1
tranco_benign_proxy,0,0.8212302042301272,1
tranco_benign_proxy,0,0.4335196237984794,0
phishtank,1,0.7957843378477094,1
phishtank,1,0.993994921081146,1
tranco_benign_proxy,0,0.5434671903709567,0
tranco_benign_proxy,0,0.756780242568535,0
tranco_benign_proxy,0,0.10209780790374577,0
tranco_benign_proxy,0,0.1404514344299823,0
phishtank,1,0.9954577920320269,1
phishtank,1,0.9997532083961105,1
phishtank,1,0.2123326435851711,0
tranco_benign_proxy,0,0.09851494319871534,0
tranco_benign_proxy,0,0.833010584899104,1
phishtank,1,0.9879917495604408,1
phishtank,1,0.998933614027019,1
tranco_benign_proxy,0,0.9914231934003854,1
tranco_benign_proxy,0,0.09851017651566851,0
tranco_benign_proxy,0,0.09029473487949503,0
tranco_benign_proxy,0,0.5211615601080821,0
tranco_benign_proxy,0,0.14805125570679228,0
tranco_benign_proxy,0,0.666175690179585,0
phishtank,1,0.2195165587370349,0
phishtank,1,0.9706971652820882,1
tranco_benign_proxy,0,0.4189483952645162,0
tranco_benign_proxy,0,0.23738275300029082,0
phishtank,1,0.9994855032018639,1
phishtank,1,0.5995995217519569,0
tranco_benign_proxy,0,0.4450980373426156,0
tranco_benign_proxy,0,0.2719967778821965,0
tranco_benign_proxy,0,0.1706734889986036,0
tranco_benign_proxy,0,0.0332105667229732,0
tranco_benign_proxy,0,0.3490620664637904,0
tranco_benign_proxy,0,0.2752448875386876,0
phishtank,1,0.9859443443553357,1
phishtank,1,0.7114844400054414,0
phishtank,1,0.27612768867344734,0
phishtank,1,0.9995991926094037,1
phishtank,1,0.26182952689928163,0
tranco_benign_proxy,0,0.14134995791793992,0
phishtank,1,0.9989648933016518,1
phishtank,1,0.9980189554079554,1
tranco_benign_proxy,0,0.03995118484220071,0
tranco_benign_proxy,0,0.7845983266829595,1
tranco_benign_proxy,0,0.03394958822749284,0
tranco_benign_proxy,0,0.22840837882881646,0
phishtank,1,0.9965142979297068,1
phishtank,1,0.12087656594823683,0
tranco_benign_proxy,0,0.9023188982556964,1
tranco_benign_proxy,0,0.08930755071597861,0
tranco_benign_proxy,0,0.0027059250108282286,0
phishtank,1,0.9536857628793346,1
tranco_benign_proxy,0,0.05817286171465263,0
phishtank,1,0.9818086755007472,1
tranco_benign_proxy,0,0.060204890012683185,0
phishtank,1,0.993478477407581,1
phishtank,1,0.9703962099452753,1
phishtank,1,0.9892422661491632,1
tranco_benign_proxy,0,0.2015444998737792,0
tranco_benign_proxy,0,0.8961073992559665,1
phishtank,1,0.9810521181985792,1
tranco_benign_proxy,0,0.18788863808792997,0
tranco_benign_proxy,0,0.9065568921260724,1
tranco_benign_proxy,0,0.3355697156629373,0
tranco_benign_proxy,0,0.9454929387267311,1
phishtank,1,0.9876337288102855,1
tranco_benign_proxy,0,0.02165315643352756,0
phishtank,1,0.25714515545350053,0
phishtank,1,0.9982082163341547,1
phishtank,1,0.5048200441703105,0
phishtank,1,0.941372346569239,1
phishtank,1,0.9994543913759767,1
phishtank,1,0.5424683498919675,0
phishtank,1,0.9807093458295756,1
tranco_benign_proxy,0,0.13516547637348122,0
tranco_benign_proxy,0,0.727637382498637,0
phishtank,1,0.9956674513347235,1
tranco_benign_proxy,0,0.40877934338476674,0
tranco_benign_proxy,0,0.23461055191010274,0
tranco_benign_proxy,0,0.5749321878006772,0
phishtank,1,0.9634281970314348,1
tranco_benign_proxy,0,0.04832345337889644,0
tranco_benign_proxy,0,0.9292260527375463,1
phishtank,1,0.9974547792835217,1
tranco_benign_proxy,0,0.8497290803843208,1
phishtank,1,0.9989227949858641,1
tranco_benign_proxy,0,0.7609647464795367,0
tranco_benign_proxy,0,0.14208522310233843,0
phishtank,1,0.9956959258434225,1
phishtank,1,0.9834436691125796,1
tranco_benign_proxy,0,0.3749071506930528,0
phishtank,1,0.9980208087268233,1
tranco_benign_proxy,0,0.5723891461655476,0
phishtank,1,0.9998967004541285,1
phishtank,1,0.9931898988129914,1
tranco_benign_proxy,0,0.7757933276095538,1
phishtank,1,0.2501576705224622,0
tranco_benign_proxy,0,0.06863374951896363,0
tranco_benign_proxy,0,0.9381970166263525,1
phishtank,1,0.14884836948486868,0
tranco_benign_proxy,0,0.009134149078880011,0
phishtank,1,0.999982313278729,1
phishtank,1,0.9522039356710521,1
tranco_benign_proxy,0,0.15862193297837762,0
phishtank,1,0.4392203223347491,0
tranco_benign_proxy,0,0.04672375146923112,0
phishtank,1,0.08673247259497698,0
tranco_benign_proxy,0,0.0821196074826664,0
phishtank,1,0.9186938753714907,1
tranco_benign_proxy,0,0.022572874026516455,0
tranco_benign_proxy,0,0.16960927270185436,0
tranco_benign_proxy,0,0.7838296735893355,1
tranco_benign_proxy,0,0.9309984537987083,1
tranco_benign_proxy,0,0.45203715395554916,0
phishtank,1,0.9902575754729563,1
phishtank,1,0.9997257106025337,1
phishtank,1,0.8915607672602093,1
phishtank,1,0.6253853425035409,0
tranco_benign_proxy,0,0.5405672115155892,0
phishtank,1,0.9958129402862853,1
phishtank,1,0.9994707238123284,1
tranco_benign_proxy,0,0.13621336659163172,0
tranco_benign_proxy,0,0.09254898697573818,0
tranco_benign_proxy,0,0.12643118396553887,0
phishtank,1,0.04064078410264807,0
phishtank,1,0.8085947761566963,1
phishtank,1,0.4112448680048075,0
tranco_benign_proxy,0,0.09376861325496444,0
tranco_benign_proxy,0,0.8514380095853408,1
phishtank,1,0.9897915522768279,1
phishtank,1,0.997536162977892,1
phishtank,1,0.9979970582663577,1
tranco_benign_proxy,0,0.4853755456892809,0
tranco_benign_proxy,0,0.5546843989300773,0
phishtank,1,0.9999834217930983,1
tranco_benign_proxy,0,0.1432186824567434,0
tranco_benign_proxy,0,0.046698088875080444,0
phishtank,1,0.8665196611795157,1
phishtank,1,0.9939624472850818,1
phishtank,1,0.9999660659841992,1
phishtank,1,0.9845133039994408,1
tranco_benign_proxy,0,0.17496072380884653,0
phishtank,1,0.014566061931520963,0
tranco_benign_proxy,0,0.05442321929415754,0
tranco_benign_proxy,0,0.8495320781502,1
phishtank,1,0.9987344029903349,1
phishtank,1,0.9365595545594577,1
tranco_benign_proxy,0,0.00038221829530140836,0
phishtank,1,0.999445430496199,1
tranco_benign_proxy,0,0.2453111958991952,0
phishtank,1,0.9830477440963757,1
tranco_benign_proxy,0,0.7851511226420845,1
tranco_benign_proxy,0,0.1481367246249916,0
tranco_benign_proxy,0,0.9558091268195237,1
tranco_benign_proxy,0,0.1785072924999679,0
phishtank,1,0.9999195814503381,1
phishtank,1,0.9828578244952367,1
tranco_benign_proxy,0,0.5217352860337763,0
tranco_benign_proxy,0,0.81678586914649,1
phishtank,1,0.9989546823415834,1
phishtank,1,0.9928122146643681,1
phishtank,1,0.9391590718966712,1
tranco_benign_proxy,0,0.9520979482845002,1
tranco_benign_proxy,0,0.6790233895064778,0
phishtank,1,0.8734706762946066,1
phishtank,1,0.954328959647748,1
phishtank,1,0.9951169137176075,1
tranco_benign_proxy,0,0.003842539109662555,0
phishtank,1,0.9951436713964468,1
tranco_benign_proxy,0,0.4290917749033167,0
tranco_benign_proxy,0,0.518154368726059,0
tranco_benign_proxy,0,0.04370483773388011,0
phishtank,1,0.9999530428627322,1
phishtank,1,0.990569476816401,1
tranco_benign_proxy,0,0.42272354639538323,0
tranco_benign_proxy,0,0.07286068465376362,0
phishtank,1,0.9944102800431234,1
phishtank,1,0.9934982081151248,1
tranco_benign_proxy,0,0.022742702306992196,0
phishtank,1,0.9120917573849665,1
tranco_benign_proxy,0,0.27971331597916543,0
tranco_benign_proxy,0,0.9182017509142939,1
phishtank,1,0.9987352189904529,1
tranco_benign_proxy,0,0.12101710526411867,0
phishtank,1,0.9999044913289822,1
tranco_benign_proxy,0,0.8720137776065321,1
phishtank,1,0.9988580401984574,1
phishtank,1,0.9909030086010817,1
phishtank,1,0.999853713877165,1
phishtank,1,0.9761773766371294,1
phishtank,1,0.9789055936515957,1
phishtank,1,0.9994911863171577,1
phishtank,1,0.981842865865469,1
phishtank,1,0.7138930333372885,0
tranco_benign_proxy,0,0.07821061181005055,0
phishtank,1,0.9843888464450417,1
phishtank,1,0.980565508690286,1
phishtank,1,0.9938451257799564,1
tranco_benign_proxy,0,0.4580239619224711,0
tranco_benign_proxy,0,0.08306516655528944,0
phishtank,1,0.9971862541440504,1
phishtank,1,0.9998331807249896,1
phishtank,1,0.8945658746805925,1
phishtank,1,0.9691925552082349,1
phishtank,1,0.9982049404787441,1
phishtank,1,0.105496452421703,0
phishtank,1,0.9754509660258607,1
phishtank,1,0.9990376516628846,1
phishtank,1,0.9564257276672504,1
phishtank,1,0.999774551902325,1
tranco_benign_proxy,0,0.04486920293022362,0
phishtank,1,0.1330019039058294,0
phishtank,1,0.05462190010156483,0
tranco_benign_proxy,0,0.41361106809593684,0
phishtank,1,0.9935480262706706,1
phishtank,1,0.9987587139306964,1
phishtank,1,0.8117030922578425,1
phishtank,1,0.9979221166914775,1
tranco_benign_proxy,0,0.010787308633357475,0
phishtank,1,0.977357253942192,1
phishtank,1,0.9995635366099102,1
tranco_benign_proxy,0,0.963625857912131,1
phishtank,1,0.7748611340807974,1
tranco_benign_proxy,0,0.9751184167654081,1
tranco_benign_proxy,0,0.2957125036287152,0
phishtank,1,0.9998890285310301,1
tranco_benign_proxy,0,0.13224950169471839,0
phishtank,1,0.9447303750222545,1
tranco_benign_proxy,0,0.39409037776024164,0
phishtank,1,0.060495779460232164,0
phishtank,1,0.9998835310970493,1
tranco_benign_proxy,0,0.7380495937056882,0
tranco_benign_proxy,0,0.15106476641472705,0
tranco_benign_proxy,0,0.5257038460701562,0
phishtank,1,0.771099354644264,1
tranco_benign_proxy,0,0.2914694190772456,0
phishtank,1,0.9887609944582246,1
tranco_benign_proxy,0,0.8148103056448053,1
phishtank,1,0.9983877874378411,1
tranco_benign_proxy,0,0.05364140867854953,0
tranco_benign_proxy,0,0.39734105884599147,0
tranco_benign_proxy,0,0.09077837106348698,0
tranco_benign_proxy,0,0.718306597078454,0
tranco_benign_proxy,0,0.7910668656555438,1
phishtank,1,0.6556124566625373,0
tranco_benign_proxy,0,0.41671694555600275,0
phishtank,1,0.9901833915197539,1
tranco_benign_proxy,0,0.9878645491689889,1
phishtank,1,0.9775204793305978,1
phishtank,1,0.9797467074014614,1
tranco_benign_proxy,0,0.5514874219960921,0
tranco_benign_proxy,0,0.352594102699195,0
tranco_benign_proxy,0,0.3975342593286741,0
tranco_benign_proxy,0,0.5745700274481503,0
tranco_benign_proxy,0,0.3330315331695876,0
tranco_benign_proxy,0,0.0577053463174663,0
tranco_benign_proxy,0,0.7500414099193115,0
tranco_benign_proxy,0,0.25509226685734204,0
phishtank,1,0.27823865623198074,0
tranco_benign_proxy,0,0.010924618438919516,0
phishtank,1,0.9727054820188443,1
tranco_benign_proxy,0,0.6158968863378576,0
tranco_benign_proxy,0,0.9921145780700801,1
tranco_benign_proxy,0,0.12444071378670936,0
phishtank,1,0.8365636906715901,1
tranco_benign_proxy,0,0.6490825120492812,0
phishtank,1,0.8565043372073137,1
tranco_benign_proxy,0,0.27345030207268006,0
tranco_benign_proxy,0,0.2089969777478224,0
tranco_benign_proxy,0,0.6343562279560303,0
tranco_benign_proxy,0,0.20754600230430176,0
phishtank,1,0.9331142147362205,1
phishtank,1,0.4238907330752267,0
phishtank,1,0.9999188328291645,1
phishtank,1,0.9999882406264127,1
phishtank,1,0.999374100633893,1
tranco_benign_proxy,0,0.18598048005760762,0
tranco_benign_proxy,0,0.18952429294448545,0
tranco_benign_proxy,0,0.8926346526108937,1
phishtank,1,0.9999811066469009,1
phishtank,1,0.8781875450577434,1
phishtank,1,0.9981961392320637,1
phishtank,1,0.9932270066785226,1
phishtank,1,0.575804188176,0
tranco_benign_proxy,0,0.8197948910053178,1
phishtank,1,0.9997860425623544,1
phishtank,1,0.9918006730292639,1
phishtank,1,0.9992379050064459,1
tranco_benign_proxy,0,0.809556571607371,1
phishtank,1,0.22033556952806,0
tranco_benign_proxy,0,0.08174240870149369,0
phishtank,1,0.8806273588700987,1
tranco_benign_proxy,0,0.5151646264502744,0
tranco_benign_proxy,0,0.061122955848036016,0
tranco_benign_proxy,0,0.17495257310406628,0
tranco_benign_proxy,0,0.34349097291156017,0
phishtank,1,0.9961191521579418,1
phishtank,1,0.9527258073055168,1
phishtank,1,0.9996420900757413,1
phishtank,1,0.9990962815424417,1
phishtank,1,0.9999584298838319,1
phishtank,1,0.49366514066237455,0
phishtank,1,0.9962860721307165,1
tranco_benign_proxy,0,0.4359475973700688,0
tranco_benign_proxy,0,0.28662817402185115,0
phishtank,1,0.7007308495816116,0
phishtank,1,0.9657297305595066,1
tranco_benign_proxy,0,0.22704846402018822,0
phishtank,1,0.9920581656426684,1
tranco_benign_proxy,0,0.5273777084630116,0
phishtank,1,0.9855700668844289,1
phishtank,1,0.9917319799210171,1
tranco_benign_proxy,0,0.7346530829793887,0
phishtank,1,0.9910386141078052,1
phishtank,1,0.9999748122621054,1
tranco_benign_proxy,0,0.8648685971136727,1
tranco_benign_proxy,0,0.2982372475667449,0
phishtank,1,0.9925419749759126,1
phishtank,1,0.9937148595889722,1
tranco_benign_proxy,0,0.200909345378731,0
phishtank,1,0.9980636843578838,1
phishtank,1,0.9689164739094004,1
tranco_benign_proxy,0,0.4501721212248215,0
tranco_benign_proxy,0,0.002379469548711355,0
phishtank,1,0.935684688212642,1
tranco_benign_proxy,0,0.14399863195810572,0
tranco_benign_proxy,0,0.7647430412723439,0
tranco_benign_proxy,0,0.6726144516765956,0
tranco_benign_proxy,0,0.13853313254583177,0
phishtank,1,0.7182242976049572,0
tranco_benign_proxy,0,0.6999320835577628,0
phishtank,1,0.9775113709025673,1
tranco_benign_proxy,0,0.4134852591257072,0
phishtank,1,0.9782974756906262,1
tranco_benign_proxy,0,0.18492237218840835,0
tranco_benign_proxy,0,0.15051672534690533,0
tranco_benign_proxy,0,0.08339855849661094,0
phishtank,1,0.9991340429735501,1
phishtank,1,0.8311724957976513,1
phishtank,1,0.9679805442021503,1
tranco_benign_proxy,0,0.30131675034877586,0
tranco_benign_proxy,0,0.9797646579118018,1
phishtank,1,0.9757267250682965,1
tranco_benign_proxy,0,0.1577145845248179,0
tranco_benign_proxy,0,0.7475676055526184,0
tranco_benign_proxy,0,0.6550971504103825,0
tranco_benign_proxy,0,0.05751389552768534,0
phishtank,1,0.9913110793945894,1
tranco_benign_proxy,0,0.07546919628449521,0
tranco_benign_proxy,0,0.11800674922189357,0
phishtank,1,0.17511592740503332,0
tranco_benign_proxy,0,0.16660553507639053,0
phishtank,1,0.8878574603799814,1
phishtank,1,0.996696918049446,1
phishtank,1,0.9983602140524086,1
phishtank,1,0.9901794391252623,1
tranco_benign_proxy,0,0.5879343064503363,0
tranco_benign_proxy,0,0.9929424966171905,1
phishtank,1,0.06862415482461731,0
phishtank,1,0.992203206900918,1
tranco_benign_proxy,0,0.3415566672911575,0
tranco_benign_proxy,0,0.3337885169843195,0
phishtank,1,0.7661533329630519,0
tranco_benign_proxy,0,0.2151174841718817,0
phishtank,1,0.9713441258129515,1
tranco_benign_proxy,0,0.3074006560934986,0
tranco_benign_proxy,0,0.10478024848226715,0
tranco_benign_proxy,0,0.22906734204164547,0
tranco_benign_proxy,0,0.40571407107374846,0
phishtank,1,0.9690212687820264,1
tranco_benign_proxy,0,0.03447488985763667,0
tranco_benign_proxy,0,0.034047954535932186,0
tranco_benign_proxy,0,0.3769782338893495,0
tranco_benign_proxy,0,0.5498387583949946,0
phishtank,1,0.6156728344684698,0
tranco_benign_proxy,0,0.1516504079849165,0
tranco_benign_proxy,0,0.03557500314615745,0
phishtank,1,0.8330983331458778,1
phishtank,1,0.998488708223339,1
phishtank,1,0.2198458935336638,0
tranco_benign_proxy,0,0.05954001265941806,0
phishtank,1,0.9745806160813303,1
tranco_benign_proxy,0,0.031547520740925976,0
phishtank,1,0.9975446599267106,1
tranco_benign_proxy,0,0.06006192561511237,0
tranco_benign_proxy,0,0.5804828909428038,0
phishtank,1,0.9562833425529863,1
tranco_benign_proxy,0,0.9899148392626679,1
phishtank,1,0.976574746240519,1
tranco_benign_proxy,0,0.07135668772828653,0
phishtank,1,0.9996279302415699,1
tranco_benign_proxy,0,0.7198316295565692,0
tranco_benign_proxy,0,0.11872227630796355,0
tranco_benign_proxy,0,0.5280275359634659,0
phishtank,1,0.775824118411614,1
tranco_benign_proxy,0,0.04776462433698383,0
phishtank,1,0.96793188956263,1
tranco_benign_proxy,0,0.29760893113950143,0
phishtank,1,0.5561843873377834,0
phishtank,1,0.9868347301701649,1
tranco_benign_proxy,0,0.9048166790728971,1
phishtank,1,0.9994103768993857,1
tranco_benign_proxy,0,0.9000656399789275,1
phishtank,1,0.9997068602066914,1
phishtank,1,0.9985881556484246,1
tranco_benign_proxy,0,0.5355935860166775,0
phishtank,1,0.9913078510328869,1
tranco_benign_proxy,0,0.1402649471772942,0
tranco_benign_proxy,0,0.887950945156964,1
tranco_benign_proxy,0,0.06723222594838983,0
tranco_benign_proxy,0,0.02559831515904611,0
phishtank,1,0.9953136142068008,1
tranco_benign_proxy,0,0.03330373108292744,0
tranco_benign_proxy,0,0.07615148002514412,0
phishtank,1,0.989997881094913,1
phishtank,1,0.9997396350119174,1
phishtank,1,0.9952436865293786,1
phishtank,1,0.9999230551135315,1
tranco_benign_proxy,0,0.4621363376401661,0
tranco_benign_proxy,0,0.26455674109341243,0
tranco_benign_proxy,0,0.3325321361134573,0
phishtank,1,0.9941168254281635,1
phishtank,1,0.993404631308432,1
tranco_benign_proxy,0,0.9507362796019971,1
phishtank,1,0.9983919881502643,1
tranco_benign_proxy,0,0.4515976808705385,0
phishtank,1,0.8863206615224948,1
tranco_benign_proxy,0,0.08928085779420504,0
phishtank,1,0.6092589008272636,0
tranco_benign_proxy,0,0.39566080138567966,0
tranco_benign_proxy,0,0.04167714241893306,0
phishtank,1,0.9953152285552931,1
phishtank,1,0.38302213116657813,0
phishtank,1,0.5311207762432166,0
tranco_benign_proxy,0,0.30207142694543,0
phishtank,1,0.9963269270260298,1
tranco_benign_proxy,0,0.26281434720887137,0
phishtank,1,0.9718845533073378,1
phishtank,1,0.9836798065681973,1
phishtank,1,0.9985710227930054,1
phishtank,1,0.7014402407069745,0
phishtank,1,0.9641085792513447,1
phishtank,1,0.995007444762389,1
tranco_benign_proxy,0,0.38621721250761004,0
tranco_benign_proxy,0,0.2040821621776885,0
phishtank,1,0.9636958285350191,1
tranco_benign_proxy,0,0.19318758364582192,0
phishtank,1,0.7479282264500164,0
phishtank,1,0.9885231501360366,1
tranco_benign_proxy,0,0.15459963454458042,0
phishtank,1,0.9661570130955911,1
tranco_benign_proxy,0,0.6108136022479816,0
phishtank,1,0.8982053654820821,1
phishtank,1,0.9993403595144557,1
tranco_benign_proxy,0,0.09774121565339217,0
phishtank,1,0.9695914223460104,1
tranco_benign_proxy,0,0.5878887467011727,0
tranco_benign_proxy,0,0.14453197238238635,0
tranco_benign_proxy,0,0.079229452642442,0
phishtank,1,0.9840560005320959,1
tranco_benign_proxy,0,0.011432234475597887,0
tranco_benign_proxy,0,0.03925991333808414,0
phishtank,1,0.9999840131318507,1
phishtank,1,0.2601014910812577,0
tranco_benign_proxy,0,0.7310571321451507,0
tranco_benign_proxy,0,0.48710570197011666,0
tranco_benign_proxy,0,0.34743259960728934,0
tranco_benign_proxy,0,0.7286725967694908,0
tranco_benign_proxy,0,0.2270010971671477,0
phishtank,1,0.9180768411370791,1
tranco_benign_proxy,0,0.08567879783214284,0
tranco_benign_proxy,0,0.7871480318193453,1
tranco_benign_proxy,0,0.9026663819433025,1
tranco_benign_proxy,0,0.11708532505490364,0
phishtank,1,0.021208763829723712,0
tranco_benign_proxy,0,0.12325851773482456,0
tranco_benign_proxy,0,0.2614044399098129,0
tranco_benign_proxy,0,0.23577681567486664,0
tranco_benign_proxy,0,0.48191588342583824,0
tranco_benign_proxy,0,0.126338302575165,0
phishtank,1,0.9998433813606864,1
phishtank,1,0.9921341223386613,1
tranco_benign_proxy,0,0.3509600638719051,0
phishtank,1,0.9859620100203805,1
phishtank,1,0.9980595004148737,1
tranco_benign_proxy,0,0.26090303049745256,0
tranco_benign_proxy,0,0.07571256360196005,0
tranco_benign_proxy,0,0.006821501965732139,0
tranco_benign_proxy,0,0.8832923348221213,1
phishtank,1,0.9324252979489474,1
phishtank,1,0.972988181973224,1
tranco_benign_proxy,0,0.7231125073408163,0
phishtank,1,0.8110288705095173,1
phishtank,1,0.9992472694502584,1
phishtank,1,0.9992863454521956,1
tranco_benign_proxy,0,0.20209107997390102,0
tranco_benign_proxy,0,0.9343038433528641,1
tranco_benign_proxy,0,0.1594320435222009,0
phishtank,1,0.9853207764781348,1
tranco_benign_proxy,0,0.2927203175123543,0
tranco_benign_proxy,0,0.864855050164247,1
tranco_benign_proxy,0,0.020010170618302115,0
phishtank,1,0.9991742163757867,1
tranco_benign_proxy,0,0.05598952443395528,0
tranco_benign_proxy,0,0.9943596130007252,1
tranco_benign_proxy,0,0.15267246948275598,0
phishtank,1,0.99813040799698,1
tranco_benign_proxy,0,0.3084735163415691,0
tranco_benign_proxy,0,0.3108267103152144,0
phishtank,1,0.98304033315818,1
phishtank,1,0.95914455802717,1
phishtank,1,0.9928116436490231,1
tranco_benign_proxy,0,0.1374703607140331,0
phishtank,1,0.7910330449635741,1
phishtank,1,0.9625691599003134,1
phishtank,1,0.23758321068460164,0
phishtank,1,0.9704959188286635,1
phishtank,1,0.9990002602306259,1
tranco_benign_proxy,0,0.8248867560960057,1
phishtank,1,0.9668465825547905,1
phishtank,1,0.051530740658828046,0
phishtank,1,0.8659609830225246,1
tranco_benign_proxy,0,0.3277417236388182,0
phishtank,1,0.9987607633185874,1
tranco_benign_proxy,0,0.15154714598562935,0
phishtank,1,0.9999517874005914,1
phishtank,1,0.9959501972878525,1
phishtank,1,0.9995356257369001,1
tranco_benign_proxy,0,0.05112812090558098,0
phishtank,1,0.9935278956506493,1
phishtank,1,0.9992144362614228,1
phishtank,1,0.9976819822508175,1
tranco_benign_proxy,0,0.9252482200446278,1
tranco_benign_proxy,0,0.6859634918418416,0
phishtank,1,0.9591866304089721,1
phishtank,1,0.31893403703732603,0
phishtank,1,0.9886578200366567,1
tranco_benign_proxy,0,0.5227796679815604,0
tranco_benign_proxy,0,0.24834868330806492,0
tranco_benign_proxy,0,0.058080491536586704,0
phishtank,1,0.9993048222264541,1
phishtank,1,0.9555385831520278,1
phishtank,1,0.99647019874048,1
tranco_benign_proxy,0,0.1811519576281728,0
tranco_benign_proxy,0,0.2261642605256508,0
tranco_benign_proxy,0,0.5790340464251436,0
tranco_benign_proxy,0,0.5172223908011726,0
phishtank,1,0.9922652644547292,1
tranco_benign_proxy,0,0.3917674529228433,0
phishtank,1,0.6264540360940622,0
phishtank,1,0.9929912368514717,1
tranco_benign_proxy,0,0.9715211424809941,1
phishtank,1,0.997167245377624,1
phishtank,1,0.9990686084725856,1
phishtank,1,0.9990214059263703,1
phishtank,1,0.9755839736356949,1
phishtank,1,0.5008719378645303,0
tranco_benign_proxy,0,0.1848514376988858,0
phishtank,1,0.5237469826116414,0
tranco_benign_proxy,0,0.01603417189276228,0
phishtank,1,0.9545309164029038,1
phishtank,1,0.9992581536589419,1
phishtank,1,0.9039860403323587,1
phishtank,1,0.5484418867832882,0
tranco_benign_proxy,0,0.5025088996691165,0
phishtank,1,0.9562829342064588,1
phishtank,1,0.9297238969265783,1
phishtank,1,0.9997942004678757,1
phishtank,1,0.9868614887683566,1
tranco_benign_proxy,0,0.0052426714763870235,0
tranco_benign_proxy,0,0.8725615573848113,1
phishtank,1,0.9568467412270528,1
phishtank,1,0.9982744503534097,1
phishtank,1,0.9685719651053861,1
tranco_benign_proxy,0,0.7856272676022613,1
phishtank,1,0.997054761259245,1
tranco_benign_proxy,0,0.4239463006300027,0
tranco_benign_proxy,0,0.15187083397725254,0
tranco_benign_proxy,0,0.6831632591177064,0
phishtank,1,0.9974175138869308,1
tranco_benign_proxy,0,0.44710874378306825,0
tranco_benign_proxy,0,0.3187424033007207,0
phishtank,1,0.9433427253832091,1
phishtank,1,0.3173451618779975,0
phishtank,1,0.9529931529250255,1
phishtank,1,0.9862052615895153,1
phishtank,1,0.9990474131791224,1
tranco_benign_proxy,0,0.037176752330474794,0
tranco_benign_proxy,0,0.19538192260746806,0
phishtank,1,0.10676808794435637,0
tranco_benign_proxy,0,0.482035044037995,0
tranco_benign_proxy,0,0.6564949271301732,0
phishtank,1,0.9315456946819305,1
phishtank,1,0.971696027057706,1
tranco_benign_proxy,0,0.06851476365737033,0
tranco_benign_proxy,0,0.15165025541798266,0
phishtank,1,0.9990260731046399,1
tranco_benign_proxy,0,0.14252185434049564,0
phishtank,1,0.9959998317287916,1
tranco_benign_proxy,0,0.31338461939042156,0
phishtank,1,0.9745166386104859,1
tranco_benign_proxy,0,0.014694289318330198,0
phishtank,1,0.4455331433991758,0
phishtank,1,0.9999845971279645,1
phishtank,1,0.9997883663888183,1
tranco_benign_proxy,0,0.7830241359403562,1
phishtank,1,0.0517489768617379,0
phishtank,1,0.9792075784989996,1
tranco_benign_proxy,0,0.6841068033882537,0
phishtank,1,0.9970190149835475,1
tranco_benign_proxy,0,0.14270821552298335,0
phishtank,1,0.9954123675182193,1
phishtank,1,0.9998850945467507,1
phishtank,1,0.9998256126698633,1
phishtank,1,0.9989909520431532,1
phishtank,1,0.9993063194840074,1
tranco_benign_proxy,0,0.15048891906917167,0
phishtank,1,0.9975038288573278,1
tranco_benign_proxy,0,0.5581876194984778,0
phishtank,1,0.9892579492773871,1
tranco_benign_proxy,0,0.6445126956632121,0
phishtank,1,0.9752194745249054,1
phishtank,1,0.9627805440155783,1
phishtank,1,0.9916414956945173,1
tranco_benign_proxy,0,0.12189128108333587,0
tranco_benign_proxy,0,0.10574447691112535,0
tranco_benign_proxy,0,0.8733922890160402,1
tranco_benign_proxy,0,0.9189008112999323,1
phishtank,1,0.999726330721755,1
tranco_benign_proxy,0,0.10640769164190407,0
phishtank,1,0.9966936622510506,1
tranco_benign_proxy,0,0.9500175529724685,1
tranco_benign_proxy,0,0.32248305438063773,0
phishtank,1,0.028507176399725147,0
tranco_benign_proxy,0,0.7632388393454037,0
tranco_benign_proxy,0,0.24153124425131148,0
tranco_benign_proxy,0,0.244283762973531,0
phishtank,1,0.7908949245613569,1
phishtank,1,0.11900379541290038,0
tranco_benign_proxy,0,0.10516865399847904,0
phishtank,1,0.9869865283472538,1
tranco_benign_proxy,0,0.6774372135476786,0
tranco_benign_proxy,0,0.44556747632047494,0
tranco_benign_proxy,0,0.227509096616034,0
phishtank,1,0.38819761981205647,0
tranco_benign_proxy,0,0.8494153925564867,1
tranco_benign_proxy,0,0.3187916355355493,0
tranco_benign_proxy,0,0.5366052120027328,0
tranco_benign_proxy,0,0.30299772677663467,0
tranco_benign_proxy,0,0.31601690586562753,0
tranco_benign_proxy,0,0.47267584560898024,0
phishtank,1,0.9695004947772872,1
tranco_benign_proxy,0,0.6017652968212269,0
phishtank,1,0.9988429580126672,1
tranco_benign_proxy,0,0.4353020718595196,0
tranco_benign_proxy,0,0.6380117873110733,0
phishtank,1,0.1780196935562056,0
phishtank,1,0.9989395409202734,1
phishtank,1,0.9999082211976605,1
tranco_benign_proxy,0,0.645468306816976,0
phishtank,1,0.9543213524876578,1
tranco_benign_proxy,0,0.7031053659214042,0
tranco_benign_proxy,0,0.22288834947555544,0
phishtank,1,0.9922021394484516,1
phishtank,1,0.9860696729362652,1
tranco_benign_proxy,0,0.4149415898638803,0
phishtank,1,0.8750185246142788,1
phishtank,1,0.9992802523377511,1
phishtank,1,0.32529281946501626,0
tranco_benign_proxy,0,0.19449377435529114,0
tranco_benign_proxy,0,0.07781241412662142,0
phishtank,1,0.7479337917744872,0
tranco_benign_proxy,0,0.8544884021836341,1
tranco_benign_proxy,0,0.3002231847659679,0
phishtank,1,0.9939911443866063,1
tranco_benign_proxy,0,0.035988394470788346,0
phishtank,1,0.9962288763294548,1
tranco_benign_proxy,0,0.02109479264147945,0
phishtank,1,0.8399397998501363,1
tranco_benign_proxy,0,0.21318805006784974,0
phishtank,1,0.9147283596690203,1
tranco_benign_proxy,0,0.33160972986071824,0
phishtank,1,0.9999922397899897,1
tranco_benign_proxy,0,0.06781546467783327,0
phishtank,1,0.9690187294342141,1
tranco_benign_proxy,0,0.42721416426276093,0
phishtank,1,0.9984796531000808,1
phishtank,1,0.7787742121294984,1
phishtank,1,0.687084017382783,0
phishtank,1,0.9934336450024368,1
tranco_benign_proxy,0,0.014011293017251698,0
phishtank,1,0.9996618243417887,1
phishtank,1,0.9955278643615874,1
phishtank,1,0.9980284198528274,1
phishtank,1,0.9941909624797092,1
phishtank,1,0.7172260103549432,0
phishtank,1,0.7943689717438553,1
phishtank,1,0.9919186216970762,1
tranco_benign_proxy,0,0.8171502993533165,1
tranco_benign_proxy,0,0.0905188011580157,0
phishtank,1,0.5529242093058614,0
phishtank,1,0.3468783835719753,0
tranco_benign_proxy,0,0.29530140247565756,0
tranco_benign_proxy,0,0.09237005634745826,0
phishtank,1,0.9731002001622765,1
tranco_benign_proxy,0,0.562612596464022,0
phishtank,1,0.9927736811545125,1
phishtank,1,0.9957861396694465,1
phishtank,1,0.902633200731662,1
phishtank,1,0.9774581616118594,1
tranco_benign_proxy,0,0.5256389409055326,0
phishtank,1,0.995144508529355,1
phishtank,1,0.9999637775127758,1
phishtank,1,0.9866203748159069,1
phishtank,1,0.9725419687026523,1
tranco_benign_proxy,0,0.5151233288706082,0
tranco_benign_proxy,0,0.7621001855497946,0
tranco_benign_proxy,0,0.19635811995857683,0
tranco_benign_proxy,0,0.22247244042026518,0
phishtank,1,0.37865791250322667,0
tranco_benign_proxy,0,0.06436437491633143,0
phishtank,1,0.08618375929172825,0
tranco_benign_proxy,0,0.23220605025097082,0
tranco_benign_proxy,0,0.2804436386140371,0
phishtank,1,0.9639160540271787,1
tranco_benign_proxy,0,0.25475505493452283,0
tranco_benign_proxy,0,0.3568065139490808,0
phishtank,1,0.9958441494614539,1
tranco_benign_proxy,0,0.2492539616540117,0
phishtank,1,0.2221523821555437,0
phishtank,1,0.9994174555815306,1
tranco_benign_proxy,0,0.5061871408165961,0
tranco_benign_proxy,0,0.9225428211507544,1
phishtank,1,0.9997927425718077,1
tranco_benign_proxy,0,0.11164752186809711,0
phishtank,1,0.935337225365976,1
tranco_benign_proxy,0,0.448544668275225,0
phishtank,1,0.9999761420920494,1
phishtank,1,0.9011029767322917,1
phishtank,1,0.9977146399184037,1
tranco_benign_proxy,0,0.27456607413969936,0
phishtank,1,0.23731772522899972,0
phishtank,1,0.9991094967362014,1
phishtank,1,0.9997067494529581,1
phishtank,1,0.9136193849741497,1
tranco_benign_proxy,0,0.06626523824458573,0
phishtank,1,0.44954866906787566,0
tranco_benign_proxy,0,0.4075216669332331,0
phishtank,1,0.9737069467604993,1
phishtank,1,0.9951835075997568,1
tranco_benign_proxy,0,0.38529205157472174,0
phishtank,1,0.6066537343702947,0
phishtank,1,0.9898842927289548,1
phishtank,1,0.9608029063189246,1
phishtank,1,0.9881129738055753,1
tranco_benign_proxy,0,0.9618885880519674,1
tranco_benign_proxy,0,0.20669108134240108,0
phishtank,1,0.9985706016807199,1
phishtank,1,0.9169984931596598,1
tranco_benign_proxy,0,0.11418761698503861,0
tranco_benign_proxy,0,0.9921492761555954,1
tranco_benign_proxy,0,0.06918516134578233,0
phishtank,1,0.5896478681779727,0
phishtank,1,0.991053197624425,1
phishtank,1,0.971036848182994,1
phishtank,1,0.4652844691508719,0
tranco_benign_proxy,0,0.33221630871408103,0
phishtank,1,0.9918396663614591,1
phishtank,1,0.975587299563982,1
tranco_benign_proxy,0,0.1973856733695676,0
phishtank,1,0.98607352718104,1
phishtank,1,0.999834447552745,1
phishtank,1,0.996556023232005,1
phishtank,1,0.024509251946975966,0
phishtank,1,0.9966883844205132,1
phishtank,1,0.985869923103719,1
tranco_benign_proxy,0,0.9789758522416484,1
tranco_benign_proxy,0,0.10034220915601054,0
tranco_benign_proxy,0,0.18838254275192828,0
tranco_benign_proxy,0,0.646561546613138,0
phishtank,1,0.9932173409475711,1
phishtank,1,0.999560952618384,1
phishtank,1,0.9866825942374101,1
phishtank,1,0.9954593492194482,1
tranco_benign_proxy,0,0.025188187913774043,0
tranco_benign_proxy,0,0.018019249483406278,0
tranco_benign_proxy,0,0.2431249165958953,0
phishtank,1,0.8906768567031451,1
tranco_benign_proxy,0,0.3591010007144532,0
tranco_benign_proxy,0,0.2087767129836279,0
phishtank,1,0.802224559629282,1
phishtank,1,0.992358270881253,1
phishtank,1,0.9984201921532672,1
tranco_benign_proxy,0,0.7821184986668898,1
phishtank,1,0.972786829887482,1
phishtank,1,0.9974819466170047,1
phishtank,1,0.9805818927112006,1
tranco_benign_proxy,0,0.1419680959210643,0
tranco_benign_proxy,0,0.6064853827895219,0
tranco_benign_proxy,0,0.15155311656191253,0
phishtank,1,0.993547355450257,1
tranco_benign_proxy,0,0.15709460448540463,0
phishtank,1,0.9280314060329374,1
phishtank,1,0.5654239952407527,0
tranco_benign_proxy,0,0.9872029609878988,1
tranco_benign_proxy,0,0.9168860398726937,1
tranco_benign_proxy,0,0.15999299618538512,0
phishtank,1,0.6875036017640626,0
phishtank,1,0.999558814962535,1
tranco_benign_proxy,0,0.26668198303589247,0
phishtank,1,0.9790897925729807,1
phishtank,1,0.49717160075367584,0
tranco_benign_proxy,0,0.014973552907315496,0
tranco_benign_proxy,0,0.6269299402807604,0
tranco_benign_proxy,0,0.19873022155366687,0
phishtank,1,0.9999988074685932,1
phishtank,1,0.9992456582258216,1
tranco_benign_proxy,0,0.029220222593353395,0
tranco_benign_proxy,0,0.1283323588631696,0
phishtank,1,0.9929055356390587,1
phishtank,1,0.973606354487809,1
tranco_benign_proxy,0,0.03571661037326262,0
tranco_benign_proxy,0,0.1683925241738872,0
tranco_benign_proxy,0,0.3258487426820599,0
tranco_benign_proxy,0,0.012922071730369139,0
tranco_benign_proxy,0,0.11044214751027646,0
tranco_benign_proxy,0,0.8930436143810979,1
tranco_benign_proxy,0,0.31471519304034423,0
phishtank,1,0.9985433601508082,1
phishtank,1,0.9985849727752263,1
tranco_benign_proxy,0,0.8430913804940776,1
tranco_benign_proxy,0,0.12057412160276185,0
tranco_benign_proxy,0,0.025765807007549903,0
phishtank,1,0.9551344232471252,1
phishtank,1,0.9949731034031283,1
phishtank,1,0.9996176390004968,1
tranco_benign_proxy,0,0.9755188596187543,1
tranco_benign_proxy,0,0.11692549230812035,0
phishtank,1,0.638903362036809,0
phishtank,1,0.964063876842242,1
tranco_benign_proxy,0,0.36775447204286904,0
phishtank,1,0.5776595369197497,0
phishtank,1,0.9933600907839247,1
phishtank,1,0.9999678720147459,1
phishtank,1,0.9933468813604247,1
tranco_benign_proxy,0,0.02205824548134929,0
tranco_benign_proxy,0,0.4051398236291219,0
tranco_benign_proxy,0,0.2122023436659679,0
tranco_benign_proxy,0,0.02415038174506681,0
phishtank,1,0.9999001786571475,1
phishtank,1,0.9999948437790036,1
tranco_benign_proxy,0,0.6199088840313209,0
tranco_benign_proxy,0,0.8310691119727561,1
tranco_benign_proxy,0,0.36705613091634115,0
phishtank,1,0.9998122590595855,1
phishtank,1,0.4372127701908716,0
phishtank,1,0.988193390567174,1
tranco_benign_proxy,0,0.7433255336941038,0
phishtank,1,0.9991984194142257,1
tranco_benign_proxy,0,0.13268642631325095,0
phishtank,1,0.9999794971549099,1
phishtank,1,0.9290360939679014,1
phishtank,1,0.9865944157112827,1
phishtank,1,0.9982297988487889,1
phishtank,1,0.9852896329357503,1
tranco_benign_proxy,0,0.3061333729038064,0
phishtank,1,0.8341768562133174,1
tranco_benign_proxy,0,0.9841782853485133,1
phishtank,1,0.9999258767334459,1
phishtank,1,0.7614133991472977,0
phishtank,1,0.982205152941015,1
phishtank,1,0.9559343576835323,1
tranco_benign_proxy,0,0.26384613418281283,0
tranco_benign_proxy,0,0.11228204533262316,0
phishtank,1,0.99896905899491,1
tranco_benign_proxy,0,0.719924374397748,0
phishtank,1,0.9899009505617714,1
phishtank,1,0.998706345429,1
tranco_benign_proxy,0,0.001780347828703011,0
tranco_benign_proxy,0,0.5161980179057627,0
phishtank,1,0.893712740760286,1
tranco_benign_proxy,0,0.3879487157459118,0
phishtank,1,0.21977475879600403,0
tranco_benign_proxy,0,0.16895673346501278,0
tranco_benign_proxy,0,0.8550512737862331,1
tranco_benign_proxy,0,0.05987324427092657,0
tranco_benign_proxy,0,0.03455208700124988,0
tranco_benign_proxy,0,0.4168767012789317,0
tranco_benign_proxy,0,0.034984024860394994,0
phishtank,1,0.9928095044899017,1
tranco_benign_proxy,0,0.12053288252037347,0
tranco_benign_proxy,0,0.5011509173273995,0
phishtank,1,0.9956532938610398,1
phishtank,1,0.9003829268986348,1
phishtank,1,0.9203302038177138,1
tranco_benign_proxy,0,0.014653645156837718,0
tranco_benign_proxy,0,0.010919175496014705,0
phishtank,1,0.999992975281861,1
phishtank,1,0.9325721614190826,1
tranco_benign_proxy,0,0.4118597346139822,0
tranco_benign_proxy,0,0.6740753885940937,0
tranco_benign_proxy,0,0.39387342690988847,0
tranco_benign_proxy,0,0.2606080221372683,0
phishtank,1,0.9998610525485014,1
phishtank,1,0.9995127673142543,1
phishtank,1,0.0841099442177578,0
tranco_benign_proxy,0,0.971547880869998,1
phishtank,1,0.9899095821062159,1
phishtank,1,0.9852439413537387,1
phishtank,1,0.8134812271124789,1
phishtank,1,0.7067889981781332,0
phishtank,1,0.9709653160830299,1
phishtank,1,0.9733702378689424,1
phishtank,1,0.9938174091119192,1
phishtank,1,0.9978826051618574,1
tranco_benign_proxy,0,0.11022598207711898,0
tranco_benign_proxy,0,0.7786310691455146,1
phishtank,1,0.9125343861766838,1
phishtank,1,0.9596416032553656,1
phishtank,1,0.9788124872434932,1
phishtank,1,0.9989900834175588,1
phishtank,1,0.9971305762108463,1
phishtank,1,0.9970849709933881,1
tranco_benign_proxy,0,0.26563366116886455,0
tranco_benign_proxy,0,0.14154471093645912,0
phishtank,1,0.982994824421177,1
tranco_benign_proxy,0,0.8390512394366862,1
phishtank,1,0.5080599100806202,0
phishtank,1,0.9590465907083813,1
tranco_benign_proxy,0,0.8953929018467572,1
tranco_benign_proxy,0,0.5178729052793645,0
phishtank,1,0.9994193141707697,1
phishtank,1,0.5227467958821378,0
phishtank,1,0.0773281740774867,0
phishtank,1,0.08808738062512757,0
phishtank,1,0.9963609339873387,1
phishtank,1,0.2155236305380515,0
tranco_benign_proxy,0,0.07392446850628863,0
tranco_benign_proxy,0,0.9675055185016413,1
phishtank,1,0.9652855573655387,1
tranco_benign_proxy,0,0.39078300744100375,0
phishtank,1,0.923434746329393,1
phishtank,1,0.9971057762911744,1
phishtank,1,0.967175542894502,1
phishtank,1,0.9129735619347937,1
phishtank,1,0.9374373944817497,1
tranco_benign_proxy,0,0.10658989934732747,0
tranco_benign_proxy,0,0.11484568678173042,0
phishtank,1,0.99794806553195,1
phishtank,1,0.9859540134771045,1
phishtank,1,0.9999635512940472,1
phishtank,1,0.20379885106488002,0
phishtank,1,0.927335783186731,1
tranco_benign_proxy,0,0.21799114082159868,0
phishtank,1,0.8858013524714998,1
tranco_benign_proxy,0,0.4915619255835184,0
phishtank,1,0.9982706584361501,1
phishtank,1,0.9892141593305409,1
tranco_benign_proxy,0,0.6002020280327489,0
phishtank,1,0.9555458257574457,1
phishtank,1,0.12378896930695364,0
phishtank,1,0.9989814585083758,1
tranco_benign_proxy,0,0.18200754630843335,0
tranco_benign_proxy,0,0.6780119929281324,0
phishtank,1,0.9908512860717046,1
tranco_benign_proxy,0,0.823134416610631,1
phishtank,1,0.9911492778739687,1
phishtank,1,0.9859361850585885,1
tranco_benign_proxy,0,0.07227278216545223,0
tranco_benign_proxy,0,0.12160891422772357,0
tranco_benign_proxy,0,0.1708253351267529,0
phishtank,1,0.809078031945678,1
phishtank,1,0.48048569858241724,0
tranco_benign_proxy,0,0.5083218056187393,0
tranco_benign_proxy,0,0.3646078585622154,0
phishtank,1,0.999663238651815,1
phishtank,1,0.9999537205799932,1
tranco_benign_proxy,0,0.4138262162009393,0
phishtank,1,0.9105410107355696,1
tranco_benign_proxy,0,0.5431162789516258,0
tranco_benign_proxy,0,0.02641334992101905,0
phishtank,1,0.08870851498197024,0
phishtank,1,0.7813847227664066,1
phishtank,1,0.9779058615126491,1
tranco_benign_proxy,0,0.13640639309968772,0
tranco_benign_proxy,0,0.6241593243550905,0
tranco_benign_proxy,0,0.3012058352397068,0
tranco_benign_proxy,0,0.9850277150481564,1
phishtank,1,0.9787691458864066,1
tranco_benign_proxy,0,0.07594084335665448,0
tranco_benign_proxy,0,0.4164316720995635,0
phishtank,1,0.9159915267659302,1
tranco_benign_proxy,0,0.24662952370679173,0
phishtank,1,0.11041977806991218,0
tranco_benign_proxy,0,0.25107368992616697,0
tranco_benign_proxy,0,0.5427130046818254,0
tranco_benign_proxy,0,0.8941427948173669,1
phishtank,1,0.42061602546424076,0
tranco_benign_proxy,0,0.013026961762702306,0
phishtank,1,0.9990264350635156,1
phishtank,1,0.9971403810830543,1
phishtank,1,0.9470580663328374,1
tranco_benign_proxy,0,0.504969373086725,0
tranco_benign_proxy,0,0.14851436094731926,0
tranco_benign_proxy,0,0.1592448220825684,0
tranco_benign_proxy,0,0.1892597599735796,0
phishtank,1,0.1404513770280111,0
phishtank,1,0.11309361092015913,0
phishtank,1,0.9999993097081292,1
tranco_benign_proxy,0,0.9926229897734576,1
phishtank,1,0.9999616083049215,1
tranco_benign_proxy,0,0.5988171079296315,0
phishtank,1,0.042403943061008684,0
tranco_benign_proxy,0,0.097541631481706,0
tranco_benign_proxy,0,0.11200426072169428,0
tranco_benign_proxy,0,0.8371752263383481,1
tranco_benign_proxy,0,0.9383561067209427,1
phishtank,1,0.9629595239927378,1
phishtank,1,0.9999878770934452,1
tranco_benign_proxy,0,0.3668118187969027,0
tranco_benign_proxy,0,0.5452631276823338,0
phishtank,1,0.5270218079748613,0
phishtank,1,0.9930740748310638,1
phishtank,1,0.997424096153176,1
tranco_benign_proxy,0,0.9165274692760581,1
tranco_benign_proxy,0,0.19693075791810635,0
phishtank,1,0.9522564469862463,1
tranco_benign_proxy,0,0.046328204212966004,0
phishtank,1,0.9848664260976971,1
tranco_benign_proxy,0,0.532555139920056,0
phishtank,1,0.9861717784151169,1
tranco_benign_proxy,0,0.20032020727002484,0
phishtank,1,0.8118224487665913,1
tranco_benign_proxy,0,0.18991600872513,0
tranco_benign_proxy,0,0.8901874466865924,1
phishtank,1,0.9916294506207455,1
tranco_benign_proxy,0,0.5489775604628494,0
tranco_benign_proxy,0,0.4178835865107122,0
tranco_benign_proxy,0,0.25740479376022574,0
tranco_benign_proxy,0,0.39765156274256436,0
phishtank,1,0.9972100893265727,1
phishtank,1,0.9973060530987023,1
phishtank,1,0.09293468887616627,0
tranco_benign_proxy,0,0.164218665282723,0
phishtank,1,0.9969617761535015,1
tranco_benign_proxy,0,0.4164688183277337,0
phishtank,1,0.871784425812219,1
tranco_benign_proxy,0,0.1905999397300163,0
tranco_benign_proxy,0,0.9558829895537757,1
phishtank,1,0.9894016320062933,1
phishtank,1,0.9991692707068149,1
tranco_benign_proxy,0,0.8794007032379811,1
phishtank,1,0.9970965182650463,1
tranco_benign_proxy,0,0.021946427806910217,0
phishtank,1,0.9985319644651202,1
tranco_benign_proxy,0,0.07478637208370534,0
tranco_benign_proxy,0,0.5013776043678104,0
tranco_benign_proxy,0,0.945047473513922,1
tranco_benign_proxy,0,0.3384067471124752,0
phishtank,1,0.9851872932149203,1
phishtank,1,0.9997763652905096,1
tranco_benign_proxy,0,0.18662254994236202,0
phishtank,1,0.6811861422963427,0
tranco_benign_proxy,0,0.023789073783409536,0
tranco_benign_proxy,0,0.19223636846697442,0
tranco_benign_proxy,0,0.09479927814654981,0
phishtank,1,0.9897414935917124,1
phishtank,1,0.9999656368274991,1
phishtank,1,0.9977476951388646,1
phishtank,1,0.1382422382688142,0
phishtank,1,0.992221479008094,1
tranco_benign_proxy,0,0.0018176403449944865,0
phishtank,1,0.9948046389555123,1
tranco_benign_proxy,0,0.7858525083760446,1
phishtank,1,0.9978712446872472,1
tranco_benign_proxy,0,0.38345236503831115,0
phishtank,1,0.9205071187707484,1
tranco_benign_proxy,0,0.10090592625976914,0
phishtank,1,0.9994405386153201,1
tranco_benign_proxy,0,0.18855964404173195,0
phishtank,1,0.998918421140255,1
phishtank,1,0.9999966680645678,1
tranco_benign_proxy,0,0.23636390298455126,0
phishtank,1,0.9409793207445944,1
phishtank,1,0.9999965469715583,1
tranco_benign_proxy,0,0.051406330359169264,0
tranco_benign_proxy,0,0.8671666323815441,1
phishtank,1,0.9983846723397497,1
tranco_benign_proxy,0,0.8552424738072902,1
phishtank,1,0.9890187790481206,1
tranco_benign_proxy,0,0.8669855464029322,1
phishtank,1,0.37023460771000566,0
phishtank,1,0.5087812595076434,0
phishtank,1,0.32439082406576336,0
phishtank,1,0.7287778606314687,0
phishtank,1,0.9983867230348404,1
phishtank,1,0.9954268160654519,1
phishtank,1,0.9999641675317126,1
tranco_benign_proxy,0,0.311209570981629,0
phishtank,1,0.9985110179685697,1
tranco_benign_proxy,0,0.15630252836675904,0
phishtank,1,0.9885034045911693,1
tranco_benign_proxy,0,0.5847204708919336,0
phishtank,1,0.9991876518458319,1
phishtank,1,0.9949746453590032,1
tranco_benign_proxy,0,0.17122251792983254,0
phishtank,1,0.9468135460199717,1
tranco_benign_proxy,0,0.3078426874951922,0
tranco_benign_proxy,0,0.15854329812083542,0
tranco_benign_proxy,0,0.0751806793858496,0
tranco_benign_proxy,0,0.08479410262127383,0
tranco_benign_proxy,0,0.08861268050811404,0
tranco_benign_proxy,0,0.9990553535122517,1
tranco_benign_proxy,0,0.3531421044644007,0
phishtank,1,0.5202784176845918,0
tranco_benign_proxy,0,0.028451959052083416,0
tranco_benign_proxy,0,0.25584748492262516,0
phishtank,1,0.6448343227481502,0
tranco_benign_proxy,0,0.11784993649159764,0
tranco_benign_proxy,0,0.1827999194649319,0
tranco_benign_proxy,0,0.9043689376309443,1
tranco_benign_proxy,0,0.9328308521242002,1
phishtank,1,0.9761377898382728,1
tranco_benign_proxy,0,0.9886144772707277,1
phishtank,1,0.9893324779279686,1
tranco_benign_proxy,0,0.9348982927705113,1
phishtank,1,0.8942040438901697,1
phishtank,1,0.9930570971127585,1
tranco_benign_proxy,0,0.0016107617825950461,0
phishtank,1,0.9999764825368632,1
phishtank,1,0.999295402374357,1
tranco_benign_proxy,0,0.04098509655171815,0
phishtank,1,0.9974046758587369,1
tranco_benign_proxy,0,0.5522340870319785,0
phishtank,1,0.9830320321023086,1
phishtank,1,0.9901344766029232,1
phishtank,1,0.9882826004014499,1
phishtank,1,0.9996944146911607,1
phishtank,1,0.9975113495281779,1
phishtank,1,0.9373502168762787,1
tranco_benign_proxy,0,0.008741492153255656,0
phishtank,1,0.987879000527544,1
phishtank,1,0.9983670321878867,1
phishtank,1,0.8586493386796225,1
tranco_benign_proxy,0,0.9298425153068609,1
tranco_benign_proxy,0,0.8370483198804441,1
tranco_benign_proxy,0,0.8858913695328782,1
phishtank,1,0.9823381710390046,1
phishtank,1,0.9973253077515075,1
tranco_benign_proxy,0,0.9373890713713319,1
tranco_benign_proxy,0,0.6840304299982451,0
tranco_benign_proxy,0,0.07607698506911692,0
tranco_benign_proxy,0,0.3299481060093089,0
tranco_benign_proxy,0,0.8232674273168157,1
tranco_benign_proxy,0,0.2809523872028848,0
phishtank,1,0.9986496317496143,1
tranco_benign_proxy,0,0.7995830337559927,1
tranco_benign_proxy,0,0.9684791428304046,1
tranco_benign_proxy,0,0.12087158691217498,0
tranco_benign_proxy,0,0.21143098034227056,0
tranco_benign_proxy,0,0.7451003164344843,0
tranco_benign_proxy,0,0.805063276317325,1
tranco_benign_proxy,0,0.14880909898575745,0
phishtank,1,0.9956485150341081,1
phishtank,1,0.997635780314225,1
tranco_benign_proxy,0,0.953479271807655,1
phishtank,1,0.5360776121502226,0
tranco_benign_proxy,0,0.40055811120233764,0
tranco_benign_proxy,0,0.39826017790792373,0
phishtank,1,0.9901395081288606,1
phishtank,1,0.9251191983806426,1
phishtank,1,0.9648645139156522,1
tranco_benign_proxy,0,0.12325801417255507,0
phishtank,1,0.9953881527121171,1
phishtank,1,0.9975939463106004,1
phishtank,1,0.9974944854609804,1
phishtank,1,0.13204297343554083,0
tranco_benign_proxy,0,0.02247834631845215,0
phishtank,1,0.9773420883045455,1
tranco_benign_proxy,0,0.19189703257504565,0
tranco_benign_proxy,0,0.18296211876980503,0
tranco_benign_proxy,0,0.20283152932664056,0
tranco_benign_proxy,0,0.2114945166293247,0
phishtank,1,0.9866902567018785,1
tranco_benign_proxy,0,0.8909113175977241,1
phishtank,1,0.9787687814857368,1
tranco_benign_proxy,0,0.2854800218836867,0
tranco_benign_proxy,0,0.027015498251017452,0
phishtank,1,0.9999933039008478,1
tranco_benign_proxy,0,0.0023061518533154563,0
phishtank,1,0.9999641004718607,1
phishtank,1,0.108581220554512,0
tranco_benign_proxy,0,0.8316489615709092,1
tranco_benign_proxy,0,0.029558836219329657,0
phishtank,1,0.9991300167050747,1
phishtank,1,0.9653804643824714,1
tranco_benign_proxy,0,0.11457294662828055,0
phishtank,1,0.9990337992827857,1
tranco_benign_proxy,0,0.05520817924344497,0
phishtank,1,0.9967243989338977,1
phishtank,1,0.9909911219695398,1
phishtank,1,0.9993005550292517,1
phishtank,1,0.9495101057091869,1
phishtank,1,0.9676048785583374,1
tranco_benign_proxy,0,0.017420328981765685,0
phishtank,1,0.998824242824116,1
phishtank,1,0.9511669310651801,1
phishtank,1,0.99133057638611,1
tranco_benign_proxy,0,0.7147901652394985,0
tranco_benign_proxy,0,0.1193241216332378,0
tranco_benign_proxy,0,0.8437303689090531,1
phishtank,1,0.9210974703332802,1
phishtank,1,0.9404341256430067,1
tranco_benign_proxy,0,0.06019486933316586,0
tranco_benign_proxy,0,0.9674314335941573,1
tranco_benign_proxy,0,0.5612705265909443,0
tranco_benign_proxy,0,0.09934356010624873,0
phishtank,1,0.998231473257651,1
tranco_benign_proxy,0,0.9875426587497705,1
phishtank,1,0.9947564857321215,1
tranco_benign_proxy,0,0.525243665518003,0
phishtank,1,0.9863257697220156,1
phishtank,1,0.9994432174500699,1
phishtank,1,0.9999660253050167,1
tranco_benign_proxy,0,0.5979692223338064,0
tranco_benign_proxy,0,0.8012350437085425,1
phishtank,1,0.9971961839715691,1
tranco_benign_proxy,0,0.7770235936101094,1
tranco_benign_proxy,0,0.6165532309920256,0
tranco_benign_proxy,0,0.725441112736254,0
tranco_benign_proxy,0,0.615724117861806,0
phishtank,1,0.9967959977724934,1
tranco_benign_proxy,0,0.971018266528949,1
tranco_benign_proxy,0,0.15749821405241166,0
phishtank,1,0.9499310254371359,1
tranco_benign_proxy,0,0.13656360110219098,0
tranco_benign_proxy,0,0.18250018394632495,0
phishtank,1,0.998987999181846,1
tranco_benign_proxy,0,0.2606560992896136,0
phishtank,1,0.998396624345821,1
phishtank,1,0.9991565573582163,1
phishtank,1,0.7986362431944033,1
phishtank,1,0.9994576476333165,1
tranco_benign_proxy,0,0.023298123820846686,0
tranco_benign_proxy,0,0.09993180189772205,0
phishtank,1,0.9853307005976583,1
tranco_benign_proxy,0,0.4158669830617823,0
tranco_benign_proxy,0,0.9932009749485711,1
phishtank,1,0.999988625503118,1
phishtank,1,0.9873236783990896,1
phishtank,1,0.4177768438410875,0
tranco_benign_proxy,0,0.30693785109541827,0
tranco_benign_proxy,0,0.47831559767715387,0
phishtank,1,0.8189268713440249,1
tranco_benign_proxy,0,0.16603531917278325,0
tranco_benign_proxy,0,0.5577691267170517,0
phishtank,1,0.7390557017617553,0
phishtank,1,0.990359717079197,1
tranco_benign_proxy,0,0.3005456456221724,0
phishtank,1,0.9980889650431093,1
phishtank,1,0.9141491653635628,1
tranco_benign_proxy,0,0.2870533958068743,0
tranco_benign_proxy,0,0.8196678697313456,1
tranco_benign_proxy,0,0.8956064172095052,1
phishtank,1,0.973304202151356,1
tranco_benign_proxy,0,0.6412507401065994,0
tranco_benign_proxy,0,0.08693213178780773,0
tranco_benign_proxy,0,0.2148444910513022,0
phishtank,1,0.9767671840409419,1
tranco_benign_proxy,0,0.8026128877533849,1
tranco_benign_proxy,0,0.9641073499306049,1
phishtank,1,0.991875984429968,1
tranco_benign_proxy,0,0.23011354650326027,0
tranco_benign_proxy,0,0.016069509685449988,0
phishtank,1,0.9605713693917759,1
tranco_benign_proxy,0,0.007295141756988757,0
tranco_benign_proxy,0,0.9813038768808278,1
phishtank,1,0.9907579056242214,1
tranco_benign_proxy,0,0.1440040586801315,0
tranco_benign_proxy,0,0.1708393635130063,0
phishtank,1,0.9942854153248715,1
tranco_benign_proxy,0,0.0012900469156233876,0
phishtank,1,0.9790538140677664,1
tranco_benign_proxy,0,0.6286355401501176,0
phishtank,1,0.983066164119614,1
tranco_benign_proxy,0,0.19771589794867195,0
phishtank,1,0.9901415422906606,1
phishtank,1,0.9987168216088355,1
phishtank,1,0.9973968268004463,1
tranco_benign_proxy,0,0.9867487260968552,1
tranco_benign_proxy,0,0.25758088855314903,0
phishtank,1,0.9999623948962355,1
tranco_benign_proxy,0,0.6574854043314421,0
tranco_benign_proxy,0,0.0890171751212788,0
tranco_benign_proxy,0,0.9942365152550149,1
tranco_benign_proxy,0,0.16748486872971935,0
tranco_benign_proxy,0,0.0979995684417473,0
tranco_benign_proxy,0,0.5388003579703691,0
tranco_benign_proxy,0,0.9247373097236413,1
tranco_benign_proxy,0,0.6429496465593787,0
tranco_benign_proxy,0,0.2370200362518429,0
tranco_benign_proxy,0,0.02723115143392148,0
phishtank,1,0.998773551954811,1
phishtank,1,0.9999892700906842,1
phishtank,1,0.9989576060763667,1
tranco_benign_proxy,0,0.01729840215798479,0
tranco_benign_proxy,0,0.030858961994778975,0
phishtank,1,0.9644957406441208,1
tranco_benign_proxy,0,0.8268042711771254,1
phishtank,1,0.9972673886025427,1
tranco_benign_proxy,0,0.9762956968445192,1
tranco_benign_proxy,0,0.23157431444674675,0
phishtank,1,0.9776151738014278,1
tranco_benign_proxy,0,0.3146375285852201,0
tranco_benign_proxy,0,0.7004384761814473,0
phishtank,1,0.9759902084526226,1
tranco_benign_proxy,0,0.819002789129196,1
phishtank,1,0.9938510229433388,1
phishtank,1,0.9846513935457735,1
phishtank,1,0.935630368342643,1
tranco_benign_proxy,0,0.9954412560919396,1
tranco_benign_proxy,0,0.4339913170311925,0
tranco_benign_proxy,0,0.003487275686842449,0
tranco_benign_proxy,0,0.6130632337060494,0
tranco_benign_proxy,0,0.22016617994099894,0
tranco_benign_proxy,0,0.13234387198732345,0
phishtank,1,0.999954327715632,1
tranco_benign_proxy,0,0.6334362735811845,0
phishtank,1,0.13814050908908568,0
phishtank,1,0.9942020691591388,1
phishtank,1,0.9847754901682327,1
tranco_benign_proxy,0,0.3970065990388526,0
tranco_benign_proxy,0,0.7811191570991702,1
tranco_benign_proxy,0,0.9430874171416088,1
tranco_benign_proxy,0,0.047457485211443884,0
phishtank,1,0.9999044855643705,1
phishtank,1,0.6070094298209769,0
tranco_benign_proxy,0,0.2334940826696206,0
phishtank,1,0.9981313061703597,1
phishtank,1,0.2806562941066442,0
phishtank,1,0.9468763807359066,1
phishtank,1,0.8926750638379738,1
phishtank,1,0.9026032990692278,1
phishtank,1,0.9995715126978211,1
phishtank,1,0.9919851326623249,1
phishtank,1,0.9758274703487795,1
phishtank,1,0.7319520626245118,0
phishtank,1,0.78830558118843,1
phishtank,1,0.9952307003349474,1
phishtank,1,0.9971864869905139,1
phishtank,1,0.9996681055481911,1
phishtank,1,0.99921874874125,1
tranco_benign_proxy,0,0.27388451651755213,0
tranco_benign_proxy,0,0.08807808970335233,0
phishtank,1,0.9999894746600521,1
phishtank,1,0.8255275206234828,1
tranco_benign_proxy,0,0.1798798937067856,0
phishtank,1,0.8861471945039167,1
tranco_benign_proxy,0,0.0013908998993948137,0
tranco_benign_proxy,0,0.8556784732864696,1
phishtank,1,0.997395904374017,1
phishtank,1,0.9882170982851715,1
tranco_benign_proxy,0,0.7858115066988874,1
tranco_benign_proxy,0,0.48337447963988833,0
tranco_benign_proxy,0,0.8019217089387364,1
tranco_benign_proxy,0,0.16262293771391595,0
phishtank,1,0.23329960525730703,0
phishtank,1,0.9933441369807264,1
phishtank,1,0.989645456888172,1
phishtank,1,0.9842744896108755,1
tranco_benign_proxy,0,0.5671955426797562,0
phishtank,1,0.9919525766960934,1
tranco_benign_proxy,0,0.23810696396164446,0
tranco_benign_proxy,0,0.5269955329581948,0
phishtank,1,0.24262553259861844,0
phishtank,1,0.9879404154568264,1
phishtank,1,0.9625567413001218,1
tranco_benign_proxy,0,0.3283315174004361,0
phishtank,1,0.5285854757893625,0
tranco_benign_proxy,0,0.5514533697335574,0
tranco_benign_proxy,0,0.14461659103814337,0
tranco_benign_proxy,0,0.6637167184408383,0
tranco_benign_proxy,0,0.30978588973300486,0
phishtank,1,0.9881026224594271,1
phishtank,1,0.9593632950892506,1
tranco_benign_proxy,0,0.4751928679229265,0
phishtank,1,0.9971974802220226,1
phishtank,1,0.5762549712494154,0
tranco_benign_proxy,0,0.023180002868805977,0
tranco_benign_proxy,0,0.9925287696236104,1
phishtank,1,0.9983519650736219,1
phishtank,1,0.9860087437351364,1
phishtank,1,0.9859047857695958,1
phishtank,1,0.9984763597229361,1
tranco_benign_proxy,0,0.44649201697096136,0
phishtank,1,0.06151890970596373,0
tranco_benign_proxy,0,0.1460795940109507,0
tranco_benign_proxy,0,0.08209774551531306,0
tranco_benign_proxy,0,0.18734094307017093,0
tranco_benign_proxy,0,0.11582880480494265,0
tranco_benign_proxy,0,0.04915073153415051,0
phishtank,1,0.9999870216820453,1
phishtank,1,0.9969242532039483,1
phishtank,1,0.9971875009492357,1
tranco_benign_proxy,0,0.28025190779559706,0
tranco_benign_proxy,0,0.23690228666231536,0
phishtank,1,0.9813955139245424,1
phishtank,1,0.9140031493540786,1
phishtank,1,0.9897827469791589,1
phishtank,1,0.5986442728324503,0
phishtank,1,0.9981722996198439,1
tranco_benign_proxy,0,0.020188705220823062,0
phishtank,1,0.9587355349050425,1
phishtank,1,0.12612001913939772,0
phishtank,1,0.984396926495678,1
phishtank,1,0.975559822968395,1
phishtank,1,0.9987235236704757,1
phishtank,1,0.9991817014110876,1
phishtank,1,0.8462897853836557,1
tranco_benign_proxy,0,0.21518542097605284,0
phishtank,1,0.9999204333632521,1
phishtank,1,0.9053056764017174,1
phishtank,1,0.7560687540368976,0
tranco_benign_proxy,0,0.8955835866581905,1
tranco_benign_proxy,0,0.9150905282013592,1
tranco_benign_proxy,0,0.4494244586225735,0
phishtank,1,0.9994589819996865,1
tranco_benign_proxy,0,0.7926466335667345,1
phishtank,1,0.87763896832463,1
phishtank,1,0.9994338042451641,1
tranco_benign_proxy,0,0.24318593689264112,0
tranco_benign_proxy,0,0.996084517715692,1
phishtank,1,0.9813479289072646,1
tranco_benign_proxy,0,0.3433904591629804,0
tranco_benign_proxy,0,0.34285121280894015,0
phishtank,1,0.9800901706017975,1
tranco_benign_proxy,0,0.8127588582239403,1
phishtank,1,0.9921630339672972,1
phishtank,1,0.9938775066421066,1
phishtank,1,0.9462021623322986,1
phishtank,1,0.9999141341259928,1
phishtank,1,0.9890814853491507,1
tranco_benign_proxy,0,0.0031757673194997326,0
tranco_benign_proxy,0,0.12266833824217095,0
phishtank,1,0.9974662659925515,1
phishtank,1,0.09893088034297008,0
phishtank,1,0.10853596730583585,0
phishtank,1,0.952941087807064,1
phishtank,1,0.9903582313322483,1
tranco_benign_proxy,0,0.15143343463499795,0
tranco_benign_proxy,0,0.696386070013507,0
tranco_benign_proxy,0,0.9868264725623771,1
tranco_benign_proxy,0,0.1627301195764926,0
phishtank,1,0.7481611069514335,0
tranco_benign_proxy,0,0.4818528030547787,0
tranco_benign_proxy,0,0.06747608501276654,0
tranco_benign_proxy,0,0.017711896779266337,0
tranco_benign_proxy,0,0.6694040826395627,0
phishtank,1,0.2171620518473483,0
tranco_benign_proxy,0,0.9338284815855011,1
phishtank,1,0.9662294545232336,1
tranco_benign_proxy,0,0.14609568563405223,0
phishtank,1,0.9985959085799098,1
phishtank,1,0.9893220718690572,1
tranco_benign_proxy,0,0.2589880260925705,0
phishtank,1,0.977305826607935,1
phishtank,1,0.9291159303741241,1
phishtank,1,0.09658345017878807,0
phishtank,1,0.9974158789977142,1
phishtank,1,0.9993448768239261,1
tranco_benign_proxy,0,0.5285624823532977,0
phishtank,1,0.9858573250037965,1
tranco_benign_proxy,0,0.13009776741751045,0
phishtank,1,0.9927553101677993,1
phishtank,1,0.9987860107002996,1
tranco_benign_proxy,0,0.004804574753217777,0
tranco_benign_proxy,0,0.3713376992648199,0
tranco_benign_proxy,0,0.6961728186106996,0
tranco_benign_proxy,0,0.250583286149647,0
tranco_benign_proxy,0,0.002258579111699104,0
phishtank,1,0.992149999239556,1
tranco_benign_proxy,0,0.3944475618704355,0
phishtank,1,0.9963232332358761,1
tranco_benign_proxy,0,0.06680675790804376,0
phishtank,1,0.9882344955999538,1
phishtank,1,0.9762938519400338,1
tranco_benign_proxy,0,0.2734811379933316,0
tranco_benign_proxy,0,0.9512363342213846,1
tranco_benign_proxy,0,0.3193544566622033,0
tranco_benign_proxy,0,0.39568210766857265,0
phishtank,1,0.988932575333651,1
tranco_benign_proxy,0,0.19414656320901275,0
tranco_benign_proxy,0,0.1001324760700513,0
tranco_benign_proxy,0,0.05364966313451113,0
tranco_benign_proxy,0,0.36982659706682713,0
tranco_benign_proxy,0,0.834636612957534,1
phishtank,1,0.14717961052235304,0
phishtank,1,0.43073172198020815,0
phishtank,1,0.4509259379008874,0
phishtank,1,0.999084698190845,1
phishtank,1,0.20747307443436405,0
phishtank,1,0.9786889057765176,1
tranco_benign_proxy,0,0.10668619437240288,0
tranco_benign_proxy,0,0.13145271587622506,0
tranco_benign_proxy,0,0.045726578253064476,0
tranco_benign_proxy,0,0.3038914658509898,0
tranco_benign_proxy,0,0.31550829916514317,0
tranco_benign_proxy,0,0.9415479251969141,1
tranco_benign_proxy,0,0.9389781980662691,1
phishtank,1,0.9911466530854411,1
phishtank,1,0.15805692068078073,0
tranco_benign_proxy,0,0.994538496202597,1
tranco_benign_proxy,0,0.904404688496228,1
phishtank,1,0.4721269372697536,0
tranco_benign_proxy,0,0.23709613239939845,0
phishtank,1,0.9988341415068758,1
tranco_benign_proxy,0,0.043763558749765924,0
tranco_benign_proxy,0,0.9872130078494499,1
tranco_benign_proxy,0,0.5171098707737227,0
phishtank,1,0.9749553464679471,1
phishtank,1,0.9887057952660046,1
phishtank,1,0.9997152280484506,1
tranco_benign_proxy,0,0.319413810571743,0
tranco_benign_proxy,0,0.04182473781246243,0
tranco_benign_proxy,0,0.10752801146485329,0
tranco_benign_proxy,0,0.08408111428355998,0
phishtank,1,0.9828455154234323,1
phishtank,1,0.7618208106310111,0
tranco_benign_proxy,0,0.2414790488190723,0
tranco_benign_proxy,0,0.5760613873657386,0
tranco_benign_proxy,0,0.6417615983532138,0
tranco_benign_proxy,0,0.05505737467488788,0
tranco_benign_proxy,0,0.0808853502484267,0
tranco_benign_proxy,0,0.3821521344180301,0
phishtank,1,0.054210317198989146,0
phishtank,1,0.9803112825180373,1
phishtank,1,0.9995456164039641,1
phishtank,1,0.9994961935642298,1
phishtank,1,0.19340810606835726,0
phishtank,1,0.9810342293498959,1
tranco_benign_proxy,0,0.6061113512998032,0
phishtank,1,0.9835376271661733,1
tranco_benign_proxy,0,0.9460645214888501,1
tranco_benign_proxy,0,0.8428376283952166,1
tranco_benign_proxy,0,0.2458541980082069,0
phishtank,1,0.9993647807454415,1
tranco_benign_proxy,0,0.055021768973794585,0
phishtank,1,0.766590702654633,0
phishtank,1,0.9978560009452694,1
phishtank,1,0.9964357912075779,1
tranco_benign_proxy,0,0.10382992285650655,0
tranco_benign_proxy,0,0.07081626507990423,0
phishtank,1,0.9975550054260333,1
phishtank,1,0.9401656760400627,1
tranco_benign_proxy,0,0.1051303550582831,0
tranco_benign_proxy,0,0.646704923038555,0
phishtank,1,0.8094723590739203,1
phishtank,1,0.9903914609603263,1
tranco_benign_proxy,0,0.4236303412480189,0
phishtank,1,0.9914666528665091,1
phishtank,1,0.5128645344179025,0
tranco_benign_proxy,0,0.8867233292107014,1
tranco_benign_proxy,0,0.2257455649248616,0
tranco_benign_proxy,0,0.15286901655854057,0
phishtank,1,0.9514750923083969,1
tranco_benign_proxy,0,0.6227566537979969,0
phishtank,1,0.9986865821944444,1
phishtank,1,0.9957131642230495,1
phishtank,1,0.9905405108984804,1
tranco_benign_proxy,0,0.7526384409448913,0
tranco_benign_proxy,0,0.011507491980748803,0
phishtank,1,0.949671777549371,1
phishtank,1,0.9985495256537532,1
tranco_benign_proxy,0,0.9700477361968036,1
tranco_benign_proxy,0,0.4702767855676466,0
phishtank,1,0.897881962169334,1
tranco_benign_proxy,0,0.27705638172926794,0
tranco_benign_proxy,0,0.6890045548942382,0
phishtank,1,0.9922620550869556,1
tranco_benign_proxy,0,0.8420887266035949,1
phishtank,1,0.8248985750925907,1
phishtank,1,0.8921130724280327,1
tranco_benign_proxy,0,0.437256705763629,0
tranco_benign_proxy,0,0.018594429493239473,0
phishtank,1,0.9917748367167413,1
tranco_benign_proxy,0,0.14683353054112616,0
tranco_benign_proxy,0,0.19230850812264083,0
tranco_benign_proxy,0,0.2003582264455212,0
tranco_benign_proxy,0,0.13939431989485584,0
tranco_benign_proxy,0,0.23610706100701107,0
phishtank,1,0.9862491338173115,1
tranco_benign_proxy,0,0.5734444418980911,0
tranco_benign_proxy,0,0.39840202603725017,0
phishtank,1,0.6893691820455373,0
phishtank,1,0.4218329477095113,0
phishtank,1,0.9995932404962007,1
tranco_benign_proxy,0,0.5094425028245125,0
phishtank,1,0.9452878573450534,1
tranco_benign_proxy,0,0.08660077688866297,0
tranco_benign_proxy,0,0.7337799981057469,0
phishtank,1,0.9877510546250504,1
phishtank,1,0.9926659413839148,1
phishtank,1,0.9699080031085928,1
phishtank,1,0.9960273459222637,1
phishtank,1,0.9970895657221446,1
phishtank,1,0.9441898440222036,1
phishtank,1,0.8761733786871622,1
tranco_benign_proxy,0,0.7999813768072803,1
tranco_benign_proxy,0,0.010336316194151391,0
phishtank,1,0.9664298509161378,1
tranco_benign_proxy,0,0.3082284794094647,0
phishtank,1,0.9999592917481466,1
phishtank,1,0.9996618122748417,1
tranco_benign_proxy,0,0.4868419592838657,0
phishtank,1,0.9996235641338165,1
tranco_benign_proxy,0,0.29413192011672695,0
tranco_benign_proxy,0,0.6495765545824044,0
phishtank,1,0.9760463195556953,1
phishtank,1,0.8875228828247907,1
phishtank,1,0.9920458022340592,1
phishtank,1,0.9826798846785354,1
phishtank,1,0.990834820964671,1
phishtank,1,0.7275585919506193,0
tranco_benign_proxy,0,0.8898694130688027,1
phishtank,1,0.9960991964497129,1
phishtank,1,0.8867266245752777,1
phishtank,1,0.5831682784180453,0
phishtank,1,0.20350813174320456,0
phishtank,1,0.9934029519859277,1
tranco_benign_proxy,0,0.258817312336232,0
phishtank,1,0.9802166415258324,1
tranco_benign_proxy,0,0.31492560073467685,0
tranco_benign_proxy,0,0.6795207356826121,0
phishtank,1,0.8300662583745755,1
tranco_benign_proxy,0,0.2998640945521298,0
tranco_benign_proxy,0,0.3338828483995172,0
phishtank,1,0.9280038192671557,1
phishtank,1,0.9993446740650609,1
tranco_benign_proxy,0,0.31420798150896295,0
phishtank,1,0.9887178526188359,1
tranco_benign_proxy,0,0.6838985921743551,0
phishtank,1,0.9781472507499602,1
phishtank,1,0.9623258309476853,1
tranco_benign_proxy,0,0.38089873871955837,0
tranco_benign_proxy,0,0.4293517416940764,0
tranco_benign_proxy,0,0.0014079338704503712,0
tranco_benign_proxy,0,0.08534501931668653,0
phishtank,1,0.9998534463162062,1
tranco_benign_proxy,0,0.4480442360285713,0
phishtank,1,0.8877704093089309,1
tranco_benign_proxy,0,0.04048353098543078,0
tranco_benign_proxy,0,0.10201215125798006,0
phishtank,1,0.8785752225120408,1
phishtank,1,0.9400308929727221,1
tranco_benign_proxy,0,0.14718269467213382,0
tranco_benign_proxy,0,0.08740647851483202,0
phishtank,1,0.10928698101862684,0
phishtank,1,0.9992158691469537,1
tranco_benign_proxy,0,0.09192855857213116,0
phishtank,1,0.9827879150716613,1
tranco_benign_proxy,0,0.2935529791587802,0
tranco_benign_proxy,0,0.881005652016105,1
phishtank,1,0.9994309811724268,1
phishtank,1,0.9921469344202916,1
tranco_benign_proxy,0,0.0024205010990358488,0
tranco_benign_proxy,0,0.3764776941949422,0
phishtank,1,0.7011796025587396,0
tranco_benign_proxy,0,0.3447449786634775,0
phishtank,1,0.2790138814522497,0
tranco_benign_proxy,0,0.14557130014119737,0
tranco_benign_proxy,0,0.31579207042795904,0
phishtank,1,0.9768618928188388,1
phishtank,1,0.9911891913594407,1
phishtank,1,0.9805784344627687,1
tranco_benign_proxy,0,0.1497766909572102,0
phishtank,1,0.5397344133041133,0
tranco_benign_proxy,0,0.2381802506365498,0
tranco_benign_proxy,0,0.9511399085067055,1
tranco_benign_proxy,0,0.6838742782833769,0
phishtank,1,0.9995840103745444,1
tranco_benign_proxy,0,0.9110659133232327,1
phishtank,1,0.9981971152590505,1
phishtank,1,0.855440588426069,1
phishtank,1,0.8814122861223073,1
phishtank,1,0.18488592092930664,0
phishtank,1,0.9849789188814979,1
phishtank,1,0.9141091084054431,1
tranco_benign_proxy,0,0.22685387840257829,0
tranco_benign_proxy,0,0.17952040396273833,0
tranco_benign_proxy,0,0.6262343238815038,0
tranco_benign_proxy,0,0.5218003462478678,0
phishtank,1,0.9349048320747856,1
tranco_benign_proxy,0,0.04723155254008468,0
phishtank,1,0.9728651180573262,1
phishtank,1,0.9891579905716654,1
phishtank,1,0.9980123779288503,1
phishtank,1,0.9999710829399643,1
phishtank,1,0.9853434261934444,1
tranco_benign_proxy,0,0.03983924534085058,0
phishtank,1,0.9914245152155412,1
tranco_benign_proxy,0,0.05229903711373861,0
tranco_benign_proxy,0,0.6020330661547393,0
phishtank,1,0.9133942997353441,1
phishtank,1,0.9957163530105612,1
tranco_benign_proxy,0,0.12303955223291894,0
phishtank,1,0.8711745387167579,1
phishtank,1,0.7248222495705142,0
phishtank,1,0.9963597439778049,1
tranco_benign_proxy,0,0.23215343520496431,0
phishtank,1,0.9973518765705188,1
tranco_benign_proxy,0,0.7336158800119106,0
tranco_benign_proxy,0,0.1578763107124276,0
phishtank,1,0.9999191641592049,1
phishtank,1,0.99976332792164,1
tranco_benign_proxy,0,0.2909479673150048,0
tranco_benign_proxy,0,0.544232614948512,0
phishtank,1,0.9391501164495523,1
phishtank,1,0.9638977268982073,1
tranco_benign_proxy,0,0.23599959711983107,0
phishtank,1,0.9992880908258669,1
tranco_benign_proxy,0,0.40563021443631403,0
tranco_benign_proxy,0,0.06740276107047653,0
phishtank,1,0.999240430768338,1
phishtank,1,0.999966336213027,1
phishtank,1,0.9811518172448649,1
tranco_benign_proxy,0,0.08209258174353412,0
tranco_benign_proxy,0,0.14503330753671023,0
phishtank,1,0.5301199470887167,0
phishtank,1,0.9570234946653658,1
phishtank,1,0.999360833293918,1
tranco_benign_proxy,0,0.9099774658114484,1
phishtank,1,0.9674282548637634,1
tranco_benign_proxy,0,0.09168463374855562,0
phishtank,1,0.9828860991415957,1
tranco_benign_proxy,0,0.8322385972205207,1
phishtank,1,0.49405818256878137,0
phishtank,1,0.9657818188269867,1
phishtank,1,0.9980179180072063,1
tranco_benign_proxy,0,0.06556125980873406,0
phishtank,1,0.9999115688516127,1
phishtank,1,0.9893014641099999,1
tranco_benign_proxy,0,0.6214095348323722,0
tranco_benign_proxy,0,0.46123990448884233,0
tranco_benign_proxy,0,0.3899266278506869,0
tranco_benign_proxy,0,0.7130581367174165,0
phishtank,1,0.9807263928449602,1
phishtank,1,0.9958019431686009,1
phishtank,1,0.09613791492209292,0
tranco_benign_proxy,0,0.13525278071595526,0
phishtank,1,0.9980796667035944,1
tranco_benign_proxy,0,0.13210239515292524,0
phishtank,1,0.9826418702613822,1
tranco_benign_proxy,0,0.10269031632423212,0
phishtank,1,0.9696926207145095,1
tranco_benign_proxy,0,0.5517621145337215,0
tranco_benign_proxy,0,0.9093119657838334,1
tranco_benign_proxy,0,0.020963116087829376,0
phishtank,1,0.5620703489937956,0
tranco_benign_proxy,0,0.9633427552343709,1
phishtank,1,0.9974260631619021,1
tranco_benign_proxy,0,0.7838168284596595,1
tranco_benign_proxy,0,0.05638449992852148,0
tranco_benign_proxy,0,0.1484415325526753,0
tranco_benign_proxy,0,0.5799565831696818,0
phishtank,1,0.9798322222012065,1
phishtank,1,0.9955489946255455,1
tranco_benign_proxy,0,0.07431697253105189,0
tranco_benign_proxy,0,0.9625745549723748,1
tranco_benign_proxy,0,0.13467490656251527,0
tranco_benign_proxy,0,0.9602512732468467,1
phishtank,1,0.994071213425197,1
phishtank,1,0.9092678739523404,1
tranco_benign_proxy,0,0.0609076362873686,0
tranco_benign_proxy,0,0.2417668816972365,0
phishtank,1,0.9416495771601985,1
phishtank,1,0.8908539449862214,1
tranco_benign_proxy,0,0.26756728163410337,0
tranco_benign_proxy,0,0.9894762937019824,1
tranco_benign_proxy,0,0.27133291532890774,0
tranco_benign_proxy,0,0.9966310482583197,1
phishtank,1,0.017644534347103596,0
tranco_benign_proxy,0,0.22024914969211234,0
phishtank,1,0.9948935130680969,1
phishtank,1,0.28782885271395686,0
tranco_benign_proxy,0,0.4861131488835062,0
tranco_benign_proxy,0,0.235856400014584,0
phishtank,1,0.9984242634629354,1
phishtank,1,0.9987503805355836,1
tranco_benign_proxy,0,0.7782899602897775,1
tranco_benign_proxy,0,0.061503593374872344,0
tranco_benign_proxy,0,0.049955651576479854,0
tranco_benign_proxy,0,0.11789269790121144,0
tranco_benign_proxy,0,0.6989930585186506,0
tranco_benign_proxy,0,0.5057784936515485,0
tranco_benign_proxy,0,0.039336091452175787,0
phishtank,1,0.9805824067743681,1
phishtank,1,0.9950046806932121,1
phishtank,1,0.993795550726323,1
phishtank,1,0.9927078692571386,1
tranco_benign_proxy,0,0.06255343924701759,0
tranco_benign_proxy,0,0.5785191264737019,0
tranco_benign_proxy,0,0.3946246525450606,0
tranco_benign_proxy,0,0.21028569560926036,0
tranco_benign_proxy,0,0.4981061326284856,0
phishtank,1,0.9999625151673202,1
tranco_benign_proxy,0,0.2511886342259255,0
phishtank,1,0.9422279368572737,1
tranco_benign_proxy,0,0.03539580609580372,0
tranco_benign_proxy,0,0.1122994183082558,0
phishtank,1,0.99926632175623,1
tranco_benign_proxy,0,0.8591638073748744,1
tranco_benign_proxy,0,0.9757794454884453,1
tranco_benign_proxy,0,0.18382815334071628,0
tranco_benign_proxy,0,0.016109515255460474,0
phishtank,1,0.9240251630204948,1
phishtank,1,0.9456992463657773,1
phishtank,1,0.9932196711661444,1
tranco_benign_proxy,0,0.07542368482572576,0
phishtank,1,0.9974204224958921,1
tranco_benign_proxy,0,0.9809358189181553,1
tranco_benign_proxy,0,0.2886090965217735,0
phishtank,1,0.9971046058807287,1
phishtank,1,0.04626219614590568,0
tranco_benign_proxy,0,0.008769705365195123,0
phishtank,1,0.06545251828384428,0
tranco_benign_proxy,0,0.9111450223701718,1
phishtank,1,0.9173924732161983,1
phishtank,1,0.98238916766852,1
phishtank,1,0.3650340573582735,0
tranco_benign_proxy,0,0.0345047506295105,0
phishtank,1,0.7082541561896266,0
tranco_benign_proxy,0,0.6836067161324773,0
tranco_benign_proxy,0,0.6286279181176418,0
tranco_benign_proxy,0,0.059520478132563635,0
phishtank,1,0.9750444584722693,1
phishtank,1,0.9989968735292832,1
phishtank,1,0.999975837835404,1
phishtank,1,0.9975998893760724,1
phishtank,1,0.9985515597274076,1
phishtank,1,0.9516266147958204,1
phishtank,1,0.9548037669058935,1
tranco_benign_proxy,0,0.9751200431333887,1
phishtank,1,0.9928158986727696,1
phishtank,1,0.9041568358801212,1
phishtank,1,0.9376598635876052,1
phishtank,1,0.9951738833453615,1
phishtank,1,0.22308202649675352,0
tranco_benign_proxy,0,0.5887170613121367,0
phishtank,1,0.9856348137296405,1
tranco_benign_proxy,0,0.03867565426977185,0
tranco_benign_proxy,0,0.9511284140657371,1
phishtank,1,0.9999845551016897,1
phishtank,1,0.4563846313703343,0
phishtank,1,0.7978322457464992,1
phishtank,1,0.2736813275952155,0
phishtank,1,0.9984667396835144,1
tranco_benign_proxy,0,0.024498124529539422,0
phishtank,1,0.9944520675811189,1
tranco_benign_proxy,0,0.4014116370443111,0
phishtank,1,0.935992295182659,1
phishtank,1,0.9985229231624129,1
tranco_benign_proxy,0,0.16132876430976806,0
tranco_benign_proxy,0,0.03144671728607034,0
phishtank,1,0.9985492871909208,1
phishtank,1,0.999723661841349,1
tranco_benign_proxy,0,0.5216100213752672,0
phishtank,1,0.963110527289037,1
phishtank,1,0.9967099916486061,1
phishtank,1,0.9968090490372704,1
phishtank,1,0.9997899497472829,1
phishtank,1,0.9906220626099058,1
phishtank,1,0.9909278961849,1
phishtank,1,0.9931541944881209,1
tranco_benign_proxy,0,0.04755229086611663,0
phishtank,1,0.991407547544865,1
tranco_benign_proxy,0,0.07119428194541906,0
phishtank,1,0.40455880486659485,0
phishtank,1,0.9333021907072367,1
tranco_benign_proxy,0,0.030848689804507588,0
tranco_benign_proxy,0,0.041757466684406455,0
tranco_benign_proxy,0,0.25393687376406343,0
phishtank,1,0.5610287754376415,0
tranco_benign_proxy,0,0.05799991747694232,0
phishtank,1,0.06890405911351818,0
phishtank,1,0.7933182270053843,1
phishtank,1,0.9954173825219403,1
tranco_benign_proxy,0,0.007757872504292787,0
phishtank,1,0.998215136320724,1
phishtank,1,0.5601209550053908,0
tranco_benign_proxy,0,0.4908355477901281,0
tranco_benign_proxy,0,0.12931623668482037,0
phishtank,1,0.9999996988220193,1
phishtank,1,0.2350001375179084,0
tranco_benign_proxy,0,0.9704891459753471,1
phishtank,1,0.9995140957823073,1
phishtank,1,0.9995460870691198,1
phishtank,1,0.9716876937503793,1
phishtank,1,0.9999998599952816,1
tranco_benign_proxy,0,0.020923577931353427,0
phishtank,1,0.9992412640441966,1
phishtank,1,0.9996895232352276,1
phishtank,1,0.9771775430406313,1
tranco_benign_proxy,0,0.23515982982247952,0
phishtank,1,0.9988795329586422,1
phishtank,1,0.9990842885984311,1
tranco_benign_proxy,0,0.02821972838935055,0
phishtank,1,0.9907034204780766,1
tranco_benign_proxy,0,0.9866071553447907,1
phishtank,1,0.9996867283596191,1
phishtank,1,0.9878784973003301,1
phishtank,1,0.991465403335252,1
phishtank,1,0.9806711107047552,1
tranco_benign_proxy,0,0.5850277595512702,0
tranco_benign_proxy,0,0.7598209875114281,0
tranco_benign_proxy,0,0.4851027449240118,0
phishtank,1,0.9997835046554926,1
phishtank,1,0.9991242217175967,1
phishtank,1,0.9998092938768112,1
phishtank,1,0.9920341143772565,1
tranco_benign_proxy,0,0.9937048150301837,1
tranco_benign_proxy,0,0.8154665987377584,1
tranco_benign_proxy,0,0.6715455118365823,0
tranco_benign_proxy,0,0.312311588944179,0
phishtank,1,0.9948067645987961,1
phishtank,1,0.9760734026660729,1
tranco_benign_proxy,0,0.5638871779660104,0
tranco_benign_proxy,0,0.08076895960626926,0
tranco_benign_proxy,0,0.8241151728494296,1
phishtank,1,0.15098520649990438,0
phishtank,1,0.9993216721107477,1
phishtank,1,0.9998241293696297,1
tranco_benign_proxy,0,0.02453590543209667,0
phishtank,1,0.9388541084545794,1
tranco_benign_proxy,0,0.06490275133718187,0
tranco_benign_proxy,0,0.09030379744640651,0
tranco_benign_proxy,0,0.7696009429845516,1
phishtank,1,0.9827690771459768,1
phishtank,1,0.998894212814403,1
tranco_benign_proxy,0,0.6523083185357988,0
tranco_benign_proxy,0,0.2637001220526402,0
phishtank,1,0.08478873436521599,0
phishtank,1,0.9510633040386521,1
phishtank,1,0.9312102182397181,1
tranco_benign_proxy,0,0.18698882097904154,0
tranco_benign_proxy,0,0.9484907049798372,1
phishtank,1,0.9443231707292027,1
tranco_benign_proxy,0,0.9056460292179068,1
tranco_benign_proxy,0,0.844165497747669,1
tranco_benign_proxy,0,0.5778367106464596,0
tranco_benign_proxy,0,0.11810180134266762,0
tranco_benign_proxy,0,0.9785807690457123,1
phishtank,1,0.9990548913050173,1
tranco_benign_proxy,0,0.07183332464343292,0
phishtank,1,0.9843383358938651,1
phishtank,1,0.9912819253195835,1
tranco_benign_proxy,0,0.8011227336843212,1
tranco_benign_proxy,0,0.38374077866706713,0
tranco_benign_proxy,0,0.09234098656848862,0
phishtank,1,0.9995604039183126,1
tranco_benign_proxy,0,0.03515001572504925,0
phishtank,1,0.9977606700865558,1
tranco_benign_proxy,0,0.1994720285539038,0
tranco_benign_proxy,0,0.2878402238975867,0
phishtank,1,0.21078578273565335,0
tranco_benign_proxy,0,0.18191996140705588,0
tranco_benign_proxy,0,0.0014394430385170234,0
phishtank,1,0.643142205611282,0
phishtank,1,0.981300002995207,1
tranco_benign_proxy,0,0.8938136525637322,1
tranco_benign_proxy,0,0.051805916334660446,0
phishtank,1,0.9968443586507812,1
phishtank,1,0.9926226539241138,1
tranco_benign_proxy,0,0.05908216697272006,0
tranco_benign_proxy,0,0.509701277260756,0
tranco_benign_proxy,0,0.0026669798771130192,0
tranco_benign_proxy,0,0.17784314104493906,0
phishtank,1,0.09473807219205342,0
phishtank,1,0.9974945380693375,1
tranco_benign_proxy,0,0.13513334753259224,0
tranco_benign_proxy,0,0.08831812603282903,0
tranco_benign_proxy,0,0.2703075953179671,0
tranco_benign_proxy,0,0.10854177048458172,0
tranco_benign_proxy,0,0.2578584392330224,0
phishtank,1,0.9847830040621306,1
tranco_benign_proxy,0,0.06972628475022973,0
tranco_benign_proxy,0,0.2682378154166392,0
tranco_benign_proxy,0,0.4656682761047749,0
phishtank,1,0.9977265831601011,1
tranco_benign_proxy,0,0.6471720729818773,0
phishtank,1,0.9849791438909495,1
tranco_benign_proxy,0,0.3275515855561872,0
phishtank,1,0.7467132806748141,0
phishtank,1,0.9941271698478245,1
phishtank,1,0.9917176270002781,1
tranco_benign_proxy,0,0.2405004545549709,0
phishtank,1,0.9196823231173155,1
tranco_benign_proxy,0,0.14875607094329987,0
phishtank,1,0.9910544786111073,1
phishtank,1,0.9988263954310014,1
phishtank,1,0.9999516158956274,1
phishtank,1,0.9939871468450592,1
tranco_benign_proxy,0,0.24258422235402932,0
phishtank,1,0.9755783987274306,1
tranco_benign_proxy,0,0.9176780565643164,1
phishtank,1,0.9938210951380143,1
tranco_benign_proxy,0,0.09178398632645877,0
tranco_benign_proxy,0,0.17188020832144305,0
tranco_benign_proxy,0,0.15178902193506488,0
phishtank,1,0.22892065742516385,0
tranco_benign_proxy,0,0.5863256084057082,0
tranco_benign_proxy,0,0.7870795541151173,1
tranco_benign_proxy,0,0.26453965247062144,0
tranco_benign_proxy,0,0.85961366596932,1
phishtank,1,0.3144224755904407,0
phishtank,1,0.9881538751506125,1
phishtank,1,0.9999034056595509,1
tranco_benign_proxy,0,0.016813348747987948,0
phishtank,1,0.9992512108162726,1
tranco_benign_proxy,0,0.32049589407225093,0
phishtank,1,0.9757209800931804,1
tranco_benign_proxy,0,0.703534500090126,0
phishtank,1,0.9979768455571429,1
tranco_benign_proxy,0,0.21469251249968124,0
phishtank,1,0.9763898068833791,1
tranco_benign_proxy,0,0.2610387621895335,0
phishtank,1,0.9400655771615656,1
phishtank,1,0.963606719702694,1
phishtank,1,0.997056130065413,1
phishtank,1,0.9994164069979312,1
tranco_benign_proxy,0,0.5376592681394564,0
tranco_benign_proxy,0,0.7383686322125198,0
tranco_benign_proxy,0,0.6237970370893287,0
tranco_benign_proxy,0,0.131028634122071,0
tranco_benign_proxy,0,0.2817016818461319,0
phishtank,1,0.9936425701540118,1
tranco_benign_proxy,0,0.2436028560248688,0
tranco_benign_proxy,0,0.24057330396283755,0
phishtank,1,0.853173515924686,1
phishtank,1,0.10969929710130226,0
tranco_benign_proxy,0,0.21930993140225555,0
tranco_benign_proxy,0,0.561474571519658,0
phishtank,1,0.8333151939688742,1
tranco_benign_proxy,0,0.07831546395977655,0
phishtank,1,0.643687066447143,0
phishtank,1,0.5844163782989167,0
tranco_benign_proxy,0,0.4511974022287544,0
tranco_benign_proxy,0,0.23711878042378515,0
tranco_benign_proxy,0,0.40455109561207075,0
tranco_benign_proxy,0,0.9494505304899955,1
tranco_benign_proxy,0,0.1932789174844177,0
phishtank,1,0.9980631853585877,1
tranco_benign_proxy,0,0.9913738764031471,1
tranco_benign_proxy,0,0.3588685776189016,0
tranco_benign_proxy,0,0.14580668221580384,0
phishtank,1,0.996849796976731,1
phishtank,1,0.998274851041513,1
phishtank,1,0.7277674946571421,0
phishtank,1,0.8736727406999877,1
phishtank,1,0.9999909302293299,1
tranco_benign_proxy,0,0.04310447591835431,0
tranco_benign_proxy,0,0.060283769815814084,0
tranco_benign_proxy,0,0.3939572492335961,0
tranco_benign_proxy,0,0.9522110522605711,1
phishtank,1,0.9885443779771237,1
phishtank,1,0.9883465375663715,1
tranco_benign_proxy,0,0.5426330618127738,0
tranco_benign_proxy,0,0.8579042743912376,1
tranco_benign_proxy,0,0.1871182175131614,0
tranco_benign_proxy,0,0.06465258809596912,0
phishtank,1,0.9990144922302915,1
tranco_benign_proxy,0,0.09139596095023256,0
phishtank,1,0.15271882434622755,0
tranco_benign_proxy,0,0.13590645331347773,0
phishtank,1,0.9775232645718595,1
tranco_benign_proxy,0,0.37849529052395814,0
phishtank,1,0.9999201367555292,1
phishtank,1,0.8582060798849557,1
tranco_benign_proxy,0,0.03910096192231156,0
phishtank,1,0.9998242783776402,1
tranco_benign_proxy,0,0.5775415417402958,0
tranco_benign_proxy,0,0.6474393571055675,0
tranco_benign_proxy,0,0.037721399802755684,0
tranco_benign_proxy,0,0.35080067045974395,0
phishtank,1,0.8640865926262924,1
phishtank,1,0.9999581769579705,1
phishtank,1,0.04606436796816322,0
tranco_benign_proxy,0,0.9040897171569051,1
tranco_benign_proxy,0,0.33514425442121065,0
phishtank,1,0.9883565179050947,1
phishtank,1,0.9830435252053024,1
tranco_benign_proxy,0,0.9804556250878232,1
tranco_benign_proxy,0,0.5862653474824034,0
phishtank,1,0.9996603123166299,1
phishtank,1,0.9777030825114039,1
phishtank,1,0.9969269555836159,1
phishtank,1,0.9941895759812978,1
tranco_benign_proxy,0,0.23297152543811975,0
tranco_benign_proxy,0,0.21212216052533137,0
tranco_benign_proxy,0,0.062207988694719295,0
phishtank,1,0.9856634568631158,1
tranco_benign_proxy,0,0.9297882622513174,1
phishtank,1,0.99906442832333,1
tranco_benign_proxy,0,0.8456739693861535,1
phishtank,1,0.9504671347227336,1
phishtank,1,0.9969102510721489,1
phishtank,1,0.988057884544687,1
phishtank,1,0.9961364441248565,1
tranco_benign_proxy,0,0.20811064483754912,0
tranco_benign_proxy,0,0.08709431159885496,0
phishtank,1,0.23635108529824794,0
phishtank,1,0.9867254845872223,1
phishtank,1,0.9903976710501906,1
tranco_benign_proxy,0,0.0037025161031228044,0
phishtank,1,0.9835912451550218,1
phishtank,1,0.5962400184302183,0
phishtank,1,0.9885814311085053,1
phishtank,1,0.9695239971186275,1
phishtank,1,0.9903124403636275,1
phishtank,1,0.9811295029386506,1
phishtank,1,0.9999945022286595,1
phishtank,1,0.8220352846641866,1
tranco_benign_proxy,0,0.5140390748028881,0
phishtank,1,0.7925800730548762,1
phishtank,1,0.8898647549285472,1
tranco_benign_proxy,0,0.8371874698325278,1
tranco_benign_proxy,0,0.0920157643686275,0
tranco_benign_proxy,0,0.2095123992396516,0
tranco_benign_proxy,0,0.0036503286218502575,0
phishtank,1,0.9590925250568054,1
phishtank,1,0.9977288960428982,1
tranco_benign_proxy,0,0.10351878030360247,0
tranco_benign_proxy,0,0.5984767360353884,0
phishtank,1,0.9515721911486044,1
tranco_benign_proxy,0,0.07830345658490348,0
phishtank,1,0.9082337537379768,1
tranco_benign_proxy,0,0.048391421083879685,0
tranco_benign_proxy,0,0.3228489086836773,0
phishtank,1,0.9911265628277406,1
tranco_benign_proxy,0,0.07647277501232363,0
phishtank,1,0.8026135687854957,1
tranco_benign_proxy,0,0.4394109409873536,0
tranco_benign_proxy,0,0.47742325855349993,0
tranco_benign_proxy,0,0.03931851574208132,0
tranco_benign_proxy,0,0.005631907836912639,0
tranco_benign_proxy,0,0.08471223063670544,0
phishtank,1,0.9995352603074992,1
phishtank,1,0.9932636863647026,1
phishtank,1,0.9984377627350959,1
tranco_benign_proxy,0,0.04740537311306258,0
tranco_benign_proxy,0,0.00754190058006986,0
phishtank,1,0.932052461324848,1
tranco_benign_proxy,0,0.040713870893583276,0
phishtank,1,0.987654842974248,1
phishtank,1,0.12728180541308345,0
tranco_benign_proxy,0,0.30074453561872744,0
tranco_benign_proxy,0,0.7445357274867577,0
phishtank,1,0.08691361615448345,0
tranco_benign_proxy,0,0.354369951567841,0
phishtank,1,0.9814973558657101,1
phishtank,1,0.20294203730830548,0
phishtank,1,0.9752754429245354,1
phishtank,1,0.9856092348380627,1
tranco_benign_proxy,0,0.051528949209716714,0
phishtank,1,0.9842115199503527,1
phishtank,1,0.9857945015110113,1
phishtank,1,0.9885074671304332,1
tranco_benign_proxy,0,0.982817028759554,1
tranco_benign_proxy,0,0.08714701110215045,0
tranco_benign_proxy,0,0.1356637549231488,0
tranco_benign_proxy,0,0.18083286714044275,0
phishtank,1,0.9451607694628141,1
phishtank,1,0.9998053855875978,1
phishtank,1,0.7205233372724584,0
tranco_benign_proxy,0,0.6445622262568673,0
tranco_benign_proxy,0,0.05631550910111332,0
phishtank,1,0.999877885039357,1
tranco_benign_proxy,0,0.4344701009934581,0
phishtank,1,0.2617541979914528,0
phishtank,1,0.9867909414025999,1
phishtank,1,0.9839992028873746,1
phishtank,1,0.9978486313603927,1
tranco_benign_proxy,0,0.0423072443498967,0
phishtank,1,0.99963235453387,1
tranco_benign_proxy,0,0.4184885755418224,0
tranco_benign_proxy,0,0.8433119296682499,1
tranco_benign_proxy,0,0.5934481253256394,0
phishtank,1,0.9631906337486473,1
phishtank,1,0.9659836931681581,1
phishtank,1,0.9999431650021482,1
phishtank,1,0.9998594687869017,1
tranco_benign_proxy,0,0.23894723186367528,0
phishtank,1,0.43836492864941373,0
phishtank,1,0.9938829247626765,1
phishtank,1,0.9923298941625575,1
phishtank,1,0.9996381635974277,1
phishtank,1,0.9970860309576375,1
tranco_benign_proxy,0,0.6993327460525931,0
tranco_benign_proxy,0,0.3259162540561606,0
phishtank,1,0.4677727812377567,0
tranco_benign_proxy,0,0.09035713422200321,0
phishtank,1,0.9784581494916779,1
tranco_benign_proxy,0,0.1937449909932142,0
tranco_benign_proxy,0,0.005252078522365283,0
phishtank,1,0.9995061891691129,1
tranco_benign_proxy,0,0.12122124733450035,0
phishtank,1,0.8377774458558933,1
tranco_benign_proxy,0,0.16462762687796714,0
phishtank,1,0.9505517090042231,1
tranco_benign_proxy,0,0.5939579434448021,0
phishtank,1,0.9997648942033884,1
phishtank,1,0.04046372767098792,0
phishtank,1,0.9668024252129467,1
phishtank,1,0.1274686083794447,0
tranco_benign_proxy,0,0.16441025797276854,0
phishtank,1,0.9994446794566338,1
phishtank,1,0.26022986923863867,0
tranco_benign_proxy,0,0.23212169341174835,0
phishtank,1,0.9889944248906071,1
phishtank,1,0.9994618716460513,1
phishtank,1,0.920415253504978,1
phishtank,1,0.9998263566200221,1
phishtank,1,0.9940668424867637,1
phishtank,1,0.9882769950156051,1
phishtank,1,0.98494241704891,1
phishtank,1,0.9996008669341957,1
tranco_benign_proxy,0,0.9145806460301409,1
tranco_benign_proxy,0,0.022400760650172467,0
phishtank,1,0.9958709788703491,1
phishtank,1,0.9999775738403403,1
phishtank,1,0.996454532112159,1
phishtank,1,0.9998257990119301,1
tranco_benign_proxy,0,0.9090619032491205,1
phishtank,1,0.9977471843510773,1
phishtank,1,0.9510284399890271,1
phishtank,1,0.9854142107304316,1
tranco_benign_proxy,0,0.2438494652736543,0
tranco_benign_proxy,0,0.2125128099509036,0
tranco_benign_proxy,0,0.015940018748601566,0
tranco_benign_proxy,0,0.6927958282221747,0
tranco_benign_proxy,0,0.15220703148496403,0
tranco_benign_proxy,0,0.32599487149114653,0
tranco_benign_proxy,0,0.3131890595366885,0
tranco_benign_proxy,0,0.9944763354684,1
phishtank,1,0.9928912496283671,1
tranco_benign_proxy,0,0.24262534591995863,0
phishtank,1,0.9121297861507014,1
phishtank,1,0.7874861356417938,1
phishtank,1,0.39303949574673497,0
tranco_benign_proxy,0,0.2594383435189682,0
phishtank,1,0.984644591181541,1
tranco_benign_proxy,0,0.9809464906477362,1
tranco_benign_proxy,0,0.6804578659355763,0
tranco_benign_proxy,0,0.7149132865150134,0
phishtank,1,0.9629498300758979,1
phishtank,1,0.9894816723831694,1
tranco_benign_proxy,0,0.09641521512733565,0
phishtank,1,0.9892736071980924,1
phishtank,1,0.9993840156834525,1
tranco_benign_proxy,0,0.11446001492132626,0
tranco_benign_proxy,0,0.11894608983399452,0
tranco_benign_proxy,0,0.9801011782866879,1
tranco_benign_proxy,0,0.18139941960352257,0
phishtank,1,0.5057767152481043,0
phishtank,1,0.9997457778066422,1
tranco_benign_proxy,0,0.378994618462247,0
tranco_benign_proxy,0,0.14946412862045633,0
tranco_benign_proxy,0,0.08649553424621034,0
tranco_benign_proxy,0,0.6693008855215173,0
tranco_benign_proxy,0,0.8698804451499809,1
phishtank,1,0.9953578409214436,1
tranco_benign_proxy,0,0.03507348239456147,0
phishtank,1,0.8159319688185158,1
tranco_benign_proxy,0,0.8225986831476699,1
phishtank,1,0.9813879891634502,1
tranco_benign_proxy,0,0.4466109933048492,0
phishtank,1,0.9999981738237371,1
tranco_benign_proxy,0,0.21389014966766634,0
phishtank,1,0.9997060589129287,1
phishtank,1,0.192526561723029,0
tranco_benign_proxy,0,0.7058568737163244,0
tranco_benign_proxy,0,0.9789857692386651,1
phishtank,1,0.6437879099951833,0
tranco_benign_proxy,0,0.6775306089366404,0
phishtank,1,0.1592612861209374,0
phishtank,1,0.9998322732719102,1
phishtank,1,0.9906550413665315,1
phishtank,1,0.976245002187258,1
tranco_benign_proxy,0,0.6664788791452348,0
phishtank,1,0.9922612722937041,1
phishtank,1,0.9770165607621433,1
phishtank,1,0.3610116247970995,0
tranco_benign_proxy,0,0.579659824845919,0
phishtank,1,0.9929737985615664,1
tranco_benign_proxy,0,0.04819850989559717,0
phishtank,1,0.9757272688469587,1
phishtank,1,0.999757216756752,1
tranco_benign_proxy,0,0.9205427567691772,1
phishtank,1,0.9999371462565099,1
tranco_benign_proxy,0,0.13533133959699584,0
tranco_benign_proxy,0,0.4791377185492549,0
tranco_benign_proxy,0,0.41114854146993224,0
tranco_benign_proxy,0,0.16851371138945181,0
phishtank,1,0.9999177958990445,1
tranco_benign_proxy,0,0.15240078052519015,0
phishtank,1,0.9997514776299193,1
tranco_benign_proxy,0,0.21955329361353806,0
phishtank,1,0.9959588964810688,1
tranco_benign_proxy,0,0.03670967139919352,0
phishtank,1,0.9964094396988674,1
phishtank,1,0.9981979779666167,1
tranco_benign_proxy,0,0.6786628770044703,0
phishtank,1,0.9852958668933188,1
tranco_benign_proxy,0,0.6857433565214114,0
tranco_benign_proxy,0,0.8885882817014589,1
tranco_benign_proxy,0,0.469697589615005,0
phishtank,1,0.9595176595761907,1
phishtank,1,0.9238472294064255,1
phishtank,1,0.9974858983508041,1
phishtank,1,0.9985642638313134,1
phishtank,1,0.9692050653973464,1
tranco_benign_proxy,0,0.786972663781266,1
phishtank,1,0.987623901017565,1
phishtank,1,0.29952443640003734,0
phishtank,1,0.9989759128879172,1
tranco_benign_proxy,0,0.5051120352280997,0
tranco_benign_proxy,0,0.44189903374722467,0
phishtank,1,0.1498583468576939,0
phishtank,1,0.9763413999620725,1
tranco_benign_proxy,0,0.9765271278707102,1
phishtank,1,0.6112789974122418,0
phishtank,1,0.5080017930260199,0
phishtank,1,0.9937844252595678,1
tranco_benign_proxy,0,0.42089991383720643,0
tranco_benign_proxy,0,0.2179713567459319,0
tranco_benign_proxy,0,0.7286139112830267,0
phishtank,1,0.9754721937701709,1
tranco_benign_proxy,0,0.49723572516438824,0
tranco_benign_proxy,0,0.2180792467918543,0
tranco_benign_proxy,0,0.004521521051026056,0
phishtank,1,0.992874711526406,1
tranco_benign_proxy,0,0.20919900299806823,0
tranco_benign_proxy,0,0.047675812416397775,0
phishtank,1,0.9995326338859117,1
tranco_benign_proxy,0,0.2786914993348368,0
tranco_benign_proxy,0,0.18181795617338065,0
phishtank,1,0.9995021164091837,1
phishtank,1,0.9990611688719123,1
tranco_benign_proxy,0,0.9613491491103056,1
tranco_benign_proxy,0,0.26400729173788073,0
phishtank,1,0.9707411857920727,1
tranco_benign_proxy,0,0.6031271734561379,0
phishtank,1,0.9194140145668375,1
tranco_benign_proxy,0,0.9455013666674769,1
phishtank,1,0.9813890630101709,1
tranco_benign_proxy,0,0.1334861325203536,0
tranco_benign_proxy,0,0.3438564407123089,0
tranco_benign_proxy,0,0.295639522755515,0
tranco_benign_proxy,0,0.18809174485118627,0
phishtank,1,0.9950236372825438,1
tranco_benign_proxy,0,0.927335284890148,1
phishtank,1,0.9240153052666013,1
tranco_benign_proxy,0,0.5301014353227086,0
tranco_benign_proxy,0,0.1561584922515008,0
phishtank,1,0.9971943986804652,1
phishtank,1,0.3956206894773374,0
tranco_benign_proxy,0,0.4901831978913822,0
phishtank,1,0.9810041267022546,1
phishtank,1,0.9992084394388164,1
tranco_benign_proxy,0,0.5454358652983751,0
phishtank,1,0.9999534593768009,1
phishtank,1,0.9980774993216709,1
tranco_benign_proxy,0,0.8994374595943007,1
tranco_benign_proxy,0,0.9920713461068938,1
phishtank,1,0.9894907664215605,1
phishtank,1,0.9884610288386145,1
tranco_benign_proxy,0,0.7866984197068342,1
phishtank,1,0.9992973812264221,1
tranco_benign_proxy,0,0.7730911335155537,1
phishtank,1,0.9932484391756099,1
phishtank,1,0.9825414346591806,1
phishtank,1,0.999737990497032,1
phishtank,1,0.9959697812234762,1
phishtank,1,0.524370491186579,0
phishtank,1,0.9340649813306227,1
tranco_benign_proxy,0,0.017089416808449286,0
tranco_benign_proxy,0,0.9140375100764757,1
tranco_benign_proxy,0,0.6958935080759611,0
tranco_benign_proxy,0,0.40083855233230375,0
phishtank,1,0.9983946888825372,1
tranco_benign_proxy,0,0.1383935963596955,0
phishtank,1,0.9999693259628658,1
tranco_benign_proxy,0,0.3768108703128223,0
tranco_benign_proxy,0,0.15972413833892038,0
phishtank,1,0.9847352001977738,1
phishtank,1,0.9980407716831062,1
phishtank,1,0.9997553312271625,1
phishtank,1,0.9998226128842863,1
phishtank,1,0.5022647789176412,0
phishtank,1,0.9762582645378658,1
phishtank,1,0.9894324257418362,1
phishtank,1,0.9846214222922987,1
phishtank,1,0.9960430990731518,1
phishtank,1,0.9997681483976967,1
tranco_benign_proxy,0,0.344438950662624,0
phishtank,1,0.9948968831766721,1
phishtank,1,0.9999453898853506,1
tranco_benign_proxy,0,0.10293021886962513,0
tranco_benign_proxy,0,0.2944269351226729,0
phishtank,1,0.6835608545669166,0
tranco_benign_proxy,0,0.4138114876325616,0
tranco_benign_proxy,0,0.4193355744083292,0
phishtank,1,0.9998739595401134,1
tranco_benign_proxy,0,0.242376409471239,0
tranco_benign_proxy,0,0.3641305497360761,0
tranco_benign_proxy,0,0.9267507929395732,1
phishtank,1,0.10298776208415016,0
tranco_benign_proxy,0,0.2006263381701059,0
phishtank,1,0.9872947343157232,1
tranco_benign_proxy,0,0.0038014246718102965,0
tranco_benign_proxy,0,0.004305739749806258,0
tranco_benign_proxy,0,0.20553110183077053,0
tranco_benign_proxy,0,0.8283703654010894,1
tranco_benign_proxy,0,0.20519147780637875,0
tranco_benign_proxy,0,0.11504947670983193,0
phishtank,1,0.9986785716359575,1
tranco_benign_proxy,0,0.19564962336268688,0
tranco_benign_proxy,0,0.0362071596176332,0
phishtank,1,0.9992077372506927,1
phishtank,1,0.9999651893393772,1
phishtank,1,0.9938983714719078,1
tranco_benign_proxy,0,0.005985162282820077,0
tranco_benign_proxy,0,0.24815542978356264,0
phishtank,1,0.9885449844501782,1
phishtank,1,0.864560637994105,1
phishtank,1,0.9984293130349723,1
tranco_benign_proxy,0,0.11403826709914655,0
tranco_benign_proxy,0,0.9822507695945836,1
tranco_benign_proxy,0,0.5481018664365361,0
phishtank,1,0.9747450973742899,1
phishtank,1,0.9975519000170789,1
phishtank,1,0.9914355932078033,1
tranco_benign_proxy,0,0.03403872964405787,0
phishtank,1,0.9306236738065887,1
phishtank,1,0.9927471516990048,1
tranco_benign_proxy,0,0.5659429126644189,0
tranco_benign_proxy,0,0.16886150517805892,0
tranco_benign_proxy,0,0.9736731801745555,1
tranco_benign_proxy,0,0.00040413260421836943,0
phishtank,1,0.9999419676805114,1
phishtank,1,0.9999829967718039,1
phishtank,1,0.9997885781106937,1
tranco_benign_proxy,0,0.1267861879931546,0
phishtank,1,0.9796883685871333,1
phishtank,1,0.5849847650732638,0
tranco_benign_proxy,0,0.5841476333366686,0
tranco_benign_proxy,0,0.15894785233943476,0
tranco_benign_proxy,0,0.647420608437316,0
tranco_benign_proxy,0,0.6551549228077276,0
tranco_benign_proxy,0,0.23139219871127384,0
tranco_benign_proxy,0,0.5770446660226529,0
phishtank,1,0.9965527988030156,1
tranco_benign_proxy,0,0.017151914082865313,0
phishtank,1,0.9976573606069895,1
phishtank,1,0.9993967188312706,1
phishtank,1,0.7144993953016633,0
tranco_benign_proxy,0,0.11470566805557947,0
phishtank,1,0.996988996519134,1
tranco_benign_proxy,0,0.9671284479714295,1
tranco_benign_proxy,0,0.25821445343275146,0
phishtank,1,0.5947091596184193,0
tranco_benign_proxy,0,0.5607396068577216,0
tranco_benign_proxy,0,0.2025455257210742,0
phishtank,1,0.9997820589448924,1
phishtank,1,0.9963481459305524,1
tranco_benign_proxy,0,0.3969569748048094,0
phishtank,1,0.9211040004344271,1
phishtank,1,0.991125740162436,1
tranco_benign_proxy,0,0.10359873234259889,0
phishtank,1,0.46497081867076406,0
phishtank,1,0.9996289293745138,1
tranco_benign_proxy,0,0.029132955110117247,0
tranco_benign_proxy,0,0.2612188512284725,0
phishtank,1,0.9903334094608051,1
tranco_benign_proxy,0,0.9435345403687111,1
tranco_benign_proxy,0,0.2010135966796239,0
phishtank,1,0.9991014701134336,1
phishtank,1,0.9654831752033144,1
phishtank,1,0.019655652027835355,0
phishtank,1,0.9320028820069206,1
phishtank,1,0.9997183449302113,1
tranco_benign_proxy,0,0.09543835270700995,0
tranco_benign_proxy,0,0.08350544447023937,0
tranco_benign_proxy,0,0.0009251887048585954,0
phishtank,1,0.8550480481488387,1
tranco_benign_proxy,0,0.06075010020082828,0
phishtank,1,0.996849082015051,1
tranco_benign_proxy,0,0.9840433184374684,1
phishtank,1,0.9999921104044878,1
tranco_benign_proxy,0,0.7617859942015143,0
phishtank,1,0.9997066285280297,1
phishtank,1,0.9992455068940821,1
phishtank,1,0.9984277885233334,1
phishtank,1,0.9903934809313654,1
tranco_benign_proxy,0,0.016819598684758148,0
phishtank,1,0.5802048792012856,0
tranco_benign_proxy,0,0.19913264545921477,0
tranco_benign_proxy,0,0.21133204868215555,0
phishtank,1,0.99957827528629,1
tranco_benign_proxy,0,0.12101837908702996,0
tranco_benign_proxy,0,0.9747960737444216,1
tranco_benign_proxy,0,0.7668261815472016,0
phishtank,1,0.9904571845216628,1
tranco_benign_proxy,0,0.25697469827330394,0
tranco_benign_proxy,0,0.6910667632736653,0
tranco_benign_proxy,0,0.9789858116194456,1
phishtank,1,0.9949805275007161,1
phishtank,1,0.9904837922207382,1
phishtank,1,0.5224720744152139,0
tranco_benign_proxy,0,0.11194415839591101,0
phishtank,1,0.9769591101459593,1
phishtank,1,0.9999256455699421,1
phishtank,1,0.9997104345023534,1
tranco_benign_proxy,0,0.256822182751922,0
tranco_benign_proxy,0,0.33817370791575957,0
tranco_benign_proxy,0,0.17957906585298278,0
phishtank,1,0.7687686193098852,1
tranco_benign_proxy,0,0.11666583589511745,0
phishtank,1,0.8659029994146554,1
phishtank,1,0.9512374837543242,1
tranco_benign_proxy,0,0.35864062747167785,0
phishtank,1,0.22201489528011462,0
phishtank,1,0.9789321091701257,1
tranco_benign_proxy,0,0.22412711666204457,0
tranco_benign_proxy,0,0.13933548098969437,0
phishtank,1,0.8011126616355235,1
phishtank,1,0.9515356269321903,1
phishtank,1,0.9866443393224207,1
phishtank,1,0.9835165019138183,1
phishtank,1,0.5907790245925519,0
phishtank,1,0.6652628600513275,0
tranco_benign_proxy,0,0.21591216375671213,0
tranco_benign_proxy,0,0.10780607529673242,0
phishtank,1,0.9859136995150417,1
phishtank,1,0.969625488192314,1
phishtank,1,0.8373076529755752,1
phishtank,1,0.7939698971826459,1
phishtank,1,0.9891768933856365,1
tranco_benign_proxy,0,0.0278878480150826,0
phishtank,1,0.998281439936995,1
tranco_benign_proxy,0,0.10012632431577477,0
phishtank,1,0.9356015054809222,1
phishtank,1,0.9989705627608657,1
phishtank,1,0.9351058294292535,1
phishtank,1,0.9980064369015197,1
tranco_benign_proxy,0,0.2252523460167495,0
phishtank,1,0.12457226627481818,0
tranco_benign_proxy,0,0.7953807652488838,1
tranco_benign_proxy,0,0.8210508383307478,1
phishtank,1,0.9886538952321692,1
tranco_benign_proxy,0,0.15844778329334938,0
tranco_benign_proxy,0,0.868403573679075,1
phishtank,1,0.9816247466044955,1
tranco_benign_proxy,0,0.022148924795025882,0
tranco_benign_proxy,0,0.10345374555193673,0
phishtank,1,0.9991989793886839,1
tranco_benign_proxy,0,0.17252909204006237,0
phishtank,1,0.9150029929545314,1
tranco_benign_proxy,0,0.029932787333641554,0
phishtank,1,0.9963774243553573,1
tranco_benign_proxy,0,0.8521437649360238,1
tranco_benign_proxy,0,0.15829799841088796,0
tranco_benign_proxy,0,0.08794330076252366,0
tranco_benign_proxy,0,0.4446497232081993,0
phishtank,1,0.9838493889970595,1
phishtank,1,0.9873287712407067,1
phishtank,1,0.9993632659208351,1
phishtank,1,0.9370507557967475,1
phishtank,1,0.9800400336941217,1
tranco_benign_proxy,0,0.9873408565613251,1
phishtank,1,0.752218164057262,0
phishtank,1,0.9934743689064147,1
phishtank,1,0.9952025348686635,1
tranco_benign_proxy,0,0.14014662993665497,0
phishtank,1,0.9872028439385865,1
tranco_benign_proxy,0,0.4662262702943193,0
phishtank,1,0.9978347416481644,1
phishtank,1,0.8530121635976796,1
phishtank,1,0.6396168161511602,0
phishtank,1,0.9988184147106723,1
tranco_benign_proxy,0,0.6933632811180653,0
phishtank,1,0.7260257178726928,0
phishtank,1,0.9108919598714641,1
tranco_benign_proxy,0,0.19815346646341211,0
phishtank,1,0.999397248820314,1
phishtank,1,0.9807506978932591,1
phishtank,1,0.7626087767104426,0
phishtank,1,0.9978991961670187,1
tranco_benign_proxy,0,0.946475615104243,1
tranco_benign_proxy,0,0.927618671714089,1
phishtank,1,0.9982029479002692,1
tranco_benign_proxy,0,0.9479261764625797,1
phishtank,1,0.9927976519786365,1
phishtank,1,0.7338642452917623,0
tranco_benign_proxy,0,0.3800599159850032,0
tranco_benign_proxy,0,0.04525313569498727,0
phishtank,1,0.9721364630181136,1
tranco_benign_proxy,0,0.9735136172846538,1
tranco_benign_proxy,0,0.007815407130845402,0
phishtank,1,0.9994011302582096,1
phishtank,1,0.8961924155392283,1
tranco_benign_proxy,0,0.790492901708075,1
phishtank,1,0.9805191504556001,1
phishtank,1,0.9091658135017568,1
tranco_benign_proxy,0,0.08514410564020553,0
tranco_benign_proxy,0,0.0714036644718451,0
phishtank,1,0.4651278949030749,0
tranco_benign_proxy,0,0.650470768845506,0
tranco_benign_proxy,0,0.9734212484184146,1
tranco_benign_proxy,0,0.7180901747937132,0
tranco_benign_proxy,0,0.982454071691792,1
tranco_benign_proxy,0,0.8453832047404889,1
tranco_benign_proxy,0,0.0019707164760444044,0
phishtank,1,0.9996720357818502,1
tranco_benign_proxy,0,0.8627690600551625,1
tranco_benign_proxy,0,0.3860729631269668,0
tranco_benign_proxy,0,0.1860542669628162,0
phishtank,1,0.9999707538550322,1
phishtank,1,0.9999801976609953,1
phishtank,1,0.9929071923461357,1
phishtank,1,0.5125951449939521,0
phishtank,1,0.9998841993737184,1
tranco_benign_proxy,0,0.13306920445991938,0
tranco_benign_proxy,0,0.07023652898838771,0
tranco_benign_proxy,0,0.4782456807890924,0
phishtank,1,0.9844425903386457,1
tranco_benign_proxy,0,0.058876839483291865,0
phishtank,1,0.9823450593710324,1
phishtank,1,0.13911047582441735,0
tranco_benign_proxy,0,0.3520911197745288,0
tranco_benign_proxy,0,0.502980611469918,0
tranco_benign_proxy,0,0.5245830870328809,0
tranco_benign_proxy,0,0.3405339882158548,0
phishtank,1,0.307408181371283,0
phishtank,1,0.9904494463189949,1
phishtank,1,0.983956329005398,1
tranco_benign_proxy,0,0.2606220525678136,0
phishtank,1,0.9885309519202925,1
tranco_benign_proxy,0,0.3681491845069431,0
phishtank,1,0.9839131244711514,1
phishtank,1,0.9809156571771588,1
tranco_benign_proxy,0,0.7186308121587378,0
phishtank,1,0.2945892201578749,0
phishtank,1,0.9996205040558753,1
phishtank,1,0.9868024358820974,1
tranco_benign_proxy,0,0.4943368567293967,0
phishtank,1,0.9032905351729995,1
tranco_benign_proxy,0,0.8055610075777985,1
tranco_benign_proxy,0,0.06193526242336915,0
tranco_benign_proxy,0,0.12925176783115452,0
phishtank,1,0.9994216404462285,1
tranco_benign_proxy,0,0.45615528723458026,0
phishtank,1,0.9996604760524416,1
phishtank,1,0.3712564716485108,0
tranco_benign_proxy,0,0.9791256472922242,1
tranco_benign_proxy,0,0.026547275513168142,0
phishtank,1,0.997697741145809,1
tranco_benign_proxy,0,0.007818231620739328,0
phishtank,1,0.9935667081505698,1
tranco_benign_proxy,0,0.21057358620460465,0
phishtank,1,0.996094317123682,1
phishtank,1,0.9874351922693385,1
phishtank,1,0.9673291142802916,1
tranco_benign_proxy,0,0.15739529757208837,0
phishtank,1,0.9999944739925051,1
phishtank,1,0.8941289588379668,1
phishtank,1,0.9712281202376715,1
tranco_benign_proxy,0,0.6824463701853889,0
phishtank,1,0.9768341499426495,1
phishtank,1,0.4298809194657114,0
tranco_benign_proxy,0,0.19325676881743542,0
phishtank,1,0.8537272525887702,1
phishtank,1,0.9987832734090405,1
phishtank,1,0.9996073086769192,1
tranco_benign_proxy,0,0.20541542318425318,0
tranco_benign_proxy,0,0.5988083350658687,0
phishtank,1,0.9988721591789296,1
phishtank,1,0.9974053560146524,1
phishtank,1,0.9983568790144202,1
phishtank,1,0.9865017671694385,1
phishtank,1,0.9838746537877325,1
tranco_benign_proxy,0,0.43073536737750906,0
tranco_benign_proxy,0,0.7227611309298436,0
tranco_benign_proxy,0,0.13299200840796294,0
tranco_benign_proxy,0,0.6761611009084842,0
phishtank,1,0.9997354389360215,1
phishtank,1,0.9996167088198817,1
phishtank,1,0.9394192839202903,1
phishtank,1,0.9522973756119405,1
tranco_benign_proxy,0,0.5856383209493521,0
tranco_benign_proxy,0,0.6143455193925371,0
tranco_benign_proxy,0,0.22604997610248656,0
tranco_benign_proxy,0,0.6266801244423306,0
phishtank,1,0.9843975509319594,1
phishtank,1,0.9999830598310899,1
tranco_benign_proxy,0,0.18049326492040604,0
tranco_benign_proxy,0,0.11279817502095435,0
phishtank,1,0.9885583383998519,1
phishtank,1,0.9769405529364588,1
tranco_benign_proxy,0,0.35293282165656875,0
phishtank,1,0.999549278112817,1
phishtank,1,0.6552154582930572,0
phishtank,1,0.25352628012395934,0
phishtank,1,0.9927378038772255,1
tranco_benign_proxy,0,0.581434460128881,0
tranco_benign_proxy,0,0.04265572228104665,0
phishtank,1,0.9935720512944738,1
phishtank,1,0.9987209509276558,1
tranco_benign_proxy,0,0.031461917812418305,0
phishtank,1,0.9991898748687429,1
phishtank,1,0.9671154329593782,1
phishtank,1,0.6386601926435178,0
phishtank,1,0.364254933958514,0
tranco_benign_proxy,0,0.773579354650934,1
tranco_benign_proxy,0,0.7444402312245149,0
phishtank,1,0.6560753695439857,0
phishtank,1,0.8991886306274918,1
phishtank,1,0.9568027448832053,1
phishtank,1,0.7205176539591709,0
tranco_benign_proxy,0,0.023315979773267433,0
phishtank,1,0.5468775309068026,0
phishtank,1,0.26902472251405596,0
phishtank,1,0.9999684129757533,1
phishtank,1,0.991980948275058,1
phishtank,1,0.9225400110559205,1
phishtank,1,0.7830097695051731,1
tranco_benign_proxy,0,0.9729918692280807,1
phishtank,1,0.9377306561895848,1
tranco_benign_proxy,0,0.0011006883694725789,0
tranco_benign_proxy,0,0.5014977667760017,0
phishtank,1,0.5895697158861714,0
phishtank,1,0.9944528028050801,1
tranco_benign_proxy,0,0.0201021695028669,0
phishtank,1,0.999825677406042,1
tranco_benign_proxy,0,0.41086122422284466,0
tranco_benign_proxy,0,0.9149716902080739,1
phishtank,1,0.9684002984287867,1
phishtank,1,0.9937761183334771,1
phishtank,1,0.9894022588361878,1
tranco_benign_proxy,0,0.012122105534815757,0
phishtank,1,0.9995750111948547,1
tranco_benign_proxy,0,0.5016987379388178,0
phishtank,1,0.9889203008623474,1
phishtank,1,0.9956457252201503,1
tranco_benign_proxy,0,0.47157344399861856,0
tranco_benign_proxy,0,0.9923956194340889,1
phishtank,1,0.9080524911414679,1
phishtank,1,0.9813200062362444,1
tranco_benign_proxy,0,0.9906116117076329,1
phishtank,1,0.9996490722759411,1
tranco_benign_proxy,0,0.8614766248965676,1
phishtank,1,0.99997405977428,1
phishtank,1,0.7834779590517281,1
tranco_benign_proxy,0,0.05356435810163152,0
phishtank,1,0.8726105231560093,1
phishtank,1,0.9938745883226441,1
tranco_benign_proxy,0,0.6550583849689202,0
phishtank,1,0.7627564873868493,0
tranco_benign_proxy,0,0.06385147361243512,0
tranco_benign_proxy,0,0.23706922048168957,0
phishtank,1,0.9205487088156519,1
tranco_benign_proxy,0,0.04595269457124647,0
phishtank,1,0.9995976766343506,1
phishtank,1,0.9983592415697903,1
phishtank,1,0.6778942322516379,0
tranco_benign_proxy,0,0.9571409202719863,1
tranco_benign_proxy,0,0.3246878983747519,0
phishtank,1,0.9993757203026571,1
tranco_benign_proxy,0,0.15057640509437797,0
phishtank,1,0.9775562390281106,1
phishtank,1,0.5118457566960875,0
phishtank,1,0.9878561168036715,1
tranco_benign_proxy,0,0.4461565177215494,0
tranco_benign_proxy,0,0.2813763666949685,0
phishtank,1,0.9601007296406038,1
tranco_benign_proxy,0,0.2151062966725188,0
phishtank,1,0.9994891158842905,1
phishtank,1,0.07428265276088761,0
phishtank,1,0.9798894624484923,1
phishtank,1,0.9996724200668757,1
tranco_benign_proxy,0,0.09536900558209198,0
tranco_benign_proxy,0,0.9117507482628574,1
phishtank,1,0.9781977098229659,1
phishtank,1,0.7930654126490445,1
phishtank,1,0.9978993219420367,1
phishtank,1,0.9910329246431806,1
phishtank,1,0.89659576567493,1
tranco_benign_proxy,0,0.04472888884846654,0
tranco_benign_proxy,0,0.07812046071255621,0
tranco_benign_proxy,0,0.2039087580926614,0
phishtank,1,0.9999950225414803,1
tranco_benign_proxy,0,0.6100648797023739,0
tranco_benign_proxy,0,0.20860621340447602,0
tranco_benign_proxy,0,0.4092576093226253,0
tranco_benign_proxy,0,0.3849472273553576,0
phishtank,1,0.9956789656272597,1
tranco_benign_proxy,0,0.5346055391099944,0
phishtank,1,0.9999955854560448,1
phishtank,1,0.9999553432317161,1
phishtank,1,0.9934036021460327,1
tranco_benign_proxy,0,0.4030254148066427,0
phishtank,1,0.9809255151055468,1
tranco_benign_proxy,0,0.8310407060253745,1
phishtank,1,0.988458774892171,1
tranco_benign_proxy,0,0.1487365722936776,0
phishtank,1,0.9768001426429096,1
tranco_benign_proxy,0,0.09652263838033501,0
phishtank,1,0.9992535282884022,1
tranco_benign_proxy,0,0.18712668250372688,0
phishtank,1,0.7367874175201001,0
tranco_benign_proxy,0,0.14917189888199706,0
tranco_benign_proxy,0,0.3693752888798245,0
phishtank,1,0.9998229178566203,1
tranco_benign_proxy,0,0.0806336280077102,0
tranco_benign_proxy,0,0.2592576431877653,0
phishtank,1,0.9473879152373753,1
phishtank,1,0.9976220304152558,1
tranco_benign_proxy,0,0.17375072302071418,0
phishtank,1,0.9865587950661331,1
phishtank,1,0.9911244828567735,1
tranco_benign_proxy,0,0.42126289672948886,0
tranco_benign_proxy,0,0.25631570394854924,0
phishtank,1,0.9769036538627176,1
phishtank,1,0.9024248234202019,1
tranco_benign_proxy,0,0.03347190889145474,0
phishtank,1,0.9901468977665884,1
phishtank,1,0.9450908600474058,1
phishtank,1,0.9922266393072515,1
tranco_benign_proxy,0,0.014271965712928358,0
tranco_benign_proxy,0,0.2853868984872188,0
phishtank,1,0.9960826350643864,1
phishtank,1,0.9273402132579774,1
tranco_benign_proxy,0,0.4580852330637877,0
phishtank,1,0.09692850083250937,0
phishtank,1,0.9965536582289151,1
tranco_benign_proxy,0,0.03198567691324798,0
tranco_benign_proxy,0,0.402367008152945,0
phishtank,1,0.999211173626676,1
tranco_benign_proxy,0,0.11722320965937234,0
tranco_benign_proxy,0,0.6233351067357734,0
tranco_benign_proxy,0,0.7325585141550817,0
tranco_benign_proxy,0,0.2643609760008968,0
phishtank,1,0.7259574593648643,0
tranco_benign_proxy,0,0.28553403768546154,0
phishtank,1,0.9655450709864921,1
tranco_benign_proxy,0,0.07021121120435452,0
tranco_benign_proxy,0,0.22340070022785932,0
tranco_benign_proxy,0,0.38655735721340556,0
phishtank,1,0.989577319535592,1
tranco_benign_proxy,0,0.6349085138641012,0
tranco_benign_proxy,0,0.1407625204141992,0
tranco_benign_proxy,0,0.09774432769029957,0
phishtank,1,0.9971572667588547,1
tranco_benign_proxy,0,0.38664280711917764,0
tranco_benign_proxy,0,0.6822567976805172,0
phishtank,1,0.9836691070211244,1
tranco_benign_proxy,0,0.6217362502679858,0
tranco_benign_proxy,0,0.20037313216583963,0
tranco_benign_proxy,0,0.3517220211077347,0
phishtank,1,0.9995009773774669,1
phishtank,1,0.9757444296882523,1
phishtank,1,0.9880592766127875,1
phishtank,1,0.9937916279773071,1
phishtank,1,0.9801554078730957,1
tranco_benign_proxy,0,0.06989593511711033,0
phishtank,1,0.997280033602218,1
tranco_benign_proxy,0,0.8503435800556232,1
tranco_benign_proxy,0,0.8761823768374816,1
tranco_benign_proxy,0,0.9980753236810048,1
tranco_benign_proxy,0,0.643344606547101,0
phishtank,1,0.992233500958102,1
phishtank,1,0.9911048638831998,1
phishtank,1,0.9968115806782528,1
tranco_benign_proxy,0,0.30629929810632334,0
phishtank,1,0.9894188248748468,1
tranco_benign_proxy,0,0.13156187213098314,0
tranco_benign_proxy,0,0.9231965569006241,1
tranco_benign_proxy,0,0.6837890862660511,0
phishtank,1,0.9961855513803523,1
tranco_benign_proxy,0,0.7174630338468713,0
tranco_benign_proxy,0,0.915144868022483,1
phishtank,1,0.9136075977862911,1
tranco_benign_proxy,0,0.09692580207145046,0
phishtank,1,0.999962974271768,1
tranco_benign_proxy,0,0.48270525906474715,0
tranco_benign_proxy,0,0.2263963542143781,0
tranco_benign_proxy,0,0.9329405889203414,1
tranco_benign_proxy,0,0.038120310441185315,0
phishtank,1,0.63913674698561,0
phishtank,1,0.9994675761357319,1
phishtank,1,0.9639203505895416,1
phishtank,1,0.7784045895365224,1
tranco_benign_proxy,0,0.18097646108273518,0
tranco_benign_proxy,0,0.44758479693613784,0
tranco_benign_proxy,0,0.22496593046638472,0
tranco_benign_proxy,0,0.5939884054853506,0
phishtank,1,0.9952749992384904,1
phishtank,1,0.9900797920509827,1
tranco_benign_proxy,0,0.022342356144608486,0
tranco_benign_proxy,0,0.7709630265953171,1
phishtank,1,0.9999823345769335,1
tranco_benign_proxy,0,0.004418921569781889,0
phishtank,1,0.5132553452798961,0
phishtank,1,0.8208113331090492,1
tranco_benign_proxy,0,0.1563687889945469,0
phishtank,1,0.9839830438201321,1
tranco_benign_proxy,0,0.9317256072060073,1
phishtank,1,0.9918718613183188,1
tranco_benign_proxy,0,0.044440009218579025,0
phishtank,1,0.9618797079516156,1
tranco_benign_proxy,0,0.40193319529276633,0
phishtank,1,0.6621548755564916,0
phishtank,1,0.999971588290682,1
phishtank,1,0.9949771302742835,1
tranco_benign_proxy,0,0.026478798140396817,0
tranco_benign_proxy,0,0.8902450533018905,1
tranco_benign_proxy,0,0.8631595893463413,1
phishtank,1,0.9849177353803659,1
phishtank,1,0.7501717035288576,0
tranco_benign_proxy,0,0.1012866279186765,0
phishtank,1,0.8740651124531431,1
tranco_benign_proxy,0,0.42356960708107905,0
tranco_benign_proxy,0,0.8817499799469267,1
phishtank,1,0.9989729425661649,1
phishtank,1,0.990107356387458,1
tranco_benign_proxy,0,0.275703939497386,0
phishtank,1,0.9948521352005907,1
phishtank,1,0.9744413380276739,1
phishtank,1,0.9997896604663592,1
tranco_benign_proxy,0,0.6445308468983951,0
phishtank,1,0.9983036314596909,1
phishtank,1,0.9902223260871267,1
tranco_benign_proxy,0,0.43311035809431647,0
tranco_benign_proxy,0,0.20343476941031177,0
tranco_benign_proxy,0,0.11452192113113133,0
phishtank,1,0.9901863720871225,1
phishtank,1,0.9949428351660569,1
phishtank,1,0.9984471726332889,1
phishtank,1,0.9791375030183447,1
tranco_benign_proxy,0,0.39203078963844007,0
tranco_benign_proxy,0,0.1397564352967193,0
phishtank,1,0.9997684163530792,1
tranco_benign_proxy,0,0.25753118383346635,0
tranco_benign_proxy,0,0.013603926384162045,0
tranco_benign_proxy,0,0.1505594314147898,0
phishtank,1,0.8530134720067004,1
tranco_benign_proxy,0,0.8084581314297435,1
phishtank,1,0.9933079822501838,1
tranco_benign_proxy,0,0.9143425714095387,1
tranco_benign_proxy,0,0.514190575629844,0
tranco_benign_proxy,0,0.14917230717359417,0
phishtank,1,0.9668450130619655,1
tranco_benign_proxy,0,0.11786861290328587,0
phishtank,1,0.9822749890499427,1
tranco_benign_proxy,0,0.07204878337870707,0
phishtank,1,0.9981509877645394,1
phishtank,1,0.9972483989361802,1
tranco_benign_proxy,0,0.16504585469636485,0
phishtank,1,0.9994546410634145,1
tranco_benign_proxy,0,0.9901981499402562,1
tranco_benign_proxy,0,0.9952169986279222,1
phishtank,1,0.6941595897232649,0
phishtank,1,0.9900571111980367,1
tranco_benign_proxy,0,0.0764497451838003,0
tranco_benign_proxy,0,0.9506151568210007,1
tranco_benign_proxy,0,0.29748090332673044,0
tranco_benign_proxy,0,0.6824405531709024,0
phishtank,1,0.9729164210423614,1
tranco_benign_proxy,0,0.10338324318072531,0
phishtank,1,0.999845776591273,1
phishtank,1,0.9998638868060945,1
phishtank,1,0.7280433378172643,0
phishtank,1,0.9985465271367931,1
phishtank,1,0.9994746901665036,1
phishtank,1,0.9860274483935046,1
tranco_benign_proxy,0,0.12205705181278866,0
tranco_benign_proxy,0,0.42778100585309176,0
tranco_benign_proxy,0,0.04270956609994765,0
tranco_benign_proxy,0,0.27576333853546736,0
phishtank,1,0.9935676683664425,1
tranco_benign_proxy,0,0.35655768221395534,0
phishtank,1,0.9983045395235716,1
phishtank,1,0.9988966004012365,1
tranco_benign_proxy,0,0.7358913364689583,0
phishtank,1,0.99897404718226,1
tranco_benign_proxy,0,0.9396539619751911,1
tranco_benign_proxy,0,0.12695405185242245,0
phishtank,1,0.7303596826353297,0
tranco_benign_proxy,0,0.1301931311040881,0
tranco_benign_proxy,0,0.8042952617252519,1
tranco_benign_proxy,0,0.17851007868277902,0
phishtank,1,0.9999613600561554,1
tranco_benign_proxy,0,0.20237966381665298,0
phishtank,1,0.9876748787864882,1
phishtank,1,0.9998960129145544,1
tranco_benign_proxy,0,0.0356613623085142,0
phishtank,1,0.9953808731447179,1
tranco_benign_proxy,0,0.9563889901534414,1
phishtank,1,0.9811747681527009,1
tranco_benign_proxy,0,0.13720290023583817,0
phishtank,1,0.9946853474001413,1
tranco_benign_proxy,0,0.5285939101082507,0
tranco_benign_proxy,0,0.6559037095614796,0
tranco_benign_proxy,0,0.7521309244719255,0
tranco_benign_proxy,0,0.018603437847459985,0
phishtank,1,0.29651308226650835,0
phishtank,1,0.7067723038277998,0
tranco_benign_proxy,0,0.762490787025062,0
phishtank,1,0.9849363404716439,1
tranco_benign_proxy,0,0.9673636051541236,1
phishtank,1,0.9923588389986642,1
phishtank,1,0.5175350282404976,0
tranco_benign_proxy,0,0.6041257717333222,0
tranco_benign_proxy,0,0.9499416672046334,1
phishtank,1,0.9903608596923372,1
tranco_benign_proxy,0,0.027791546841268732,0
phishtank,1,0.656596250954285,0
tranco_benign_proxy,0,0.8369145451567065,1
tranco_benign_proxy,0,0.005933728137818505,0
tranco_benign_proxy,0,0.0790826006773163,0
tranco_benign_proxy,0,0.04739655115613924,0
tranco_benign_proxy,0,0.19600620579178765,0
tranco_benign_proxy,0,0.04799757824205605,0
phishtank,1,0.8084283423385407,1
tranco_benign_proxy,0,0.19889534249017432,0
tranco_benign_proxy,0,0.9367517431292569,1
phishtank,1,0.9616280813295944,1
phishtank,1,0.995687004673248,1
phishtank,1,0.9986698182291998,1
tranco_benign_proxy,0,0.6823270342069477,0
phishtank,1,0.16468013277577098,0
tranco_benign_proxy,0,0.525975810990938,0
tranco_benign_proxy,0,0.4156124863623785,0
phishtank,1,0.5025343669378713,0
phishtank,1,0.6551252486085055,0
tranco_benign_proxy,0,0.009639025795925606,0
phishtank,1,0.9777097952416441,1
phishtank,1,0.9942169549220459,1
phishtank,1,0.9978895715231428,1
tranco_benign_proxy,0,0.03589584343876316,0
phishtank,1,0.9896626449138565,1
phishtank,1,0.9975523477245858,1
phishtank,1,0.9987141830604751,1
tranco_benign_proxy,0,0.31433245979670427,0
tranco_benign_proxy,0,0.1424194691347443,0
phishtank,1,0.9965410051507924,1
phishtank,1,0.9077275579590681,1
tranco_benign_proxy,0,0.029687831920934573,0
tranco_benign_proxy,0,0.3412161102450638,0
phishtank,1,0.9916836346698822,1
tranco_benign_proxy,0,0.0255078045090476,0
phishtank,1,0.1562245352530111,0
tranco_benign_proxy,0,0.34496372470107706,0
phishtank,1,0.9989387802827867,1
phishtank,1,0.8630203452688682,1
tranco_benign_proxy,0,0.8670604033687782,1
phishtank,1,0.8649500491925778,1
tranco_benign_proxy,0,0.03041755393084509,0
phishtank,1,0.9629226698282958,1
tranco_benign_proxy,0,0.1847849630260941,0
tranco_benign_proxy,0,0.21178142781737255,0
phishtank,1,0.997107022069807,1
phishtank,1,0.9687122451179152,1
phishtank,1,0.9974589710236326,1
tranco_benign_proxy,0,0.3077225721125807,0
phishtank,1,0.974388684367844,1
phishtank,1,0.9858802631790304,1
tranco_benign_proxy,0,0.08910391777428049,0
phishtank,1,0.9832397551755411,1
tranco_benign_proxy,0,0.3351931126233181,0
phishtank,1,0.2857658919934792,0
tranco_benign_proxy,0,0.0560848894450523,0
tranco_benign_proxy,0,0.12277459870231779,0
phishtank,1,0.9957670398675456,1
tranco_benign_proxy,0,0.14548182176425478,0
tranco_benign_proxy,0,0.0010512125790081586,0
tranco_benign_proxy,0,0.058019987940112906,0
phishtank,1,0.9596753676063918,1
phishtank,1,0.9034474556081983,1
tranco_benign_proxy,0,0.13616593978165345,0
tranco_benign_proxy,0,0.2117341479825563,0
phishtank,1,0.9718320843608439,1
phishtank,1,0.9999145432264609,1
tranco_benign_proxy,0,0.0825964490307851,0
tranco_benign_proxy,0,0.44405147360688824,0
tranco_benign_proxy,0,0.16745095311826902,0
tranco_benign_proxy,0,0.32180317425955424,0
phishtank,1,0.9986261674850879,1
phishtank,1,0.988107990292168,1
tranco_benign_proxy,0,0.6754516290084711,0
phishtank,1,0.9928433408329241,1
tranco_benign_proxy,0,0.9675405658369459,1
phishtank,1,0.5665273363183327,0
phishtank,1,0.07454531778162284,0
tranco_benign_proxy,0,0.9353666050914489,1
tranco_benign_proxy,0,0.03916913771298291,0
phishtank,1,0.9038935304772294,1
phishtank,1,0.9976403265806525,1
phishtank,1,0.1529078665866318,0
phishtank,1,0.9972963058699261,1
phishtank,1,0.9688955394744928,1
phishtank,1,0.9914447415563994,1
phishtank,1,0.9989701212531408,1
tranco_benign_proxy,0,0.7587735877482954,0
tranco_benign_proxy,0,0.05433944521274523,0
tranco_benign_proxy,0,0.12710906805368835,0
phishtank,1,0.91545483465983,1
phishtank,1,0.99936612098441,1
tranco_benign_proxy,0,0.21778476669428395,0
tranco_benign_proxy,0,0.9958434669720905,1
phishtank,1,0.9990543032736243,1
phishtank,1,0.9944977034364154,1
phishtank,1,0.17171349565215394,0
tranco_benign_proxy,0,0.14275240836331404,0
phishtank,1,0.9892923285155119,1
phishtank,1,0.9930414617533532,1
tranco_benign_proxy,0,0.24310998723437527,0
tranco_benign_proxy,0,0.07165905472785136,0
phishtank,1,0.9901635745970263,1
tranco_benign_proxy,0,0.6720645542971544,0
phishtank,1,0.9873049438683328,1
tranco_benign_proxy,0,0.5779994451551461,0
phishtank,1,0.9924212036042357,1
tranco_benign_proxy,0,0.07893495300864999,0
tranco_benign_proxy,0,0.3562375212786497,0
tranco_benign_proxy,0,0.08235794308739136,0
tranco_benign_proxy,0,0.33406335987211044,0
tranco_benign_proxy,0,0.01104505984272639,0
tranco_benign_proxy,0,0.18022161946265597,0
tranco_benign_proxy,0,0.24953931039150598,0
phishtank,1,0.9993360944143814,1
tranco_benign_proxy,0,0.21569858755742102,0
tranco_benign_proxy,0,0.7315064310242632,0
phishtank,1,0.9969741009089419,1
tranco_benign_proxy,0,0.9749842289516348,1
phishtank,1,0.9999782271781075,1
tranco_benign_proxy,0,0.5644209805825114,0
phishtank,1,0.9846587933276079,1
phishtank,1,0.9953844213806788,1
phishtank,1,0.1933568463621055,0
tranco_benign_proxy,0,0.43418043452376615,0
phishtank,1,0.9508829671342615,1
phishtank,1,0.9964453571253027,1
phishtank,1,0.9671041332293188,1
tranco_benign_proxy,0,0.19192597088386412,0
tranco_benign_proxy,0,0.007865377689018975,0
tranco_benign_proxy,0,0.6892863782580388,0
tranco_benign_proxy,0,0.04157206059186446,0
phishtank,1,0.9885070105158579,1
tranco_benign_proxy,0,0.23626787516846579,0
tranco_benign_proxy,0,0.4514114030247027,0
phishtank,1,0.9983831729531666,1
tranco_benign_proxy,0,0.012881727396973996,0
tranco_benign_proxy,0,0.0878953775978601,0
tranco_benign_proxy,0,0.06316630379878195,0
phishtank,1,0.9947478950484565,1
phishtank,1,0.9989886556435632,1
phishtank,1,0.9938100348700339,1
tranco_benign_proxy,0,0.06669878184258451,0
phishtank,1,0.8392771201922415,1
tranco_benign_proxy,0,0.17012113017155267,0
tranco_benign_proxy,0,0.12646818110500502,0
tranco_benign_proxy,0,0.8863440409960835,1
phishtank,1,0.9714166237454154,1
phishtank,1,0.9751067475855252,1
phishtank,1,0.9661625181451329,1
phishtank,1,0.9784988356210201,1
tranco_benign_proxy,0,0.9880242229421349,1
tranco_benign_proxy,0,0.34711785384053523,0
phishtank,1,0.909908383126719,1
phishtank,1,0.9396807676191149,1
phishtank,1,0.6469235854660123,0
tranco_benign_proxy,0,0.11430970007831158,0
tranco_benign_proxy,0,0.5234584474998014,0
phishtank,1,0.9998960662405235,1
tranco_benign_proxy,0,0.9128243340499274,1
phishtank,1,0.9951466293708697,1
phishtank,1,0.8267203239981499,1
phishtank,1,0.9978008966762574,1
phishtank,1,0.9434990842816886,1
tranco_benign_proxy,0,0.9610875135358932,1
tranco_benign_proxy,0,0.11174747670006598,0
phishtank,1,0.9987757129734723,1
tranco_benign_proxy,0,0.7780429530814568,1
tranco_benign_proxy,0,0.04913925991142298,0
tranco_benign_proxy,0,0.1010146344889974,0
tranco_benign_proxy,0,0.34699878857381866,0
tranco_benign_proxy,0,0.8813479786243076,1
phishtank,1,0.9693050370182138,1
phishtank,1,0.18459181095055907,0
tranco_benign_proxy,0,0.3925201293082845,0
tranco_benign_proxy,0,0.09482865214658924,0
tranco_benign_proxy,0,0.19102516972331368,0
phishtank,1,0.9999872453041032,1
phishtank,1,0.9999604448229928,1
tranco_benign_proxy,0,0.2833401310739362,0
tranco_benign_proxy,0,0.13619635727786994,0
tranco_benign_proxy,0,0.024694152528350395,0
tranco_benign_proxy,0,0.10748034551135016,0
tranco_benign_proxy,0,0.6298272330880069,0
tranco_benign_proxy,0,0.43663871955401046,0
tranco_benign_proxy,0,0.1981796947401267,0
phishtank,1,0.9986669893603609,1
tranco_benign_proxy,0,0.2477489424593427,0
tranco_benign_proxy,0,0.6020080430487227,0
tranco_benign_proxy,0,0.008260477231258247,0
phishtank,1,0.8941121710685193,1
phishtank,1,0.6843026716267839,0
tranco_benign_proxy,0,0.07771517119199395,0
tranco_benign_proxy,0,0.3920190547413833,0
tranco_benign_proxy,0,0.11056818248271816,0
phishtank,1,0.9961688911846072,1
phishtank,1,0.9940826220283412,1
tranco_benign_proxy,0,0.003436843012732462,0
tranco_benign_proxy,0,0.9162486243436319,1
phishtank,1,0.9996247120445588,1
phishtank,1,0.9896868010976152,1
tranco_benign_proxy,0,0.4768263611191275,0
phishtank,1,0.9964922390067638,1
tranco_benign_proxy,0,0.3314051524402511,0
phishtank,1,0.9954596118478669,1
tranco_benign_proxy,0,0.025665223981422198,0
phishtank,1,0.9994456027247256,1
tranco_benign_proxy,0,0.8234567318090371,1
phishtank,1,0.38821772848244535,0
tranco_benign_proxy,0,0.22710252000152092,0
tranco_benign_proxy,0,0.38666048759974897,0
phishtank,1,0.998121444640092,1
phishtank,1,0.5279066556553956,0
tranco_benign_proxy,0,0.850386929258951,1
phishtank,1,0.9896377914212819,1
tranco_benign_proxy,0,0.16461687677159578,0
phishtank,1,0.9986137620404059,1
tranco_benign_proxy,0,0.481896622574255,0
phishtank,1,0.9863200144327312,1
tranco_benign_proxy,0,0.766494662648598,0
tranco_benign_proxy,0,0.1876835076581401,0
phishtank,1,0.9996842705483504,1
phishtank,1,0.9996862947636098,1
tranco_benign_proxy,0,0.0764630667512732,0
tranco_benign_proxy,0,0.6414235527901301,0
tranco_benign_proxy,0,0.09860626278581427,0
phishtank,1,0.9996546443516189,1
phishtank,1,0.9990894846309613,1
tranco_benign_proxy,0,0.38588615453142133,0
tranco_benign_proxy,0,0.8843878509294356,1
tranco_benign_proxy,0,0.20866803569296527,0
phishtank,1,0.9845571014047086,1
phishtank,1,0.9422782900245638,1
phishtank,1,0.9970730194256097,1
phishtank,1,0.9135637983925164,1
tranco_benign_proxy,0,0.8570071020063786,1
tranco_benign_proxy,0,0.2333444474084573,0
phishtank,1,0.9912399786823347,1
phishtank,1,0.9103991667992877,1
tranco_benign_proxy,0,0.1272371720351368,0
phishtank,1,0.9999846171396847,1
phishtank,1,0.9792575311978147,1
phishtank,1,0.9845019880821947,1
tranco_benign_proxy,0,0.4877000331163915,0
phishtank,1,0.9522403066916372,1
tranco_benign_proxy,0,0.9393227795090332,1
phishtank,1,0.904625884295505,1
tranco_benign_proxy,0,0.9580222445496157,1
tranco_benign_proxy,0,0.0011315553605199277,0
tranco_benign_proxy,0,0.04877486385464787,0
phishtank,1,0.6859237954187014,0
tranco_benign_proxy,0,0.47415805882991025,0
phishtank,1,0.9874745530587203,1
tranco_benign_proxy,0,0.24338017667505135,0
phishtank,1,0.9198977664046757,1
phishtank,1,0.9940663528314385,1
tranco_benign_proxy,0,0.5113985997833551,0
tranco_benign_proxy,0,0.011248630828364792,0
phishtank,1,0.9996058009920837,1
phishtank,1,0.7271019772726395,0
phishtank,1,0.9991309459270116,1
tranco_benign_proxy,0,0.9759235147385786,1
phishtank,1,0.8391284431615147,1
tranco_benign_proxy,0,0.2332745702089199,0
phishtank,1,0.6558698494923398,0
phishtank,1,0.9949103887255488,1
tranco_benign_proxy,0,0.29289616231637383,0
tranco_benign_proxy,0,0.17947625303233175,0
tranco_benign_proxy,0,0.9968616897850513,1
tranco_benign_proxy,0,0.3169689145567898,0
phishtank,1,0.9219591874450476,1
phishtank,1,0.9999024067871366,1
phishtank,1,0.9860043381556727,1
phishtank,1,0.9908191979655533,1
tranco_benign_proxy,0,0.05735247973325944,0
tranco_benign_proxy,0,0.31676565954072733,0
tranco_benign_proxy,0,0.21313237431763388,0
tranco_benign_proxy,0,0.02553579488539636,0
tranco_benign_proxy,0,0.7085637722986081,0
tranco_benign_proxy,0,0.04036755150615641,0
phishtank,1,0.98695984778818,1
phishtank,1,0.9966149383215583,1
tranco_benign_proxy,0,0.06783204847353333,0
tranco_benign_proxy,0,0.3527975191617618,0
phishtank,1,0.9312608820546341,1
phishtank,1,0.9837564438610915,1
phishtank,1,0.9984578315533968,1
tranco_benign_proxy,0,0.12859585713304902,0
phishtank,1,0.6691357030873925,0
tranco_benign_proxy,0,0.0427433283206365,0
phishtank,1,0.9999884019395295,1
tranco_benign_proxy,0,0.19721966161229315,0
phishtank,1,0.9996768136553714,1
phishtank,1,0.9989069138467447,1
tranco_benign_proxy,0,0.7550876608751437,0
tranco_benign_proxy,0,0.07998869603335632,0
tranco_benign_proxy,0,0.2649763193736919,0
tranco_benign_proxy,0,0.7471267490622273,0
phishtank,1,0.9972794234623225,1
phishtank,1,0.07875174759422324,0
tranco_benign_proxy,0,0.15075623144476716,0
tranco_benign_proxy,0,0.8280041313701769,1
tranco_benign_proxy,0,0.13746284375621443,0
phishtank,1,0.32380908334220443,0
phishtank,1,0.9981138638141532,1
tranco_benign_proxy,0,0.013806903932638946,0
phishtank,1,0.999928749290821,1
tranco_benign_proxy,0,0.8898860578459019,1
phishtank,1,0.9961860942728336,1
tranco_benign_proxy,0,0.027057273421575535,0
phishtank,1,0.9764823744781164,1
tranco_benign_proxy,0,0.1569942207078869,0
tranco_benign_proxy,0,0.29750821249043125,0
phishtank,1,0.9979929586159239,1
phishtank,1,0.9854184481925808,1
tranco_benign_proxy,0,0.508123454932709,0
phishtank,1,0.9982219967586049,1
tranco_benign_proxy,0,0.6308096094481274,0
phishtank,1,0.9999711297284841,1
phishtank,1,0.9963703236666746,1
tranco_benign_proxy,0,0.09819360754499189,0
phishtank,1,0.4275180250662794,0
phishtank,1,0.9883925961130902,1
phishtank,1,0.9680487640540346,1
tranco_benign_proxy,0,0.8467901734477936,1
tranco_benign_proxy,0,0.048105144190092916,0
phishtank,1,0.8913337954703954,1
tranco_benign_proxy,0,0.5097408858201611,0
tranco_benign_proxy,0,0.27931572405127864,0
tranco_benign_proxy,0,0.817265263134442,1
tranco_benign_proxy,0,0.7532456394765847,0
phishtank,1,0.9316507379738025,1
phishtank,1,0.9952292460075014,1
phishtank,1,0.9998169244380214,1
tranco_benign_proxy,0,0.8410636780586418,1
tranco_benign_proxy,0,0.15884583412309147,0
tranco_benign_proxy,0,0.34479322575761756,0
phishtank,1,0.9998934273154599,1
tranco_benign_proxy,0,0.04750220083432781,0
phishtank,1,0.9977828651772485,1
phishtank,1,0.31614453389335934,0
phishtank,1,0.9984465258443791,1
tranco_benign_proxy,0,0.8883414030032273,1
phishtank,1,0.2083423131436751,0
tranco_benign_proxy,0,0.6070005658076801,0
phishtank,1,0.9921609031690389,1
phishtank,1,0.971412414729613,1
tranco_benign_proxy,0,0.15913756728613934,0
tranco_benign_proxy,0,0.0743038915996151,0
phishtank,1,0.8823551794563145,1
tranco_benign_proxy,0,0.6064072660242206,0
tranco_benign_proxy,0,0.2210231506347563,0
tranco_benign_proxy,0,0.09695997957775343,0
tranco_benign_proxy,0,0.6805383874104551,0
phishtank,1,0.9998795666609991,1
tranco_benign_proxy,0,0.23204330270725662,0
tranco_benign_proxy,0,0.6830412274776299,0
phishtank,1,0.9871779122119126,1
tranco_benign_proxy,0,0.5367379442680973,0
phishtank,1,0.9992566991303194,1
phishtank,1,0.22470757606720224,0
phishtank,1,0.9797244598747993,1
tranco_benign_proxy,0,0.9573290016587716,1
phishtank,1,0.9977292892959547,1
phishtank,1,0.9389891947022799,1
phishtank,1,0.9741555007284269,1
phishtank,1,0.9921007996207019,1
phishtank,1,0.9642140717454986,1
phishtank,1,0.8575975897387741,1
tranco_benign_proxy,0,0.08140699466201515,0
phishtank,1,0.9883926514136857,1
tranco_benign_proxy,0,0.04270661742470613,0
phishtank,1,0.9812537387224808,1
phishtank,1,0.9922686011708244,1
tranco_benign_proxy,0,0.1889940128460604,0
tranco_benign_proxy,0,0.8288700508113458,1
phishtank,1,0.9997947075452719,1
tranco_benign_proxy,0,0.006167619661028562,0
phishtank,1,0.998535400328341,1
phishtank,1,0.9740735334453731,1
tranco_benign_proxy,0,0.1708382104256346,0
phishtank,1,0.6525310878368231,0
tranco_benign_proxy,0,0.9633304632853518,1
tranco_benign_proxy,0,0.054353568236405865,0
phishtank,1,0.9992718711945751,1
phishtank,1,0.9970704549834827,1
phishtank,1,0.9983833232551872,1
tranco_benign_proxy,0,0.20018614506015797,0
tranco_benign_proxy,0,0.48900642843137115,0
tranco_benign_proxy,0,0.02588742212718708,0
phishtank,1,0.09579348615269197,0
tranco_benign_proxy,0,0.05399943491133853,0
tranco_benign_proxy,0,0.38243552526888497,0
phishtank,1,0.999878056397127,1
tranco_benign_proxy,0,0.11365640774879662,0
tranco_benign_proxy,0,0.16697462122196294,0
tranco_benign_proxy,0,0.7995441353525911,1
phishtank,1,0.983922942034061,1
tranco_benign_proxy,0,0.024096279714085147,0
tranco_benign_proxy,0,0.15834821083773623,0
tranco_benign_proxy,0,0.6907449242015543,0
tranco_benign_proxy,0,0.7004922541096853,0
tranco_benign_proxy,0,0.4726019820229456,0
tranco_benign_proxy,0,0.06254046877656978,0
tranco_benign_proxy,0,0.05166329579538416,0
phishtank,1,0.9934352184079429,1
phishtank,1,0.9297635822428496,1
tranco_benign_proxy,0,0.8224368942219513,1
tranco_benign_proxy,0,0.9877046532174572,1
phishtank,1,0.1888140598103856,0
tranco_benign_proxy,0,0.06557214951969023,0
tranco_benign_proxy,0,0.9554325669177357,1
tranco_benign_proxy,0,0.6186804532965746,0
phishtank,1,0.9933196286895816,1
tranco_benign_proxy,0,0.51514126835378,0
tranco_benign_proxy,0,0.16083404959843853,0
tranco_benign_proxy,0,0.28208831251124683,0
phishtank,1,0.9725983775754589,1
tranco_benign_proxy,0,0.7751787432474747,1
phishtank,1,0.19521503948112764,0
phishtank,1,0.996782089905102,1
tranco_benign_proxy,0,0.1364351749106682,0
phishtank,1,0.9993117366983648,1
phishtank,1,0.8332204947702662,1
phishtank,1,0.9921278239813077,1
tranco_benign_proxy,0,0.14757563656421765,0
phishtank,1,0.9018849005985531,1
phishtank,1,0.21537123972616126,0
phishtank,1,0.9994125204682595,1
phishtank,1,0.9802093127843269,1
phishtank,1,0.24962597989833374,0
phishtank,1,0.990475791663839,1
phishtank,1,0.987476772193505,1
tranco_benign_proxy,0,0.9863220749658975,1
tranco_benign_proxy,0,0.9870617155349787,1
tranco_benign_proxy,0,0.7425403892372626,0
tranco_benign_proxy,0,0.4693756838518582,0
tranco_benign_proxy,0,0.08370125592587724,0
phishtank,1,0.9645858389168648,1
tranco_benign_proxy,0,0.06664035792935422,0
phishtank,1,0.9986062422719527,1
tranco_benign_proxy,0,0.0068733629149037336,0
phishtank,1,0.9761181726796195,1
tranco_benign_proxy,0,0.15424109789719434,0
phishtank,1,0.9998650186822962,1
phishtank,1,0.9999030308355779,1
phishtank,1,0.8135778629067947,1
tranco_benign_proxy,0,0.20450093345602416,0
phishtank,1,0.9530253463208163,1
tranco_benign_proxy,0,0.0823189219936444,0
tranco_benign_proxy,0,0.2955440489600252,0
phishtank,1,0.7634413254507622,0
phishtank,1,0.9627643966274659,1
phishtank,1,0.9971007031622792,1
phishtank,1,0.9807008508710005,1
tranco_benign_proxy,0,0.009407318605159767,0
tranco_benign_proxy,0,0.1703476365172464,0
tranco_benign_proxy,0,0.24931689981528454,0
phishtank,1,0.9534992749483384,1
tranco_benign_proxy,0,0.20657300788434166,0
tranco_benign_proxy,0,0.1382426874931622,0
phishtank,1,0.9866940301372392,1
tranco_benign_proxy,0,0.7725853821205352,1
phishtank,1,0.9999482637817314,1
phishtank,1,0.13205014962335906,0
phishtank,1,0.9958101197798923,1
phishtank,1,0.9973316226997923,1
phishtank,1,0.6302518997392782,0
phishtank,1,0.9901862373684638,1
tranco_benign_proxy,0,0.2513072637391143,0
tranco_benign_proxy,0,0.35618114721681443,0
tranco_benign_proxy,0,0.42749942889057296,0
tranco_benign_proxy,0,0.03458950576985564,0
phishtank,1,0.7301647887179494,0
tranco_benign_proxy,0,0.23905709756335386,0
phishtank,1,0.9840339607226232,1
tranco_benign_proxy,0,0.9507163707399592,1
phishtank,1,0.9149175346039085,1
phishtank,1,0.9679657070430627,1
phishtank,1,0.9999696021846511,1
phishtank,1,0.9922885525883357,1
phishtank,1,0.735273061244169,0
tranco_benign_proxy,0,0.06968144566811722,0
tranco_benign_proxy,0,0.5676876123409998,0
tranco_benign_proxy,0,0.002352376250855705,0
tranco_benign_proxy,0,0.08627895065733586,0
tranco_benign_proxy,0,0.015903068323795108,0
tranco_benign_proxy,0,0.35261859322427047,0
phishtank,1,0.9772732034963961,1
tranco_benign_proxy,0,0.49477069274467017,0
tranco_benign_proxy,0,0.617756357413573,0
tranco_benign_proxy,0,0.04272339453852032,0
tranco_benign_proxy,0,0.8282909307763126,1
phishtank,1,0.9805042488015858,1
phishtank,1,0.336320031304427,0
phishtank,1,0.8600495597784078,1
tranco_benign_proxy,0,0.68527636528456,0
tranco_benign_proxy,0,0.4270543576833812,0
phishtank,1,0.9990505186196819,1
phishtank,1,0.9611307461761953,1
tranco_benign_proxy,0,0.9745569833992155,1
phishtank,1,0.10857019491688741,0
phishtank,1,0.9498230665619247,1
phishtank,1,0.9996728712078939,1
tranco_benign_proxy,0,0.0048807385028808116,0
phishtank,1,0.9848196919287867,1
tranco_benign_proxy,0,0.18514970977857897,0
phishtank,1,0.0566876541880168,0
phishtank,1,0.4363714815754471,0
phishtank,1,0.9620466695490812,1
tranco_benign_proxy,0,0.3961231425251389,0
tranco_benign_proxy,0,0.001795707007071712,0
phishtank,1,0.99793468239734,1
tranco_benign_proxy,0,0.259989485693255,0
phishtank,1,0.9702022291823619,1
tranco_benign_proxy,0,0.2508457579893108,0
tranco_benign_proxy,0,0.04020603396748916,0
tranco_benign_proxy,0,0.7969732705049364,1
tranco_benign_proxy,0,0.23356428212887337,0
phishtank,1,0.3410865306517943,0
phishtank,1,0.9995403230864888,1
phishtank,1,0.95502700540275,1
tranco_benign_proxy,0,0.5212111924274484,0
phishtank,1,0.9993463113208814,1
phishtank,1,0.9026141222221289,1
tranco_benign_proxy,0,0.16094685530500866,0
phishtank,1,0.883932958426167,1
phishtank,1,0.9741830095566409,1
phishtank,1,0.8634827317239872,1
tranco_benign_proxy,0,0.015521951481284834,0
tranco_benign_proxy,0,0.018678648911840717,0
tranco_benign_proxy,0,0.6467911352806311,0
tranco_benign_proxy,0,0.12038619653717463,0
phishtank,1,0.9999851932661361,1
tranco_benign_proxy,0,0.40174733039790533,0
phishtank,1,0.9991578864571835,1
tranco_benign_proxy,0,0.17400802810620772,0
tranco_benign_proxy,0,0.07554938308177721,0
phishtank,1,0.9438484516454212,1
tranco_benign_proxy,0,0.4190764461442341,0
tranco_benign_proxy,0,0.015122044025678889,0
tranco_benign_proxy,0,0.21266902089977285,0
phishtank,1,0.9999377100985526,1
phishtank,1,0.990712586977304,1
phishtank,1,0.9809811950031112,1
phishtank,1,0.7224890541220984,0
tranco_benign_proxy,0,0.9890485851595254,1
tranco_benign_proxy,0,0.005864813561720768,0
tranco_benign_proxy,0,0.6657224577400999,0
phishtank,1,0.777125784166571,1
phishtank,1,0.2769743371120293,0
tranco_benign_proxy,0,0.25227029381000754,0
tranco_benign_proxy,0,0.8762166628390747,1
phishtank,1,0.9998409634180444,1
phishtank,1,0.8735332503858922,1
tranco_benign_proxy,0,0.9121144651647456,1
tranco_benign_proxy,0,0.7218949039808205,0
tranco_benign_proxy,0,0.36020374747500744,0
phishtank,1,0.27327574089908596,0
phishtank,1,0.23422481548131116,0
tranco_benign_proxy,0,0.968725194054644,1
phishtank,1,0.9992161586003581,1
tranco_benign_proxy,0,0.3977872654881295,0
tranco_benign_proxy,0,0.4561113553733568,0
tranco_benign_proxy,0,0.8321562444144128,1
phishtank,1,0.8647572447975405,1
phishtank,1,0.9895006443460488,1
tranco_benign_proxy,0,0.3836658283039477,0
tranco_benign_proxy,0,0.00905424800279497,0
tranco_benign_proxy,0,0.8850207277669043,1
tranco_benign_proxy,0,0.35949820925121784,0
phishtank,1,0.9989158124558339,1
tranco_benign_proxy,0,0.5279086603226488,0
tranco_benign_proxy,0,0.33319645819958693,0
tranco_benign_proxy,0,0.2528117563040119,0
phishtank,1,0.17943686476734944,0
tranco_benign_proxy,0,0.9760444917941642,1
phishtank,1,0.9996715146141418,1
tranco_benign_proxy,0,0.08985604237051638,0
phishtank,1,0.9989455689341797,1
phishtank,1,0.40542779257320877,0
tranco_benign_proxy,0,0.47020989853160144,0
tranco_benign_proxy,0,0.04971930618988223,0
phishtank,1,0.9143111855235476,1
tranco_benign_proxy,0,0.06257394828749345,0
phishtank,1,0.9804727614082827,1
tranco_benign_proxy,0,0.6774426712920849,0
phishtank,1,0.980881329300805,1
tranco_benign_proxy,0,0.0789185198786035,0
tranco_benign_proxy,0,0.6269013632860848,0
tranco_benign_proxy,0,0.6743051496735298,0
phishtank,1,0.9939010960412133,1
tranco_benign_proxy,0,0.1620247442344725,0
tranco_benign_proxy,0,0.34950367362349855,0
tranco_benign_proxy,0,0.8048977475998448,1
tranco_benign_proxy,0,0.6399212063992804,0
phishtank,1,0.48147943729849124,0
phishtank,1,0.9926390504181029,1
phishtank,1,0.779495019943831,1
tranco_benign_proxy,0,0.7195941497457596,0
phishtank,1,0.9862376192134267,1
phishtank,1,0.8991519322607063,1
tranco_benign_proxy,0,0.5737251031474203,0
tranco_benign_proxy,0,0.315591241643047,0
tranco_benign_proxy,0,0.2890622518861811,0
phishtank,1,0.9080306802874081,1
phishtank,1,0.9958569097047203,1
tranco_benign_proxy,0,0.9641422965190943,1
tranco_benign_proxy,0,0.28303503242649136,0
phishtank,1,0.996193795625921,1
phishtank,1,0.3709079939960315,0
phishtank,1,0.9613200353161778,1
tranco_benign_proxy,0,0.11388863309342388,0
tranco_benign_proxy,0,0.20023591679594732,0
phishtank,1,0.12656211536925413,0
tranco_benign_proxy,0,0.18144949854937617,0
tranco_benign_proxy,0,0.09913297195872814,0
tranco_benign_proxy,0,0.18037197860815016,0
phishtank,1,0.9980979164574784,1
phishtank,1,0.9982882136673121,1
tranco_benign_proxy,0,0.46490191126469654,0
tranco_benign_proxy,0,0.44592782307547313,0
tranco_benign_proxy,0,0.06780226914494852,0
phishtank,1,0.9459816388304849,1
tranco_benign_proxy,0,0.40694895579545387,0
phishtank,1,0.9105219429240198,1
phishtank,1,0.9984070140539522,1
phishtank,1,0.9958236386557335,1
phishtank,1,0.9995499624985809,1
phishtank,1,0.9957152462958604,1
phishtank,1,0.4682743714885284,0
tranco_benign_proxy,0,0.13878333730073794,0
tranco_benign_proxy,0,0.026084947340974978,0
tranco_benign_proxy,0,0.9412138589154151,1
phishtank,1,0.9728466948108141,1
phishtank,1,0.9986035227485764,1
tranco_benign_proxy,0,0.5367139377450045,0
phishtank,1,0.971978712488113,1
phishtank,1,0.9975773264974345,1
phishtank,1,0.9999321343901092,1
tranco_benign_proxy,0,0.022189178202164993,0
tranco_benign_proxy,0,0.1101487833434736,0
tranco_benign_proxy,0,0.002328535814413988,0
tranco_benign_proxy,0,0.23750311112846773,0
tranco_benign_proxy,0,0.7294043073664157,0
phishtank,1,0.9989120424037853,1
tranco_benign_proxy,0,0.06889605035334875,0
tranco_benign_proxy,0,0.08087401696401636,0
tranco_benign_proxy,0,0.02351808409373485,0
tranco_benign_proxy,0,0.18696604057051622,0
tranco_benign_proxy,0,0.7302358296166861,0
phishtank,1,0.9262100020672598,1
phishtank,1,0.999419529613552,1
tranco_benign_proxy,0,0.16055444548623438,0
phishtank,1,0.9993699512487965,1
phishtank,1,0.7926859359064322,1
tranco_benign_proxy,0,0.014430305163978883,0
tranco_benign_proxy,0,0.19667040371394415,0
tranco_benign_proxy,0,0.05891038718726509,0
phishtank,1,0.6503493398378766,0
tranco_benign_proxy,0,0.985033267708776,1
tranco_benign_proxy,0,0.003866762301577832,0
tranco_benign_proxy,0,0.06151481470274561,0
phishtank,1,0.9614454139281655,1
tranco_benign_proxy,0,0.15202458541923375,0
tranco_benign_proxy,0,0.12007546090421399,0
phishtank,1,0.8757003149444724,1
phishtank,1,0.9940706245420982,1
phishtank,1,0.9461574104121797,1
tranco_benign_proxy,0,0.5566279066378825,0
phishtank,1,0.9810471821180731,1
phishtank,1,0.11345359805530665,0
tranco_benign_proxy,0,0.5128687630142923,0
phishtank,1,0.997231941106193,1
tranco_benign_proxy,0,0.9470592093907514,1
tranco_benign_proxy,0,0.9763211835206136,1
tranco_benign_proxy,0,0.2887044304481017,0
phishtank,1,0.9844978924967693,1
tranco_benign_proxy,0,0.23162196959284517,0
phishtank,1,0.9590698761753922,1
phishtank,1,0.9976748552829424,1
tranco_benign_proxy,0,0.857144508659754,1
phishtank,1,0.9805187111904676,1
phishtank,1,0.9974234665499958,1
phishtank,1,0.9946338121019048,1
tranco_benign_proxy,0,0.6881239987029631,0
phishtank,1,0.9515600991078131,1
tranco_benign_proxy,0,0.10828628379873156,0
tranco_benign_proxy,0,0.03981047810123616,0
phishtank,1,0.9998259463598576,1
tranco_benign_proxy,0,0.3999348726562633,0
phishtank,1,0.9727701968582767,1
phishtank,1,0.9929829372999949,1
tranco_benign_proxy,0,0.02305038150093058,0
tranco_benign_proxy,0,0.48039000912309054,0
phishtank,1,0.9826673378666165,1
tranco_benign_proxy,0,0.04853578379939152,0
tranco_benign_proxy,0,0.3818906383913931,0
phishtank,1,0.9971459802324821,1
tranco_benign_proxy,0,0.38159869994715967,0
phishtank,1,0.9949126678702996,1
phishtank,1,0.9996433456426536,1
tranco_benign_proxy,0,0.4200852439036218,0
tranco_benign_proxy,0,0.22967958232235594,0
tranco_benign_proxy,0,0.05354955098072776,0
tranco_benign_proxy,0,0.1336252529570904,0
tranco_benign_proxy,0,0.1297281385022475,0
phishtank,1,0.9978203986085283,1
tranco_benign_proxy,0,0.27945391601080716,0
tranco_benign_proxy,0,0.4898689979613256,0
tranco_benign_proxy,0,0.4177580039751942,0
phishtank,1,0.9931612538553068,1
tranco_benign_proxy,0,0.08731878878486875,0
tranco_benign_proxy,0,0.3663426834855851,0
tranco_benign_proxy,0,0.1396720259856354,0
tranco_benign_proxy,0,0.22552798948161662,0
phishtank,1,0.9752075742704943,1
tranco_benign_proxy,0,0.976258029937837,1
phishtank,1,0.6063163309734029,0
phishtank,1,0.6830675664732141,0
phishtank,1,0.990602190648239,1
tranco_benign_proxy,0,0.6875390040483244,0
tranco_benign_proxy,0,0.43249038910487764,0
tranco_benign_proxy,0,0.13547688076537984,0
tranco_benign_proxy,0,0.9863837201294768,1
phishtank,1,0.9538823634310073,1
tranco_benign_proxy,0,0.3451686626968365,0
tranco_benign_proxy,0,0.2790621209041829,0
phishtank,1,0.9882159433887415,1
phishtank,1,0.9942232235502705,1
tranco_benign_proxy,0,0.9631020389532359,1
phishtank,1,0.9930546692606402,1
tranco_benign_proxy,0,0.20476942094686157,0
phishtank,1,0.990656082547174,1
tranco_benign_proxy,0,0.29239142476471214,0
tranco_benign_proxy,0,0.03267074888210627,0
tranco_benign_proxy,0,0.7847658330502902,1
tranco_benign_proxy,0,0.06137375564127401,0
phishtank,1,0.997003249955951,1
phishtank,1,0.9973790942952003,1
phishtank,1,0.901534078941574,1
phishtank,1,0.8909848335014688,1
phishtank,1,0.9591911964896641,1
tranco_benign_proxy,0,0.2110464063188202,0
phishtank,1,0.9871339724924976,1
tranco_benign_proxy,0,0.012699731235132308,0
phishtank,1,0.9872209446008764,1
tranco_benign_proxy,0,0.052334161882291605,0
phishtank,1,0.9994115068107601,1
phishtank,1,0.8845995792614857,1
tranco_benign_proxy,0,0.11706610659863044,0
phishtank,1,0.998506172284609,1
tranco_benign_proxy,0,0.04793285572184964,0
phishtank,1,0.9305843338873386,1
phishtank,1,0.9320262409976386,1
tranco_benign_proxy,0,0.03788173712887959,0
tranco_benign_proxy,0,0.4050671505687276,0
phishtank,1,0.8505438461360503,1
phishtank,1,0.9483060615105933,1
tranco_benign_proxy,0,0.25429100012064926,0
tranco_benign_proxy,0,0.6438555007553726,0
phishtank,1,0.9931354090649945,1
phishtank,1,0.878540475534534,1
phishtank,1,0.9840295100299695,1
phishtank,1,0.9986631545778119,1
tranco_benign_proxy,0,0.411899859119874,0
tranco_benign_proxy,0,0.8257400533764184,1
tranco_benign_proxy,0,0.3012610830816234,0
phishtank,1,0.9867267615657449,1
tranco_benign_proxy,0,0.023907289209808127,0
phishtank,1,0.999940084216538,1
tranco_benign_proxy,0,0.8965333990970124,1
tranco_benign_proxy,0,0.16626106221329018,0
phishtank,1,0.9890714107282641,1
phishtank,1,0.9933468930096844,1
tranco_benign_proxy,0,0.1840732049238643,0
tranco_benign_proxy,0,0.37135468901623775,0
tranco_benign_proxy,0,0.12293670610045591,0
tranco_benign_proxy,0,0.10275372902761533,0
tranco_benign_proxy,0,0.4622371277109141,0
tranco_benign_proxy,0,0.7173703455987932,0
tranco_benign_proxy,0,0.16753069543897042,0
phishtank,1,0.9935459786240358,1
tranco_benign_proxy,0,0.4888831939598423,0
tranco_benign_proxy,0,0.44214873696615015,0
phishtank,1,0.8506007303855502,1
tranco_benign_proxy,0,0.27532255135121914,0
phishtank,1,0.9928010114476267,1
tranco_benign_proxy,0,0.7520450308444925,0
phishtank,1,0.9906423585142222,1
tranco_benign_proxy,0,0.028458737444592517,0
phishtank,1,0.972252140280907,1
tranco_benign_proxy,0,0.25368152359606905,0
phishtank,1,0.9994264735771179,1
phishtank,1,0.9993760415175759,1
phishtank,1,0.8746913335452055,1
tranco_benign_proxy,0,0.27041400257526427,0
tranco_benign_proxy,0,0.27062843027921313,0
phishtank,1,0.9900349149940394,1
phishtank,1,0.9953850180497924,1
tranco_benign_proxy,0,0.13783824608593745,0
phishtank,1,0.9967084739774431,1
phishtank,1,0.9671737981365112,1
tranco_benign_proxy,0,0.29850068447428946,0
phishtank,1,0.9999831391422972,1
phishtank,1,0.9986515890237149,1
phishtank,1,0.9724751652624954,1
phishtank,1,0.95976516468487,1
phishtank,1,0.9393145408564052,1
tranco_benign_proxy,0,0.023411121798582124,0
tranco_benign_proxy,0,0.44962999940069587,0
tranco_benign_proxy,0,0.10727771685354018,0
tranco_benign_proxy,0,0.9226413541500745,1
phishtank,1,0.9980858092656647,1
tranco_benign_proxy,0,0.6288884836168527,0
tranco_benign_proxy,0,0.7335036881295419,0
tranco_benign_proxy,0,0.07986212938211264,0
phishtank,1,0.9873418322268191,1
phishtank,1,0.9973841929456471,1
phishtank,1,0.9995694498330605,1
phishtank,1,0.9999164935716753,1
tranco_benign_proxy,0,0.1224440249326224,0
tranco_benign_proxy,0,0.045979921388033466,0
phishtank,1,0.9987012953878545,1
tranco_benign_proxy,0,0.165406094679144,0
tranco_benign_proxy,0,0.9689428164618425,1
tranco_benign_proxy,0,0.12099441449299907,0
phishtank,1,0.9688158069300652,1
tranco_benign_proxy,0,0.028411723539069896,0
phishtank,1,0.994748511598362,1
tranco_benign_proxy,0,0.4074588562050137,0
phishtank,1,0.9956188584855439,1
tranco_benign_proxy,0,0.08228842498592959,0
phishtank,1,0.9975697638065322,1
tranco_benign_proxy,0,0.2724431043310873,0
phishtank,1,0.9998519682217822,1
tranco_benign_proxy,0,0.20321248548725301,0
tranco_benign_proxy,0,0.36969833369482863,0
phishtank,1,0.5113956991194148,0
phishtank,1,0.8785145178035312,1
tranco_benign_proxy,0,0.09826288948351182,0
phishtank,1,0.08317064421160258,0
phishtank,1,0.9985939541707419,1
phishtank,1,0.997685557185658,1
phishtank,1,0.9986078363082224,1
phishtank,1,0.9607935362971253,1
tranco_benign_proxy,0,0.14576247111344492,0
phishtank,1,0.8775918222116,1
tranco_benign_proxy,0,0.4461655309278293,0
phishtank,1,0.9892145660230994,1
phishtank,1,0.9916384409994491,1
phishtank,1,0.9993027929439234,1
tranco_benign_proxy,0,0.11626253587074087,0
tranco_benign_proxy,0,0.6188807131419826,0
tranco_benign_proxy,0,0.5869512332449928,0
phishtank,1,0.9989596550426509,1
phishtank,1,0.9989702031247476,1
tranco_benign_proxy,0,0.3856294149620589,0
phishtank,1,0.9876863877996195,1
tranco_benign_proxy,0,0.003455143528469744,0
tranco_benign_proxy,0,0.985969673216136,1
tranco_benign_proxy,0,0.3862158636573592,0
phishtank,1,0.992640751437703,1
phishtank,1,0.9994247499086107,1
tranco_benign_proxy,0,0.2739363722972949,0
tranco_benign_proxy,0,0.5432685397435779,0
tranco_benign_proxy,0,0.9889288353668796,1
phishtank,1,0.9196185256312792,1
tranco_benign_proxy,0,0.6870600105498857,0
phishtank,1,0.9998730820563958,1
tranco_benign_proxy,0,0.015044967336368151,0
tranco_benign_proxy,0,0.1352709278015055,0
tranco_benign_proxy,0,0.9727757469511572,1
phishtank,1,0.9970300989024985,1
tranco_benign_proxy,0,0.466576803736447,0
tranco_benign_proxy,0,0.1372949601014729,0
tranco_benign_proxy,0,0.8653587881106876,1
phishtank,1,0.9967107360835543,1
phishtank,1,0.9985207912077624,1
phishtank,1,0.9755172913710006,1
tranco_benign_proxy,0,0.230144881677987,0
tranco_benign_proxy,0,0.09473034485749493,0
phishtank,1,0.9998227996947469,1
tranco_benign_proxy,0,0.16349482718045408,0
tranco_benign_proxy,0,0.04723784442366612,0
tranco_benign_proxy,0,0.4339408061574084,0
tranco_benign_proxy,0,0.055062968754771784,0
phishtank,1,0.9985052375352624,1
tranco_benign_proxy,0,0.6276091127715486,0
tranco_benign_proxy,0,0.6756399099987946,0
phishtank,1,0.9951731742722582,1
tranco_benign_proxy,0,0.11735718929169521,0
tranco_benign_proxy,0,0.364189095821536,0
phishtank,1,0.9980522143125575,1
phishtank,1,0.9967506692215968,1
tranco_benign_proxy,0,0.8979592314955732,1
tranco_benign_proxy,0,0.21796451772405553,0
phishtank,1,0.9880458905004574,1
phishtank,1,0.9997108432991925,1
phishtank,1,0.902341236060666,1
phishtank,1,0.9990459281243673,1
tranco_benign_proxy,0,0.3810348110034107,0
phishtank,1,0.4402693778356568,0
tranco_benign_proxy,0,0.03430427636664147,0
tranco_benign_proxy,0,0.8847827856824482,1
phishtank,1,0.8940012901682209,1
phishtank,1,0.6148530288093037,0
phishtank,1,0.5522314735143091,0
phishtank,1,0.9421896923037307,1
phishtank,1,0.9928526607605658,1
phishtank,1,0.055701054048522165,0
phishtank,1,0.9991671897336364,1
phishtank,1,0.5933585860342703,0
phishtank,1,0.9809416220495586,1
tranco_benign_proxy,0,0.09628955256154531,0
tranco_benign_proxy,0,0.9875779647446105,1
phishtank,1,0.9774048720972603,1
phishtank,1,0.9813802634079504,1
tranco_benign_proxy,0,0.3442433893273748,0
phishtank,1,0.4779517488496873,0
tranco_benign_proxy,0,0.05318737266894185,0
tranco_benign_proxy,0,0.2639375487155491,0
phishtank,1,0.745431851220501,0
phishtank,1,0.986049532259415,1
tranco_benign_proxy,0,0.37196535741955034,0
tranco_benign_proxy,0,0.6213343136753414,0
tranco_benign_proxy,0,0.2798131598800808,0
tranco_benign_proxy,0,0.009130410005833773,0
tranco_benign_proxy,0,0.48354351980826726,0
tranco_benign_proxy,0,0.1816061296449124,0
phishtank,1,0.9932746864548122,1
phishtank,1,0.9986081495392385,1
tranco_benign_proxy,0,0.21816965088597853,0
phishtank,1,0.9704566229908498,1
phishtank,1,0.9820903208046171,1
tranco_benign_proxy,0,0.11231935816899148,0
phishtank,1,0.2022695773370523,0
tranco_benign_proxy,0,0.3934993124714767,0
phishtank,1,0.9973870545228938,1
phishtank,1,0.9512566482413822,1
tranco_benign_proxy,0,0.22439612947120927,0
phishtank,1,0.9998989485813721,1
phishtank,1,0.9893529236421784,1
phishtank,1,0.9921470950402643,1
phishtank,1,0.9947528486303434,1
phishtank,1,0.9719720709061019,1
tranco_benign_proxy,0,0.01671817990726421,0
tranco_benign_proxy,0,0.5154219322272798,0
phishtank,1,0.05987791092749482,0
phishtank,1,0.1579161032041731,0
tranco_benign_proxy,0,0.04930089085381531,0
phishtank,1,0.993349762912506,1
tranco_benign_proxy,0,0.02088089588283455,0
tranco_benign_proxy,0,0.9693814054403674,1
tranco_benign_proxy,0,0.08889377041815975,0
phishtank,1,0.4866408997248253,0
tranco_benign_proxy,0,0.8159307132292137,1
phishtank,1,0.8243970885298251,1
phishtank,1,0.9566186235615021,1
phishtank,1,0.9611549749791863,1
phishtank,1,0.9316499071305037,1
phishtank,1,0.9567541349478514,1
tranco_benign_proxy,0,0.08567539539642131,0
tranco_benign_proxy,0,0.9228195265055734,1
phishtank,1,0.9948668824381844,1
tranco_benign_proxy,0,0.7783275647832405,1
tranco_benign_proxy,0,0.016006664131281684,0
tranco_benign_proxy,0,0.0487500390756395,0
phishtank,1,0.999434976003042,1
phishtank,1,0.9903301572686788,1
phishtank,1,0.17170976147396627,0
tranco_benign_proxy,0,0.09137545292657676,0
tranco_benign_proxy,0,0.8417779215161787,1
tranco_benign_proxy,0,0.873977099339493,1
phishtank,1,0.9972096418146374,1
tranco_benign_proxy,0,0.1078811423264893,0
phishtank,1,0.7555263398757603,0
tranco_benign_proxy,0,0.4852492128487521,0
tranco_benign_proxy,0,0.19806122218722744,0
phishtank,1,0.9994283676540813,1
tranco_benign_proxy,0,0.05495470665144368,0
phishtank,1,0.35547068386182695,0
phishtank,1,0.3699233463181529,0
tranco_benign_proxy,0,0.12838569146756013,0
tranco_benign_proxy,0,0.046664181680445935,0
phishtank,1,0.9841306542245768,1
tranco_benign_proxy,0,0.20278398596423655,0
phishtank,1,0.9646262777401263,1
phishtank,1,0.968786312265488,1
tranco_benign_proxy,0,0.2957435098366572,0
phishtank,1,0.9924184099000583,1
phishtank,1,0.9593592952385631,1
phishtank,1,0.68857248242359,0
tranco_benign_proxy,0,0.34717367765393076,0
tranco_benign_proxy,0,0.7095673976701508,0
phishtank,1,0.9980994871932128,1
phishtank,1,0.9701009014339922,1
phishtank,1,0.9723249329382618,1
tranco_benign_proxy,0,0.7142065901129044,0
phishtank,1,0.9854583197822828,1
tranco_benign_proxy,0,0.8230793170538407,1
phishtank,1,0.9999509714445278,1
phishtank,1,0.9999650493167366,1
phishtank,1,0.9997241371660939,1
phishtank,1,0.9403682077711766,1
phishtank,1,0.9984133399112515,1
phishtank,1,0.9975208890774965,1
phishtank,1,0.9825077335802613,1
tranco_benign_proxy,0,0.27588783534415046,0
phishtank,1,0.9792602310896539,1
tranco_benign_proxy,0,0.17632946325363413,0
tranco_benign_proxy,0,0.10800088521520608,0
tranco_benign_proxy,0,0.9518686867313236,1
phishtank,1,0.9993133816770053,1
phishtank,1,0.9960386239135861,1
phishtank,1,0.0470440610973026,0
phishtank,1,0.9999086883127759,1
tranco_benign_proxy,0,0.15045441092629488,0
phishtank,1,0.998829996092238,1
phishtank,1,0.9556181717108194,1
phishtank,1,0.9760203977311648,1
tranco_benign_proxy,0,0.9622261530866639,1
phishtank,1,0.12209692151913824,0
phishtank,1,0.8093159858674123,1
tranco_benign_proxy,0,0.9929816415053738,1
phishtank,1,0.9543553059695545,1
tranco_benign_proxy,0,0.14119725738365133,0
phishtank,1,0.9868599482241184,1
tranco_benign_proxy,0,0.11622219901731798,0
tranco_benign_proxy,0,0.9863125318985444,1
phishtank,1,0.6965908881273567,0
tranco_benign_proxy,0,0.5741186892522369,0
tranco_benign_proxy,0,0.19538800647200275,0
tranco_benign_proxy,0,0.2962676412907006,0
phishtank,1,0.991358947094959,1
phishtank,1,0.43113574122553133,0
phishtank,1,0.991204698993891,1
phishtank,1,0.9981849789916911,1
phishtank,1,0.9873664833174143,1
tranco_benign_proxy,0,0.35464219964366006,0
phishtank,1,0.972027910837519,1
phishtank,1,0.9999237253500662,1
tranco_benign_proxy,0,0.050262883708395975,0
phishtank,1,0.7768881718200225,1
tranco_benign_proxy,0,0.5636302795207283,0
phishtank,1,0.9943326952407766,1
phishtank,1,0.9996016429585982,1
tranco_benign_proxy,0,0.014318868852750438,0
phishtank,1,0.9749711491405207,1
phishtank,1,0.9681163255054946,1
phishtank,1,0.9397826211697432,1
tranco_benign_proxy,0,0.4207283536859817,0
phishtank,1,0.4967612778321145,0
tranco_benign_proxy,0,0.09650860088791555,0
tranco_benign_proxy,0,0.07786390530425226,0
tranco_benign_proxy,0,0.7056760045160257,0
phishtank,1,0.9988681859281857,1
phishtank,1,0.9997212825859007,1
phishtank,1,0.9335834024603106,1
phishtank,1,0.9853971957283395,1
tranco_benign_proxy,0,0.7242211655827703,0
phishtank,1,0.8176391035714698,1
tranco_benign_proxy,0,0.7667914745469456,0
tranco_benign_proxy,0,0.3148780715337184,0
tranco_benign_proxy,0,0.2371408084321277,0
tranco_benign_proxy,0,0.8211877057030037,1
phishtank,1,0.9998585681940665,1
phishtank,1,0.960426297716575,1
tranco_benign_proxy,0,0.2086429989469282,0
tranco_benign_proxy,0,0.19273963669771624,0
tranco_benign_proxy,0,0.9109033924561758,1
tranco_benign_proxy,0,0.9552754509669179,1
tranco_benign_proxy,0,0.041739108618493656,0
phishtank,1,0.9994755682324757,1
phishtank,1,0.9882247969731344,1
phishtank,1,0.9909272914179185,1
phishtank,1,0.7654785968670759,0
tranco_benign_proxy,0,0.028313654127733352,0
phishtank,1,0.8552951576764766,1
tranco_benign_proxy,0,0.22040440928809543,0
tranco_benign_proxy,0,0.33400824760353853,0
phishtank,1,0.9994525395761409,1
tranco_benign_proxy,0,0.14901980857316494,0
tranco_benign_proxy,0,0.4818255192750336,0
tranco_benign_proxy,0,0.2190899025394381,0
tranco_benign_proxy,0,0.5723415701948675,0
tranco_benign_proxy,0,0.4542913718193518,0
phishtank,1,0.9929196570923604,1
phishtank,1,0.9862624705871169,1
tranco_benign_proxy,0,0.6633993953207142,0
phishtank,1,0.46353684986232374,0
phishtank,1,0.9863951874549818,1
phishtank,1,0.9989563183746046,1
tranco_benign_proxy,0,0.07949745651501533,0
tranco_benign_proxy,0,0.529974371052475,0
phishtank,1,0.9113642222113404,1
tranco_benign_proxy,0,0.9896559786116922,1
tranco_benign_proxy,0,0.06510170675397628,0
phishtank,1,0.9708917484645753,1
tranco_benign_proxy,0,0.6785912836820184,0
phishtank,1,0.18329516791293402,0
tranco_benign_proxy,0,0.8449659457688828,1
tranco_benign_proxy,0,0.7750118904756745,1
tranco_benign_proxy,0,0.17550761064202575,0
tranco_benign_proxy,0,0.6567159017403771,0
tranco_benign_proxy,0,0.9793849021489991,1
phishtank,1,0.9990618449558688,1
phishtank,1,0.9999130624603945,1
phishtank,1,0.9997403842525252,1
tranco_benign_proxy,0,0.5927786365834081,0
tranco_benign_proxy,0,0.1631847554689364,0
phishtank,1,0.9994793381243151,1
phishtank,1,0.32342266454064167,0
tranco_benign_proxy,0,0.49933522438470246,0
phishtank,1,0.10094810970599857,0
tranco_benign_proxy,0,0.015231695144305477,0
tranco_benign_proxy,0,0.012851910678280645,0
tranco_benign_proxy,0,0.11311825742151516,0
phishtank,1,0.1966140923239142,0
phishtank,1,0.9935309753487936,1
tranco_benign_proxy,0,0.8785969559370581,1
tranco_benign_proxy,0,0.6588464520840029,0
phishtank,1,0.996073300608842,1
tranco_benign_proxy,0,0.43244691494608506,0
phishtank,1,0.8601138851077597,1
phishtank,1,0.7495192051583122,0
phishtank,1,0.41213862738817564,0
phishtank,1,0.09118567520748264,0
tranco_benign_proxy,0,0.09134200664961967,0
tranco_benign_proxy,0,0.99305014982731,1
tranco_benign_proxy,0,0.11128361370399001,0
tranco_benign_proxy,0,0.10184629352618216,0
phishtank,1,0.9879987415124662,1
tranco_benign_proxy,0,0.05486500587245318,0
tranco_benign_proxy,0,0.3304329615298614,0
tranco_benign_proxy,0,0.3466598165977679,0
phishtank,1,0.9993230363008613,1
phishtank,1,0.9985191910445584,1
tranco_benign_proxy,0,0.08546213592400789,0
phishtank,1,0.9930614349914064,1
tranco_benign_proxy,0,0.11252188649392836,0
phishtank,1,0.9969472716665524,1
phishtank,1,0.9997880994556022,1
phishtank,1,0.9977280380879893,1
tranco_benign_proxy,0,0.8440243210301348,1
phishtank,1,0.31492591536178893,0
phishtank,1,0.9889495865489252,1
phishtank,1,0.9304672895088464,1
tranco_benign_proxy,0,0.21317769304753542,0
tranco_benign_proxy,0,0.8469325079249966,1
phishtank,1,0.9992162786405219,1
tranco_benign_proxy,0,0.11517135150756813,0
phishtank,1,0.9153992562724292,1
tranco_benign_proxy,0,0.5653449782916348,0
phishtank,1,0.8130176958285111,1
phishtank,1,0.9845627226503634,1
phishtank,1,0.9993296613224601,1
tranco_benign_proxy,0,0.7056780096141458,0
phishtank,1,0.9988149751483392,1
tranco_benign_proxy,0,0.019427309819381563,0
phishtank,1,0.9985719493700351,1
tranco_benign_proxy,0,0.09998564474331308,0
tranco_benign_proxy,0,0.5543843612213986,0
phishtank,1,0.8023155855431723,1
phishtank,1,0.943264836830045,1
tranco_benign_proxy,0,0.08360680857091597,0
tranco_benign_proxy,0,0.08498415960917993,0
tranco_benign_proxy,0,0.9783757287330342,1
tranco_benign_proxy,0,0.01499752659537845,0
tranco_benign_proxy,0,0.25184399713264244,0
tranco_benign_proxy,0,0.49241180987022626,0
tranco_benign_proxy,0,0.1332979906537791,0
phishtank,1,0.9967752901014835,1
tranco_benign_proxy,0,0.30355973677646964,0
phishtank,1,0.9742596519336401,1
tranco_benign_proxy,0,0.39261702817858574,0
phishtank,1,0.9995226389156412,1
phishtank,1,0.9950037799763876,1
tranco_benign_proxy,0,0.11462471064998155,0
phishtank,1,0.9952611547840066,1
phishtank,1,0.9987039242942013,1
tranco_benign_proxy,0,0.09702733800747512,0
phishtank,1,0.995147393688788,1
phishtank,1,0.9935574839228549,1
phishtank,1,0.2998600072476289,0
phishtank,1,0.8795640380539529,1
phishtank,1,0.29441773952479827,0
phishtank,1,0.9990608697557549,1
tranco_benign_proxy,0,0.7367256939294295,0
tranco_benign_proxy,0,0.1114051602195779,0
phishtank,1,0.9994827062394454,1
phishtank,1,0.9838718170567606,1
phishtank,1,0.4173645482657192,0
phishtank,1,0.9988911148612545,1
phishtank,1,0.99897481894075,1
tranco_benign_proxy,0,0.2639398921528357,0
phishtank,1,0.9993489227712689,1
phishtank,1,0.9999761578370988,1
phishtank,1,0.9988750479600008,1
tranco_benign_proxy,0,0.7996533391301571,1
tranco_benign_proxy,0,0.1580220281265653,0
tranco_benign_proxy,0,0.9316281600876168,1
tranco_benign_proxy,0,0.36910733725547495,0
tranco_benign_proxy,0,0.2002452086640387,0
phishtank,1,0.6155141342716838,0
phishtank,1,0.999513450215459,1
tranco_benign_proxy,0,0.2945356858714409,0
tranco_benign_proxy,0,0.19621944364045069,0
phishtank,1,0.9831295646625086,1
tranco_benign_proxy,0,0.09840122436111662,0
tranco_benign_proxy,0,0.008703648142011711,0
phishtank,1,0.9997115092226417,1
phishtank,1,0.898636221672405,1
tranco_benign_proxy,0,0.21591939340006838,0
phishtank,1,0.9021494791422199,1
phishtank,1,0.9999391554965126,1
phishtank,1,0.8579387058876315,1
phishtank,1,0.9802582587858462,1
phishtank,1,0.9720011002585038,1
phishtank,1,0.9956525389436329,1
phishtank,1,0.9974087346438792,1
phishtank,1,0.9667050564494539,1
phishtank,1,0.9317948334934854,1
phishtank,1,0.9988329185256166,1
phishtank,1,0.9417903307424503,1
phishtank,1,0.9951557986979467,1
tranco_benign_proxy,0,0.01829361145850091,0
tranco_benign_proxy,0,0.03526810644156487,0
phishtank,1,0.9848560977597294,1
tranco_benign_proxy,0,0.0381537250500132,0
tranco_benign_proxy,0,0.6080914503852595,0
tranco_benign_proxy,0,0.27455600979715433,0
tranco_benign_proxy,0,0.27333815138558376,0
tranco_benign_proxy,0,0.24903854033314113,0
tranco_benign_proxy,0,0.11646791937868399,0
phishtank,1,0.9995475001365055,1
phishtank,1,0.9760181047024918,1
phishtank,1,0.9990509132688956,1
phishtank,1,0.9775364606702214,1
phishtank,1,0.7517322570558662,0
tranco_benign_proxy,0,0.07325369460393634,0
phishtank,1,0.9987351681104736,1
phishtank,1,0.7504865230485727,0
phishtank,1,0.4806130997391247,0
phishtank,1,0.9401395675694949,1
phishtank,1,0.994001648728998,1
tranco_benign_proxy,0,0.8435337600980114,1
tranco_benign_proxy,0,0.24336296274461108,0
tranco_benign_proxy,0,0.9024447108889451,1
phishtank,1,0.992616413631079,1
phishtank,1,0.9987334682420396,1
tranco_benign_proxy,0,0.09342900613687295,0
tranco_benign_proxy,0,0.857072932740667,1
phishtank,1,0.5699205090913119,0
phishtank,1,0.9571879658095488,1
tranco_benign_proxy,0,0.5461228106721734,0
phishtank,1,0.9893273823081932,1
tranco_benign_proxy,0,0.03815120242140833,0
tranco_benign_proxy,0,0.8422181570149896,1
tranco_benign_proxy,0,0.059271442607036665,0
tranco_benign_proxy,0,0.1791425492534591,0
tranco_benign_proxy,0,0.1967835532713427,0
phishtank,1,0.9614630380028268,1
phishtank,1,0.9996335678395253,1
tranco_benign_proxy,0,0.08147185760756004,0
tranco_benign_proxy,0,0.011049218260342518,0
tranco_benign_proxy,0,0.3467729290118428,0
tranco_benign_proxy,0,0.7068576343253096,0
phishtank,1,0.9965240757100421,1
phishtank,1,0.9994918177116178,1
phishtank,1,0.5184881116995782,0
phishtank,1,0.9777714731728918,1
phishtank,1,0.9998496889607302,1
tranco_benign_proxy,0,0.5602703969484706,0
tranco_benign_proxy,0,0.31544390148727386,0
tranco_benign_proxy,0,0.0877307921692524,0
tranco_benign_proxy,0,0.13021838379464076,0
tranco_benign_proxy,0,0.0307665874069883,0
tranco_benign_proxy,0,0.9928738325739597,1
phishtank,1,0.9247867402611809,1
tranco_benign_proxy,0,0.9078451947017916,1
phishtank,1,0.9997583593526566,1
tranco_benign_proxy,0,0.1234008178517389,0
phishtank,1,0.9613312275637755,1
phishtank,1,0.9719169354407333,1
phishtank,1,0.02598571526839315,0
phishtank,1,0.9997463479115293,1
phishtank,1,0.991708822865233,1
phishtank,1,0.9793078132953702,1
tranco_benign_proxy,0,0.8402352719916966,1
phishtank,1,0.995571704716517,1
phishtank,1,0.952999566120297,1
tranco_benign_proxy,0,0.5209619033747492,0
tranco_benign_proxy,0,0.43930659699448243,0
phishtank,1,0.6186166872892483,0
tranco_benign_proxy,0,0.9608172133968648,1
phishtank,1,0.9997248403999827,1
phishtank,1,0.9167950309178129,1
tranco_benign_proxy,0,0.4085572315897078,0
phishtank,1,0.9978214027718045,1
phishtank,1,0.5419912574649137,0
tranco_benign_proxy,0,0.7676537421978273,0
tranco_benign_proxy,0,0.6038538628276766,0
tranco_benign_proxy,0,0.31621748958764906,0
tranco_benign_proxy,0,0.6316692939045953,0
phishtank,1,0.9809143172987479,1
tranco_benign_proxy,0,0.7133377713373064,0
phishtank,1,0.9782888571169909,1
phishtank,1,0.9393375470796819,1
tranco_benign_proxy,0,0.050738100904252105,0
tranco_benign_proxy,0,0.13775016909050045,0
phishtank,1,0.9993500244498315,1
tranco_benign_proxy,0,0.0003724927985543679,0
tranco_benign_proxy,0,0.9595501704692322,1
phishtank,1,0.979947005015575,1
phishtank,1,0.975669391501637,1
tranco_benign_proxy,0,0.486434128290449,0
phishtank,1,0.9982044836987505,1
tranco_benign_proxy,0,0.3480779451749153,0
tranco_benign_proxy,0,0.32523993584480654,0
tranco_benign_proxy,0,0.1621245585958652,0
tranco_benign_proxy,0,0.36148065884000824,0
tranco_benign_proxy,0,0.06454226769092673,0
tranco_benign_proxy,0,0.9881054662932511,1
phishtank,1,0.9899137337757832,1
phishtank,1,0.9987683167819779,1
phishtank,1,0.969994319989372,1
phishtank,1,0.9968540471638789,1
phishtank,1,0.9950092662080813,1
tranco_benign_proxy,0,0.05555892771219511,0
tranco_benign_proxy,0,0.3350048686401744,0
phishtank,1,0.8498812631714656,1
tranco_benign_proxy,0,0.2610017920359426,0
tranco_benign_proxy,0,0.6992030455607652,0
tranco_benign_proxy,0,0.43283427909733135,0
tranco_benign_proxy,0,0.27874193323464475,0
phishtank,1,0.9980418888853765,1
phishtank,1,0.9920114020153739,1
tranco_benign_proxy,0,0.05593829258566848,0
tranco_benign_proxy,0,0.02769479793417029,0
phishtank,1,0.9995049098493775,1
tranco_benign_proxy,0,0.011911558880736611,0
tranco_benign_proxy,0,0.44002463368153705,0
phishtank,1,0.9242871129000219,1
tranco_benign_proxy,0,0.1964982127441216,0
phishtank,1,0.9995875190578061,1
tranco_benign_proxy,0,0.48352704631915755,0
phishtank,1,0.7463687142798998,0
tranco_benign_proxy,0,0.6495864548984093,0
phishtank,1,0.9999781382626948,1
tranco_benign_proxy,0,0.6080899956062896,0
tranco_benign_proxy,0,0.9400064106357832,1
tranco_benign_proxy,0,0.12050540961705981,0
tranco_benign_proxy,0,0.9728304313663508,1
tranco_benign_proxy,0,0.5493896513646352,0
phishtank,1,0.5286126073556948,0
tranco_benign_proxy,0,0.10014194483347631,0
phishtank,1,0.9997592006849157,1
phishtank,1,0.5414351171542805,0
tranco_benign_proxy,0,0.23164392900400385,0
tranco_benign_proxy,0,0.8683666839823533,1
phishtank,1,0.9947964626241315,1
tranco_benign_proxy,0,0.010721403289450019,0
phishtank,1,0.17221323537391242,0
phishtank,1,0.9984094564330306,1
phishtank,1,0.998915660456721,1
phishtank,1,0.9988675319402834,1
phishtank,1,0.9176324915135723,1
tranco_benign_proxy,0,0.9926253557155428,1
tranco_benign_proxy,0,0.9240664481930236,1
phishtank,1,0.9960947764655174,1
tranco_benign_proxy,0,0.9253593320336944,1
phishtank,1,0.9973128319536054,1
tranco_benign_proxy,0,0.5155001324217707,0
phishtank,1,0.9892340799515856,1
tranco_benign_proxy,0,0.8926854920875572,1
tranco_benign_proxy,0,0.08897089793337394,0
tranco_benign_proxy,0,0.2807793025996932,0
tranco_benign_proxy,0,0.14772851115529986,0
phishtank,1,0.9946888172028374,1
phishtank,1,0.9934789878874972,1
tranco_benign_proxy,0,0.7820546207171124,1
phishtank,1,0.8462829675004148,1
phishtank,1,0.9981818435888541,1
tranco_benign_proxy,0,0.015365471434510895,0
tranco_benign_proxy,0,0.9928391387404581,1
phishtank,1,0.3210927262438046,0
phishtank,1,0.9464449075531388,1
phishtank,1,0.9677999141436673,1
phishtank,1,0.9968199770821063,1
phishtank,1,0.9794452261993236,1
phishtank,1,0.9413762349869441,1
tranco_benign_proxy,0,0.29083494720899605,0
tranco_benign_proxy,0,0.013782140046699072,0
tranco_benign_proxy,0,0.047678735864823324,0
phishtank,1,0.21079150814665004,0
phishtank,1,0.9984397426367478,1
tranco_benign_proxy,0,0.8636493321211047,1
tranco_benign_proxy,0,0.4299239392889873,0
phishtank,1,0.9690088633543318,1
phishtank,1,0.9767729929324875,1
phishtank,1,0.507833238511839,0
tranco_benign_proxy,0,0.20953346028969208,0
phishtank,1,0.9938104037602217,1
phishtank,1,0.9994355710602046,1
phishtank,1,0.9720836981517853,1
phishtank,1,0.4825834440141353,0
phishtank,1,0.9977668970894176,1
phishtank,1,0.4950200612439215,0
phishtank,1,0.9999090433831233,1
tranco_benign_proxy,0,0.39456006538536537,0
tranco_benign_proxy,0,0.7651168205956799,0
tranco_benign_proxy,0,0.6795365770623857,0
phishtank,1,0.9884972319173305,1
phishtank,1,0.9925998342628107,1
tranco_benign_proxy,0,0.0912950893834138,0
phishtank,1,0.9585741185485185,1
phishtank,1,0.9973902361977777,1
tranco_benign_proxy,0,0.21627266049412885,0
tranco_benign_proxy,0,0.3971996561099501,0
tranco_benign_proxy,0,0.21201606444273,0
phishtank,1,0.47109593396119614,0
phishtank,1,0.9947694384824513,1
tranco_benign_proxy,0,0.9154257534987441,1
tranco_benign_proxy,0,0.9978735822713838,1
phishtank,1,0.9941760009562421,1
phishtank,1,0.9856297876447109,1
phishtank,1,0.9988936324249534,1
phishtank,1,0.9998525376019397,1
phishtank,1,0.9970489905270815,1
phishtank,1,0.9936473147473008,1
tranco_benign_proxy,0,0.40024427173551547,0
phishtank,1,0.9998434671736772,1
phishtank,1,0.9999908946599622,1
phishtank,1,0.999334517773424,1
tranco_benign_proxy,0,0.45343936987950334,0
phishtank,1,0.993790847481134,1
tranco_benign_proxy,0,0.21333427967917828,0
tranco_benign_proxy,0,0.02519065443858384,0
phishtank,1,0.26388348924409954,0
tranco_benign_proxy,0,0.2414734908546535,0
tranco_benign_proxy,0,0.47575923325345676,0
tranco_benign_proxy,0,0.2781514978579791,0
phishtank,1,0.9999622496113224,1
phishtank,1,0.9990544347520214,1
tranco_benign_proxy,0,0.14446928144906673,0
tranco_benign_proxy,0,0.9344532729016687,1
phishtank,1,0.9843397008018757,1
phishtank,1,0.9027937258396234,1
tranco_benign_proxy,0,0.1353497778761275,0
tranco_benign_proxy,0,0.13060607221623372,0
tranco_benign_proxy,0,0.9478610626588504,1
tranco_benign_proxy,0,0.42605986193019113,0
phishtank,1,0.9545825661527736,1
phishtank,1,0.9912901655572075,1
tranco_benign_proxy,0,0.25736016964483754,0
tranco_benign_proxy,0,0.9931135986856799,1
phishtank,1,0.9997351801199863,1
tranco_benign_proxy,0,0.17014978963715258,0
tranco_benign_proxy,0,0.512147029745907,0
phishtank,1,0.9999891668797499,1
tranco_benign_proxy,0,0.5113065102358542,0
tranco_benign_proxy,0,0.22046347366919977,0
phishtank,1,0.9948917121052483,1
tranco_benign_proxy,0,0.269209739404631,0
tranco_benign_proxy,0,0.32313469211608953,0
phishtank,1,0.9418354573456847,1
phishtank,1,0.982249081687498,1
phishtank,1,0.9999622197850878,1
phishtank,1,0.997496607403001,1
tranco_benign_proxy,0,0.03211566019847555,0
phishtank,1,0.9993056811196226,1
tranco_benign_proxy,0,0.09575965408523071,0
tranco_benign_proxy,0,0.18009806300067227,0
tranco_benign_proxy,0,0.9798777378008875,1
phishtank,1,0.3066793589067618,0
tranco_benign_proxy,0,0.1498377707262892,0
tranco_benign_proxy,0,0.7553889255666816,0
phishtank,1,0.9977854718436624,1
tranco_benign_proxy,0,0.4545902045144326,0
phishtank,1,0.9740661784556638,1
phishtank,1,0.9696580432631422,1
phishtank,1,0.9827610228587824,1
tranco_benign_proxy,0,0.5017661765303403,0
tranco_benign_proxy,0,0.007085920610742555,0
tranco_benign_proxy,0,0.13354675125500748,0
phishtank,1,0.9419599351921008,1
phishtank,1,0.9998721296559063,1
tranco_benign_proxy,0,0.10849563915044586,0
tranco_benign_proxy,0,0.13459093817818701,0
tranco_benign_proxy,0,0.884691422225836,1
tranco_benign_proxy,0,0.15614579048496266,0
tranco_benign_proxy,0,0.7643537595718447,0
tranco_benign_proxy,0,0.9006670499381855,1
tranco_benign_proxy,0,0.11088456407525463,0
tranco_benign_proxy,0,0.1169963557270309,0
tranco_benign_proxy,0,0.02268234431266205,0
phishtank,1,0.9993346905190709,1
phishtank,1,0.9536856191523304,1
tranco_benign_proxy,0,0.5531983321128594,0
tranco_benign_proxy,0,0.15841685803349295,0
tranco_benign_proxy,0,0.9882904213025999,1
phishtank,1,0.7973484458200967,1
tranco_benign_proxy,0,0.010437363860460415,0
tranco_benign_proxy,0,0.801393978616316,1
tranco_benign_proxy,0,0.08191210576558519,0
phishtank,1,0.9998788680454934,1
tranco_benign_proxy,0,0.8521042889437779,1
tranco_benign_proxy,0,0.2985096433906957,0
phishtank,1,0.999720441621749,1
phishtank,1,0.9986907646318598,1
tranco_benign_proxy,0,0.7410634112670693,0
phishtank,1,0.9944213915883322,1
tranco_benign_proxy,0,0.1337310850287429,0
tranco_benign_proxy,0,0.14753009567684172,0
phishtank,1,0.46390748953144045,0
phishtank,1,0.9462802725319353,1
phishtank,1,0.9993756057546116,1
tranco_benign_proxy,0,0.16257401699676605,0
phishtank,1,0.9994141689761856,1
phishtank,1,0.2332894520055165,0
phishtank,1,0.9295993702523995,1
phishtank,1,0.1318907828071677,0
tranco_benign_proxy,0,0.17231584811652467,0
tranco_benign_proxy,0,0.030703236423132364,0
tranco_benign_proxy,0,0.9007750554068854,1
phishtank,1,0.974743863648348,1
phishtank,1,0.989303376505571,1
phishtank,1,0.6938474490114206,0
tranco_benign_proxy,0,0.6310685454240299,0
tranco_benign_proxy,0,0.3755451057770002,0
phishtank,1,0.9984960734153152,1
phishtank,1,0.4490906761111939,0
tranco_benign_proxy,0,0.2861816800128106,0
phishtank,1,0.9996116650408218,1
phishtank,1,0.9999770951479522,1
tranco_benign_proxy,0,0.9913726543584451,1
phishtank,1,0.16267870174591587,0
tranco_benign_proxy,0,0.04079538696340438,0
tranco_benign_proxy,0,0.22389892650854365,0
phishtank,1,0.2228528100771799,0
tranco_benign_proxy,0,0.08068544331674399,0
phishtank,1,0.27809790345489943,0
tranco_benign_proxy,0,0.03908980661811207,0
tranco_benign_proxy,0,0.46745901232001374,0
tranco_benign_proxy,0,0.060434118561473286,0
tranco_benign_proxy,0,0.9894892398258056,1
tranco_benign_proxy,0,0.12361932339128731,0
phishtank,1,0.9974610919096345,1
tranco_benign_proxy,0,0.28709533472136417,0
tranco_benign_proxy,0,0.03380047670069196,0
phishtank,1,0.9558420725279446,1
phishtank,1,0.999960540101219,1
tranco_benign_proxy,0,0.1591356895532279,0
tranco_benign_proxy,0,0.12119169727719814,0
tranco_benign_proxy,0,0.3503037200335741,0
tranco_benign_proxy,0,0.21942971570810643,0
tranco_benign_proxy,0,0.43970509542917435,0
phishtank,1,0.9906321554242402,1
phishtank,1,0.9997761262366806,1
tranco_benign_proxy,0,0.9939627139258653,1
phishtank,1,0.9852831444433976,1
phishtank,1,0.998644048815372,1
tranco_benign_proxy,0,0.7368619378633634,0
tranco_benign_proxy,0,0.18164035530642375,0
tranco_benign_proxy,0,0.26757573064199947,0
tranco_benign_proxy,0,0.5402123773996642,0
tranco_benign_proxy,0,0.010894921964798293,0
phishtank,1,0.9717004127363289,1
tranco_benign_proxy,0,0.8994619789748445,1
tranco_benign_proxy,0,0.0021154688559043315,0
phishtank,1,0.9998322197029375,1
phishtank,1,0.9995829613599406,1
phishtank,1,0.9980201223143904,1
tranco_benign_proxy,0,0.22297157711503213,0
tranco_benign_proxy,0,0.22529360300763943,0
phishtank,1,0.9833674152587564,1
phishtank,1,0.9779175400623641,1
phishtank,1,0.056154737171095356,0
tranco_benign_proxy,0,0.2156633413602805,0
phishtank,1,0.9990075348351442,1
phishtank,1,0.9988218869775192,1
tranco_benign_proxy,0,0.5918579467835244,0
phishtank,1,0.9973963289246018,1
tranco_benign_proxy,0,0.011520057249235674,0
phishtank,1,0.9982850568677955,1
tranco_benign_proxy,0,0.09589401277254507,0
phishtank,1,0.9675957337877177,1
tranco_benign_proxy,0,0.052934684853892335,0
phishtank,1,0.9999999464666076,1
tranco_benign_proxy,0,0.7841670637601961,1
tranco_benign_proxy,0,0.07972361856410155,0
tranco_benign_proxy,0,0.19638690850850155,0
tranco_benign_proxy,0,0.08967952359365733,0
phishtank,1,0.9026736238472189,1
phishtank,1,0.9947709490413307,1
phishtank,1,0.9943920630727424,1
phishtank,1,0.9711791274873519,1
tranco_benign_proxy,0,0.047750956634845555,0
phishtank,1,0.9961048673084881,1
phishtank,1,0.9502882670755648,1
phishtank,1,0.997439696891203,1
phishtank,1,0.9996151171217116,1
tranco_benign_proxy,0,0.22810075553128797,0
tranco_benign_proxy,0,0.36085832684549685,0
tranco_benign_proxy,0,0.5144806306984251,0
phishtank,1,0.9999127621778793,1
tranco_benign_proxy,0,0.9690951784357471,1
phishtank,1,0.9987057700368334,1
tranco_benign_proxy,0,0.4915876827931802,0
phishtank,1,0.15269192279178134,0
phishtank,1,0.9934515814735744,1
tranco_benign_proxy,0,0.9901842255556436,1
tranco_benign_proxy,0,0.0862382703483506,0
tranco_benign_proxy,0,0.8225356539606851,1
phishtank,1,0.47301940137254933,0
tranco_benign_proxy,0,0.8487913119408962,1
phishtank,1,0.9884317406944028,1
phishtank,1,0.9965089328259449,1
tranco_benign_proxy,0,0.034365604390185676,0
phishtank,1,0.9986702657324449,1
tranco_benign_proxy,0,0.16561070336722675,0
phishtank,1,0.020823083639573397,0
phishtank,1,0.9989219714409401,1
phishtank,1,0.9974865407466227,1
tranco_benign_proxy,0,0.2491341506926191,0
tranco_benign_proxy,0,0.16902275485290696,0
phishtank,1,0.9991908813646462,1
tranco_benign_proxy,0,0.8037688819369517,1
phishtank,1,0.7088528491589091,0
phishtank,1,0.9351301573437995,1
phishtank,1,0.9992436876293992,1
phishtank,1,0.9999926197660418,1
tranco_benign_proxy,0,0.19642586849169585,0
phishtank,1,0.9886273694055542,1
phishtank,1,0.5019049231480726,0
phishtank,1,0.3785650384726862,0
phishtank,1,0.9863045238460999,1
phishtank,1,0.7017744848964736,0
tranco_benign_proxy,0,0.5562590445708984,0
tranco_benign_proxy,0,0.06930943344230346,0
phishtank,1,0.257818016242504,0
tranco_benign_proxy,0,0.42709578060055425,0
tranco_benign_proxy,0,0.22005030938042636,0
tranco_benign_proxy,0,0.31918676914564403,0
tranco_benign_proxy,0,0.2611161646248443,0
phishtank,1,0.43721171086824273,0
tranco_benign_proxy,0,0.07481518013798522,0
tranco_benign_proxy,0,0.5756342412823126,0
phishtank,1,0.9992173010231237,1
tranco_benign_proxy,0,0.21513453622064457,0
phishtank,1,0.8799081109992537,1
phishtank,1,0.9336097108154982,1
tranco_benign_proxy,0,0.1265113072326419,0
phishtank,1,0.9933723099164421,1
tranco_benign_proxy,0,0.1669561199818014,0
tranco_benign_proxy,0,0.6103254700594131,0
phishtank,1,0.08294808670662633,0
tranco_benign_proxy,0,0.024896086206705362,0
phishtank,1,0.9491223572665483,1
phishtank,1,0.9873018346767156,1
phishtank,1,0.8865984547540204,1
tranco_benign_proxy,0,0.9836942262349044,1
tranco_benign_proxy,0,0.14784133681006725,0
tranco_benign_proxy,0,0.15080270440983054,0
phishtank,1,0.9701596600895988,1
phishtank,1,0.2077798227381877,0
phishtank,1,0.78987123181584,1
phishtank,1,0.9972006160299735,1
tranco_benign_proxy,0,0.4186320848789932,0
tranco_benign_proxy,0,0.02335861920926317,0
phishtank,1,0.9161629289613419,1
tranco_benign_proxy,0,0.05166488086423197,0
tranco_benign_proxy,0,0.28606554724979094,0
tranco_benign_proxy,0,0.560973629231078,0
phishtank,1,0.9991002586468695,1
tranco_benign_proxy,0,0.7469883881436532,0
tranco_benign_proxy,0,0.8174698580807531,1
phishtank,1,0.9556708769986662,1
tranco_benign_proxy,0,0.6901723290811818,0
phishtank,1,0.9993574264865241,1
phishtank,1,0.9997422564669035,1
tranco_benign_proxy,0,0.2656296565461957,0
phishtank,1,0.9985293434914481,1
phishtank,1,0.993901924695332,1
tranco_benign_proxy,0,0.15322761021410433,0
tranco_benign_proxy,0,0.6992191285282864,0
phishtank,1,0.013106322200810244,0
phishtank,1,0.6201974525869106,0
phishtank,1,0.8940519713624259,1
phishtank,1,0.5141350390625556,0
phishtank,1,0.9994019297177965,1
tranco_benign_proxy,0,0.2855211959707404,0
tranco_benign_proxy,0,0.24344746593467764,0
phishtank,1,0.9919400760462415,1
tranco_benign_proxy,0,0.07968001853295713,0
phishtank,1,0.9995612486378469,1
phishtank,1,0.9028264170492051,1
phishtank,1,0.06379292362220843,0
tranco_benign_proxy,0,0.5262327605981513,0
tranco_benign_proxy,0,0.4149478679898444,0
phishtank,1,0.9998267083417942,1
tranco_benign_proxy,0,0.6365352404493564,0
phishtank,1,0.7707775298386054,1
phishtank,1,0.7450889958485937,0
phishtank,1,0.9994136274662868,1
tranco_benign_proxy,0,0.41231038018087174,0
tranco_benign_proxy,0,0.09677159483147837,0
phishtank,1,0.999977897205349,1
tranco_benign_proxy,0,0.8567169527523188,1
tranco_benign_proxy,0,0.09062755990751564,0
tranco_benign_proxy,0,0.8938922737100473,1
tranco_benign_proxy,0,0.1362148785954058,0
tranco_benign_proxy,0,0.27763100641497707,0
tranco_benign_proxy,0,0.13808393519118703,0
tranco_benign_proxy,0,0.03332432677464062,0
tranco_benign_proxy,0,0.8766837025177244,1
phishtank,1,0.766846161448883,0
tranco_benign_proxy,0,0.02646567651496954,0
phishtank,1,0.9857081614207704,1
tranco_benign_proxy,0,0.09500565131881163,0
tranco_benign_proxy,0,0.28598403773678566,0
tranco_benign_proxy,0,0.5834249982408344,0
phishtank,1,0.9558586130164987,1
phishtank,1,0.990227428146828,1
tranco_benign_proxy,0,0.004491178010869358,0
tranco_benign_proxy,0,0.07473890082192278,0
tranco_benign_proxy,0,0.9741850149298489,1
tranco_benign_proxy,0,0.006357569506428702,0
tranco_benign_proxy,0,0.15228229043586478,0
tranco_benign_proxy,0,0.2191426422236337,0
phishtank,1,0.7123077152550973,0
phishtank,1,0.9553733895672628,1
phishtank,1,0.9959409737729434,1
phishtank,1,0.9952708173946218,1
phishtank,1,0.9956859973632364,1
phishtank,1,0.9969386469843616,1
tranco_benign_proxy,0,0.7462671803696783,0
phishtank,1,0.999948786435115,1
tranco_benign_proxy,0,0.9533212329287357,1
tranco_benign_proxy,0,0.7792223277896776,1
phishtank,1,0.957101988728766,1
tranco_benign_proxy,0,0.7319114204426708,0
phishtank,1,0.9982190247768588,1
tranco_benign_proxy,0,0.0012715209206397918,0
tranco_benign_proxy,0,0.8217320151709079,1
phishtank,1,0.9056862869930637,1
phishtank,1,0.9923459231448387,1
tranco_benign_proxy,0,0.2546878071290757,0
phishtank,1,0.9281033528683081,1
tranco_benign_proxy,0,0.2813277165986507,0
tranco_benign_proxy,0,0.8032265097662294,1
phishtank,1,0.9856360152747794,1
tranco_benign_proxy,0,0.974777345193613,1
tranco_benign_proxy,0,0.3543801300895396,0
phishtank,1,0.9832697237341591,1
tranco_benign_proxy,0,0.10060144252978953,0
phishtank,1,0.9720000771716423,1
phishtank,1,0.9830542645742935,1
tranco_benign_proxy,0,0.4369318984583232,0
tranco_benign_proxy,0,0.09753635198574216,0
tranco_benign_proxy,0,0.16834690770089722,0
phishtank,1,0.9996261299655654,1
phishtank,1,0.9224174873009633,1
phishtank,1,0.8177111039344287,1
phishtank,1,0.8258184804765444,1
phishtank,1,0.9904132007651629,1
phishtank,1,0.9978329421403775,1
tranco_benign_proxy,0,0.07354943086186595,0
tranco_benign_proxy,0,0.28733608064909827,0
tranco_benign_proxy,0,0.17376414102068746,0
phishtank,1,0.9737250516913002,1
phishtank,1,0.47939309411144443,0
tranco_benign_proxy,0,0.48182391650402995,0
tranco_benign_proxy,0,0.1487858842988197,0
tranco_benign_proxy,0,0.9640658559443369,1
tranco_benign_proxy,0,0.08548874506852308,0
tranco_benign_proxy,0,0.3611193560303686,0
tranco_benign_proxy,0,0.7925157663079073,1
tranco_benign_proxy,0,0.6220268042532189,0
tranco_benign_proxy,0,0.4960921299099042,0
tranco_benign_proxy,0,0.37859727084550937,0
tranco_benign_proxy,0,0.14618592130484584,0
phishtank,1,0.8693665979475401,1
phishtank,1,0.9989571526632577,1
phishtank,1,0.9997606590509447,1
tranco_benign_proxy,0,0.03636108857499705,0
phishtank,1,0.7998554840137202,1
tranco_benign_proxy,0,0.865660552299132,1
tranco_benign_proxy,0,0.922798574255933,1
tranco_benign_proxy,0,0.23257000150267307,0
tranco_benign_proxy,0,0.08558825194085497,0
tranco_benign_proxy,0,0.14381185516016007,0
tranco_benign_proxy,0,0.5192910754950522,0
phishtank,1,0.9894556320338925,1
tranco_benign_proxy,0,0.14346520292925838,0
tranco_benign_proxy,0,0.1847346310520457,0
phishtank,1,0.7731494868085251,1
phishtank,1,0.9874959317164242,1
tranco_benign_proxy,0,0.9416726714363566,1
phishtank,1,0.9998367692211478,1
phishtank,1,0.9586699254687568,1
phishtank,1,0.9968690980435245,1
tranco_benign_proxy,0,0.13004104932384625,0
phishtank,1,0.9398728667314117,1
tranco_benign_proxy,0,0.7384349136193574,0
phishtank,1,0.9951938331068998,1
tranco_benign_proxy,0,0.3029808263818389,0
tranco_benign_proxy,0,0.3496820045206533,0
tranco_benign_proxy,0,0.04301058403379529,0
tranco_benign_proxy,0,0.1809115299731095,0
tranco_benign_proxy,0,0.07377334103985804,0
tranco_benign_proxy,0,0.19396664286814674,0
tranco_benign_proxy,0,0.07817778590702343,0
tranco_benign_proxy,0,0.8847809082461281,1
phishtank,1,0.9987251481411435,1
phishtank,1,0.9973030954690869,1
tranco_benign_proxy,0,0.01696818473071395,0
phishtank,1,0.26014904083229107,0
phishtank,1,0.7471527588973853,0
phishtank,1,0.7647283703303476,0
tranco_benign_proxy,0,0.3045117685986451,0
phishtank,1,0.9955921302119869,1
phishtank,1,0.4149260449543783,0
tranco_benign_proxy,0,0.0793421549318029,0
tranco_benign_proxy,0,0.4016035765020143,0
phishtank,1,0.993919994865551,1
phishtank,1,0.994396857993674,1
tranco_benign_proxy,0,0.22248043836143563,0
phishtank,1,0.328955306925543,0
phishtank,1,0.9702210569961689,1
tranco_benign_proxy,0,0.07941721923688522,0
phishtank,1,0.9969827826535202,1
phishtank,1,0.9943902739218269,1
tranco_benign_proxy,0,0.7532163250482953,0
tranco_benign_proxy,0,0.3468313751156168,0
phishtank,1,0.9738855982773857,1
tranco_benign_proxy,0,0.30673323980378125,0
tranco_benign_proxy,0,0.4022186718447941,0
phishtank,1,0.9609064372738435,1
tranco_benign_proxy,0,0.5633430350201775,0
tranco_benign_proxy,0,0.36105562741635816,0
tranco_benign_proxy,0,0.06974369925002848,0
phishtank,1,0.4778757089364856,0
phishtank,1,0.6070309092306843,0
phishtank,1,0.9416753895039002,1
tranco_benign_proxy,0,0.03728978364957747,0
phishtank,1,0.9995565808745083,1
tranco_benign_proxy,0,0.22813242895558883,0
phishtank,1,0.9936826091778839,1
phishtank,1,0.9984624922279729,1
phishtank,1,0.9959422025538155,1
tranco_benign_proxy,0,0.4464658025653905,0
tranco_benign_proxy,0,0.6687896106744908,0
phishtank,1,0.9965431833954481,1
tranco_benign_proxy,0,0.03853896525766833,0
phishtank,1,0.9987328644958723,1
phishtank,1,0.9585674474819089,1
tranco_benign_proxy,0,0.2923196404689606,0
tranco_benign_proxy,0,0.6827901850277655,0
tranco_benign_proxy,0,0.24929058962644662,0
tranco_benign_proxy,0,0.04036451337638204,0
tranco_benign_proxy,0,0.6615725353454205,0
tranco_benign_proxy,0,0.004209933782888019,0
phishtank,1,0.962545047254159,1
tranco_benign_proxy,0,0.05695815777530236,0
tranco_benign_proxy,0,0.13990719650980726,0
phishtank,1,0.9973584953351601,1
tranco_benign_proxy,0,0.249289964328671,0
phishtank,1,0.9567686154713616,1
tranco_benign_proxy,0,0.17361354092671127,0
phishtank,1,0.9999971599608598,1
phishtank,1,0.9843398538540797,1
phishtank,1,0.026894334115198596,0
phishtank,1,0.43176445900266297,0
phishtank,1,0.6811929640714071,0
phishtank,1,0.9988222299568251,1
tranco_benign_proxy,0,0.08077116481708944,0
tranco_benign_proxy,0,0.08690041782209633,0
tranco_benign_proxy,0,0.15009950781518883,0
tranco_benign_proxy,0,0.0011018430214155344,0
phishtank,1,0.9585938414552152,1
tranco_benign_proxy,0,0.0988686632338509,0
tranco_benign_proxy,0,0.9806367580287098,1
phishtank,1,0.9950221646409896,1
tranco_benign_proxy,0,0.05581336694440883,0
phishtank,1,0.9796179696316766,1
phishtank,1,0.9976865089311721,1
tranco_benign_proxy,0,0.04208290523720613,0
tranco_benign_proxy,0,0.11116469132114132,0
phishtank,1,0.3132875763696229,0
phishtank,1,0.9997880889784704,1
tranco_benign_proxy,0,0.052227358129579786,0
phishtank,1,0.9904467130892849,1
tranco_benign_proxy,0,0.12180889782386685,0
tranco_benign_proxy,0,0.8643798226474179,1
phishtank,1,0.9994000750484425,1
phishtank,1,0.9971047472790502,1
phishtank,1,0.9975693597483177,1
tranco_benign_proxy,0,0.16066819808218116,0
tranco_benign_proxy,0,0.9657606839754183,1
tranco_benign_proxy,0,0.044909979910284996,0
tranco_benign_proxy,0,0.14005589382075595,0
phishtank,1,0.7616650543089519,0
phishtank,1,0.7565606641985269,0
phishtank,1,0.9987239401370173,1
tranco_benign_proxy,0,0.3556424982851513,0
phishtank,1,0.992298204018853,1
tranco_benign_proxy,0,0.40930105659336335,0
phishtank,1,0.9470960658297571,1
tranco_benign_proxy,0,0.48868998517782797,0
phishtank,1,0.9985574211186639,1
phishtank,1,0.9992031151873136,1
tranco_benign_proxy,0,0.7309161256107044,0
tranco_benign_proxy,0,0.5946746866631462,0
phishtank,1,0.9310400459233698,1
phishtank,1,0.20011302099352613,0
phishtank,1,0.9668830971361568,1
tranco_benign_proxy,0,0.7042683828100473,0
phishtank,1,0.9997754916660694,1
phishtank,1,0.9998978058128993,1
tranco_benign_proxy,0,0.9782694360003691,1
tranco_benign_proxy,0,0.2900828428914856,0
phishtank,1,0.9962151346651217,1
tranco_benign_proxy,0,0.06840514862986526,0
phishtank,1,0.6797478765962375,0
phishtank,1,0.9749247850107852,1
tranco_benign_proxy,0,0.7487316043124415,0
phishtank,1,0.9987688676908394,1
tranco_benign_proxy,0,0.06694626689327857,0
phishtank,1,0.7023783809114817,0
phishtank,1,0.9996017788586036,1
phishtank,1,0.9904107145910193,1
tranco_benign_proxy,0,0.6891404584080569,0
tranco_benign_proxy,0,0.2617711659820187,0
tranco_benign_proxy,0,0.05590924829092761,0
tranco_benign_proxy,0,0.9285654137225854,1
phishtank,1,0.43534531148771727,0
tranco_benign_proxy,0,0.7353982387622332,0
phishtank,1,0.9054331601529494,1
tranco_benign_proxy,0,0.8818101639722152,1
tranco_benign_proxy,0,0.5333572475020308,0
tranco_benign_proxy,0,0.042485744498207946,0
phishtank,1,0.9972855212201207,1
tranco_benign_proxy,0,0.8072045400461781,1
tranco_benign_proxy,0,0.6179058671086226,0
tranco_benign_proxy,0,0.008893376918507527,0
tranco_benign_proxy,0,0.006617994166832484,0
phishtank,1,0.9728757800197818,1
phishtank,1,0.8897738279398189,1
tranco_benign_proxy,0,0.8896517821069155,1
phishtank,1,0.3912200153313532,0
tranco_benign_proxy,0,0.004494665713922641,0
phishtank,1,0.9626693056416908,1
phishtank,1,0.6943125472888932,0
phishtank,1,0.9871540058407946,1
tranco_benign_proxy,0,0.31485391900617854,0
tranco_benign_proxy,0,0.08727970403648627,0
phishtank,1,0.9837911447538281,1
phishtank,1,0.9574123068765195,1
phishtank,1,0.996307464478002,1
phishtank,1,0.9782547303614986,1
phishtank,1,0.8173161892306733,1
phishtank,1,0.9988554825697481,1
phishtank,1,0.6223586737038831,0
tranco_benign_proxy,0,0.05913077008998975,0
tranco_benign_proxy,0,0.9751620019805523,1
phishtank,1,0.9955531267033068,1
phishtank,1,0.9987703404792031,1
tranco_benign_proxy,0,0.8498664408318661,1
tranco_benign_proxy,0,0.0068611744089741595,0
tranco_benign_proxy,0,0.19135348874637748,0
tranco_benign_proxy,0,0.8749279506856384,1
phishtank,1,0.9999987711342928,1
phishtank,1,0.9987362622365943,1
tranco_benign_proxy,0,0.06946650692352581,0
tranco_benign_proxy,0,0.0700418565114816,0
phishtank,1,0.9992163838893915,1
phishtank,1,0.9933887387186746,1
tranco_benign_proxy,0,0.11829865565616812,0
tranco_benign_proxy,0,0.5774639828656476,0
tranco_benign_proxy,0,0.41478865801073034,0
phishtank,1,0.9952205406676187,1
tranco_benign_proxy,0,0.9506081380987176,1
phishtank,1,0.9926424437790022,1
tranco_benign_proxy,0,0.40920287283084134,0
tranco_benign_proxy,0,0.1792031842596459,0
phishtank,1,0.9851423229949684,1
tranco_benign_proxy,0,0.23886596709646388,0
tranco_benign_proxy,0,0.38305271202770863,0
tranco_benign_proxy,0,0.7877716249934895,1
phishtank,1,0.9999131490028742,1
tranco_benign_proxy,0,0.03460008851642326,0
tranco_benign_proxy,0,0.4900562976571905,0
phishtank,1,0.40795376962498425,0
tranco_benign_proxy,0,0.45275819138540957,0
tranco_benign_proxy,0,0.9901047704430204,1
phishtank,1,0.9974334042346295,1
tranco_benign_proxy,0,0.0637703992447969,0
phishtank,1,0.2108562681813784,0
phishtank,1,0.9889995797957132,1
phishtank,1,0.9797571876743904,1
tranco_benign_proxy,0,0.226824980366543,0
phishtank,1,0.44047549999190916,0
tranco_benign_proxy,0,0.13862139981563934,0
tranco_benign_proxy,0,0.19527463285012228,0
tranco_benign_proxy,0,0.004915212922751209,0
phishtank,1,0.984276547704646,1
phishtank,1,0.8851044872446839,1
tranco_benign_proxy,0,0.018708220885346204,0
tranco_benign_proxy,0,0.27283975950861283,0
tranco_benign_proxy,0,0.6247127858938317,0
tranco_benign_proxy,0,0.646038325444159,0
tranco_benign_proxy,0,0.5875964160557827,0
phishtank,1,0.997994242299755,1
tranco_benign_proxy,0,0.5193814627900817,0
tranco_benign_proxy,0,0.001956955623547281,0
phishtank,1,0.9999703677698354,1
phishtank,1,0.9938204102225366,1
phishtank,1,0.9506184691137187,1
tranco_benign_proxy,0,0.34783344575688535,0
phishtank,1,0.8287476218508874,1
tranco_benign_proxy,0,0.04896651950671862,0
tranco_benign_proxy,0,0.5630383528681048,0
tranco_benign_proxy,0,0.3717287327778115,0
tranco_benign_proxy,0,0.409758548086727,0
phishtank,1,0.9504751244940054,1
tranco_benign_proxy,0,0.2320527369450652,0
phishtank,1,0.9916010302818367,1
phishtank,1,0.994855623751029,1
phishtank,1,0.9727416770330587,1
phishtank,1,0.9547670737121521,1
phishtank,1,0.9696191631403532,1
phishtank,1,0.9958035979820583,1
phishtank,1,0.9465718287864119,1
tranco_benign_proxy,0,0.33132035304888013,0
tranco_benign_proxy,0,0.06161366501701827,0
phishtank,1,0.9982103679342063,1
phishtank,1,0.9999731390827008,1
tranco_benign_proxy,0,0.05945395856910837,0
phishtank,1,0.9888848353210953,1
phishtank,1,0.30319731092127405,0
tranco_benign_proxy,0,0.0007325829440622925,0
phishtank,1,0.33502406716321265,0
phishtank,1,0.8290468033553755,1
tranco_benign_proxy,0,0.19731776804006038,0
phishtank,1,0.993882909583344,1
phishtank,1,0.9995593917858843,1
phishtank,1,0.9803680964827179,1
phishtank,1,0.4316870394283181,0
tranco_benign_proxy,0,0.5983628280654054,0
tranco_benign_proxy,0,0.11761976309124887,0
tranco_benign_proxy,0,0.014166800094982364,0
phishtank,1,0.7919698116686417,1
tranco_benign_proxy,0,0.8767897050881246,1
phishtank,1,0.999923716352307,1
tranco_benign_proxy,0,0.14046605583986316,0
tranco_benign_proxy,0,0.7337621195931285,0
phishtank,1,0.4686909821559031,0
tranco_benign_proxy,0,0.031175237460739486,0
phishtank,1,0.9998059526519351,1
phishtank,1,0.9992973196760837,1
tranco_benign_proxy,0,0.6021459512344569,0
phishtank,1,0.9871749456203524,1
phishtank,1,0.9997249216839573,1
tranco_benign_proxy,0,0.4432118950016355,0
tranco_benign_proxy,0,0.7327101603863103,0
tranco_benign_proxy,0,0.7031060981153516,0
tranco_benign_proxy,0,0.4759445323451297,0
phishtank,1,0.993655851640027,1
tranco_benign_proxy,0,0.12441351125376206,0
phishtank,1,0.9880416642800555,1
tranco_benign_proxy,0,0.388496668996867,0
phishtank,1,0.9894463586471992,1
tranco_benign_proxy,0,0.023263771305843433,0
phishtank,1,0.992039270902422,1
phishtank,1,0.9986329061050087,1
phishtank,1,0.7315670219488747,0
tranco_benign_proxy,0,0.3681229564291331,0
phishtank,1,0.9822735493377257,1
phishtank,1,0.9821166591801463,1
phishtank,1,0.9796690577491377,1
tranco_benign_proxy,0,0.7480112823147653,0
phishtank,1,0.9667797564918118,1
tranco_benign_proxy,0,0.23287472990843353,0
tranco_benign_proxy,0,0.4276394055746874,0
phishtank,1,0.9800557321708382,1
phishtank,1,0.9995273409318672,1
tranco_benign_proxy,0,0.4924265044492772,0
phishtank,1,0.9599392544778161,1
phishtank,1,0.405147943981493,0
phishtank,1,0.9905484406370589,1
phishtank,1,0.9953675711306073,1
tranco_benign_proxy,0,0.5622997913046291,0
phishtank,1,0.939613734721868,1
phishtank,1,0.9999747641711244,1
phishtank,1,0.9972865081725655,1
tranco_benign_proxy,0,0.22447691254957758,0
phishtank,1,0.9968668972772533,1
phishtank,1,0.9953990668354646,1
phishtank,1,0.996417246750724,1
tranco_benign_proxy,0,0.9113258749187163,1
tranco_benign_proxy,0,0.11900026355079675,0
tranco_benign_proxy,0,0.6803244928832596,0
tranco_benign_proxy,0,0.11045362147029572,0
phishtank,1,0.9972069895468533,1
phishtank,1,0.8569543496510131,1
phishtank,1,0.9756843168559154,1
phishtank,1,0.9984654454789008,1
tranco_benign_proxy,0,0.1644765255982095,0
tranco_benign_proxy,0,0.3052037794407576,0
phishtank,1,0.9891232558692783,1
tranco_benign_proxy,0,0.5300856589068463,0
tranco_benign_proxy,0,0.23666923977792814,0
tranco_benign_proxy,0,0.20568889282389785,0
tranco_benign_proxy,0,0.9881336535325551,1
phishtank,1,0.9902637614067876,1
tranco_benign_proxy,0,0.04485839717352889,0
phishtank,1,0.07706324174915513,0
phishtank,1,0.693084299280442,0
tranco_benign_proxy,0,0.5451191800973251,0
phishtank,1,0.9915899332271035,1
phishtank,1,0.9998097936568291,1
phishtank,1,0.9996800116096445,1
phishtank,1,0.9973548283898475,1
tranco_benign_proxy,0,0.9837211291200605,1
phishtank,1,0.9940236703686137,1
tranco_benign_proxy,0,0.010003578323424288,0
phishtank,1,0.9999909800825427,1
tranco_benign_proxy,0,0.029671139690699753,0
phishtank,1,0.998981248989885,1
tranco_benign_proxy,0,0.004842433440592289,0
tranco_benign_proxy,0,0.1351612852827678,0
tranco_benign_proxy,0,0.05542257095995398,0
tranco_benign_proxy,0,0.24434052018954322,0
phishtank,1,0.9999846181802279,1
phishtank,1,0.9988535019666568,1
tranco_benign_proxy,0,0.6000541388764432,0
phishtank,1,0.9970943154581012,1
phishtank,1,0.9302640427529135,1
tranco_benign_proxy,0,0.15605974614263565,0
phishtank,1,0.7920945472761166,1
tranco_benign_proxy,0,0.5981296488603737,0
tranco_benign_proxy,0,0.8280077569218149,1
tranco_benign_proxy,0,0.9913588489476671,1
tranco_benign_proxy,0,0.2580753463858779,0
phishtank,1,0.9432656567133227,1
tranco_benign_proxy,0,0.001138949121957418,0
phishtank,1,0.9933431768382255,1
tranco_benign_proxy,0,0.35046786202963504,0
tranco_benign_proxy,0,0.06856673271570744,0
tranco_benign_proxy,0,0.20363911786907082,0
tranco_benign_proxy,0,0.051610902846803315,0
tranco_benign_proxy,0,0.1829482476336511,0
tranco_benign_proxy,0,0.5073523532021986,0
phishtank,1,0.1384015541185685,0
tranco_benign_proxy,0,0.31121597811242807,0
tranco_benign_proxy,0,0.779645517241309,1
phishtank,1,0.9988199780340133,1
phishtank,1,0.9349611211406971,1
phishtank,1,0.9852043192205256,1
phishtank,1,0.9996820103671307,1
phishtank,1,0.9999116131908222,1
tranco_benign_proxy,0,0.4971477055434013,0
tranco_benign_proxy,0,0.14941032451523534,0
phishtank,1,0.5685443040314637,0
tranco_benign_proxy,0,0.8256878741580959,1
tranco_benign_proxy,0,0.06404262759114897,0
tranco_benign_proxy,0,0.004264364547166488,0
tranco_benign_proxy,0,0.3096103560150833,0
tranco_benign_proxy,0,0.6572620502345191,0
tranco_benign_proxy,0,0.8491267965186924,1
phishtank,1,0.9926955941716799,1
tranco_benign_proxy,0,0.8978691722636041,1
phishtank,1,0.8913047033136748,1
tranco_benign_proxy,0,0.14853444026152102,0
tranco_benign_proxy,0,0.3003673143202746,0
tranco_benign_proxy,0,0.18980113523451406,0
tranco_benign_proxy,0,0.16394264031273745,0
phishtank,1,0.6014358128086461,0
phishtank,1,0.9976898092853448,1
phishtank,1,0.998243171687543,1
phishtank,1,0.9943409750703233,1
phishtank,1,0.8961832624966795,1
tranco_benign_proxy,0,0.14344042634247658,0
phishtank,1,0.9963920249441269,1
tranco_benign_proxy,0,0.8516668785943124,1
phishtank,1,0.9939764746679399,1
phishtank,1,0.30135450582001116,0
phishtank,1,0.9858894130685972,1
phishtank,1,0.6106264894793404,0
tranco_benign_proxy,0,0.05832144355210893,0
tranco_benign_proxy,0,0.9640982729868025,1
phishtank,1,0.9902220727684581,1
tranco_benign_proxy,0,0.8478776512718161,1
phishtank,1,0.9993503453216926,1
phishtank,1,0.99999729625445,1
phishtank,1,0.970727189696837,1
phishtank,1,0.144217641647102,0
phishtank,1,0.9646850747153136,1
tranco_benign_proxy,0,0.7724020452229813,1
tranco_benign_proxy,0,0.3160923581346944,0
phishtank,1,0.9801662604057723,1
phishtank,1,0.9393968096275227,1
tranco_benign_proxy,0,0.47098617531782266,0
tranco_benign_proxy,0,0.01941702054402267,0
tranco_benign_proxy,0,0.9005832816000581,1
phishtank,1,0.9276580172071013,1
phishtank,1,0.21582883260395522,0
phishtank,1,0.9596975569050696,1
phishtank,1,0.9984969736395294,1
phishtank,1,0.9978143986301137,1
tranco_benign_proxy,0,0.42196839251621443,0
tranco_benign_proxy,0,0.9606954817767338,1
tranco_benign_proxy,0,0.8649210832875835,1
phishtank,1,0.9890141257057892,1
phishtank,1,0.9998414147999906,1
phishtank,1,0.9994821517694458,1
phishtank,1,0.9978211822360942,1
phishtank,1,0.946633803812291,1
phishtank,1,0.9014204905104001,1
phishtank,1,0.9967632540499798,1
phishtank,1,0.5008583831218476,0
tranco_benign_proxy,0,0.8752094376215779,1
tranco_benign_proxy,0,0.7431567692663361,0
tranco_benign_proxy,0,0.20661577611705775,0
phishtank,1,0.7713544687575715,1
phishtank,1,0.9681526706345295,1
phishtank,1,0.998034923521082,1
tranco_benign_proxy,0,0.7603647585142426,0
tranco_benign_proxy,0,0.43385277832986524,0
tranco_benign_proxy,0,0.061317002710812696,0
tranco_benign_proxy,0,0.08921588547075116,0
phishtank,1,0.9936732149599399,1
tranco_benign_proxy,0,0.26901580587500523,0
phishtank,1,0.9996104617708176,1
phishtank,1,0.8313596488302133,1
phishtank,1,0.9920962469174225,1
tranco_benign_proxy,0,0.15643995217495202,0
phishtank,1,0.7024535137568688,0
tranco_benign_proxy,0,0.9036208517039921,1
phishtank,1,0.8691239501973916,1
tranco_benign_proxy,0,0.27029546245228275,0
tranco_benign_proxy,0,0.5988062392691941,0
phishtank,1,0.999953237529806,1
tranco_benign_proxy,0,0.8534612062135251,1
phishtank,1,0.9972559055174607,1
tranco_benign_proxy,0,0.42618392185320136,0
phishtank,1,0.9999989673104255,1
tranco_benign_proxy,0,0.13906581616568828,0
tranco_benign_proxy,0,0.943664849756623,1
tranco_benign_proxy,0,0.9881318119712003,1
tranco_benign_proxy,0,0.2656641674876896,0
phishtank,1,0.9646875169012059,1
tranco_benign_proxy,0,0.9671209246114886,1
phishtank,1,0.9640971541324274,1
tranco_benign_proxy,0,0.09213428670290842,0
tranco_benign_proxy,0,0.3811243449727906,0
tranco_benign_proxy,0,0.24105299516180748,0
phishtank,1,0.9572562976466968,1
tranco_benign_proxy,0,0.26909888187961845,0
tranco_benign_proxy,0,0.07418770117163549,0
tranco_benign_proxy,0,0.09300330421018137,0
tranco_benign_proxy,0,0.043244451219291075,0
phishtank,1,0.4038067697962055,0
phishtank,1,0.9386984312037836,1
phishtank,1,0.9485270339447981,1
phishtank,1,0.9913424283634154,1
phishtank,1,0.9998873650532125,1
tranco_benign_proxy,0,0.7195476530168606,0
tranco_benign_proxy,0,0.23304432843381281,0
tranco_benign_proxy,0,0.2792971498170844,0
tranco_benign_proxy,0,0.35423111375585764,0
phishtank,1,0.9983460789648756,1
tranco_benign_proxy,0,0.5133431255952753,0
tranco_benign_proxy,0,0.9580519905065888,1
phishtank,1,0.9688112028465804,1
tranco_benign_proxy,0,0.056971423715090445,0
phishtank,1,0.9978473357546134,1
tranco_benign_proxy,0,0.7142844990981758,0
tranco_benign_proxy,0,0.9808478824483727,1
phishtank,1,0.9278558636424284,1
phishtank,1,0.9938003559672285,1
phishtank,1,0.7662080167058005,0
tranco_benign_proxy,0,0.7420352337069541,0
phishtank,1,0.989646062398312,1
tranco_benign_proxy,0,0.359593387955298,0
phishtank,1,0.9737628909509405,1
tranco_benign_proxy,0,0.057903818692414066,0
tranco_benign_proxy,0,0.12834136742005914,0
phishtank,1,0.98909201783888,1
phishtank,1,0.9990550402143409,1
tranco_benign_proxy,0,0.21220920003968582,0
tranco_benign_proxy,0,0.9790697269157258,1
phishtank,1,0.9828555573909543,1
tranco_benign_proxy,0,0.09620388760372311,0
phishtank,1,0.9920117802372005,1
tranco_benign_proxy,0,0.09487646421699002,0
phishtank,1,0.9864269573874365,1
phishtank,1,0.9879034728402623,1
tranco_benign_proxy,0,0.8096987698839004,1
tranco_benign_proxy,0,0.15015225735055465,0
tranco_benign_proxy,0,0.005349945094245691,0
phishtank,1,0.9954772294217533,1
tranco_benign_proxy,0,0.036129376545918135,0
tranco_benign_proxy,0,0.04306001607911769,0
phishtank,1,0.997997156580603,1
phishtank,1,0.9899013857064611,1
phishtank,1,0.9918174609263897,1
phishtank,1,0.9351973968886849,1
phishtank,1,0.9953040288529652,1
phishtank,1,0.9869983868485404,1
phishtank,1,0.6228557322807572,0
phishtank,1,0.7037376617513242,0
tranco_benign_proxy,0,0.5280354713362495,0
tranco_benign_proxy,0,0.957347034684723,1
phishtank,1,0.49339081496888665,0
phishtank,1,0.8567091274430045,1
phishtank,1,0.17593378009319063,0
tranco_benign_proxy,0,0.036549448811707214,0
phishtank,1,0.9968328980571665,1
tranco_benign_proxy,0,0.2433586205181404,0
phishtank,1,0.9560987848380421,1
phishtank,1,0.9953519959957858,1
tranco_benign_proxy,0,0.8803660532915646,1
phishtank,1,0.979949030193156,1
tranco_benign_proxy,0,0.35261344764560487,0
phishtank,1,0.9994212857152277,1
tranco_benign_proxy,0,0.05791516668226248,0
tranco_benign_proxy,0,0.09539875912702876,0
phishtank,1,0.9636086350591466,1
phishtank,1,0.9972679965775536,1
tranco_benign_proxy,0,0.6830723654685555,0
phishtank,1,0.9931974203222358,1
tranco_benign_proxy,0,0.0003780524558624983,0
phishtank,1,0.9930036216331738,1
phishtank,1,0.9999742107340887,1
tranco_benign_proxy,0,0.4277221392137106,0
tranco_benign_proxy,0,0.6266084336559079,0
phishtank,1,0.9795191729866924,1
tranco_benign_proxy,0,0.7021917896768406,0
tranco_benign_proxy,0,0.42546132565213596,0
tranco_benign_proxy,0,0.46867337980782925,0
tranco_benign_proxy,0,0.4681875389960077,0
tranco_benign_proxy,0,0.88601351956647,1
tranco_benign_proxy,0,0.10597485659241894,0
phishtank,1,0.9957165187888729,1
tranco_benign_proxy,0,0.17160103642469662,0
phishtank,1,0.02750967878586393,0
phishtank,1,0.9999540868775,1
phishtank,1,0.9563406833353854,1
phishtank,1,0.46542000377321674,0
phishtank,1,0.9938574371794053,1
tranco_benign_proxy,0,0.24458910382450025,0
phishtank,1,0.9965495262734927,1
tranco_benign_proxy,0,0.7974072813342742,1
tranco_benign_proxy,0,0.40046985532037704,0
phishtank,1,0.5571084530245437,0
tranco_benign_proxy,0,0.49460452193086263,0
tranco_benign_proxy,0,0.5623025030912799,0
phishtank,1,0.999764844995592,1
phishtank,1,0.9943537675421045,1
phishtank,1,0.9897411944623299,1
tranco_benign_proxy,0,0.9840413212001734,1
phishtank,1,0.9990095965647925,1
phishtank,1,0.9929024741353114,1
phishtank,1,0.9843161580989594,1
tranco_benign_proxy,0,0.07985673242323363,0
tranco_benign_proxy,0,0.09913468799319974,0
tranco_benign_proxy,0,0.05112897103567347,0
phishtank,1,0.9082662660070548,1
phishtank,1,0.8715597987362689,1
tranco_benign_proxy,0,0.7020574615217526,0
phishtank,1,0.9989360272325379,1
tranco_benign_proxy,0,0.9989545351381978,1
phishtank,1,0.9999539641232944,1
phishtank,1,0.9998455520409003,1
tranco_benign_proxy,0,0.012081987880397578,0
phishtank,1,0.9999223373879503,1
tranco_benign_proxy,0,0.13498155418338156,0
tranco_benign_proxy,0,0.11146647256334456,0
tranco_benign_proxy,0,0.11677396930125816,0
tranco_benign_proxy,0,0.3427827748774717,0
tranco_benign_proxy,0,0.9760908315901958,1
tranco_benign_proxy,0,0.3478339743669147,0
phishtank,1,0.8919862450254058,1
tranco_benign_proxy,0,0.9996922548600431,1
phishtank,1,0.9982189772780681,1
phishtank,1,0.9999540363705227,1
tranco_benign_proxy,0,0.08042850281934813,0
tranco_benign_proxy,0,0.309148598605873,0
tranco_benign_proxy,0,0.5752839116487093,0
phishtank,1,0.9923090026024274,1
phishtank,1,0.996209134646852,1
tranco_benign_proxy,0,0.03243301304737365,0
tranco_benign_proxy,0,0.3348604649892193,0
phishtank,1,0.9988721696115657,1
tranco_benign_proxy,0,0.10096573901369633,0
tranco_benign_proxy,0,0.12559947040387665,0
phishtank,1,0.9999903393056014,1
tranco_benign_proxy,0,0.002492184449284391,0
phishtank,1,0.987383407357224,1
tranco_benign_proxy,0,0.4832692454894067,0
phishtank,1,0.9998519706907292,1
tranco_benign_proxy,0,0.12485346113221096,0
tranco_benign_proxy,0,0.07828863711264758,0
tranco_benign_proxy,0,0.8867790263363455,1
phishtank,1,0.9999347487935664,1
tranco_benign_proxy,0,0.7797707504253965,1
phishtank,1,0.9523023535581077,1
tranco_benign_proxy,0,0.08184393999178784,0
phishtank,1,0.9963182849479723,1
phishtank,1,0.9792218092725044,1
tranco_benign_proxy,0,0.15063381416130453,0
phishtank,1,0.9891167702422695,1
tranco_benign_proxy,0,0.4115927752399097,0
tranco_benign_proxy,0,0.9001136283015383,1
phishtank,1,0.9944891566583558,1
tranco_benign_proxy,0,0.5677383216437327,0
tranco_benign_proxy,0,0.6842655056737976,0
tranco_benign_proxy,0,0.6542073329830259,0
phishtank,1,0.998116263191962,1
tranco_benign_proxy,0,0.9993376127278865,1
tranco_benign_proxy,0,0.8996032785275564,1
phishtank,1,0.605289722240314,0
tranco_benign_proxy,0,0.7339938531482266,0
tranco_benign_proxy,0,0.1440206810548779,0
phishtank,1,0.9803682519844625,1
phishtank,1,0.9923197238598829,1
phishtank,1,0.9971646448301934,1
tranco_benign_proxy,0,0.2331051346216028,0
tranco_benign_proxy,0,0.980450204307981,1
phishtank,1,0.17704433588347623,0
tranco_benign_proxy,0,0.048957464859435196,0
phishtank,1,0.9898118397965868,1
phishtank,1,0.9936476759918671,1
phishtank,1,0.9986218930523485,1
phishtank,1,0.999350762794435,1
tranco_benign_proxy,0,0.3156796810620867,0
tranco_benign_proxy,0,0.5353771023640228,0
tranco_benign_proxy,0,0.302358021866108,0
tranco_benign_proxy,0,0.6742263748275099,0
tranco_benign_proxy,0,0.35177496223218363,0
phishtank,1,0.6812210712356958,0
tranco_benign_proxy,0,0.11508681543962297,0
tranco_benign_proxy,0,0.858116465876045,1
phishtank,1,0.5259182593136351,0
tranco_benign_proxy,0,0.5391321192931339,0
phishtank,1,0.8385704222946481,1
tranco_benign_proxy,0,0.018240334037482916,0
tranco_benign_proxy,0,0.008873854091816876,0
tranco_benign_proxy,0,0.8853621387815852,1
tranco_benign_proxy,0,0.8874258488775038,1
tranco_benign_proxy,0,0.7803418281878132,1
phishtank,1,0.9999913657017345,1
phishtank,1,0.178561848099771,0
tranco_benign_proxy,0,0.2323441451862692,0
phishtank,1,0.9993561740392719,1
phishtank,1,0.8183038632255685,1
phishtank,1,0.9811754053368896,1
tranco_benign_proxy,0,0.5239250334401497,0
tranco_benign_proxy,0,0.7747201153919764,1
tranco_benign_proxy,0,0.018962701064935895,0
phishtank,1,0.9999153881582569,1
phishtank,1,0.7751374979476184,1
phishtank,1,0.6104893469068848,0
phishtank,1,0.9903403155171318,1
tranco_benign_proxy,0,0.049194015646131024,0
tranco_benign_proxy,0,0.2955771078137218,0
tranco_benign_proxy,0,0.3128269986800241,0
phishtank,1,0.9942089281853231,1
tranco_benign_proxy,0,0.3137887827573829,0
phishtank,1,0.988835402916349,1
phishtank,1,0.9993266073732581,1
phishtank,1,0.9994512594773733,1
tranco_benign_proxy,0,0.6902933885845104,0
phishtank,1,0.9994874262032971,1
phishtank,1,0.582226630695737,0
tranco_benign_proxy,0,0.599676867085384,0
phishtank,1,0.15599223631782225,0
phishtank,1,0.44695769153014175,0
phishtank,1,0.9996625865668219,1
phishtank,1,0.9977253852205404,1
tranco_benign_proxy,0,0.37451464638137677,0
tranco_benign_proxy,0,0.8618899273487224,1
phishtank,1,0.08253462664657707,0
tranco_benign_proxy,0,0.7300276618767529,0
phishtank,1,0.04587681606151448,0
phishtank,1,0.09989816771848091,0
tranco_benign_proxy,0,0.40275297959116346,0
phishtank,1,0.45312455786688155,0
phishtank,1,0.665434318970781,0
phishtank,1,0.9854172952348184,1
tranco_benign_proxy,0,0.27853368035098724,0
phishtank,1,0.9972226529754404,1
phishtank,1,0.9999851935641544,1
phishtank,1,0.9998701645129627,1
tranco_benign_proxy,0,0.9576393425443863,1
tranco_benign_proxy,0,0.02823265360850673,0
tranco_benign_proxy,0,0.17284763476253379,0
phishtank,1,0.41563984522209513,0
phishtank,1,0.9780731526924945,1
phishtank,1,0.7563236946924545,0
phishtank,1,0.9780313250325006,1
phishtank,1,0.9993762353036589,1
tranco_benign_proxy,0,0.04681748645461934,0
tranco_benign_proxy,0,0.05194980365842359,0
tranco_benign_proxy,0,0.2518473784446095,0
phishtank,1,0.9996536742023295,1
tranco_benign_proxy,0,0.6144639314964694,0
tranco_benign_proxy,0,0.17925021993171422,0
tranco_benign_proxy,0,0.8775202193667331,1
tranco_benign_proxy,0,0.8967559987948767,1
phishtank,1,0.9838794373242286,1
phishtank,1,0.9975643751299602,1
phishtank,1,0.9977895364981914,1
tranco_benign_proxy,0,0.07502536592107284,0
phishtank,1,0.07753035860100245,0
tranco_benign_proxy,0,0.10070327237785016,0
phishtank,1,0.97723908069952,1
phishtank,1,0.613584607551035,0
phishtank,1,0.8654761324512438,1
tranco_benign_proxy,0,0.9996811746590604,1
tranco_benign_proxy,0,0.9812441884268746,1
tranco_benign_proxy,0,0.13449005429190178,0
tranco_benign_proxy,0,0.2843846558315437,0
phishtank,1,0.9997666378868356,1
tranco_benign_proxy,0,0.08027496573047715,0
phishtank,1,0.9819719211225407,1
tranco_benign_proxy,0,0.3016117275585322,0
tranco_benign_proxy,0,0.2381892798661709,0
tranco_benign_proxy,0,0.864935502737748,1
tranco_benign_proxy,0,0.48218954288097027,0
tranco_benign_proxy,0,0.9590538662330937,1
phishtank,1,0.9999250332486912,1
tranco_benign_proxy,0,0.34026426639764423,0
phishtank,1,0.9735939037593112,1
phishtank,1,0.980506743554317,1
tranco_benign_proxy,0,0.9116086037180933,1
phishtank,1,0.9877045568103984,1
phishtank,1,0.9906258777757729,1
tranco_benign_proxy,0,0.2684028597703643,0
phishtank,1,0.9997021719633093,1
phishtank,1,0.8427524781944611,1
phishtank,1,0.6223898804882457,0
tranco_benign_proxy,0,0.6608815101630432,0
tranco_benign_proxy,0,0.8267525553657579,1
tranco_benign_proxy,0,0.7109880248347635,0
phishtank,1,0.8823559001694243,1
tranco_benign_proxy,0,0.0065490519659799525,0
tranco_benign_proxy,0,0.18067433916635725,0
phishtank,1,0.6557186074892251,0
phishtank,1,0.8921156420728232,1
phishtank,1,0.9831772902867852,1
phishtank,1,0.9812708718388374,1
tranco_benign_proxy,0,0.9237257589633868,1
phishtank,1,0.9991809559233465,1
phishtank,1,0.9969926268390319,1
phishtank,1,0.9999733194414064,1
tranco_benign_proxy,0,0.12671191560128858,0
phishtank,1,0.9954825877062043,1
tranco_benign_proxy,0,0.1190369308778666,0
tranco_benign_proxy,0,0.0714893785516653,0
phishtank,1,0.49165532839428777,0
tranco_benign_proxy,0,0.22528416684976751,0
phishtank,1,0.9944223561188968,1
tranco_benign_proxy,0,0.9966624949440771,1
tranco_benign_proxy,0,0.09245668203646952,0
phishtank,1,0.997985203552138,1
phishtank,1,0.9990720625231235,1
tranco_benign_proxy,0,0.0707851181056144,0
phishtank,1,0.9788190029833507,1
tranco_benign_proxy,0,0.20580650386241722,0
tranco_benign_proxy,0,0.6111877446729499,0
phishtank,1,0.961068365223724,1
tranco_benign_proxy,0,0.25714508663164004,0
phishtank,1,0.9974435400876911,1
tranco_benign_proxy,0,0.3412987523430944,0
phishtank,1,0.9946075165301926,1
tranco_benign_proxy,0,0.32681849298297866,0
tranco_benign_proxy,0,0.25717983362587843,0
phishtank,1,0.9998892041666898,1
phishtank,1,0.9968669082691807,1
phishtank,1,0.9977187719661441,1
phishtank,1,0.9931881737846658,1
tranco_benign_proxy,0,0.10536123596361985,0
tranco_benign_proxy,0,0.7497808722036062,0
tranco_benign_proxy,0,0.10358985209510999,0
tranco_benign_proxy,0,0.16419754099867923,0
tranco_benign_proxy,0,0.10191145356212215,0
phishtank,1,0.9763128323015979,1
tranco_benign_proxy,0,0.9141074318945974,1
phishtank,1,0.9924851190755687,1
tranco_benign_proxy,0,0.8426736718030068,1
tranco_benign_proxy,0,0.22146334182297825,0
tranco_benign_proxy,0,0.007154654006167214,0
tranco_benign_proxy,0,0.13260552854220298,0
tranco_benign_proxy,0,0.14003094775819305,0
tranco_benign_proxy,0,0.9990311790027729,1
phishtank,1,0.9999446770853323,1
tranco_benign_proxy,0,0.21153479898600208,0
tranco_benign_proxy,0,0.06724339168778656,0
phishtank,1,0.9884441177940496,1
tranco_benign_proxy,0,0.9729791414400965,1
phishtank,1,0.9983781501321382,1
tranco_benign_proxy,0,0.035307602632984096,0
tranco_benign_proxy,0,0.08262151050381736,0
phishtank,1,0.9553648674214766,1
phishtank,1,0.9999206657861274,1
phishtank,1,0.999041067548138,1
tranco_benign_proxy,0,0.7000533939362484,0
phishtank,1,0.21456580776641873,0
phishtank,1,0.9997192006927313,1
tranco_benign_proxy,0,0.10892674224080053,0
tranco_benign_proxy,0,0.011345064536336606,0
phishtank,1,0.6743978895728673,0
phishtank,1,0.9767397074846403,1
phishtank,1,0.984997871652273,1
tranco_benign_proxy,0,0.07539534125541565,0
phishtank,1,0.9952665568059758,1
tranco_benign_proxy,0,0.9042567583120537,1
tranco_benign_proxy,0,0.07033773577827558,0
phishtank,1,0.9948652452574297,1
tranco_benign_proxy,0,0.10414992153719305,0
phishtank,1,0.7740037981267279,1
phishtank,1,0.9982333427684873,1
phishtank,1,0.9992122386354649,1
phishtank,1,0.13207682052388428,0
phishtank,1,0.9982017697893557,1
phishtank,1,0.9987510102939063,1
phishtank,1,0.961282924828726,1
tranco_benign_proxy,0,0.7284979002167224,0
tranco_benign_proxy,0,0.16073332940883633,0
tranco_benign_proxy,0,0.06397059811634993,0
tranco_benign_proxy,0,0.3426271684423164,0
tranco_benign_proxy,0,0.17771382688980672,0
phishtank,1,0.9688565847612012,1
phishtank,1,0.9981095436529513,1
tranco_benign_proxy,0,0.4093093342421583,0
tranco_benign_proxy,0,0.05317839263662858,0
phishtank,1,0.9978226033157824,1
tranco_benign_proxy,0,0.21859469119588434,0
phishtank,1,0.9995716506564813,1
phishtank,1,0.9955914455994535,1
tranco_benign_proxy,0,0.07104953489349147,0
tranco_benign_proxy,0,0.22366895891774136,0
tranco_benign_proxy,0,0.18208530788024815,0
phishtank,1,0.8237225061651201,1
phishtank,1,0.9997672143206549,1
phishtank,1,0.9608899491233157,1
phishtank,1,0.9938880541463212,1
tranco_benign_proxy,0,0.14108256795050197,0
tranco_benign_proxy,0,0.7586589630897234,0
phishtank,1,0.17389803340255852,0
tranco_benign_proxy,0,0.23592571875358598,0
tranco_benign_proxy,0,0.1307097575433221,0
phishtank,1,0.9493252398494595,1
phishtank,1,0.03620951486111998,0
tranco_benign_proxy,0,0.712570034728049,0
tranco_benign_proxy,0,0.45947241564014424,0
tranco_benign_proxy,0,0.6428643471190402,0
tranco_benign_proxy,0,0.13831320147495474,0
tranco_benign_proxy,0,0.19881455734661752,0
phishtank,1,0.9261743554262001,1
tranco_benign_proxy,0,0.39295485297599686,0
tranco_benign_proxy,0,0.942982058109354,1
tranco_benign_proxy,0,0.3616338522813093,0
tranco_benign_proxy,0,0.9857892463643374,1
phishtank,1,0.9765819487282921,1
tranco_benign_proxy,0,0.6651998130310638,0
tranco_benign_proxy,0,0.828209084116097,1
tranco_benign_proxy,0,0.4681724891690351,0
tranco_benign_proxy,0,0.0250426343639971,0
phishtank,1,0.9970964189079292,1
tranco_benign_proxy,0,0.08480591720304378,0
tranco_benign_proxy,0,0.9504972464593909,1
phishtank,1,0.8595301008913033,1
tranco_benign_proxy,0,0.09904573237856808,0
tranco_benign_proxy,0,0.6080758491856274,0
phishtank,1,0.9998699018967709,1
phishtank,1,0.9899067549984004,1
tranco_benign_proxy,0,0.10728734384716183,0
tranco_benign_proxy,0,0.26697447211466047,0
tranco_benign_proxy,0,0.4469643872663802,0
tranco_benign_proxy,0,0.39499556975024297,0
tranco_benign_proxy,0,0.8876796842972055,1
tranco_benign_proxy,0,0.1621947861723398,0
tranco_benign_proxy,0,0.00437358323328773,0
tranco_benign_proxy,0,0.16921114879275329,0
tranco_benign_proxy,0,0.19463543332315406,0
tranco_benign_proxy,0,0.06740179440248065,0
phishtank,1,0.9779661957630394,1
phishtank,1,0.9876884877586309,1
phishtank,1,0.10881349345194298,0
tranco_benign_proxy,0,0.5371324265597958,0
tranco_benign_proxy,0,0.5619430234902653,0
phishtank,1,0.9933731934471887,1
phishtank,1,0.9982167113078987,1
phishtank,1,0.9988196778938494,1
phishtank,1,0.8426659630190206,1
tranco_benign_proxy,0,0.6995109281875254,0
tranco_benign_proxy,0,0.07042148578306814,0
phishtank,1,0.996459942971965,1
tranco_benign_proxy,0,0.0282104516232162,0
phishtank,1,0.9999816954142116,1
phishtank,1,0.4310126553058175,0
phishtank,1,0.9901473250726821,1
tranco_benign_proxy,0,0.9902620407199549,1
phishtank,1,0.9751645105890768,1
phishtank,1,0.9999457330669784,1
phishtank,1,0.9406649290513822,1
phishtank,1,0.30823104278826796,0
tranco_benign_proxy,0,0.5387860447779611,0
phishtank,1,0.9999589142337383,1
tranco_benign_proxy,0,0.11618215637224567,0
tranco_benign_proxy,0,0.21451340631192964,0
phishtank,1,0.99887955267955,1
phishtank,1,0.645220991088485,0
phishtank,1,0.9977957371675221,1
phishtank,1,0.9645787792785806,1
tranco_benign_proxy,0,0.21438397025594955,0
tranco_benign_proxy,0,0.8781077938194423,1
tranco_benign_proxy,0,0.09115090065629886,0
phishtank,1,0.9912545730001245,1
phishtank,1,0.9987107207539884,1
phishtank,1,0.9985385146223164,1
phishtank,1,0.7438521802078032,0
tranco_benign_proxy,0,0.6254062310555362,0
tranco_benign_proxy,0,0.2556485091577735,0
tranco_benign_proxy,0,0.34853029378891465,0
tranco_benign_proxy,0,0.518639112767755,0
tranco_benign_proxy,0,0.9631577289585821,1
phishtank,1,0.9958423846764184,1
tranco_benign_proxy,0,0.13487772271991066,0
tranco_benign_proxy,0,0.9817951040615679,1
phishtank,1,0.9432485105435316,1
phishtank,1,0.9712805596010523,1
tranco_benign_proxy,0,0.5136012933493395,0
phishtank,1,0.9747034206807642,1
tranco_benign_proxy,0,0.07909328313723858,0
phishtank,1,0.9976257824556056,1
tranco_benign_proxy,0,0.12043015313141256,0
tranco_benign_proxy,0,0.1539058161238524,0
tranco_benign_proxy,0,0.02199480639485187,0
tranco_benign_proxy,0,0.13015232661258935,0
phishtank,1,0.7902768755091768,1
phishtank,1,0.9479918072873443,1
phishtank,1,0.9973343682127963,1
tranco_benign_proxy,0,0.05256697995437082,0
tranco_benign_proxy,0,0.8937067244011682,1
tranco_benign_proxy,0,0.14804265860764346,0
phishtank,1,0.06328244010578638,0
phishtank,1,0.9995167400425521,1
tranco_benign_proxy,0,0.3862028476651249,0
phishtank,1,0.7201523982140393,0
phishtank,1,0.9894058360742115,1
tranco_benign_proxy,0,0.6318356981022902,0
tranco_benign_proxy,0,0.42293193415013136,0
tranco_benign_proxy,0,0.5605216543973767,0
tranco_benign_proxy,0,0.1859468361833122,0
phishtank,1,0.9689788715135977,1
tranco_benign_proxy,0,0.31080958925273744,0
tranco_benign_proxy,0,0.5374896581433566,0
phishtank,1,0.8744266604315573,1
phishtank,1,0.7158140685624882,0
phishtank,1,0.9968034233393056,1
phishtank,1,0.6093774442801709,0
tranco_benign_proxy,0,0.13724285847851253,0
phishtank,1,0.9849343757011395,1
tranco_benign_proxy,0,0.15194270495977857,0
tranco_benign_proxy,0,0.2918547666569567,0
phishtank,1,0.9934249874222743,1
tranco_benign_proxy,0,0.1139398074248995,0
tranco_benign_proxy,0,0.901120216317157,1
phishtank,1,0.9941644012404234,1
phishtank,1,0.7711957088295521,1
phishtank,1,0.7388032232283197,0
phishtank,1,0.9966278400853696,1
phishtank,1,0.9997695311039391,1
phishtank,1,0.9987496751169703,1
tranco_benign_proxy,0,0.1332172134044002,0
phishtank,1,0.8871485584934,1
tranco_benign_proxy,0,0.14886894629422562,0
tranco_benign_proxy,0,0.5082761501308797,0
phishtank,1,0.1054684741623835,0
tranco_benign_proxy,0,0.08406652678088042,0
phishtank,1,0.9852794303784271,1
tranco_benign_proxy,0,0.9651673507593004,1
phishtank,1,0.9026526828614642,1
phishtank,1,0.9991091959701395,1
tranco_benign_proxy,0,0.9422218601718035,1
phishtank,1,0.9695368819854325,1
tranco_benign_proxy,0,0.9641274197289414,1
tranco_benign_proxy,0,0.19430976183794682,0
phishtank,1,0.43546188390459195,0
phishtank,1,0.2877060598904835,0
phishtank,1,0.7331965234817918,0
tranco_benign_proxy,0,0.383465018520152,0
tranco_benign_proxy,0,0.027019670082852547,0
tranco_benign_proxy,0,0.11443102475996622,0
tranco_benign_proxy,0,0.11956950634156845,0
phishtank,1,0.99994695324138,1
phishtank,1,0.999408905045775,1
phishtank,1,0.9953337780720611,1
phishtank,1,0.9981444427957123,1
tranco_benign_proxy,0,0.08261319367868027,0
tranco_benign_proxy,0,0.07189616637860542,0
tranco_benign_proxy,0,0.06595287357542243,0
tranco_benign_proxy,0,0.7350830272408417,0
phishtank,1,0.9998817295506441,1
tranco_benign_proxy,0,0.03899733014004982,0
phishtank,1,0.9984636990943204,1
phishtank,1,0.9984602140527742,1
tranco_benign_proxy,0,0.13083281861068322,0
phishtank,1,0.9458425430903682,1
phishtank,1,0.4443945545489497,0
phishtank,1,0.9784876685952384,1
tranco_benign_proxy,0,0.2679730405728013,0
tranco_benign_proxy,0,0.6466726473010186,0
phishtank,1,0.9171869722695173,1
tranco_benign_proxy,0,0.05034000097724533,0
tranco_benign_proxy,0,0.5981115992391791,0
phishtank,1,0.9708725624485044,1
tranco_benign_proxy,0,0.8470090329505362,1
tranco_benign_proxy,0,0.598973464200614,0
phishtank,1,0.9510341341762164,1
tranco_benign_proxy,0,0.9784266502432073,1
tranco_benign_proxy,0,0.07964059227052074,0
phishtank,1,0.13325591984060922,0
phishtank,1,0.3588733969228851,0
phishtank,1,0.5069679807771004,0
phishtank,1,0.9961529367692572,1
tranco_benign_proxy,0,0.045825111512718515,0
tranco_benign_proxy,0,0.1716740960854115,0
phishtank,1,0.9654316857262388,1
tranco_benign_proxy,0,0.0801161191406567,0
phishtank,1,0.9270172215587177,1
phishtank,1,0.99969611801317,1
tranco_benign_proxy,0,0.7913769224844077,1
tranco_benign_proxy,0,0.988168430079833,1
tranco_benign_proxy,0,0.3569016932521514,0
phishtank,1,0.9865237073325666,1
tranco_benign_proxy,0,0.00046236262022760876,0
tranco_benign_proxy,0,0.03919830696394814,0
tranco_benign_proxy,0,0.9624101138388803,1
tranco_benign_proxy,0,0.375924373198355,0
tranco_benign_proxy,0,0.47490502266710755,0
tranco_benign_proxy,0,0.24282791712098994,0
phishtank,1,0.9597456678908393,1
tranco_benign_proxy,0,0.9442905928953583,1
tranco_benign_proxy,0,0.1424802038513455,0
tranco_benign_proxy,0,0.16952040252150444,0
phishtank,1,0.9985099508776636,1
phishtank,1,0.9829596336639617,1
phishtank,1,0.999995207249897,1
tranco_benign_proxy,0,0.9959188552931022,1
tranco_benign_proxy,0,0.9412996894549425,1
phishtank,1,0.9558223731034666,1
phishtank,1,0.9979334713728445,1
phishtank,1,0.9915917402419779,1
phishtank,1,0.9938849170216812,1
phishtank,1,0.9819134455224411,1
phishtank,1,0.9510783783282729,1
phishtank,1,0.7098092310405172,0
tranco_benign_proxy,0,0.09300749147445168,0
tranco_benign_proxy,0,0.4060548513131421,0
phishtank,1,0.9937958952743763,1
tranco_benign_proxy,0,0.025832827681371757,0
tranco_benign_proxy,0,0.9819087804221608,1
tranco_benign_proxy,0,0.19620259598769765,0
tranco_benign_proxy,0,0.2820534503595947,0
phishtank,1,0.9974413389841976,1
phishtank,1,0.9990684459918369,1
tranco_benign_proxy,0,0.9387981196820031,1
tranco_benign_proxy,0,0.3349867406278745,0
phishtank,1,0.9999472219557708,1
phishtank,1,0.9975596695308331,1
phishtank,1,0.9994493835325778,1
tranco_benign_proxy,0,0.8693958861209389,1
tranco_benign_proxy,0,0.0757550142061429,0
tranco_benign_proxy,0,0.12149894231785353,0
tranco_benign_proxy,0,0.8049199673181872,1
phishtank,1,0.8684178039019944,1
phishtank,1,0.9936607974049917,1
phishtank,1,0.8349533660866852,1
phishtank,1,0.9052208431444934,1
phishtank,1,0.9664519329853356,1
phishtank,1,0.9957497461302512,1
tranco_benign_proxy,0,0.9567154448973245,1
tranco_benign_proxy,0,0.1451816003990547,0
phishtank,1,0.9998872378125404,1
phishtank,1,0.9976024976092929,1
tranco_benign_proxy,0,0.9398568838231062,1
tranco_benign_proxy,0,0.08104824888514654,0
tranco_benign_proxy,0,0.15176214635871593,0
phishtank,1,0.9933531877918035,1
tranco_benign_proxy,0,0.9360363666141279,1
tranco_benign_proxy,0,0.8804795806966441,1
phishtank,1,0.997668087493775,1
tranco_benign_proxy,0,0.1750154086913899,0
phishtank,1,0.5187791454089926,0
tranco_benign_proxy,0,0.07466471724127247,0
tranco_benign_proxy,0,0.01647238626150813,0
tranco_benign_proxy,0,0.5192339045337032,0
tranco_benign_proxy,0,0.06406389523624395,0
tranco_benign_proxy,0,0.05133178640018402,0
tranco_benign_proxy,0,0.05222940423934348,0
phishtank,1,0.9999913243863106,1
tranco_benign_proxy,0,0.4957099273660672,0
phishtank,1,0.9966193331436183,1
phishtank,1,0.9154932615125929,1
phishtank,1,0.9870210438732938,1
tranco_benign_proxy,0,0.07393366234038105,0
tranco_benign_proxy,0,0.1868508706716664,0
tranco_benign_proxy,0,0.0009584846528469861,0
phishtank,1,0.9937993923742939,1
tranco_benign_proxy,0,0.16389952596689072,0
phishtank,1,0.9632860565541832,1
phishtank,1,0.9986330265907831,1
tranco_benign_proxy,0,0.45116786450089624,0
tranco_benign_proxy,0,0.14343643102070763,0
phishtank,1,0.9964180008199767,1
phishtank,1,0.837955137702041,1
phishtank,1,0.9997279845639678,1
phishtank,1,0.9998391521827338,1
tranco_benign_proxy,0,0.39576566205011676,0
tranco_benign_proxy,0,0.7639200219595369,0
tranco_benign_proxy,0,0.21562440729018956,0
phishtank,1,0.9833170755179779,1
phishtank,1,0.9719479412373,1
tranco_benign_proxy,0,0.9273030212291093,1
phishtank,1,0.999968302178721,1
tranco_benign_proxy,0,0.10739526706117561,0
tranco_benign_proxy,0,0.12805595975308898,0
phishtank,1,0.9709896288305866,1
tranco_benign_proxy,0,0.9844878017286787,1
phishtank,1,0.09843283730794412,0
phishtank,1,0.21241669641097452,0
phishtank,1,0.9114260340222106,1
tranco_benign_proxy,0,0.12224847654412899,0
tranco_benign_proxy,0,0.8096549790557305,1
phishtank,1,0.3227963393381499,0
tranco_benign_proxy,0,0.11879684187648418,0
phishtank,1,0.9886882262164259,1
tranco_benign_proxy,0,0.7146891989140939,0
tranco_benign_proxy,0,0.1821928707415401,0
tranco_benign_proxy,0,0.056946861820374464,0
tranco_benign_proxy,0,0.041653583260377304,0
phishtank,1,0.997697444386777,1
phishtank,1,0.8171818068739698,1
tranco_benign_proxy,0,0.9478110308820566,1
phishtank,1,0.9531647515394237,1
tranco_benign_proxy,0,0.8431692076571935,1
phishtank,1,0.999908255818789,1
tranco_benign_proxy,0,0.9348052988377848,1
tranco_benign_proxy,0,0.11668155774372435,0
phishtank,1,0.9719741562276472,1
phishtank,1,0.9929471336508056,1
tranco_benign_proxy,0,0.1961177518715181,0
tranco_benign_proxy,0,0.30803335794385284,0
tranco_benign_proxy,0,0.4160315503049015,0
phishtank,1,0.758300582834231,0
phishtank,1,0.9992950996013923,1
phishtank,1,0.999995770259644,1
phishtank,1,0.17364543717055317,0
phishtank,1,0.9319286963704849,1
phishtank,1,0.9947097253573071,1
tranco_benign_proxy,0,0.2886737395442451,0
phishtank,1,0.9872619205217574,1
phishtank,1,0.997211015381456,1
tranco_benign_proxy,0,0.5447326094815942,0
phishtank,1,0.9353113926804154,1
tranco_benign_proxy,0,0.2580188243210282,0
tranco_benign_proxy,0,0.9158214072673003,1
tranco_benign_proxy,0,0.08642364986986684,0
phishtank,1,0.9504874985979674,1
tranco_benign_proxy,0,0.20347639706581477,0
phishtank,1,0.933572736426716,1
phishtank,1,0.991450538095542,1
tranco_benign_proxy,0,0.07746385955512582,0
phishtank,1,0.9900443273932619,1
phishtank,1,0.07558334886098537,0
tranco_benign_proxy,0,0.497390658663013,0
tranco_benign_proxy,0,0.5894130328236712,0
tranco_benign_proxy,0,0.35254827557664004,0
tranco_benign_proxy,0,0.035102893098365055,0
phishtank,1,0.9917616807557953,1
phishtank,1,0.9814231666274901,1
tranco_benign_proxy,0,0.35151551154333877,0
tranco_benign_proxy,0,0.0203082921970731,0
tranco_benign_proxy,0,0.314628595666623,0
tranco_benign_proxy,0,0.2848432642134536,0
tranco_benign_proxy,0,0.19563950076074835,0
tranco_benign_proxy,0,0.991589871020074,1
tranco_benign_proxy,0,0.9130089997924701,1
phishtank,1,0.740021047752945,0
phishtank,1,0.36736964908139896,0
phishtank,1,0.9948801100403528,1
tranco_benign_proxy,0,0.3544986867550504,0
phishtank,1,0.9930427526138164,1
phishtank,1,0.9985190648604871,1
phishtank,1,0.9231465836596743,1
tranco_benign_proxy,0,0.35753805249400944,0
tranco_benign_proxy,0,0.03626452509201241,0
tranco_benign_proxy,0,0.6365913442870916,0
tranco_benign_proxy,0,0.2873666362525865,0
tranco_benign_proxy,0,0.060882725454731584,0
tranco_benign_proxy,0,0.5034249941280715,0
phishtank,1,0.9978395831542672,1
tranco_benign_proxy,0,0.39135314239450397,0
phishtank,1,0.9932288020098472,1
phishtank,1,0.9988240524109767,1
phishtank,1,0.9955480555935122,1
phishtank,1,0.9708608376422098,1
tranco_benign_proxy,0,0.10629334924652799,0
tranco_benign_proxy,0,0.9910573033648788,1
tranco_benign_proxy,0,0.04261606400512725,0
phishtank,1,0.9966837726245089,1
phishtank,1,0.9994544742449809,1
phishtank,1,0.9861048504597921,1
tranco_benign_proxy,0,0.2824133101803879,0
phishtank,1,0.5647599616546414,0
phishtank,1,0.9997768245240884,1
phishtank,1,0.3870786367688493,0
phishtank,1,0.988184685532671,1
tranco_benign_proxy,0,0.17498035107143578,0
tranco_benign_proxy,0,0.3983068085542185,0
tranco_benign_proxy,0,0.24176682911028094,0
tranco_benign_proxy,0,0.43173078259881836,0
tranco_benign_proxy,0,0.8172874133329701,1
tranco_benign_proxy,0,0.9405841248453242,1
phishtank,1,0.9893943357342041,1
tranco_benign_proxy,0,0.020634073864154983,0
phishtank,1,0.9957346026618801,1
tranco_benign_proxy,0,0.23193768090101244,0
phishtank,1,0.9884489226781081,1
phishtank,1,0.9687791889717354,1
phishtank,1,0.8628829022756881,1
tranco_benign_proxy,0,0.22230636421646832,0
phishtank,1,0.9873918455695249,1
phishtank,1,0.9660672373886698,1
phishtank,1,0.9874174566154026,1
phishtank,1,0.9982497880442543,1
phishtank,1,0.9917812858777514,1
phishtank,1,0.8033825630762671,1
phishtank,1,0.9999706821484918,1
tranco_benign_proxy,0,0.3821844961134145,0
tranco_benign_proxy,0,0.26568178832293204,0
phishtank,1,0.9989125693984275,1
phishtank,1,0.9996634345886009,1
phishtank,1,0.9886783522919753,1
tranco_benign_proxy,0,0.16991984784285288,0
tranco_benign_proxy,0,0.9699299341586839,1
phishtank,1,0.6326614005560585,0
phishtank,1,0.1827065832271638,0
tranco_benign_proxy,0,0.38902953340678864,0
tranco_benign_proxy,0,0.9008039339014724,1
phishtank,1,0.9992441342558325,1
phishtank,1,0.8392963443546598,1
phishtank,1,0.24330558850035353,0
phishtank,1,0.7550533224624679,0
phishtank,1,0.9958512906105942,1
tranco_benign_proxy,0,0.2303411497785965,0
tranco_benign_proxy,0,0.17077878611846167,0
phishtank,1,0.5038703185745381,0
tranco_benign_proxy,0,0.13305231721526345,0
phishtank,1,0.1553252103605317,0
tranco_benign_proxy,0,0.3242062931180481,0
phishtank,1,0.9738362669527368,1
phishtank,1,0.06318674485574781,0
tranco_benign_proxy,0,0.16938934000672895,0
phishtank,1,0.9999904265927061,1
phishtank,1,0.9869241724374305,1
phishtank,1,0.9836302210751482,1
tranco_benign_proxy,0,0.30415597494775104,0
tranco_benign_proxy,0,0.6396189650220172,0
tranco_benign_proxy,0,0.3078139652146844,0
phishtank,1,0.9999222002025907,1
tranco_benign_proxy,0,0.16056901761632272,0
tranco_benign_proxy,0,0.004834290509885729,0
phishtank,1,0.999375866189923,1
phishtank,1,0.882036570668187,1
tranco_benign_proxy,0,0.2522874579661669,0
phishtank,1,0.9983343458412335,1
tranco_benign_proxy,0,0.2710015936313122,0
phishtank,1,0.8913224288487623,1
phishtank,1,0.9994153013283865,1
tranco_benign_proxy,0,0.05365242405389337,0
phishtank,1,0.7496915121647788,0
tranco_benign_proxy,0,0.10599310475642126,0
tranco_benign_proxy,0,0.15286150432236692,0
tranco_benign_proxy,0,0.022760981318891916,0
phishtank,1,0.9960647183600954,1
tranco_benign_proxy,0,0.09847367778750729,0
tranco_benign_proxy,0,0.13526185200366977,0
tranco_benign_proxy,0,0.11317324538548572,0
phishtank,1,0.9999473000951626,1
phishtank,1,0.8851114379113959,1
phishtank,1,0.9996213675346822,1
phishtank,1,0.9991952241582364,1
phishtank,1,0.8344894465255609,1
phishtank,1,0.9071744010513575,1
tranco_benign_proxy,0,0.8258061985781603,1
phishtank,1,0.9974885224889238,1
tranco_benign_proxy,0,0.12966704408677027,0
tranco_benign_proxy,0,0.16672279105961896,0
tranco_benign_proxy,0,0.5912084803401438,0
phishtank,1,0.9973614155401068,1
phishtank,1,0.9281349185900589,1
tranco_benign_proxy,0,0.258965826872756,0
tranco_benign_proxy,0,0.1345676761180189,0
tranco_benign_proxy,0,0.46147661897143755,0
phishtank,1,0.9988304476720746,1
tranco_benign_proxy,0,0.11919716705778005,0
tranco_benign_proxy,0,0.2402144275957042,0
tranco_benign_proxy,0,0.7853180047106245,1
phishtank,1,0.8699600123624397,1
phishtank,1,0.9999308142453086,1
tranco_benign_proxy,0,0.773005412666559,1
tranco_benign_proxy,0,0.005434229943784652,0
phishtank,1,0.9926288683610355,1
phishtank,1,0.9989524062612303,1
phishtank,1,0.9800075771199593,1
phishtank,1,0.9905881305639499,1
tranco_benign_proxy,0,0.6736298596295007,0
tranco_benign_proxy,0,0.2752267148368898,0
phishtank,1,0.999537417337276,1
tranco_benign_proxy,0,0.41037762780395604,0
tranco_benign_proxy,0,0.45957163081361757,0
phishtank,1,0.9948600238036414,1
phishtank,1,0.9993422160890283,1
tranco_benign_proxy,0,0.035062471949180406,0
tranco_benign_proxy,0,0.14057996639300352,0
phishtank,1,0.9909777930397518,1
tranco_benign_proxy,0,0.6334102976308416,0
phishtank,1,0.9998972761130157,1
phishtank,1,0.9863091720849613,1
phishtank,1,0.9947440971041769,1
tranco_benign_proxy,0,0.36186692993428127,0
phishtank,1,0.9980064277074888,1
tranco_benign_proxy,0,0.23335759683265692,0
phishtank,1,0.14686444967544268,0
phishtank,1,0.4353684602933506,0
phishtank,1,0.8432664552511383,1
tranco_benign_proxy,0,0.12123994432761913,0
phishtank,1,0.9998437537720023,1
phishtank,1,0.8458853468174382,1
phishtank,1,0.9917916413236347,1
phishtank,1,0.9857158499968549,1
phishtank,1,0.9944278814957156,1
phishtank,1,0.8315536751915358,1
tranco_benign_proxy,0,0.9522056522584518,1
phishtank,1,0.9974141774958012,1
tranco_benign_proxy,0,0.4284594099729571,0
tranco_benign_proxy,0,0.8891918211613934,1
phishtank,1,0.9993799115389577,1
tranco_benign_proxy,0,0.16400731995595583,0
tranco_benign_proxy,0,0.7553430318987229,0
tranco_benign_proxy,0,0.09645283634859474,0
tranco_benign_proxy,0,0.9569082181876437,1
phishtank,1,0.9999909405841333,1
tranco_benign_proxy,0,0.25562559236045607,0
tranco_benign_proxy,0,0.06965757422879111,0
phishtank,1,0.9987753298904687,1
tranco_benign_proxy,0,0.31073408874975633,0
tranco_benign_proxy,0,0.23977139720210863,0
tranco_benign_proxy,0,0.8330812257925072,1
tranco_benign_proxy,0,0.49298810977415913,0
phishtank,1,0.9893159573129843,1
phishtank,1,0.9645724043718514,1
tranco_benign_proxy,0,0.15888994346062552,0
tranco_benign_proxy,0,0.6482796579047982,0
tranco_benign_proxy,0,0.4501341892335388,0
phishtank,1,0.9977087285513412,1
tranco_benign_proxy,0,0.49256278159472,0
tranco_benign_proxy,0,0.06910107561719889,0
tranco_benign_proxy,0,0.8049782947106766,1
tranco_benign_proxy,0,0.25668896563323035,0
phishtank,1,0.9997668620137112,1
tranco_benign_proxy,0,0.016022730589146536,0
tranco_benign_proxy,0,0.9768804057514794,1
phishtank,1,0.9246853059858228,1
tranco_benign_proxy,0,0.5048024668336603,0
tranco_benign_proxy,0,0.1394837700395878,0
tranco_benign_proxy,0,0.9364600221267824,1
phishtank,1,0.05356519188590691,0
phishtank,1,0.9587256423413597,1
phishtank,1,0.9131356918585147,1
tranco_benign_proxy,0,0.024347363506287387,0
tranco_benign_proxy,0,0.2152920409227468,0
phishtank,1,0.9978591918124273,1
phishtank,1,0.9464177977780384,1
tranco_benign_proxy,0,0.24340452275500538,0
phishtank,1,0.9921995319500412,1
tranco_benign_proxy,0,0.9381597425067415,1
phishtank,1,0.9998545373196066,1
phishtank,1,0.9998971293472019,1
tranco_benign_proxy,0,0.5582729103352553,0
tranco_benign_proxy,0,0.9665369318025993,1
phishtank,1,0.48750579177073716,0
tranco_benign_proxy,0,0.3132793892575427,0
tranco_benign_proxy,0,0.09172047786682971,0
phishtank,1,0.9662704123740592,1
tranco_benign_proxy,0,0.014080201767354132,0
phishtank,1,0.9995360730101381,1
tranco_benign_proxy,0,0.5635099524819278,0
phishtank,1,0.9994807380587194,1
tranco_benign_proxy,0,0.3340613676558497,0
tranco_benign_proxy,0,0.2480929831524478,0
tranco_benign_proxy,0,0.019368545548500333,0
phishtank,1,0.9999869154777342,1
tranco_benign_proxy,0,0.7565419932442383,0
tranco_benign_proxy,0,0.10401465365094319,0
tranco_benign_proxy,0,0.6808448969748346,0
phishtank,1,0.9988971770215949,1
phishtank,1,0.9969324393305888,1
phishtank,1,0.9827471689874181,1
phishtank,1,0.8033899921800567,1
tranco_benign_proxy,0,0.4285800740975643,0
phishtank,1,0.9998276056428557,1
tranco_benign_proxy,0,0.016031745681503527,0
phishtank,1,0.996752749370961,1
tranco_benign_proxy,0,0.30843771654562396,0
phishtank,1,0.9997017750880451,1
tranco_benign_proxy,0,0.7177624960169586,0
phishtank,1,0.9798422291227872,1
phishtank,1,0.995272618925909,1
tranco_benign_proxy,0,0.08900606667019038,0
phishtank,1,0.9926123485299179,1
phishtank,1,0.9988849938355208,1
tranco_benign_proxy,0,0.13660791761279217,0
tranco_benign_proxy,0,0.981387250874662,1
tranco_benign_proxy,0,0.6295721259044919,0
phishtank,1,0.9982795531774082,1
tranco_benign_proxy,0,0.7381084961179558,0
tranco_benign_proxy,0,0.684696692905326,0
tranco_benign_proxy,0,0.308738891447013,0
tranco_benign_proxy,0,0.11336459378086695,0
phishtank,1,0.9675769684961578,1
phishtank,1,0.15483875306270695,0
tranco_benign_proxy,0,0.15117312425253182,0
phishtank,1,0.996772834860919,1
tranco_benign_proxy,0,0.3037964683350677,0
tranco_benign_proxy,0,0.2914456789743444,0
phishtank,1,0.999405155947406,1
phishtank,1,0.998562238758536,1
phishtank,1,0.905479864207153,1
tranco_benign_proxy,0,0.9947174977050337,1
tranco_benign_proxy,0,0.027095041847521536,0
tranco_benign_proxy,0,0.9676457366482134,1
phishtank,1,0.9997908376938122,1
tranco_benign_proxy,0,0.42865649439307013,0
tranco_benign_proxy,0,0.8341017025514155,1
phishtank,1,0.9998829136351842,1
tranco_benign_proxy,0,0.6799786626448161,0
tranco_benign_proxy,0,0.4520805597615843,0
tranco_benign_proxy,0,0.13534906893357174,0
tranco_benign_proxy,0,0.5037745862814706,0
phishtank,1,0.8404044971475244,1
phishtank,1,0.962532358363687,1
tranco_benign_proxy,0,0.2521953807807163,0
phishtank,1,0.0663680744123712,0
tranco_benign_proxy,0,0.8144562661934633,1
phishtank,1,0.9682416257963986,1
phishtank,1,0.7603637634421447,0
tranco_benign_proxy,0,0.16815178168191913,0
phishtank,1,0.9074739391298134,1
phishtank,1,0.9614039715353938,1
phishtank,1,0.05750829219416435,0
tranco_benign_proxy,0,0.04266762438637462,0
tranco_benign_proxy,0,0.11376875179621901,0
tranco_benign_proxy,0,0.9600155901502515,1
tranco_benign_proxy,0,0.9437868359683856,1
tranco_benign_proxy,0,0.19382534100201296,0
tranco_benign_proxy,0,0.27158989632354075,0
phishtank,1,0.9997272114988587,1
phishtank,1,0.909393830995312,1
tranco_benign_proxy,0,0.35432305378355206,0
phishtank,1,0.9968665676192895,1
tranco_benign_proxy,0,0.3119438108531689,0
tranco_benign_proxy,0,0.08563949542642023,0
phishtank,1,0.9998866647168841,1
phishtank,1,0.9977220012373249,1
phishtank,1,0.9977855424691681,1
tranco_benign_proxy,0,0.749698037420229,0
phishtank,1,0.9814597974353922,1
phishtank,1,0.9984031878844495,1
tranco_benign_proxy,0,0.3961371147319215,0
phishtank,1,0.9153579726298745,1
phishtank,1,0.9198251726025958,1
tranco_benign_proxy,0,0.0922596954155529,0
tranco_benign_proxy,0,0.3320201381534157,0
tranco_benign_proxy,0,0.5628160759390011,0
phishtank,1,0.9832276411464973,1
phishtank,1,0.9996089305201388,1
phishtank,1,0.9924568359941185,1
tranco_benign_proxy,0,0.12410187699157571,0
phishtank,1,0.9500945676276942,1
tranco_benign_proxy,0,0.833035628769641,1
tranco_benign_proxy,0,0.24121795987997427,0
tranco_benign_proxy,0,0.8931336873256851,1
phishtank,1,0.9946581821667184,1
tranco_benign_proxy,0,0.5044376460973078,0
tranco_benign_proxy,0,0.812122881217015,1
tranco_benign_proxy,0,0.2065536193231887,0
tranco_benign_proxy,0,0.11249718459907454,0
tranco_benign_proxy,0,0.06309744430261735,0
phishtank,1,0.9986348507142525,1
phishtank,1,0.9950118134488561,1
tranco_benign_proxy,0,0.9984770413202916,1
phishtank,1,0.8446943419737342,1
phishtank,1,0.9982203866984841,1
phishtank,1,0.8201057312952371,1
phishtank,1,0.9894281620892842,1
tranco_benign_proxy,0,0.4581572129526894,0
tranco_benign_proxy,0,0.9499914742332614,1
phishtank,1,0.8528309098513933,1
phishtank,1,0.9734641642338387,1
tranco_benign_proxy,0,0.06373710625759572,0
tranco_benign_proxy,0,0.1561787762344081,0
tranco_benign_proxy,0,0.49456738159553354,0
phishtank,1,0.9847537284391111,1
phishtank,1,0.9830225474324751,1
phishtank,1,0.8460349721265854,1
tranco_benign_proxy,0,0.3988741040566003,0
phishtank,1,0.9307519675246433,1
tranco_benign_proxy,0,0.9562030352897736,1
tranco_benign_proxy,0,0.8485860384869659,1
phishtank,1,0.9980108278406755,1
tranco_benign_proxy,0,0.009017768432263316,0
phishtank,1,0.9983931448502279,1
phishtank,1,0.9995302516108219,1
phishtank,1,0.9882203273188889,1
phishtank,1,0.9999187026027664,1
tranco_benign_proxy,0,0.8215853080962073,1
tranco_benign_proxy,0,0.32939098904230757,0
tranco_benign_proxy,0,0.27655990025057214,0
tranco_benign_proxy,0,0.9625094039387861,1
phishtank,1,0.9949773640668669,1
phishtank,1,0.5553723362791325,0
phishtank,1,0.9974140283349915,1
phishtank,1,0.9354544223438358,1
tranco_benign_proxy,0,0.6823283850689756,0
phishtank,1,0.9816686919109058,1
tranco_benign_proxy,0,0.22111385381165688,0
tranco_benign_proxy,0,0.06781348338252431,0
phishtank,1,0.8063436674752065,1
tranco_benign_proxy,0,0.7867297637496659,1
phishtank,1,0.9999704921518491,1
phishtank,1,0.9922760312771229,1
phishtank,1,0.9999977566962208,1
phishtank,1,0.6859381420304406,0
phishtank,1,0.6693437494736565,0
tranco_benign_proxy,0,0.8246335439343336,1
phishtank,1,0.985045583180022,1
tranco_benign_proxy,0,0.7014457607546778,0
phishtank,1,0.9955219083369358,1
tranco_benign_proxy,0,0.40152605998098506,0
phishtank,1,0.99813398426245,1
tranco_benign_proxy,0,0.31512741150584855,0
tranco_benign_proxy,0,0.7440705515849526,0
tranco_benign_proxy,0,0.5166505517274269,0
tranco_benign_proxy,0,0.0677111334368956,0
phishtank,1,0.9845744642080778,1
phishtank,1,0.998734123976943,1
tranco_benign_proxy,0,0.034093994874685,0
phishtank,1,0.9986881669958139,1
phishtank,1,0.9999920421500902,1
tranco_benign_proxy,0,0.1307496693973689,0
tranco_benign_proxy,0,0.4855313901152652,0
phishtank,1,0.903561844660017,1
phishtank,1,0.9834136848646031,1
phishtank,1,0.9986272530699384,1
phishtank,1,0.34448104103223665,0
phishtank,1,0.9956274973028871,1
phishtank,1,0.9424900574283303,1
tranco_benign_proxy,0,0.05326649851458786,0
phishtank,1,0.05781180466033964,0
phishtank,1,0.9980189669059736,1
phishtank,1,0.23920195619664522,0
tranco_benign_proxy,0,0.9753766462127209,1
phishtank,1,0.9985904720234801,1
phishtank,1,0.9821352046671291,1
phishtank,1,0.9999447941684242,1
tranco_benign_proxy,0,0.29078412763397954,0
tranco_benign_proxy,0,0.03001893351263738,0
phishtank,1,0.7394381129214457,0
phishtank,1,0.9979799740866903,1
tranco_benign_proxy,0,0.27092564696920174,0
tranco_benign_proxy,0,0.011648159166442835,0
phishtank,1,0.355047342566491,0
phishtank,1,0.9979093520830289,1
phishtank,1,0.6482431254567642,0
phishtank,1,0.9997402112601136,1
tranco_benign_proxy,0,0.23058483710428132,0
tranco_benign_proxy,0,0.3361556536124114,0
phishtank,1,0.9973541823175445,1
tranco_benign_proxy,0,0.3970545078825047,0
tranco_benign_proxy,0,0.027947788070619158,0
phishtank,1,0.8050285622992238,1
phishtank,1,0.999493925349062,1
phishtank,1,0.8988354702743894,1
phishtank,1,0.9962581780126933,1
phishtank,1,0.09198777899149507,0
tranco_benign_proxy,0,0.01773080901621122,0
phishtank,1,0.9911905445887893,1
phishtank,1,0.9896107263328429,1
phishtank,1,0.9272196097882263,1
phishtank,1,0.980055499282945,1
phishtank,1,0.9953760401243894,1
phishtank,1,0.8361157981145498,1
tranco_benign_proxy,0,0.001079018529874373,0
tranco_benign_proxy,0,0.04598349666860996,0
phishtank,1,0.9997519088669787,1
tranco_benign_proxy,0,0.2279844213909791,0
tranco_benign_proxy,0,0.7874708294778939,1
tranco_benign_proxy,0,0.09299289780802229,0
phishtank,1,0.976969702431627,1
tranco_benign_proxy,0,0.15705001379189254,0
phishtank,1,0.8161832164051739,1
phishtank,1,0.9974737321684792,1
tranco_benign_proxy,0,0.8226683550941248,1
phishtank,1,0.9928159308293913,1
tranco_benign_proxy,0,0.8047113847952172,1
phishtank,1,0.9909387675198282,1
phishtank,1,0.9900039368503959,1
phishtank,1,0.9950404976046215,1
phishtank,1,0.3351826549145463,0
tranco_benign_proxy,0,0.1929574425036037,0
phishtank,1,0.4997436115253375,0
tranco_benign_proxy,0,0.9252669349811524,1
tranco_benign_proxy,0,0.30185919412336587,0
tranco_benign_proxy,0,0.7342268505849611,0
tranco_benign_proxy,0,0.1916343452874536,0
tranco_benign_proxy,0,0.8767418101617155,1
tranco_benign_proxy,0,0.6632575013275948,0
phishtank,1,0.9990267438332179,1
phishtank,1,0.9817651870044968,1
tranco_benign_proxy,0,0.3282547356903016,0
tranco_benign_proxy,0,0.005821080692728622,0
tranco_benign_proxy,0,0.5874564934687068,0
tranco_benign_proxy,0,0.025133941074661794,0
tranco_benign_proxy,0,0.06357415810505294,0
tranco_benign_proxy,0,0.9744387641649718,1
tranco_benign_proxy,0,0.19737572606586493,0
tranco_benign_proxy,0,0.4473244426174531,0
phishtank,1,0.988188987752,1
tranco_benign_proxy,0,0.4179780881018521,0
tranco_benign_proxy,0,0.29758653223270365,0
tranco_benign_proxy,0,0.09673234958917942,0
phishtank,1,0.5216576821968233,0
tranco_benign_proxy,0,0.8560532013883653,1
tranco_benign_proxy,0,0.774455770464899,1
phishtank,1,0.9989525864287989,1
tranco_benign_proxy,0,0.121493024603363,0
phishtank,1,0.9912686076368187,1
phishtank,1,0.13313002024567291,0
phishtank,1,0.9872185622728815,1
phishtank,1,0.9999513899321355,1
phishtank,1,0.996800635791523,1
tranco_benign_proxy,0,0.12051365325032087,0
phishtank,1,0.9976715399916396,1
phishtank,1,0.9770722150442277,1
phishtank,1,0.9834248736917739,1
phishtank,1,0.9994507377556914,1
tranco_benign_proxy,0,0.046585194324895295,0
phishtank,1,0.9124668530264223,1
phishtank,1,0.9999689638058424,1
tranco_benign_proxy,0,0.18879453144790995,0
phishtank,1,0.9954492670302186,1
phishtank,1,0.9323500741757569,1
phishtank,1,0.6857146203998692,0
phishtank,1,0.9996250789412962,1
phishtank,1,0.9993020439677364,1
tranco_benign_proxy,0,0.28367927461904613,0
tranco_benign_proxy,0,0.30901311500608786,0
tranco_benign_proxy,0,0.1262101188829164,0
tranco_benign_proxy,0,0.9408833433265685,1
phishtank,1,0.9989463417534244,1
phishtank,1,0.9926376017200612,1
tranco_benign_proxy,0,0.27403421974587117,0
phishtank,1,0.8697024644642946,1
phishtank,1,0.9998802206170807,1
phishtank,1,0.999831884772425,1
tranco_benign_proxy,0,0.8936363025796857,1
phishtank,1,0.9664274139497548,1
tranco_benign_proxy,0,0.16567384980144978,0
phishtank,1,0.8777209907744941,1
phishtank,1,0.8438763676294555,1
phishtank,1,0.9269822192194943,1
phishtank,1,0.9997567311216183,1
phishtank,1,0.9978362260261298,1
tranco_benign_proxy,0,0.3006874381382082,0
phishtank,1,0.20051050320145605,0
phishtank,1,0.9975322999901375,1
tranco_benign_proxy,0,0.9745762709503305,1
phishtank,1,0.9995391249459175,1
tranco_benign_proxy,0,0.9747990577424422,1
phishtank,1,0.9998662484206443,1
tranco_benign_proxy,0,0.4891415096625613,0
tranco_benign_proxy,0,0.4857626745869111,0
phishtank,1,0.9832998333335152,1
tranco_benign_proxy,0,0.5032572193814607,0
tranco_benign_proxy,0,0.26697609594662214,0
phishtank,1,0.9996453543474247,1
tranco_benign_proxy,0,0.10098512461047902,0
phishtank,1,0.8915407290560952,1
tranco_benign_proxy,0,0.38692775572131255,0
tranco_benign_proxy,0,0.1800248513297501,0
tranco_benign_proxy,0,0.8313980435731241,1
phishtank,1,0.8439701562092495,1
phishtank,1,0.9989465520900069,1
tranco_benign_proxy,0,0.8967022899556646,1
phishtank,1,0.11899061454566852,0
tranco_benign_proxy,0,0.42395264804941724,0
tranco_benign_proxy,0,0.038802391904465265,0
phishtank,1,0.9269535641721468,1
tranco_benign_proxy,0,0.002112856661587103,0
phishtank,1,0.9998299765555406,1
phishtank,1,0.9935746918079038,1
tranco_benign_proxy,0,0.24916964839443784,0
tranco_benign_proxy,0,0.24285021554063208,0
phishtank,1,0.9991082559426001,1
tranco_benign_proxy,0,0.42866002167721473,0
tranco_benign_proxy,0,0.00842259356524936,0
tranco_benign_proxy,0,0.32472053571204834,0
tranco_benign_proxy,0,0.2741057278222023,0
tranco_benign_proxy,0,0.05860064321458803,0
phishtank,1,0.10200113702436359,0
phishtank,1,0.11848935730263715,0
tranco_benign_proxy,0,0.8450809636238,1
tranco_benign_proxy,0,0.8167555819730214,1
phishtank,1,0.9349239836930815,1
tranco_benign_proxy,0,0.26553404032345435,0
phishtank,1,0.999708285333983,1
phishtank,1,0.9997308941006522,1
tranco_benign_proxy,0,0.8568758918796985,1
phishtank,1,0.9978485186407312,1
phishtank,1,0.9949890188780245,1
tranco_benign_proxy,0,0.11797806412415468,0
tranco_benign_proxy,0,0.3937998733633977,0
phishtank,1,0.9164542390230419,1
phishtank,1,0.9994921341160984,1
tranco_benign_proxy,0,0.8098931251163727,1
phishtank,1,0.9606686987640923,1
tranco_benign_proxy,0,0.012279889806765141,0
tranco_benign_proxy,0,0.9873519439286059,1
tranco_benign_proxy,0,0.31100874322309924,0
phishtank,1,0.48579895092272546,0
tranco_benign_proxy,0,0.5458496180539829,0
phishtank,1,0.30836542579733284,0
phishtank,1,0.26131004648712747,0
tranco_benign_proxy,0,0.8599848656449518,1
phishtank,1,0.9994751431861483,1
phishtank,1,0.9991551909339853,1
phishtank,1,0.9725368021136045,1
tranco_benign_proxy,0,0.03939434234402122,0
phishtank,1,0.9995325167850109,1
phishtank,1,0.9659264174632398,1
phishtank,1,0.599802385581335,0
phishtank,1,0.9027021085600437,1
tranco_benign_proxy,0,0.27889971271616815,0
phishtank,1,0.9773190528990107,1
phishtank,1,0.838011084209474,1
phishtank,1,0.9974929758168737,1
phishtank,1,0.9829340197564275,1
tranco_benign_proxy,0,0.13149888994836445,0
phishtank,1,0.999478760051364,1
phishtank,1,0.9686546500485155,1
phishtank,1,0.9997846079129191,1
tranco_benign_proxy,0,0.1669146797595534,0
phishtank,1,0.7689859155640834,1
tranco_benign_proxy,0,0.9598193351050883,1
tranco_benign_proxy,0,0.17790386710197523,0
tranco_benign_proxy,0,0.870616509736194,1
phishtank,1,0.45982511835387946,0
tranco_benign_proxy,0,0.0016779192057397815,0
tranco_benign_proxy,0,0.7176942428814719,0
tranco_benign_proxy,0,0.040470530269424994,0
phishtank,1,0.9984249695856382,1
phishtank,1,0.2870705196746619,0
tranco_benign_proxy,0,0.31914487581748885,0
phishtank,1,0.3114910850713831,0
phishtank,1,0.9962201371665186,1
phishtank,1,0.8795340204618339,1
tranco_benign_proxy,0,0.614143447647489,0
phishtank,1,0.3826483463220826,0
tranco_benign_proxy,0,0.04292882684767868,0
phishtank,1,0.23849348403420675,0
phishtank,1,0.10758196404296487,0
tranco_benign_proxy,0,0.11593898026052521,0
tranco_benign_proxy,0,0.11069338538942465,0
tranco_benign_proxy,0,0.682822884569092,0
tranco_benign_proxy,0,0.15505205063991834,0
phishtank,1,0.9964620205701901,1
phishtank,1,0.9983857743756228,1
phishtank,1,0.9798238097947238,1
phishtank,1,0.35098430992785756,0
phishtank,1,0.7502902251482486,0
phishtank,1,0.8176302107006561,1
phishtank,1,0.9751710841623109,1
tranco_benign_proxy,0,0.16860672737473126,0
tranco_benign_proxy,0,0.6143195604395848,0
phishtank,1,0.9598396242406453,1
phishtank,1,0.9750336031165941,1
tranco_benign_proxy,0,0.008879443458249446,0
tranco_benign_proxy,0,0.013042549126186052,0
tranco_benign_proxy,0,0.9056907877839562,1
phishtank,1,0.26664171927290853,0
phishtank,1,0.48854950969138866,0
phishtank,1,0.2903588126635606,0
tranco_benign_proxy,0,0.5025539879820166,0
tranco_benign_proxy,0,0.3108959358937663,0
phishtank,1,0.999986350647023,1
tranco_benign_proxy,0,0.6016281304392794,0
phishtank,1,0.835562543609763,1
phishtank,1,0.9834916405824544,1
tranco_benign_proxy,0,0.24645652760486758,0
phishtank,1,0.9647177374028387,1
phishtank,1,0.7818003340182914,1
tranco_benign_proxy,0,0.18388245003813652,0
tranco_benign_proxy,0,0.5316519727923514,0
phishtank,1,0.9803193243920267,1
phishtank,1,0.9783935026986685,1
phishtank,1,0.8163927477520375,1
tranco_benign_proxy,0,0.5274127862622846,0
tranco_benign_proxy,0,0.19694461389111154,0
tranco_benign_proxy,0,0.5318163742072004,0
tranco_benign_proxy,0,0.09200848785203618,0
tranco_benign_proxy,0,0.11060411474858962,0
tranco_benign_proxy,0,0.8458478615184853,1
phishtank,1,0.929120031397946,1
phishtank,1,0.9491958962901454,1
phishtank,1,0.9931448525700616,1
phishtank,1,0.9224394216765857,1
tranco_benign_proxy,0,0.7674345141369457,0
tranco_benign_proxy,0,0.03204069219422797,0
tranco_benign_proxy,0,0.4342744955704623,0
phishtank,1,0.989336702724326,1
tranco_benign_proxy,0,0.38360103867114836,0
tranco_benign_proxy,0,0.31247509338198715,0
phishtank,1,0.9889143240719186,1
phishtank,1,0.8328044074774466,1
phishtank,1,0.9999060418098976,1
tranco_benign_proxy,0,0.44563396132168287,0
tranco_benign_proxy,0,0.9201835384126279,1
phishtank,1,0.9891705670214773,1
phishtank,1,0.9945171401594501,1
tranco_benign_proxy,0,0.0853687567555966,0
phishtank,1,0.838219794757979,1
phishtank,1,0.9005118897714967,1
tranco_benign_proxy,0,0.7204179992743366,0
phishtank,1,0.9326965633053677,1
phishtank,1,0.9601144685903586,1
tranco_benign_proxy,0,0.1861307884406259,0
phishtank,1,0.9907550490871745,1
tranco_benign_proxy,0,0.39874570750350535,0
phishtank,1,0.9775095646517025,1
tranco_benign_proxy,0,0.04374083666752065,0
phishtank,1,0.9962791928931811,1
tranco_benign_proxy,0,0.38291538845971596,0
phishtank,1,0.9846768236722326,1
tranco_benign_proxy,0,0.4181212415631318,0
tranco_benign_proxy,0,0.0710380892364438,0
tranco_benign_proxy,0,0.028653813345983936,0
phishtank,1,0.9975485219962437,1
phishtank,1,0.7245765044449957,0
tranco_benign_proxy,0,0.513244304365018,0
phishtank,1,0.9965470867802736,1
tranco_benign_proxy,0,0.7137009478208974,0
phishtank,1,0.9789505022015119,1
tranco_benign_proxy,0,0.08969279641617071,0
tranco_benign_proxy,0,0.30858029755405436,0
phishtank,1,0.9992039540608069,1
tranco_benign_proxy,0,0.9226421028876624,1
tranco_benign_proxy,0,0.37592172059004897,0
tranco_benign_proxy,0,0.03781914494972918,0
tranco_benign_proxy,0,0.6139075094774149,0
phishtank,1,0.9340042799651679,1
tranco_benign_proxy,0,0.459657883661577,0
phishtank,1,0.4551383344383006,0
tranco_benign_proxy,0,0.2734136562262707,0
tranco_benign_proxy,0,0.3061174443545176,0
phishtank,1,0.8355119863583026,1
phishtank,1,0.8669128159723603,1
phishtank,1,0.9853719011150565,1
tranco_benign_proxy,0,0.12545524705247477,0
tranco_benign_proxy,0,0.24165960253017585,0
phishtank,1,0.3736643445368514,0
tranco_benign_proxy,0,0.05144325334149194,0
tranco_benign_proxy,0,0.0989293298172961,0
phishtank,1,0.9970212400346281,1
phishtank,1,0.9855192079198696,1
tranco_benign_proxy,0,0.6756333047132913,0
phishtank,1,0.9996966576597525,1
phishtank,1,0.5524807955596058,0
tranco_benign_proxy,0,0.3936109070859124,0
tranco_benign_proxy,0,0.19526544931170495,0
tranco_benign_proxy,0,0.04383106454208855,0
tranco_benign_proxy,0,0.2690203184553817,0
phishtank,1,0.2874919658860494,0
tranco_benign_proxy,0,0.051248122094916644,0
phishtank,1,0.4200334473664455,0
phishtank,1,0.9999937509547501,1
tranco_benign_proxy,0,0.8793214623488889,1
phishtank,1,0.9936062231886075,1
tranco_benign_proxy,0,0.1593345161473169,0
tranco_benign_proxy,0,0.46164196962455273,0
tranco_benign_proxy,0,0.3086728312923376,0
tranco_benign_proxy,0,0.24888659534242943,0
tranco_benign_proxy,0,0.014753494182476883,0
tranco_benign_proxy,0,0.9861146434572647,1
phishtank,1,0.990730988493418,1
tranco_benign_proxy,0,0.007368535972954478,0
tranco_benign_proxy,0,0.5015778019125379,0
tranco_benign_proxy,0,0.39641085557083816,0
phishtank,1,0.9904505092593633,1
phishtank,1,0.2119596615113889,0
tranco_benign_proxy,0,0.19257087574409174,0
tranco_benign_proxy,0,0.025050071749702918,0
phishtank,1,0.9998895152494582,1
tranco_benign_proxy,0,0.6752897090063665,0
phishtank,1,0.9897158960579909,1
phishtank,1,0.08235260968239952,0
tranco_benign_proxy,0,0.39500378295782645,0
tranco_benign_proxy,0,0.020927770587334915,0
tranco_benign_proxy,0,0.8357794659216095,1
tranco_benign_proxy,0,0.7630257987297293,0
phishtank,1,0.9992731137318888,1
phishtank,1,0.3294245736196005,0
phishtank,1,0.9996015753858271,1
tranco_benign_proxy,0,0.9272352009901923,1
phishtank,1,0.9936682346306168,1
tranco_benign_proxy,0,0.14688121547451954,0
tranco_benign_proxy,0,0.43506575414080584,0
tranco_benign_proxy,0,0.2299615372728106,0
phishtank,1,0.5983478904402642,0
phishtank,1,0.8989788546172113,1
phishtank,1,0.9994271627761219,1
phishtank,1,0.9998691809962125,1
phishtank,1,0.9981508341758147,1
tranco_benign_proxy,0,0.046246553994171616,0
phishtank,1,0.9910219823330733,1
tranco_benign_proxy,0,0.5523314520927414,0
phishtank,1,0.9900462345691657,1
tranco_benign_proxy,0,0.27453710920561486,0
tranco_benign_proxy,0,0.4389263812400237,0
tranco_benign_proxy,0,0.06543398443792033,0
tranco_benign_proxy,0,0.06605732453326947,0
tranco_benign_proxy,0,0.07069194613605585,0
tranco_benign_proxy,0,0.38951581892345216,0
phishtank,1,0.7926606031221272,1
tranco_benign_proxy,0,0.905693059309547,1
tranco_benign_proxy,0,0.12097287328017839,0
phishtank,1,0.9784389169992899,1
phishtank,1,0.9835289126986851,1
tranco_benign_proxy,0,0.4414060275735816,0
tranco_benign_proxy,0,0.8252892781574169,1
phishtank,1,0.9781679216364403,1
phishtank,1,0.9890891335711433,1
phishtank,1,0.9933262319238475,1
phishtank,1,0.9142974819136903,1
phishtank,1,0.9998662895438268,1
tranco_benign_proxy,0,0.3063411729394149,0
tranco_benign_proxy,0,0.20371722124255454,0
tranco_benign_proxy,0,0.015633275762990013,0
phishtank,1,0.9655776571600675,1
tranco_benign_proxy,0,0.9151034380477572,1
phishtank,1,0.7261489296665443,0
tranco_benign_proxy,0,0.7067824026536138,0
phishtank,1,0.9990667891737838,1
tranco_benign_proxy,0,0.37952455309623995,0
tranco_benign_proxy,0,0.44577655536023286,0
tranco_benign_proxy,0,0.0006050182493413456,0
phishtank,1,0.9369571832424435,1
phishtank,1,0.8473682369809427,1
tranco_benign_proxy,0,0.6713507395299164,0
tranco_benign_proxy,0,0.8908035925080601,1
tranco_benign_proxy,0,0.13725773056050383,0
tranco_benign_proxy,0,0.06811093628632672,0
tranco_benign_proxy,0,0.3385674524709208,0
tranco_benign_proxy,0,0.37938542726415037,0
phishtank,1,0.8471821139364069,1
phishtank,1,0.9945591230893767,1
phishtank,1,0.8421612138548696,1
phishtank,1,0.5887302475789836,0
tranco_benign_proxy,0,0.604646720057144,0
phishtank,1,0.9857635555890047,1
tranco_benign_proxy,0,0.07762487438385154,0
tranco_benign_proxy,0,0.7215748162264881,0
phishtank,1,0.9844513619288732,1
phishtank,1,0.9768771149783447,1
phishtank,1,0.9919530256377745,1
phishtank,1,0.9995573272143973,1
tranco_benign_proxy,0,0.5598223415267488,0
phishtank,1,0.9780872843173221,1
tranco_benign_proxy,0,0.7392477309040392,0
tranco_benign_proxy,0,0.3171687726228244,0
phishtank,1,0.7489908793318552,0
tranco_benign_proxy,0,0.3252288870310682,0
tranco_benign_proxy,0,0.1188709980661557,0
phishtank,1,0.8409522932698736,1
tranco_benign_proxy,0,0.525474483642383,0
tranco_benign_proxy,0,0.013579094806448682,0
phishtank,1,0.9996460088203787,1
tranco_benign_proxy,0,0.35680960982919674,0
phishtank,1,0.9999762261786759,1
tranco_benign_proxy,0,0.015486585946294486,0
tranco_benign_proxy,0,0.41626879911191467,0
phishtank,1,0.8789958637127151,1
tranco_benign_proxy,0,0.020664494923177176,0
tranco_benign_proxy,0,0.7550799362947148,0
phishtank,1,0.9926646056608078,1
phishtank,1,0.9353912286377235,1
tranco_benign_proxy,0,0.5668256864236236,0
tranco_benign_proxy,0,0.17399575978795545,0
tranco_benign_proxy,0,0.040265949850673534,0
phishtank,1,0.9871224554347521,1
tranco_benign_proxy,0,0.0016050500662824227,0
phishtank,1,0.940506236203147,1
tranco_benign_proxy,0,0.039967353240549536,0
phishtank,1,0.9271409169189809,1
tranco_benign_proxy,0,0.3430778809824972,0
tranco_benign_proxy,0,0.2584660166061254,0
phishtank,1,0.32471516523065735,0
phishtank,1,0.9181556551891934,1
phishtank,1,0.9354529045154709,1
phishtank,1,0.9881563213771973,1
tranco_benign_proxy,0,0.2697280301008087,0
phishtank,1,0.9582320653583223,1
tranco_benign_proxy,0,0.06102910614226588,0
tranco_benign_proxy,0,0.998067664153828,1
phishtank,1,0.5499015567749477,0
phishtank,1,0.9950716280418843,1
phishtank,1,0.8272250989765236,1
phishtank,1,0.9992408106972378,1
phishtank,1,0.13335831755824482,0
phishtank,1,0.9762812477791264,1
phishtank,1,0.9919935003574166,1
phishtank,1,0.9874292400879314,1
phishtank,1,0.9459960507261758,1
tranco_benign_proxy,0,0.1784816464874134,0
phishtank,1,0.9998668669968691,1
phishtank,1,0.9580230493126023,1
tranco_benign_proxy,0,0.9520842487397041,1
tranco_benign_proxy,0,0.19428469557780678,0
phishtank,1,0.9836468880495773,1
phishtank,1,0.9999765999632616,1
phishtank,1,0.9745206736573958,1
tranco_benign_proxy,0,0.8494586212197159,1
phishtank,1,0.9937587492234897,1
tranco_benign_proxy,0,0.5346733708609389,0
phishtank,1,0.010530683211724304,0
tranco_benign_proxy,0,0.13176548875507432,0
tranco_benign_proxy,0,0.7093764438437832,0
tranco_benign_proxy,0,0.15111127475610237,0
phishtank,1,0.9857864194625514,1
phishtank,1,0.7223534955786731,0
tranco_benign_proxy,0,0.06996967484563528,0
tranco_benign_proxy,0,0.246929861513722,0
tranco_benign_proxy,0,0.26352529016476994,0
phishtank,1,0.9975874995591514,1
phishtank,1,0.9781180971927088,1
tranco_benign_proxy,0,0.004484373292093322,0
tranco_benign_proxy,0,0.565317797075893,0
phishtank,1,0.09188767243186975,0
phishtank,1,0.8780795500141382,1
tranco_benign_proxy,0,0.19423564443081698,0
tranco_benign_proxy,0,0.07790302122109277,0
phishtank,1,0.953098415204675,1
tranco_benign_proxy,0,0.0782428562894354,0
tranco_benign_proxy,0,0.023227067452224286,0
phishtank,1,0.9299367243532348,1
tranco_benign_proxy,0,0.27288420530903496,0
phishtank,1,0.985448759896833,1
tranco_benign_proxy,0,0.2798423772510357,0
phishtank,1,0.9999984660026925,1
phishtank,1,0.15212850203349826,0
phishtank,1,0.9996287096268299,1
tranco_benign_proxy,0,0.10739090830196604,0
tranco_benign_proxy,0,0.09971570654727303,0
phishtank,1,0.9994393352467321,1
tranco_benign_proxy,0,0.670410337902004,0
tranco_benign_proxy,0,0.04306995209876636,0
phishtank,1,0.999558947270146,1
phishtank,1,0.948081469608325,1
tranco_benign_proxy,0,0.3765720560101125,0
tranco_benign_proxy,0,0.021287846020261757,0
tranco_benign_proxy,0,0.8105906957185443,1
phishtank,1,0.7184490202741545,0
phishtank,1,0.9842449366663908,1
phishtank,1,0.8870400290448378,1
phishtank,1,0.9981206430055104,1
phishtank,1,0.9698694273448623,1
tranco_benign_proxy,0,0.05280230284214301,0
phishtank,1,0.9552602894875838,1
phishtank,1,0.9970133284274237,1
tranco_benign_proxy,0,0.2661630115524548,0
tranco_benign_proxy,0,0.9987150069535424,1
phishtank,1,0.9841080760828695,1
phishtank,1,0.9986768586704836,1
phishtank,1,0.969938876625193,1
tranco_benign_proxy,0,0.906671843351362,1
tranco_benign_proxy,0,0.33869353231707117,0
phishtank,1,0.9836767658034684,1
tranco_benign_proxy,0,0.42759240375843677,0
tranco_benign_proxy,0,0.08629577337238412,0
phishtank,1,0.9427355964796417,1
tranco_benign_proxy,0,0.7856355446619232,1
phishtank,1,0.9987577344642278,1
tranco_benign_proxy,0,0.47633906349346256,0
tranco_benign_proxy,0,0.8201676729776736,1
tranco_benign_proxy,0,0.1423882183768595,0
tranco_benign_proxy,0,0.11536448295358401,0
phishtank,1,0.9936942486114443,1
tranco_benign_proxy,0,0.8345927660448489,1
phishtank,1,0.2792285052883782,0
phishtank,1,0.9995739612337505,1
phishtank,1,0.9873537381490823,1
phishtank,1,0.9881800836610362,1
phishtank,1,0.05637757865619489,0
tranco_benign_proxy,0,0.8741126999249996,1
phishtank,1,0.9666995359009404,1
tranco_benign_proxy,0,0.1572805913913448,0
tranco_benign_proxy,0,0.2156233042101912,0
tranco_benign_proxy,0,0.5007569794825882,0
phishtank,1,0.9999161883068802,1
phishtank,1,0.9791556434357449,1
tranco_benign_proxy,0,0.5078369423377367,0
phishtank,1,0.8627906931840185,1
tranco_benign_proxy,0,0.5935510058940161,0
tranco_benign_proxy,0,0.33062304236908646,0
phishtank,1,0.9941941056653391,1
phishtank,1,0.9998141661997644,1
phishtank,1,0.705537705486341,0
tranco_benign_proxy,0,0.4280965267089958,0
tranco_benign_proxy,0,0.10562832955743277,0
tranco_benign_proxy,0,0.32784028617137534,0
tranco_benign_proxy,0,0.7022709517912877,0
tranco_benign_proxy,0,0.8187688022264553,1
phishtank,1,0.9983763568839861,1
tranco_benign_proxy,0,0.034744989733478254,0
tranco_benign_proxy,0,0.775742038553321,1
tranco_benign_proxy,0,0.03746250242008104,0
phishtank,1,0.9908977034339658,1
phishtank,1,0.9913806712120824,1
phishtank,1,0.9981856292742953,1
phishtank,1,0.9830142347236086,1
phishtank,1,0.9616430868857851,1
phishtank,1,0.9875828627526337,1
tranco_benign_proxy,0,0.9028218452049405,1
tranco_benign_proxy,0,0.04933066255373892,0
tranco_benign_proxy,0,0.6673685965679492,0
tranco_benign_proxy,0,0.534358478329155,0
tranco_benign_proxy,0,0.3119553349611281,0
tranco_benign_proxy,0,0.4586471054605522,0
tranco_benign_proxy,0,0.9536881923622543,1
tranco_benign_proxy,0,0.16349358157400476,0
phishtank,1,0.9996344181269664,1
phishtank,1,0.9994909292428363,1
tranco_benign_proxy,0,0.31857240578738594,0
phishtank,1,0.9637745257128751,1
phishtank,1,0.5352385943153353,0
tranco_benign_proxy,0,0.8397550555979086,1
phishtank,1,0.6990914024479984,0
tranco_benign_proxy,0,0.060229227141558046,0
tranco_benign_proxy,0,0.2685938713760988,0
phishtank,1,0.9999462084710738,1
phishtank,1,0.9727479292171,1
tranco_benign_proxy,0,0.4038139944686063,0
tranco_benign_proxy,0,0.9840272284569013,1
tranco_benign_proxy,0,0.37899212713871105,0
phishtank,1,0.6242102508330153,0
phishtank,1,0.9395290186361948,1
tranco_benign_proxy,0,0.004667857056290394,0
phishtank,1,0.9911640951193104,1
tranco_benign_proxy,0,0.9228691983001109,1
tranco_benign_proxy,0,0.03459442473232895,0
phishtank,1,0.9697637349536693,1
tranco_benign_proxy,0,0.864511026323193,1
phishtank,1,0.9991633024650128,1
phishtank,1,0.5917439557245917,0
phishtank,1,0.9785979635285929,1
phishtank,1,0.7795190337654734,1
tranco_benign_proxy,0,0.040547248126240554,0
phishtank,1,0.9977975357846904,1
phishtank,1,0.9999925907444895,1
tranco_benign_proxy,0,0.03607001389308605,0
phishtank,1,0.9784456585790163,1
tranco_benign_proxy,0,0.8266482125346123,1
phishtank,1,0.9941060407587011,1
phishtank,1,0.9999248905445661,1
phishtank,1,0.8905448407960214,1
tranco_benign_proxy,0,0.547134080830342,0
tranco_benign_proxy,0,0.6930008169770708,0
phishtank,1,0.9972328382558383,1
phishtank,1,0.701274047155019,0
phishtank,1,0.9880569471386876,1
tranco_benign_proxy,0,0.21915184943210142,0
phishtank,1,0.34229970351846967,0
tranco_benign_proxy,0,0.07442014572602507,0
phishtank,1,0.17681586351871875,0
tranco_benign_proxy,0,0.971768434045166,1
phishtank,1,0.9965731941200868,1
tranco_benign_proxy,0,0.991488569713129,1
tranco_benign_proxy,0,0.07120907005853222,0
phishtank,1,0.9149191795706428,1
phishtank,1,0.16240172296347177,0
phishtank,1,0.9998513107821776,1
tranco_benign_proxy,0,0.1953956047531913,0
phishtank,1,0.9896338423602987,1
phishtank,1,0.9976162391888037,1
tranco_benign_proxy,0,0.5602042071925427,0
phishtank,1,0.9983282253021493,1
tranco_benign_proxy,0,0.7119313979362963,0
tranco_benign_proxy,0,0.02882594347803956,0
phishtank,1,0.9986861914150907,1
tranco_benign_proxy,0,0.36970276323593976,0
phishtank,1,0.9909844222595027,1
phishtank,1,0.9012946683372018,1
tranco_benign_proxy,0,0.2711856634228135,0
phishtank,1,0.9943517726995286,1
phishtank,1,0.37510981502217916,0
tranco_benign_proxy,0,0.1329831941212171,0
tranco_benign_proxy,0,0.11190728556884245,0
phishtank,1,0.9900253984267232,1
tranco_benign_proxy,0,0.34738514499699136,0
tranco_benign_proxy,0,0.8946942485995468,1
tranco_benign_proxy,0,0.7927489631360026,1
phishtank,1,0.31473447437287866,0
tranco_benign_proxy,0,0.13520230909234876,0
tranco_benign_proxy,0,0.23132813390004106,0
phishtank,1,0.9981496846557598,1
tranco_benign_proxy,0,0.037749308987862044,0
tranco_benign_proxy,0,0.0894961763081291,0
phishtank,1,0.032102842918126706,0
tranco_benign_proxy,0,0.6107941865973523,0
tranco_benign_proxy,0,0.10211655872585054,0
phishtank,1,0.9701505517287725,1
tranco_benign_proxy,0,0.39723776517698284,0
tranco_benign_proxy,0,0.8428291862017839,1
phishtank,1,0.9646220176497372,1
phishtank,1,0.9972978995297263,1
phishtank,1,0.946431629878766,1
phishtank,1,0.730160234436223,0
tranco_benign_proxy,0,0.43483013170335416,0
tranco_benign_proxy,0,0.12590843011998176,0
tranco_benign_proxy,0,0.16317650428882735,0
phishtank,1,0.998366112294134,1
phishtank,1,0.9979513052871486,1
tranco_benign_proxy,0,0.9017918181443907,1
phishtank,1,0.6291444200229284,0
phishtank,1,0.9971858214535068,1
phishtank,1,0.31177348761650436,0
tranco_benign_proxy,0,0.8452553067817461,1
tranco_benign_proxy,0,0.10860988048806171,0
tranco_benign_proxy,0,0.48988690775302185,0
tranco_benign_proxy,0,0.5679743716736859,0
phishtank,1,0.9977235312227012,1
phishtank,1,0.9996514165993478,1
phishtank,1,0.7786608682448093,1
tranco_benign_proxy,0,0.047789457857966934,0
tranco_benign_proxy,0,0.1321368402331595,0
tranco_benign_proxy,0,0.035592358633058,0
tranco_benign_proxy,0,0.256979574735913,0
phishtank,1,0.9990754346680314,1
tranco_benign_proxy,0,0.9924606974929554,1
tranco_benign_proxy,0,0.5970557408844683,0
tranco_benign_proxy,0,0.12722180449601805,0
phishtank,1,0.6891038376241893,0
phishtank,1,0.6872928833055423,0
phishtank,1,0.999511482516994,1
tranco_benign_proxy,0,0.11086839496982963,0
phishtank,1,0.9867361794069559,1
phishtank,1,0.9208373596750901,1
tranco_benign_proxy,0,0.9887804222835829,1
phishtank,1,0.7596466945852799,0
tranco_benign_proxy,0,0.445232612860487,0
phishtank,1,0.9953686310734496,1
phishtank,1,0.9960888363340163,1
phishtank,1,0.9996942639415894,1
tranco_benign_proxy,0,0.9247912362553244,1
tranco_benign_proxy,0,0.15034882034450087,0
phishtank,1,0.9859487977502114,1
tranco_benign_proxy,0,0.4332733595683344,0
tranco_benign_proxy,0,0.055840012859719325,0
phishtank,1,0.9934283708531279,1
phishtank,1,0.9992607664214413,1
phishtank,1,0.927379832449918,1
tranco_benign_proxy,0,0.6011714564231172,0
tranco_benign_proxy,0,0.9226248432110258,1
tranco_benign_proxy,0,0.4486663952384373,0
tranco_benign_proxy,0,0.38872956129910635,0
tranco_benign_proxy,0,0.2685243056380114,0
tranco_benign_proxy,0,0.019476230198986744,0
phishtank,1,0.9158562212225483,1
phishtank,1,0.9989760714078605,1
tranco_benign_proxy,0,0.9413501778308684,1
phishtank,1,0.9999611863340725,1
tranco_benign_proxy,0,0.32872373804921545,0
tranco_benign_proxy,0,0.8195581422436052,1
tranco_benign_proxy,0,0.15909827393368414,0
tranco_benign_proxy,0,0.20885398367997812,0
tranco_benign_proxy,0,0.036641579141272536,0
phishtank,1,0.0619488727696861,0
phishtank,1,0.9611291863212305,1
phishtank,1,0.9999421691535996,1
tranco_benign_proxy,0,0.7615041431795795,0
phishtank,1,0.9998183662371726,1
phishtank,1,0.8042490384647565,1
tranco_benign_proxy,0,0.005086830085039502,0
phishtank,1,0.9999972878973636,1
phishtank,1,0.9997489996879282,1
phishtank,1,0.9810526760944194,1
phishtank,1,0.99861932726752,1
tranco_benign_proxy,0,0.41523702862770806,0
phishtank,1,0.9607888907410896,1
phishtank,1,0.9376265284166727,1
phishtank,1,0.379605976629755,0
tranco_benign_proxy,0,0.8017168896011806,1
tranco_benign_proxy,0,0.9455870755811181,1
phishtank,1,0.9014917376545754,1
tranco_benign_proxy,0,0.32614206470218643,0
phishtank,1,0.6427797596103676,0
tranco_benign_proxy,0,0.04907059637544342,0
tranco_benign_proxy,0,0.008763761804031895,0
phishtank,1,0.164761241276455,0
phishtank,1,0.9536742058362062,1
tranco_benign_proxy,0,0.7104981704678036,0
tranco_benign_proxy,0,0.483161202392083,0
tranco_benign_proxy,0,0.42297818273648713,0
phishtank,1,0.9999799505357088,1
phishtank,1,0.9775883387543636,1
tranco_benign_proxy,0,0.06368671095134733,0
tranco_benign_proxy,0,0.031762586718342985,0
tranco_benign_proxy,0,0.1598771431512517,0
phishtank,1,0.9398204775762297,1
phishtank,1,0.9629123114532453,1
tranco_benign_proxy,0,0.24507735588663374,0
tranco_benign_proxy,0,0.19167668816095584,0
tranco_benign_proxy,0,0.9840920192680622,1
tranco_benign_proxy,0,0.47152611206063344,0
tranco_benign_proxy,0,0.5932517779850526,0
phishtank,1,0.9971714895647125,1
tranco_benign_proxy,0,0.4994697971347964,0
tranco_benign_proxy,0,0.004307531171428268,0
phishtank,1,0.999100253059924,1
phishtank,1,0.9999365914737152,1
tranco_benign_proxy,0,0.03425992013928257,0
phishtank,1,0.9918334776420744,1
tranco_benign_proxy,0,0.4297698482552778,0
tranco_benign_proxy,0,0.29393182610627705,0
phishtank,1,0.9677379858638896,1
phishtank,1,0.976204629979636,1
phishtank,1,0.1698870957256854,0
phishtank,1,0.9989591283495955,1
tranco_benign_proxy,0,0.26313631787197383,0
tranco_benign_proxy,0,0.3932879452396387,0
tranco_benign_proxy,0,0.46990705802456384,0
phishtank,1,0.9950365221441327,1
tranco_benign_proxy,0,0.1105068357576512,0
tranco_benign_proxy,0,0.12216488053217124,0
phishtank,1,0.6001329285697129,0
tranco_benign_proxy,0,0.0733362260281501,0
tranco_benign_proxy,0,0.5706844490843594,0
phishtank,1,0.9879665014161255,1
tranco_benign_proxy,0,0.5230666194289039,0
phishtank,1,0.9985385627495801,1
phishtank,1,0.9999580485136517,1
tranco_benign_proxy,0,0.8716491800249893,1
tranco_benign_proxy,0,0.24776601181928556,0
phishtank,1,0.9912386473598724,1
tranco_benign_proxy,0,0.46893221090541604,0
phishtank,1,0.9990113763680296,1
tranco_benign_proxy,0,0.16440981509938923,0
tranco_benign_proxy,0,0.6854303773648039,0
phishtank,1,0.2637817675779559,0
phishtank,1,0.7112133869276888,0
phishtank,1,0.9833219932513703,1
tranco_benign_proxy,0,0.9491811241363747,1
tranco_benign_proxy,0,0.25455886785870896,0
tranco_benign_proxy,0,0.4177711892260952,0
tranco_benign_proxy,0,0.29325949298742227,0
tranco_benign_proxy,0,0.3567541429322597,0
tranco_benign_proxy,0,0.15953405938245996,0
phishtank,1,0.9770141538755321,1
phishtank,1,0.9968243692396992,1
phishtank,1,0.907744519711116,1
phishtank,1,0.984642974469865,1
phishtank,1,0.9912820332514015,1
phishtank,1,0.17577163361591147,0
phishtank,1,0.9990748440945708,1
tranco_benign_proxy,0,0.8174599985449038,1
phishtank,1,0.9964450060075768,1
tranco_benign_proxy,0,0.12934580145967578,0
tranco_benign_proxy,0,0.029084347144540505,0
tranco_benign_proxy,0,0.04180070781964811,0
phishtank,1,0.9999447424578125,1
tranco_benign_proxy,0,0.006689436291816338,0
tranco_benign_proxy,0,0.9037341076562119,1
phishtank,1,0.5477832887100527,0
tranco_benign_proxy,0,0.6463544068302144,0
tranco_benign_proxy,0,0.14131460665905973,0
tranco_benign_proxy,0,0.7090381505119889,0
tranco_benign_proxy,0,0.9527409309031059,1
phishtank,1,0.995243084031991,1
tranco_benign_proxy,0,0.924609254317529,1
phishtank,1,0.9806292006533799,1
tranco_benign_proxy,0,0.6079274211126894,0
phishtank,1,0.9781411248249688,1
tranco_benign_proxy,0,0.7824646485896007,1
tranco_benign_proxy,0,0.23994602555019467,0
tranco_benign_proxy,0,0.8104696826885893,1
phishtank,1,0.9874595238851366,1
phishtank,1,0.9994377504774895,1
tranco_benign_proxy,0,0.034215835317771164,0
tranco_benign_proxy,0,0.219865410027802,0
phishtank,1,0.998244736577028,1
tranco_benign_proxy,0,0.24630711960748694,0
tranco_benign_proxy,0,0.0983232754746273,0
tranco_benign_proxy,0,0.1422907453234039,0
phishtank,1,0.9760242900006884,1
phishtank,1,0.799506434673071,1
tranco_benign_proxy,0,0.30207882398915725,0
tranco_benign_proxy,0,0.4375861303849244,0
phishtank,1,0.8029196419133978,1
phishtank,1,0.9885682381299551,1
tranco_benign_proxy,0,0.007584364983544914,0
phishtank,1,0.9663856050101152,1
tranco_benign_proxy,0,0.0015958428544063537,0
phishtank,1,0.592571846935267,0
phishtank,1,0.9985170305479799,1
tranco_benign_proxy,0,0.11317818002919183,0
tranco_benign_proxy,0,0.017436424335176472,0
phishtank,1,0.9932407620549119,1
tranco_benign_proxy,0,0.1893561845537441,0
tranco_benign_proxy,0,0.8843015597281169,1
tranco_benign_proxy,0,0.468487468870761,0
phishtank,1,0.6936700104541788,0
tranco_benign_proxy,0,0.2923816130519217,0
tranco_benign_proxy,0,0.13651193813344947,0
phishtank,1,0.9983544970981616,1
tranco_benign_proxy,0,0.01950738922789174,0
tranco_benign_proxy,0,0.4426622089721959,0
phishtank,1,0.978521324568833,1
tranco_benign_proxy,0,0.9511548569756054,1
tranco_benign_proxy,0,0.9319985961894854,1
tranco_benign_proxy,0,0.8560313686297045,1
tranco_benign_proxy,0,0.08421370444243081,0
phishtank,1,0.9961040953318395,1
tranco_benign_proxy,0,0.43280080369547325,0
tranco_benign_proxy,0,0.014172755403227644,0
phishtank,1,0.9999420848916861,1
phishtank,1,0.7333828202652072,0
phishtank,1,0.3790908449882389,0
tranco_benign_proxy,0,0.7628603294849347,0
tranco_benign_proxy,0,0.9831188052885771,1
phishtank,1,0.9976750044365492,1
tranco_benign_proxy,0,0.8266876493148249,1
phishtank,1,0.9994508378249227,1
tranco_benign_proxy,0,0.639020975885483,0
tranco_benign_proxy,0,0.04853460364663952,0
phishtank,1,0.9987964880565279,1
phishtank,1,0.9921446883092204,1
tranco_benign_proxy,0,0.48564754191087656,0
phishtank,1,0.9990108129169135,1
tranco_benign_proxy,0,0.7501352608173627,0
tranco_benign_proxy,0,0.9259733192865547,1
phishtank,1,0.9991304302284101,1
tranco_benign_proxy,0,0.43941250556663797,0
tranco_benign_proxy,0,0.44169323918262327,0
tranco_benign_proxy,0,0.07486764344819305,0
tranco_benign_proxy,0,0.09713932760930945,0
phishtank,1,0.9996449630038478,1
phishtank,1,0.8718777962180531,1
phishtank,1,0.9953438295386055,1
tranco_benign_proxy,0,0.9698273392389979,1
tranco_benign_proxy,0,0.6871142019524098,0
phishtank,1,0.9910619263221098,1
phishtank,1,0.961708324610088,1
tranco_benign_proxy,0,0.9726142096586129,1
tranco_benign_proxy,0,0.05578482370604648,0
tranco_benign_proxy,0,0.12842594889079773,0
phishtank,1,0.950974089989196,1
phishtank,1,0.7185205538005269,0
phishtank,1,0.8862761433148666,1
tranco_benign_proxy,0,0.005392881494319624,0
phishtank,1,0.974575819401125,1
tranco_benign_proxy,0,0.8460761704785598,1
phishtank,1,0.9793608562117708,1
phishtank,1,0.9979115559117075,1
tranco_benign_proxy,0,0.95014746478136,1
tranco_benign_proxy,0,0.09217139757637156,0
phishtank,1,0.9048567938245847,1
tranco_benign_proxy,0,0.06797687062042249,0
tranco_benign_proxy,0,0.056159634095246075,0
phishtank,1,0.9651203975127339,1
phishtank,1,0.9995721644695261,1
phishtank,1,0.9997823383750761,1
tranco_benign_proxy,0,0.9713857406599118,1
phishtank,1,0.9998756583623967,1
phishtank,1,0.38483880317166574,0
phishtank,1,0.20407279632568143,0
phishtank,1,0.9840144842426404,1
tranco_benign_proxy,0,0.5417469015387366,0
tranco_benign_proxy,0,0.20105528569871917,0
phishtank,1,0.9997317062712351,1
tranco_benign_proxy,0,0.28557230905590325,0
tranco_benign_proxy,0,0.9905380430763269,1
phishtank,1,0.6814171377362956,0
tranco_benign_proxy,0,0.07118091900558605,0
tranco_benign_proxy,0,0.3136227877082039,0
tranco_benign_proxy,0,0.3423538639220725,0
phishtank,1,0.9939185250918401,1
tranco_benign_proxy,0,0.08607170373860705,0
phishtank,1,0.9880881113491172,1
tranco_benign_proxy,0,0.6766555243113904,0
phishtank,1,0.9995414703743348,1
tranco_benign_proxy,0,0.2235868831578961,0
phishtank,1,0.9482183655458407,1
phishtank,1,0.9899028842739611,1
tranco_benign_proxy,0,0.43184838091300853,0
tranco_benign_proxy,0,0.3606509163149876,0
tranco_benign_proxy,0,0.5465606662812824,0
tranco_benign_proxy,0,0.6815230390675151,0
phishtank,1,0.9887094003145075,1
phishtank,1,0.9937525353063789,1
phishtank,1,0.41640235632193884,0
phishtank,1,0.9833136318335128,1
phishtank,1,0.06819718844777126,0
tranco_benign_proxy,0,0.34023744763409147,0
tranco_benign_proxy,0,0.0834133094006373,0
phishtank,1,0.997525648000206,1
tranco_benign_proxy,0,0.2952564333351234,0
phishtank,1,0.9893673314206226,1
phishtank,1,0.6883378087593766,0
tranco_benign_proxy,0,0.8202077982248706,1
tranco_benign_proxy,0,0.6684497276013485,0
phishtank,1,0.9764960195240643,1
phishtank,1,0.9916719275585807,1
phishtank,1,0.9665527354871676,1
phishtank,1,0.8794097284919506,1
phishtank,1,0.46658453079446227,0
tranco_benign_proxy,0,0.7327990665248838,0
phishtank,1,0.8803385156657322,1
tranco_benign_proxy,0,0.1323414272080581,0
phishtank,1,0.9506947878058513,1
phishtank,1,0.20733798985832347,0
tranco_benign_proxy,0,0.4598980738625171,0
tranco_benign_proxy,0,0.03542936286024932,0
phishtank,1,0.9644095847641407,1
tranco_benign_proxy,0,0.6780376172800611,0
phishtank,1,0.27611507957696096,0
phishtank,1,0.9910019391617957,1
tranco_benign_proxy,0,0.5208999491255698,0
phishtank,1,0.8981946072834042,1
phishtank,1,0.973068016546038,1
tranco_benign_proxy,0,0.16361178004835616,0
phishtank,1,0.9989909125462083,1
phishtank,1,0.981684220716863,1
tranco_benign_proxy,0,0.44897388043781883,0
tranco_benign_proxy,0,0.038831049621662145,0
tranco_benign_proxy,0,0.5563026921133073,0
phishtank,1,0.9313366091277216,1
phishtank,1,0.999385683602988,1
phishtank,1,0.9961686713751606,1
tranco_benign_proxy,0,0.3767952579970599,0
phishtank,1,0.9441075336505128,1
phishtank,1,0.1531391114216423,0
tranco_benign_proxy,0,0.32832734746684966,0
tranco_benign_proxy,0,0.021310903338442964,0
phishtank,1,0.9957888965304559,1
phishtank,1,0.9974950684135797,1
phishtank,1,0.9998322310834503,1
phishtank,1,0.35860859814939394,0
tranco_benign_proxy,0,0.18727417972813495,0
tranco_benign_proxy,0,0.22725445355130783,0
tranco_benign_proxy,0,0.05427760329509888,0
phishtank,1,0.9401665413790645,1
phishtank,1,0.9922120355896905,1
tranco_benign_proxy,0,0.5225014484088347,0
phishtank,1,0.980172215306963,1
phishtank,1,0.9979147074085766,1
tranco_benign_proxy,0,0.19752507994723945,0
tranco_benign_proxy,0,0.16278907842657664,0
tranco_benign_proxy,0,0.518502380686953,0
phishtank,1,0.9902842817849472,1
phishtank,1,0.9917260226809212,1
tranco_benign_proxy,0,0.2635130147485524,0
phishtank,1,0.9980188417474977,1
tranco_benign_proxy,0,0.9500921315607215,1
tranco_benign_proxy,0,0.38140143405006044,0
tranco_benign_proxy,0,0.09860753983790972,0
phishtank,1,0.970777588822644,1
phishtank,1,0.9998986250872438,1
phishtank,1,0.6596297252720958,0
phishtank,1,0.11967432850635801,0
phishtank,1,0.9914473114973432,1
tranco_benign_proxy,0,0.9561387388801309,1
phishtank,1,0.9942289180027762,1
tranco_benign_proxy,0,0.41945155086467933,0
phishtank,1,0.12969028457458495,0
phishtank,1,0.9684206047819947,1
tranco_benign_proxy,0,0.1738425008979947,0
tranco_benign_proxy,0,0.9306215547808864,1
tranco_benign_proxy,0,0.9218734519868869,1
phishtank,1,0.06877624018557746,0
phishtank,1,0.999019502383473,1
phishtank,1,0.9956602653982998,1
phishtank,1,0.9973211345966159,1
phishtank,1,0.9995461045595184,1
phishtank,1,0.9893798329570523,1
phishtank,1,0.5903884985593,0
tranco_benign_proxy,0,0.5375191637733672,0
tranco_benign_proxy,0,0.15419103295549877,0
tranco_benign_proxy,0,0.24691945001368718,0
phishtank,1,0.9806897394595638,1
phishtank,1,0.9694636484340007,1
tranco_benign_proxy,0,0.986785706202777,1
tranco_benign_proxy,0,0.9706624575562153,1
tranco_benign_proxy,0,0.2149050686356449,0
phishtank,1,0.9831355129931882,1
phishtank,1,0.998211699613748,1
phishtank,1,0.999981676542798,1
tranco_benign_proxy,0,0.8254844197733155,1
tranco_benign_proxy,0,0.7290236466849063,0
tranco_benign_proxy,0,0.09442393766004592,0
tranco_benign_proxy,0,0.9617350338182467,1
phishtank,1,0.9679762847252358,1
tranco_benign_proxy,0,0.48670424686722646,0
tranco_benign_proxy,0,0.08331268798124368,0
phishtank,1,0.7844145692229848,1
tranco_benign_proxy,0,0.6609702981435096,0
phishtank,1,0.975231936029858,1
phishtank,1,0.9994928489931183,1
phishtank,1,0.9999956606220557,1
tranco_benign_proxy,0,0.22707368858017424,0
phishtank,1,0.49615538067986725,0
phishtank,1,0.9904914808025899,1
phishtank,1,0.989493766745714,1
tranco_benign_proxy,0,0.6795495055614925,0
phishtank,1,0.8924629311557085,1
phishtank,1,0.998634219360246,1
phishtank,1,0.9782826975483034,1
phishtank,1,0.9891756051829391,1
phishtank,1,0.9521635781400337,1
tranco_benign_proxy,0,0.4406556039608499,0
tranco_benign_proxy,0,0.4484323402869817,0
tranco_benign_proxy,0,0.10181112100193916,0
tranco_benign_proxy,0,0.514093088765373,0
tranco_benign_proxy,0,0.08504572747099942,0
tranco_benign_proxy,0,0.03632641257469521,0
tranco_benign_proxy,0,0.48706709190112135,0
phishtank,1,0.8424171634626758,1
phishtank,1,0.42251883962789133,0
phishtank,1,0.43195203817045585,0
phishtank,1,0.943157885410634,1
phishtank,1,0.7122197186653176,0
tranco_benign_proxy,0,0.23028788906548553,0
tranco_benign_proxy,0,0.00402144883104678,0
phishtank,1,0.992872325683362,1
phishtank,1,0.9985955555194168,1
phishtank,1,0.9987182493485537,1
phishtank,1,0.4235378168506215,0
tranco_benign_proxy,0,0.9587583130849909,1
phishtank,1,0.6346415971175857,0
tranco_benign_proxy,0,0.46537772445175934,0
phishtank,1,0.9983319746213954,1
tranco_benign_proxy,0,0.5273617987267384,0
phishtank,1,0.9996165197423172,1
phishtank,1,0.3844761343093097,0
phishtank,1,0.9911664109127926,1
phishtank,1,0.1502027475281725,0
phishtank,1,0.9893476933099477,1
phishtank,1,0.997410249524942,1
phishtank,1,0.9954502049201887,1
tranco_benign_proxy,0,0.12924051915110846,0
tranco_benign_proxy,0,0.8588722039677954,1
tranco_benign_proxy,0,0.2929164091340868,0
tranco_benign_proxy,0,0.4600934748905201,0
phishtank,1,0.9479759107327387,1
phishtank,1,0.998557940842573,1
tranco_benign_proxy,0,0.5166579713739093,0
tranco_benign_proxy,0,0.7762186242361743,1
tranco_benign_proxy,0,0.19776441363450267,0
tranco_benign_proxy,0,0.9373300969390177,1
tranco_benign_proxy,0,0.13094371197890747,0
tranco_benign_proxy,0,0.7963965011452138,1
phishtank,1,0.8932680433653784,1
phishtank,1,0.9965157532534262,1
tranco_benign_proxy,0,0.40851733395366174,0
phishtank,1,0.9618258002955111,1
phishtank,1,0.99998135912387,1
phishtank,1,0.9988279805893614,1
phishtank,1,0.984549392735417,1
phishtank,1,0.9256885447064941,1
tranco_benign_proxy,0,0.2346539126599687,0
phishtank,1,0.9898750559143327,1
phishtank,1,0.9999939941624933,1
phishtank,1,0.9790340583761343,1
phishtank,1,0.6544989392325258,0
tranco_benign_proxy,0,0.14849512107282786,0
phishtank,1,0.997180785699104,1
phishtank,1,0.9956983058557081,1
tranco_benign_proxy,0,0.18987921912905567,0
phishtank,1,0.9996997638311722,1
phishtank,1,0.7380065838408201,0
phishtank,1,0.9996382712332459,1
tranco_benign_proxy,0,0.632953412398664,0
tranco_benign_proxy,0,0.560535047028739,0
tranco_benign_proxy,0,0.9072197342065211,1
tranco_benign_proxy,0,0.24654252260432669,0
phishtank,1,0.9568774351428639,1
phishtank,1,0.8529923666710147,1
phishtank,1,0.9999622039154717,1
phishtank,1,0.34477074064004537,0
phishtank,1,0.9998104354256114,1
tranco_benign_proxy,0,0.003125948432751367,0
phishtank,1,0.3597727714342885,0
phishtank,1,0.9995718730723459,1
phishtank,1,0.998642107717963,1
tranco_benign_proxy,0,0.5288509287853896,0
tranco_benign_proxy,0,0.002362108775490898,0
tranco_benign_proxy,0,0.15162812627836128,0
phishtank,1,0.9869847841211151,1
tranco_benign_proxy,0,0.28527844360157323,0
tranco_benign_proxy,0,0.8945568373121466,1
tranco_benign_proxy,0,0.6493770631210376,0
phishtank,1,0.8211135472910914,1
tranco_benign_proxy,0,0.11157195380006985,0
phishtank,1,0.09444635870222547,0
phishtank,1,0.9555908263791513,1
phishtank,1,0.9835596792718245,1
phishtank,1,0.06716190459872314,0
phishtank,1,0.42652757553517845,0
phishtank,1,0.9943271529216544,1
tranco_benign_proxy,0,0.038305150416854304,0
phishtank,1,0.5898540893156179,0
phishtank,1,0.9822551866686454,1
phishtank,1,0.4284061534707279,0
tranco_benign_proxy,0,0.08963413510224194,0
phishtank,1,0.9986185265875216,1
phishtank,1,0.6059834647672772,0
tranco_benign_proxy,0,0.9771580805705647,1
tranco_benign_proxy,0,0.007514492244071871,0
tranco_benign_proxy,0,0.0660695733333137,0
tranco_benign_proxy,0,0.06913736615063888,0
phishtank,1,0.26834306077339914,0
phishtank,1,0.9997450880466868,1
tranco_benign_proxy,0,0.20873573681209742,0
phishtank,1,0.9944271661370837,1
tranco_benign_proxy,0,0.2041474605763937,0
tranco_benign_proxy,0,0.08258467103572596,0
tranco_benign_proxy,0,0.2329518931302306,0
tranco_benign_proxy,0,0.8795013537608216,1
phishtank,1,0.2311036020335715,0
phishtank,1,0.9976779991276081,1
tranco_benign_proxy,0,0.9707696597717751,1
tranco_benign_proxy,0,0.329852769922799,0
phishtank,1,0.991131640208361,1
tranco_benign_proxy,0,0.2796587187830459,0
tranco_benign_proxy,0,0.9703225428911123,1
phishtank,1,0.9915730969155244,1
phishtank,1,0.7973472716041289,1
phishtank,1,0.9985094413538645,1
phishtank,1,0.9890488750541275,1
tranco_benign_proxy,0,0.952556263802998,1
phishtank,1,0.9991361077281344,1
tranco_benign_proxy,0,0.038602866768948425,0
phishtank,1,0.9826197149583551,1
tranco_benign_proxy,0,0.9805918133490985,1
tranco_benign_proxy,0,0.7278170857213668,0
phishtank,1,0.3327424056454781,0
tranco_benign_proxy,0,0.1467104942192836,0
tranco_benign_proxy,0,0.24189623957514741,0
phishtank,1,0.957939277674631,1
phishtank,1,0.9980650293386324,1
phishtank,1,0.9990124227074981,1
phishtank,1,0.9999310753247357,1
tranco_benign_proxy,0,0.5386300797931094,0
tranco_benign_proxy,0,0.7592282626753196,0
phishtank,1,0.9997890040271064,1
tranco_benign_proxy,0,0.9336221032997867,1
tranco_benign_proxy,0,0.9421104255702927,1
phishtank,1,0.2709511172485301,0
phishtank,1,0.999788711961205,1
phishtank,1,0.9997546267399131,1
tranco_benign_proxy,0,0.6195881046252568,0
tranco_benign_proxy,0,0.6402333350188838,0
tranco_benign_proxy,0,0.25546507228473003,0
phishtank,1,0.9964725579828434,1
tranco_benign_proxy,0,0.1086758845818571,0
phishtank,1,0.5167501101945113,0
tranco_benign_proxy,0,0.6342733236760426,0
tranco_benign_proxy,0,0.19346068664174718,0
phishtank,1,0.999760215221437,1
phishtank,1,0.9711664918676732,1
phishtank,1,0.9824382674503118,1
tranco_benign_proxy,0,0.5345793655759871,0
tranco_benign_proxy,0,0.17512385019614832,0
phishtank,1,0.931002955107645,1
tranco_benign_proxy,0,0.23927770412866836,0
phishtank,1,0.9978971966028863,1
phishtank,1,0.7866028874772221,1
phishtank,1,0.6887116869479062,0
phishtank,1,0.044213608444818656,0
phishtank,1,0.9734433329443954,1
phishtank,1,0.7465399878042549,0
phishtank,1,0.9997381939614526,1
phishtank,1,0.9846956498833168,1
tranco_benign_proxy,0,0.05771120813575612,0
tranco_benign_proxy,0,0.7832206056558406,1
tranco_benign_proxy,0,0.9206487671302153,1
phishtank,1,0.9997528132660343,1
tranco_benign_proxy,0,0.011477916496842083,0
tranco_benign_proxy,0,0.6418767268763882,0
tranco_benign_proxy,0,0.25948380802150073,0
phishtank,1,0.9994816463865133,1
phishtank,1,0.02869057802808211,0
phishtank,1,0.9979608520917397,1
phishtank,1,0.9990821432618501,1
tranco_benign_proxy,0,0.18663973166336187,0
phishtank,1,0.9998314994185983,1
phishtank,1,0.20799173621716807,0
phishtank,1,0.9972421109854261,1
tranco_benign_proxy,0,0.7299263955605413,0
phishtank,1,0.9461708604596282,1
tranco_benign_proxy,0,0.8753299317520052,1
phishtank,1,0.9999632830233923,1
tranco_benign_proxy,0,0.14074884180167274,0
phishtank,1,0.8273307021446913,1
tranco_benign_proxy,0,0.4472132311716721,0
tranco_benign_proxy,0,0.4395949856700211,0
tranco_benign_proxy,0,0.034029131737267695,0
phishtank,1,0.9488201672097942,1
phishtank,1,0.9999568395948406,1
tranco_benign_proxy,0,0.46799610791878754,0
tranco_benign_proxy,0,0.4119524355596644,0
phishtank,1,0.9855648731427806,1
phishtank,1,0.8971475112837323,1
tranco_benign_proxy,0,0.03934807786893347,0
tranco_benign_proxy,0,0.04260936320508245,0
phishtank,1,0.7745982580931975,1
phishtank,1,0.961856255758715,1
phishtank,1,0.9995321011042981,1
phishtank,1,0.993868482905044,1
phishtank,1,0.9939357685382,1
phishtank,1,0.9292447897466634,1
tranco_benign_proxy,0,0.33307341047260913,0
phishtank,1,0.7940721013262999,1
tranco_benign_proxy,0,0.5264742208858694,0
tranco_benign_proxy,0,0.026325090196795405,0
tranco_benign_proxy,0,0.7104275569436248,0
phishtank,1,0.9827016549566955,1
tranco_benign_proxy,0,0.19130246715261595,0
tranco_benign_proxy,0,0.8780358268164626,1
tranco_benign_proxy,0,0.09949144567250809,0
phishtank,1,0.9998437427208288,1
tranco_benign_proxy,0,0.7070213561135029,0
phishtank,1,0.9620737498993283,1
phishtank,1,0.9999737652495707,1
phishtank,1,0.9726073148254982,1
tranco_benign_proxy,0,0.04722626449566811,0
phishtank,1,0.9842840276797709,1
tranco_benign_proxy,0,0.7677713537521469,0
tranco_benign_proxy,0,0.0976381795925075,0
tranco_benign_proxy,0,0.03712901056635071,0
phishtank,1,0.8048977302553578,1
tranco_benign_proxy,0,0.06730183773671895,0
tranco_benign_proxy,0,0.2287052556002773,0
tranco_benign_proxy,0,0.9397654919602972,1
phishtank,1,0.9989539920121425,1
phishtank,1,0.7688243092457453,1
tranco_benign_proxy,0,0.3166284264894788,0
tranco_benign_proxy,0,0.23049553600754163,0
phishtank,1,0.9917974745654653,1
tranco_benign_proxy,0,0.5976453095512196,0
phishtank,1,0.9543857067124438,1
tranco_benign_proxy,0,0.06200925467556429,0
tranco_benign_proxy,0,0.6615963314427137,0
tranco_benign_proxy,0,0.6434595499534769,0
tranco_benign_proxy,0,0.8393049416217488,1
phishtank,1,0.9956300779707759,1
tranco_benign_proxy,0,0.38563002103607025,0
phishtank,1,0.5642236661297104,0
phishtank,1,0.9262763672405636,1
phishtank,1,0.9870113801531735,1
phishtank,1,0.965033481924625,1
phishtank,1,0.9797917097568217,1
phishtank,1,0.5041176035688867,0
phishtank,1,0.999845186384856,1
tranco_benign_proxy,0,0.7940065282644607,1
phishtank,1,0.9362126828656394,1
phishtank,1,0.9920260787103525,1
phishtank,1,0.30690693513877754,0
tranco_benign_proxy,0,0.11801755240751965,0
phishtank,1,0.9038308829786562,1
tranco_benign_proxy,0,0.10586733281758588,0
tranco_benign_proxy,0,0.8063452220164143,1
phishtank,1,0.9852514608351552,1
tranco_benign_proxy,0,0.021902622147228285,0
phishtank,1,0.9995089649766487,1
phishtank,1,0.9450721759254357,1
phishtank,1,0.9976803794498496,1
phishtank,1,0.7292684381760538,0
phishtank,1,0.9536768462923321,1
phishtank,1,0.8768687787459952,1
tranco_benign_proxy,0,0.5295980224435326,0
phishtank,1,0.9890753607201309,1
phishtank,1,0.9911514622457287,1
tranco_benign_proxy,0,0.3673232733397158,0
tranco_benign_proxy,0,0.7303579373458478,0
tranco_benign_proxy,0,0.7476329998460397,0
tranco_benign_proxy,0,0.5405893745238682,0
tranco_benign_proxy,0,0.5032130823077178,0
tranco_benign_proxy,0,0.18980441557545258,0
tranco_benign_proxy,0,0.5903524632012711,0
phishtank,1,0.48147574688107186,0
phishtank,1,0.9886078671436825,1
tranco_benign_proxy,0,0.9823263747121455,1
phishtank,1,0.9997587333098195,1
tranco_benign_proxy,0,0.4577198144644602,0
tranco_benign_proxy,0,0.7329265443373685,0
phishtank,1,0.7754479273208247,1
phishtank,1,0.9846841983666029,1
tranco_benign_proxy,0,0.23022907367574014,0
phishtank,1,0.416900695041057,0
tranco_benign_proxy,0,0.04371428565847826,0
tranco_benign_proxy,0,0.9983331464840551,1
phishtank,1,0.9996342168290652,1
tranco_benign_proxy,0,0.1776724125811725,0
phishtank,1,0.9997881645852336,1
phishtank,1,0.9999121150332879,1
tranco_benign_proxy,0,0.9851030911255056,1
phishtank,1,0.9904849313886144,1
phishtank,1,0.9872961735441772,1
phishtank,1,0.9853824074416297,1
tranco_benign_proxy,0,0.9444870352677832,1
tranco_benign_proxy,0,0.05730566940048354,0
phishtank,1,0.9981260436649838,1
phishtank,1,0.9957496159487854,1
phishtank,1,0.9502307450238756,1
phishtank,1,0.9988710462263467,1
phishtank,1,0.863925684932537,1
tranco_benign_proxy,0,0.6030180440826598,0
tranco_benign_proxy,0,0.2691934206343139,0
tranco_benign_proxy,0,0.16965310826316504,0
tranco_benign_proxy,0,0.004431165086336841,0
tranco_benign_proxy,0,0.4451925094540414,0
phishtank,1,0.9978168094395604,1
phishtank,1,0.8388474261490005,1
tranco_benign_proxy,0,0.21988921956872753,0
phishtank,1,0.980657388336788,1
phishtank,1,0.9038214005508376,1
tranco_benign_proxy,0,0.08600644034486808,0
phishtank,1,0.990190988473127,1
phishtank,1,0.9998942976882377,1
tranco_benign_proxy,0,0.010510165351022388,0
phishtank,1,0.9880348678798355,1
tranco_benign_proxy,0,0.23206740871764767,0
tranco_benign_proxy,0,0.3440547635544229,0
tranco_benign_proxy,0,0.6637851027756042,0
phishtank,1,0.9996972677031132,1
tranco_benign_proxy,0,0.15246532314172054,0
phishtank,1,0.8642744705975689,1
phishtank,1,0.9754693048199661,1
tranco_benign_proxy,0,0.20020580590421536,0
phishtank,1,0.9846450546032932,1
phishtank,1,0.9993845947838328,1
tranco_benign_proxy,0,0.012196309326457556,0
tranco_benign_proxy,0,0.278230075123601,0
tranco_benign_proxy,0,0.4399739884521252,0
tranco_benign_proxy,0,0.34311726127908243,0
phishtank,1,0.9995591970492048,1
phishtank,1,0.424464258628646,0
phishtank,1,0.9981973111086607,1
tranco_benign_proxy,0,0.07695764015876336,0
tranco_benign_proxy,0,0.27730417355011455,0
tranco_benign_proxy,0,0.8897331762021315,1
tranco_benign_proxy,0,0.5314707164126582,0
tranco_benign_proxy,0,0.23326359688524534,0
phishtank,1,0.6551575500829642,0
phishtank,1,0.99856031159168,1
phishtank,1,0.9955785298091118,1
tranco_benign_proxy,0,0.002385721576502165,0
tranco_benign_proxy,0,0.9831014920429377,1
tranco_benign_proxy,0,0.3961753266631504,0
tranco_benign_proxy,0,0.2830004644345308,0
phishtank,1,0.9997978961541345,1
phishtank,1,0.9087723650307057,1
tranco_benign_proxy,0,0.7272969360347017,0
phishtank,1,0.6418721169413376,0
tranco_benign_proxy,0,0.6763361633699279,0
phishtank,1,0.999943474055894,1
phishtank,1,0.997857225116578,1
phishtank,1,0.9710366822936481,1
phishtank,1,0.9841907112983274,1
phishtank,1,0.999947196032306,1
phishtank,1,0.9977422894642115,1
tranco_benign_proxy,0,0.7762179464189307,1
tranco_benign_proxy,0,0.9647107852107918,1
tranco_benign_proxy,0,0.1615520288987604,0
tranco_benign_proxy,0,0.47913094896955394,0
phishtank,1,0.9857597472672828,1
phishtank,1,0.9978071371852852,1
tranco_benign_proxy,0,0.13099822944081393,0
phishtank,1,0.9901087962353918,1
tranco_benign_proxy,0,0.28031521448556196,0
tranco_benign_proxy,0,0.01371961629179553,0
tranco_benign_proxy,0,0.8780257860946195,1
phishtank,1,0.9804378688573232,1
phishtank,1,0.2685569603067709,0
phishtank,1,0.9990569090274827,1
phishtank,1,0.9996789029943329,1
tranco_benign_proxy,0,0.6958619869856912,0
tranco_benign_proxy,0,0.6293991748027803,0
tranco_benign_proxy,0,0.5149186294484379,0
phishtank,1,0.9966999407498343,1
phishtank,1,0.9999658904258854,1
tranco_benign_proxy,0,0.025264005779086957,0
phishtank,1,0.46154997266821546,0
tranco_benign_proxy,0,0.8073075171344416,1
tranco_benign_proxy,0,0.7550728089893034,0
phishtank,1,0.9988919939375667,1
phishtank,1,0.9991806137404897,1
tranco_benign_proxy,0,0.3061998224946779,0
tranco_benign_proxy,0,0.924750087957289,1
phishtank,1,0.9993182169797552,1
tranco_benign_proxy,0,0.8083722575751408,1
phishtank,1,0.9912141167374057,1
tranco_benign_proxy,0,0.044462556863588146,0
tranco_benign_proxy,0,0.0337479828748035,0
tranco_benign_proxy,0,0.04177642758259719,0
phishtank,1,0.9302977774423246,1
phishtank,1,0.8590978858687098,1
tranco_benign_proxy,0,0.3035987690988941,0
tranco_benign_proxy,0,0.5225236354260688,0
phishtank,1,0.9852592261065282,1
tranco_benign_proxy,0,0.535212444314684,0
phishtank,1,0.9990114349577439,1
phishtank,1,0.9965120180396837,1
phishtank,1,0.9710306695364577,1
phishtank,1,0.9997927968090046,1
tranco_benign_proxy,0,0.94842281055294,1
phishtank,1,0.9853484346830361,1
tranco_benign_proxy,0,0.27548043095029984,0
tranco_benign_proxy,0,0.17569539331654105,0
phishtank,1,0.9986217100527317,1
tranco_benign_proxy,0,0.606954397077791,0
phishtank,1,0.9472434845182558,1
tranco_benign_proxy,0,0.4327460894795412,0
tranco_benign_proxy,0,0.8409915661511559,1
tranco_benign_proxy,0,0.05986656565682981,0
phishtank,1,0.9994044179021894,1
phishtank,1,0.8463183493565447,1
phishtank,1,0.9948467363620334,1
tranco_benign_proxy,0,0.4623606156619311,0
phishtank,1,0.9734099293931958,1
tranco_benign_proxy,0,0.10238416290313682,0
phishtank,1,0.5669997683369273,0
tranco_benign_proxy,0,0.7979783566433661,1
phishtank,1,0.9751158471016799,1
phishtank,1,0.9768390392667242,1
phishtank,1,0.9999976617421763,1
phishtank,1,0.9550168169892148,1
tranco_benign_proxy,0,0.000717222376477307,0
phishtank,1,0.9975923652180338,1
tranco_benign_proxy,0,0.7126034951551832,0
phishtank,1,0.9997280461409624,1
tranco_benign_proxy,0,0.45366160974601955,0
phishtank,1,0.9903630881960576,1
tranco_benign_proxy,0,0.7874098241763667,1
tranco_benign_proxy,0,0.06776510220471511,0
phishtank,1,0.9983656523999332,1
tranco_benign_proxy,0,0.5072628636268312,0
phishtank,1,0.999648927945808,1
phishtank,1,0.9995898561320287,1
tranco_benign_proxy,0,0.2965155054444761,0
phishtank,1,0.9823364675408592,1
tranco_benign_proxy,0,0.07048880933116844,0
phishtank,1,0.9932496200601442,1
tranco_benign_proxy,0,0.7106117415410779,0
tranco_benign_proxy,0,0.9220427809002067,1
phishtank,1,0.9951097377283513,1
tranco_benign_proxy,0,0.135580910642875,0
phishtank,1,0.9652340482043488,1
tranco_benign_proxy,0,0.818349586873893,1
phishtank,1,0.907032304792066,1
phishtank,1,0.7930687456000268,1
phishtank,1,0.997614767819027,1
tranco_benign_proxy,0,0.9329115610267632,1
phishtank,1,0.22415994269339873,0
phishtank,1,0.9964244861215128,1
phishtank,1,0.9827580641414364,1
phishtank,1,0.9998451227934418,1
tranco_benign_proxy,0,0.8105247222261033,1
tranco_benign_proxy,0,0.3998254047982467,0
tranco_benign_proxy,0,0.18220634019946924,0
phishtank,1,0.9949698546358635,1
tranco_benign_proxy,0,0.09601237879124942,0
tranco_benign_proxy,0,0.32901296787342793,0
phishtank,1,0.9999024183681958,1
tranco_benign_proxy,0,0.8941566555549081,1
phishtank,1,0.9976590083167908,1
tranco_benign_proxy,0,0.3771348769455083,0
tranco_benign_proxy,0,0.8441209775350825,1
tranco_benign_proxy,0,0.9152328759514307,1
phishtank,1,0.9187283800205587,1
tranco_benign_proxy,0,0.4934590219470927,0
phishtank,1,0.6611078940286548,0
phishtank,1,0.9829088389447875,1
tranco_benign_proxy,0,0.020341292299558823,0
tranco_benign_proxy,0,0.5035092217956572,0
phishtank,1,0.9606975740607494,1
phishtank,1,0.44406932195539783,0
phishtank,1,0.9955262755533177,1
phishtank,1,0.9955070470345633,1
tranco_benign_proxy,0,0.09087610675891898,0
phishtank,1,0.9943761565060074,1
phishtank,1,0.9767067028050652,1
tranco_benign_proxy,0,0.00026320608145978227,0
tranco_benign_proxy,0,0.22077578999811612,0
tranco_benign_proxy,0,0.020318657885105312,0
tranco_benign_proxy,0,0.7706418320952393,1
tranco_benign_proxy,0,0.10846918905465867,0
tranco_benign_proxy,0,0.8927321972193282,1
phishtank,1,0.16042110965714884,0
tranco_benign_proxy,0,0.3471721221531184,0
tranco_benign_proxy,0,0.8120103811133458,1
tranco_benign_proxy,0,0.2121036748712621,0
phishtank,1,0.9955631386893659,1
phishtank,1,0.9666633587545695,1
phishtank,1,0.8804590750150221,1
phishtank,1,0.996944379227983,1
phishtank,1,0.9927814917302371,1
tranco_benign_proxy,0,0.8696767693908629,1
tranco_benign_proxy,0,0.30524969544757097,0
tranco_benign_proxy,0,0.20311451346104095,0
phishtank,1,0.9968847662080332,1
phishtank,1,0.9996250093026993,1
phishtank,1,0.9975028010216228,1
tranco_benign_proxy,0,0.26535618131429417,0
phishtank,1,0.9677187618531771,1
phishtank,1,0.6533354962513432,0
phishtank,1,0.998922979194006,1
tranco_benign_proxy,0,0.1672907034113676,0
phishtank,1,0.9995237612469167,1
phishtank,1,0.9943647061387498,1
tranco_benign_proxy,0,0.20891173922225387,0
phishtank,1,0.5303286607614615,0
tranco_benign_proxy,0,0.11584754347309742,0
tranco_benign_proxy,0,0.338719972955807,0
tranco_benign_proxy,0,0.02776054482763366,0
tranco_benign_proxy,0,0.866765729338352,1
phishtank,1,0.9973506607102715,1
phishtank,1,0.19542912349476182,0
tranco_benign_proxy,0,0.41889083484776524,0
phishtank,1,0.999674001125443,1
tranco_benign_proxy,0,0.21625907422351126,0
phishtank,1,0.945297243410363,1
tranco_benign_proxy,0,0.6188298992869194,0
phishtank,1,0.9607824401505467,1
tranco_benign_proxy,0,0.04509343627086381,0
tranco_benign_proxy,0,0.41035139567555834,0
phishtank,1,0.9978696804060995,1
phishtank,1,0.9645816463946137,1
tranco_benign_proxy,0,0.3602076922949184,0
tranco_benign_proxy,0,0.06270240877863055,0
phishtank,1,0.37010076584771756,0
phishtank,1,0.9999433685285756,1
phishtank,1,0.9680950865065693,1
tranco_benign_proxy,0,0.36578877685097505,0
tranco_benign_proxy,0,0.4748085903133286,0
tranco_benign_proxy,0,0.3406866967258706,0
tranco_benign_proxy,0,0.05388014822562584,0
tranco_benign_proxy,0,0.35358642307012716,0
phishtank,1,0.9507656915379238,1
phishtank,1,0.17745123940722388,0
tranco_benign_proxy,0,0.07778665400475229,0
tranco_benign_proxy,0,0.7442587644097721,0
tranco_benign_proxy,0,0.20092116949672867,0
tranco_benign_proxy,0,0.20665888180778377,0
phishtank,1,0.15788065399868,0
tranco_benign_proxy,0,0.37705734137303115,0
phishtank,1,0.6201548836094267,0
tranco_benign_proxy,0,0.03462251844111273,0
tranco_benign_proxy,0,0.12285612557086018,0
tranco_benign_proxy,0,0.31864417141197304,0
phishtank,1,0.9861629697208906,1
tranco_benign_proxy,0,0.47361078200756707,0
phishtank,1,0.5797357381587015,0
phishtank,1,0.8974577824884705,1
phishtank,1,0.9997934486501743,1
phishtank,1,0.9972549105312376,1
phishtank,1,0.9691654200794093,1
tranco_benign_proxy,0,0.08324997092262941,0
phishtank,1,0.906531915452505,1
phishtank,1,0.9901500162019616,1
phishtank,1,0.9846160345547389,1
tranco_benign_proxy,0,0.10507785378254345,0
tranco_benign_proxy,0,0.4168823597318665,0
tranco_benign_proxy,0,0.10041268274983418,0
tranco_benign_proxy,0,0.09454885184237974,0
tranco_benign_proxy,0,0.2575042815953662,0
tranco_benign_proxy,0,0.9817948286705559,1
phishtank,1,0.9781119204011675,1
tranco_benign_proxy,0,0.3602644790579728,0
phishtank,1,0.9993438378867676,1
phishtank,1,0.9967752180246626,1
tranco_benign_proxy,0,0.9995998457150566,1
tranco_benign_proxy,0,0.2769173987354662,0
phishtank,1,0.9977002005802728,1
phishtank,1,0.9978562018155676,1
phishtank,1,0.9928097969862473,1
phishtank,1,0.9931640504973163,1
phishtank,1,0.16446253518897516,0
phishtank,1,0.9989203173845106,1
tranco_benign_proxy,0,0.20605989018244705,0
tranco_benign_proxy,0,0.9370789510495184,1
phishtank,1,0.9972257709948296,1
tranco_benign_proxy,0,0.01197552412188744,0
phishtank,1,0.9995773538434278,1
tranco_benign_proxy,0,0.15596354593064382,0
phishtank,1,0.9974729589702074,1
phishtank,1,0.9980727337021273,1
phishtank,1,0.3504182049378695,0
tranco_benign_proxy,0,0.4111679917727055,0
tranco_benign_proxy,0,0.08955930304772429,0
tranco_benign_proxy,0,0.333788738589246,0
tranco_benign_proxy,0,0.6526486616023072,0
phishtank,1,0.9928428172021635,1
tranco_benign_proxy,0,0.17942835718098074,0
phishtank,1,0.9948860987881458,1
phishtank,1,0.9972675665716167,1
phishtank,1,0.9992031060384098,1
tranco_benign_proxy,0,0.045936384924532586,0
phishtank,1,0.9602664879976466,1
tranco_benign_proxy,0,0.9767119292371289,1
tranco_benign_proxy,0,0.8519413181519018,1
tranco_benign_proxy,0,0.3049570343377267,0
phishtank,1,0.9979182847307491,1
tranco_benign_proxy,0,0.21467586858135568,0
phishtank,1,0.9912655589256252,1
phishtank,1,0.10132242163180352,0
phishtank,1,0.9928695260154373,1
tranco_benign_proxy,0,0.11535237710278722,0
phishtank,1,0.9977681836975889,1
phishtank,1,0.9755683489131916,1
phishtank,1,0.925515814558618,1
phishtank,1,0.9668034963514925,1
phishtank,1,0.9979681929923523,1
phishtank,1,0.9997762898646575,1
phishtank,1,0.7663804111834189,0
tranco_benign_proxy,0,0.23540487526395554,0
tranco_benign_proxy,0,0.08276804194524931,0
tranco_benign_proxy,0,0.32463758743749366,0
phishtank,1,0.9951605666307001,1
tranco_benign_proxy,0,0.17353689776984313,0
tranco_benign_proxy,0,0.4193558904398029,0
phishtank,1,0.8473298918666266,1
tranco_benign_proxy,0,0.13006880985154146,0
phishtank,1,0.20618958634863965,0
phishtank,1,0.10222536984715073,0
phishtank,1,0.9744372503459123,1
phishtank,1,0.9947998751910752,1
phishtank,1,0.3722571345751698,0
tranco_benign_proxy,0,0.7092823704512875,0
phishtank,1,0.7312339903511783,0
phishtank,1,0.9908158004737435,1
tranco_benign_proxy,0,0.36662262898738496,0
tranco_benign_proxy,0,0.2813543338110798,0
phishtank,1,0.9018562475307774,1
phishtank,1,0.998725381992056,1
tranco_benign_proxy,0,0.8791071980897891,1
tranco_benign_proxy,0,0.2455917047404644,0
phishtank,1,0.9344382206120266,1
phishtank,1,0.5551347083525037,0
phishtank,1,0.9996152876333211,1
tranco_benign_proxy,0,0.4490579313043332,0
tranco_benign_proxy,0,0.13978521678613032,0
tranco_benign_proxy,0,0.7975928061061459,1
phishtank,1,0.9917268620458847,1
tranco_benign_proxy,0,0.6313496954002777,0
phishtank,1,0.9964308467634386,1
tranco_benign_proxy,0,0.19660273112634954,0
phishtank,1,0.9635639937738647,1
tranco_benign_proxy,0,0.8052828915714891,1
phishtank,1,0.9225758411821781,1
phishtank,1,0.999962857084472,1
tranco_benign_proxy,0,0.38017969041366095,0
tranco_benign_proxy,0,0.03410270818186964,0
phishtank,1,0.992720625631295,1
tranco_benign_proxy,0,0.2911137231312998,0
tranco_benign_proxy,0,0.4880326011922194,0
tranco_benign_proxy,0,0.0873462217120227,0
phishtank,1,0.9996706893627683,1
tranco_benign_proxy,0,0.0711837835003954,0
tranco_benign_proxy,0,0.03331493329001001,0
phishtank,1,0.9976020063131653,1
tranco_benign_proxy,0,0.44628817706193435,0
tranco_benign_proxy,0,0.6073020355950008,0
tranco_benign_proxy,0,0.6094988155162588,0
phishtank,1,0.9360545986336686,1
tranco_benign_proxy,0,0.5240747243110103,0
tranco_benign_proxy,0,0.089709399899289,0
phishtank,1,0.9486163389301573,1
phishtank,1,0.9582901276622516,1
tranco_benign_proxy,0,0.40000913950436406,0
phishtank,1,0.9882758105936954,1
tranco_benign_proxy,0,0.7873422298441631,1
phishtank,1,0.2265484642048034,0
phishtank,1,0.965296340173715,1
tranco_benign_proxy,0,0.6011487740451762,0
phishtank,1,0.993596006706791,1
tranco_benign_proxy,0,0.10057641562695392,0
phishtank,1,0.9994422317009773,1
phishtank,1,0.9998548342997299,1
tranco_benign_proxy,0,0.7693821075328336,1
tranco_benign_proxy,0,0.5908795125248396,0
phishtank,1,0.9986926908730733,1
tranco_benign_proxy,0,0.9925389250429593,1
phishtank,1,0.9945170694691181,1
tranco_benign_proxy,0,0.6779670223414132,0
tranco_benign_proxy,0,0.26652205174667304,0
tranco_benign_proxy,0,0.30180397923462005,0
tranco_benign_proxy,0,0.9419947360654624,1
phishtank,1,0.998600425482899,1
phishtank,1,0.9994477797144623,1
phishtank,1,0.9996086392480963,1
phishtank,1,0.9988854907388734,1
phishtank,1,0.9991745353495455,1
tranco_benign_proxy,0,0.49566716193041865,0
phishtank,1,0.9841050857122183,1
tranco_benign_proxy,0,0.34603283274220276,0
tranco_benign_proxy,0,0.16472498733215782,0
phishtank,1,0.9395662727024899,1
tranco_benign_proxy,0,0.01180202487954026,0
tranco_benign_proxy,0,0.07774632891859014,0
tranco_benign_proxy,0,0.9463295015726159,1
tranco_benign_proxy,0,0.19667277673675984,0
tranco_benign_proxy,0,0.17201675713701783,0
phishtank,1,0.936664885526141,1
tranco_benign_proxy,0,0.14518811885624686,0
tranco_benign_proxy,0,0.9743854217966655,1
phishtank,1,0.9959359160954869,1
tranco_benign_proxy,0,0.07200741289462355,0
tranco_benign_proxy,0,0.3399277690242292,0
phishtank,1,0.9742776551113206,1
phishtank,1,0.8095473782735152,1
tranco_benign_proxy,0,0.9373441448336224,1
tranco_benign_proxy,0,0.684726511943549,0
tranco_benign_proxy,0,0.011135518504762085,0
tranco_benign_proxy,0,0.6998508508678765,0
tranco_benign_proxy,0,0.08019366117958492,0
tranco_benign_proxy,0,0.5995044330295676,0
phishtank,1,0.686978889969938,0
phishtank,1,0.9997407475484975,1
tranco_benign_proxy,0,0.04271346143721896,0
tranco_benign_proxy,0,0.48527525730316734,0
tranco_benign_proxy,0,0.21161710122449437,0
tranco_benign_proxy,0,0.02168715930704865,0
phishtank,1,0.9938338151556014,1
phishtank,1,0.9729194971105619,1
phishtank,1,0.9885271048213132,1
phishtank,1,0.9997713627176275,1
phishtank,1,0.17985534936106057,0
phishtank,1,0.26869526711015873,0
phishtank,1,0.9995786784885273,1
phishtank,1,0.8044178709318149,1
tranco_benign_proxy,0,0.08557989731004206,0
tranco_benign_proxy,0,0.7907949807959712,1
tranco_benign_proxy,0,0.21494519579449525,0
tranco_benign_proxy,0,0.11529600637543921,0
phishtank,1,0.987971447241135,1
phishtank,1,0.7270055449774455,0
tranco_benign_proxy,0,0.216060635745768,0
phishtank,1,0.9998018944738724,1
tranco_benign_proxy,0,0.06848308872571007,0
tranco_benign_proxy,0,0.21657235875449213,0
phishtank,1,0.9828271858477388,1
tranco_benign_proxy,0,0.9550883874707852,1
phishtank,1,0.9801706563241345,1
phishtank,1,0.995855176561911,1
phishtank,1,0.9998427175593636,1
phishtank,1,0.8900052396501124,1
phishtank,1,0.9760336697857283,1
phishtank,1,0.9991987775980704,1
phishtank,1,0.996642018084746,1
phishtank,1,0.9999541705554356,1
phishtank,1,0.9935348667936118,1
tranco_benign_proxy,0,0.9813546024329154,1
tranco_benign_proxy,0,0.6595397750333146,0
phishtank,1,0.9985552795699801,1
tranco_benign_proxy,0,0.033650319284297285,0
phishtank,1,0.9985214352415556,1
phishtank,1,0.9243373590995055,1
phishtank,1,0.9954021711965387,1
phishtank,1,0.5095953596792505,0
phishtank,1,0.9850606835026811,1
tranco_benign_proxy,0,0.16883091478009876,0
phishtank,1,0.9921404759914703,1
phishtank,1,0.5954522102359993,0
phishtank,1,0.9906600763970218,1
tranco_benign_proxy,0,0.15105229817276986,0
tranco_benign_proxy,0,0.9684216193995225,1
phishtank,1,0.19374489667214484,0
tranco_benign_proxy,0,0.12051074508418123,0
tranco_benign_proxy,0,0.8099673585070442,1
tranco_benign_proxy,0,0.9742805667096343,1
phishtank,1,0.9999641039701497,1
phishtank,1,0.9970893536168478,1
tranco_benign_proxy,0,0.09837915503228589,0
phishtank,1,0.9971721734278428,1
phishtank,1,0.9683085987911688,1
tranco_benign_proxy,0,0.33496562345162945,0
phishtank,1,0.8195004276920159,1
tranco_benign_proxy,0,0.8287406865004086,1
tranco_benign_proxy,0,0.004505901719744749,0
phishtank,1,0.9374058172732118,1
phishtank,1,0.5837787889690752,0
phishtank,1,0.952338732971852,1
tranco_benign_proxy,0,0.3951070171126831,0
phishtank,1,0.7928490961131858,1
tranco_benign_proxy,0,0.3158609312273337,0
phishtank,1,0.9990374884337284,1
phishtank,1,0.9999764185158188,1
tranco_benign_proxy,0,0.36711067981039475,0
phishtank,1,0.9871051863533087,1
tranco_benign_proxy,0,0.010123104727076128,0
tranco_benign_proxy,0,0.4646845668555029,0
phishtank,1,0.9101368670441993,1
phishtank,1,0.9990506957122148,1
phishtank,1,0.9999141073555906,1
phishtank,1,0.987304963499278,1
tranco_benign_proxy,0,0.1927697278671489,0
phishtank,1,0.19761335334498611,0
phishtank,1,0.2431371803568099,0
phishtank,1,0.9414745746911282,1
phishtank,1,0.9574775763195601,1
phishtank,1,0.9053378410644984,1
phishtank,1,0.9990112234667724,1
tranco_benign_proxy,0,0.8551020641296976,1
tranco_benign_proxy,0,0.03166200944161551,0
tranco_benign_proxy,0,0.941849073154506,1
tranco_benign_proxy,0,0.11058624266321715,0
phishtank,1,0.9915803109838188,1
phishtank,1,0.9926234161265206,1
phishtank,1,0.999039138276259,1
phishtank,1,0.9503879358138633,1
tranco_benign_proxy,0,0.7054656220792979,0
tranco_benign_proxy,0,0.8471067201946483,1
tranco_benign_proxy,0,0.006583004596257305,0
phishtank,1,0.992322121781924,1
tranco_benign_proxy,0,0.03257719717355496,0
tranco_benign_proxy,0,0.2545496615301677,0
phishtank,1,0.9983418539440947,1
phishtank,1,0.9996690587021869,1
phishtank,1,0.14353653466038965,0
phishtank,1,0.9993195804914939,1
phishtank,1,0.9994826765398503,1
phishtank,1,0.9811339684332328,1
tranco_benign_proxy,0,0.8291810013067029,1
phishtank,1,0.03137681355967982,0
tranco_benign_proxy,0,0.15237005428087017,0
tranco_benign_proxy,0,0.9733186564223774,1
phishtank,1,0.6856199355319043,0
tranco_benign_proxy,0,0.04865474380678701,0
tranco_benign_proxy,0,0.09061697402941314,0
tranco_benign_proxy,0,0.3057825537286779,0
phishtank,1,0.9995981867677212,1
tranco_benign_proxy,0,0.7574250352962308,0
tranco_benign_proxy,0,0.4544720109147149,0
tranco_benign_proxy,0,0.9027856343646653,1
phishtank,1,0.9977994577287717,1
phishtank,1,0.1050650269020856,0
tranco_benign_proxy,0,0.4446054356055679,0
tranco_benign_proxy,0,0.5908742613548295,0
tranco_benign_proxy,0,0.5752098506539575,0
phishtank,1,0.9931275262612018,1
tranco_benign_proxy,0,0.07193593592238255,0
phishtank,1,0.9909100275503564,1
tranco_benign_proxy,0,0.5601330781039541,0
phishtank,1,0.9961555705261548,1
phishtank,1,0.9573155690979623,1
tranco_benign_proxy,0,0.7541158192275519,0
tranco_benign_proxy,0,0.5885766881525846,0
tranco_benign_proxy,0,0.5429034749364163,0
phishtank,1,0.9987232953696467,1
phishtank,1,0.9838513712397582,1
tranco_benign_proxy,0,0.10872044325471383,0
phishtank,1,0.14519957380370324,0
phishtank,1,0.9980588610300297,1
tranco_benign_proxy,0,0.4859915893953685,0
phishtank,1,0.09097155218193174,0
phishtank,1,0.9842257224823099,1
phishtank,1,0.843091463849114,1
tranco_benign_proxy,0,0.4705141005186515,0
tranco_benign_proxy,0,0.40854543616004896,0
phishtank,1,0.9412681259586387,1
tranco_benign_proxy,0,0.8523034329987765,1
phishtank,1,0.9900855230773405,1
phishtank,1,0.9951446630347894,1
phishtank,1,0.9214901551877741,1
tranco_benign_proxy,0,0.851731802527034,1
tranco_benign_proxy,0,0.2272291545007172,0
tranco_benign_proxy,0,0.6970303199417474,0
phishtank,1,0.9485416893579894,1
phishtank,1,0.15175824749182137,0
tranco_benign_proxy,0,0.004726507509537114,0
phishtank,1,0.9999581223561363,1
tranco_benign_proxy,0,0.848773990673202,1
phishtank,1,0.37659307170286427,0
tranco_benign_proxy,0,0.3030759704823833,0
tranco_benign_proxy,0,0.4600534449450601,0
tranco_benign_proxy,0,0.4476647830518665,0
tranco_benign_proxy,0,0.237308849192638,0
tranco_benign_proxy,0,0.23213861521612433,0
tranco_benign_proxy,0,0.9817482976189429,1
tranco_benign_proxy,0,0.3297795565853775,0
tranco_benign_proxy,0,0.032188850628733216,0
phishtank,1,0.5457916177064404,0
phishtank,1,0.9920080524419278,1
phishtank,1,0.9743126078011113,1
phishtank,1,0.9484360789349645,1
phishtank,1,0.9950874312082638,1
phishtank,1,0.9877846291836332,1
phishtank,1,0.8467886227660131,1
tranco_benign_proxy,0,0.04866567685422028,0
phishtank,1,0.999127919914417,1
tranco_benign_proxy,0,0.1522443576421884,0
tranco_benign_proxy,0,0.11157999552478486,0
phishtank,1,0.9905719376324891,1
tranco_benign_proxy,0,0.16739951600748862,0
phishtank,1,0.9963957388603827,1
phishtank,1,0.9954706253529032,1
phishtank,1,0.983794991709393,1
phishtank,1,0.948819982372202,1
phishtank,1,0.999886020188329,1
phishtank,1,0.9600580796726542,1
tranco_benign_proxy,0,0.1875017565541588,0
phishtank,1,0.9796966502383658,1
tranco_benign_proxy,0,0.06641454088804817,0
tranco_benign_proxy,0,0.38513124176246194,0
tranco_benign_proxy,0,0.511265271469561,0
phishtank,1,0.9766132400602442,1
tranco_benign_proxy,0,0.33490199129901427,0
phishtank,1,0.9982036626398842,1
tranco_benign_proxy,0,0.05363553062973537,0
tranco_benign_proxy,0,0.39442381244645475,0
tranco_benign_proxy,0,0.021842597203429816,0
phishtank,1,0.9998138494399812,1
phishtank,1,0.4009926356754429,0
tranco_benign_proxy,0,0.5150960653120293,0
phishtank,1,0.9857443476841417,1
phishtank,1,0.9999130502164459,1
tranco_benign_proxy,0,0.9903662877954142,1
phishtank,1,0.9999714555206484,1
phishtank,1,0.43581998194206106,0
phishtank,1,0.9117220605792528,1
tranco_benign_proxy,0,0.9924049220496296,1
phishtank,1,0.9620013173000218,1
tranco_benign_proxy,0,0.8909090530177118,1
phishtank,1,0.4937682575579141,0
phishtank,1,0.890720320902504,1
tranco_benign_proxy,0,0.9356062415477505,1
phishtank,1,0.8863311733633193,1
tranco_benign_proxy,0,0.8955364018057503,1
phishtank,1,0.9080494149456361,1
tranco_benign_proxy,0,0.1046498877263666,0
tranco_benign_proxy,0,0.05194505722165624,0
tranco_benign_proxy,0,0.3349427446438097,0
tranco_benign_proxy,0,0.5320072791494166,0
tranco_benign_proxy,0,0.24098369285907723,0
phishtank,1,0.9955180521240308,1
phishtank,1,0.9966775815621737,1
tranco_benign_proxy,0,0.440123310366416,0
phishtank,1,0.8502044734231162,1
tranco_benign_proxy,0,0.02334050600839338,0
tranco_benign_proxy,0,0.16101246052727647,0
phishtank,1,0.15608181099902066,0
tranco_benign_proxy,0,0.14275237681100286,0
tranco_benign_proxy,0,0.2241164771029071,0
phishtank,1,0.9999225385269362,1
tranco_benign_proxy,0,0.18162674975413157,0
tranco_benign_proxy,0,0.3628140747244487,0
phishtank,1,0.9875531844569572,1
tranco_benign_proxy,0,0.8885726704391032,1
tranco_benign_proxy,0,0.2389220738379566,0
phishtank,1,0.9640282195529437,1
tranco_benign_proxy,0,0.1834392099691017,0
tranco_benign_proxy,0,0.0061333972944838215,0
tranco_benign_proxy,0,0.14152539941667527,0
tranco_benign_proxy,0,0.20053271613974985,0
phishtank,1,0.9772318661088727,1
tranco_benign_proxy,0,0.9852407019136311,1
phishtank,1,0.9776512851095098,1
phishtank,1,0.839477863668139,1
phishtank,1,0.9789646727381619,1
tranco_benign_proxy,0,0.04644793815007687,0
phishtank,1,0.6079116555287953,0
tranco_benign_proxy,0,0.7363300810960025,0
phishtank,1,0.8329188541676152,1
tranco_benign_proxy,0,0.29451251921942334,0
tranco_benign_proxy,0,0.043848637124788085,0
phishtank,1,0.9878785966752975,1
phishtank,1,0.9926236168026702,1
tranco_benign_proxy,0,0.1409514199748439,0
phishtank,1,0.971200817799189,1
phishtank,1,0.2531747139540751,0
tranco_benign_proxy,0,0.8681670048313076,1
phishtank,1,0.8931533197724387,1
tranco_benign_proxy,0,0.26130466037593253,0
tranco_benign_proxy,0,0.43811382448778313,0
phishtank,1,0.9929616607717293,1
tranco_benign_proxy,0,0.42918984288003936,0
tranco_benign_proxy,0,0.33730517746421684,0
phishtank,1,0.9778806750830707,1
tranco_benign_proxy,0,0.22685738122679283,0
tranco_benign_proxy,0,0.019969126565654992,0
phishtank,1,0.9871834473197106,1
tranco_benign_proxy,0,0.24592083109746082,0
phishtank,1,0.9874485085626039,1
phishtank,1,0.5396641239624979,0
tranco_benign_proxy,0,0.09453169917128801,0
phishtank,1,0.9707666765206903,1
phishtank,1,0.9974464482458691,1
phishtank,1,0.9999082107092586,1
tranco_benign_proxy,0,0.5447316151071966,0
phishtank,1,0.9998676858706852,1
tranco_benign_proxy,0,0.1928727414383858,0
tranco_benign_proxy,0,0.783895139660583,1
phishtank,1,0.5145864465947209,0
tranco_benign_proxy,0,0.9540821323282958,1
tranco_benign_proxy,0,0.3945470557617805,0
phishtank,1,0.9866799558632243,1
tranco_benign_proxy,0,0.13268568370138378,0
phishtank,1,0.9998616627265836,1
phishtank,1,0.9994948739714784,1
tranco_benign_proxy,0,0.7995096600177628,1
tranco_benign_proxy,0,0.9018780657958803,1
phishtank,1,0.999487583278778,1
tranco_benign_proxy,0,0.9278876744652602,1
phishtank,1,0.999736031348296,1
tranco_benign_proxy,0,0.9724724675940344,1
tranco_benign_proxy,0,0.18207098817240513,0
tranco_benign_proxy,0,0.8436474165845488,1
tranco_benign_proxy,0,0.19546809006927565,0
tranco_benign_proxy,0,0.0389066809424673,0
tranco_benign_proxy,0,0.05930658238419004,0
tranco_benign_proxy,0,0.9080803360954293,1
tranco_benign_proxy,0,0.5102772300381733,0
tranco_benign_proxy,0,0.7221908089831925,0
tranco_benign_proxy,0,0.7264423669338862,0
phishtank,1,0.9984386294684168,1
tranco_benign_proxy,0,0.30540727463492395,0
tranco_benign_proxy,0,0.4342248405027139,0
tranco_benign_proxy,0,0.19450571523558785,0
phishtank,1,0.9855312442157167,1
phishtank,1,0.9988303809042277,1
phishtank,1,0.9930851437030033,1
tranco_benign_proxy,0,0.6807173279192619,0
tranco_benign_proxy,0,0.2293976724835657,0
tranco_benign_proxy,0,0.8182374263775108,1
tranco_benign_proxy,0,0.7781433093662972,1
phishtank,1,0.9893533108644871,1
tranco_benign_proxy,0,0.016974152019267982,0
phishtank,1,0.9887337089203914,1
phishtank,1,0.9807886702387851,1
tranco_benign_proxy,0,0.20670463913012133,0
phishtank,1,0.7141168862343016,0
tranco_benign_proxy,0,0.37754851974261744,0
tranco_benign_proxy,0,0.8027046550372077,1
tranco_benign_proxy,0,0.7443046074690036,0
phishtank,1,0.9600189041376717,1
tranco_benign_proxy,0,0.19410336807965078,0
tranco_benign_proxy,0,0.9144827603029548,1
phishtank,1,0.9998631076443291,1
tranco_benign_proxy,0,0.19284984841913036,0
tranco_benign_proxy,0,0.7354864892010288,0
phishtank,1,0.9980329318242525,1
phishtank,1,0.9793033817489782,1
phishtank,1,0.8964921547343545,1
phishtank,1,0.194690187657653,0
tranco_benign_proxy,0,0.3136910100319325,0
phishtank,1,0.9996975838357421,1
phishtank,1,0.9998145924934118,1
tranco_benign_proxy,0,0.9130323998017146,1
phishtank,1,0.9821523766287726,1
tranco_benign_proxy,0,0.12308331093409386,0
phishtank,1,0.9865032615720252,1
phishtank,1,0.9991504809583268,1
tranco_benign_proxy,0,0.40217045083330916,0
phishtank,1,0.9984631701515785,1
phishtank,1,0.9904987480343626,1
tranco_benign_proxy,0,0.05707253259474727,0
tranco_benign_proxy,0,0.9013241142609879,1
tranco_benign_proxy,0,0.5474756113840246,0
phishtank,1,0.9820930398936363,1
phishtank,1,0.9717845797660143,1
tranco_benign_proxy,0,0.24413917174082367,0
phishtank,1,0.7970736000604698,1
phishtank,1,0.9687533532078885,1
tranco_benign_proxy,0,0.10200740985377642,0
tranco_benign_proxy,0,0.30999304656400617,0
phishtank,1,0.9894931317675093,1
tranco_benign_proxy,0,0.49223199904526754,0
phishtank,1,0.9988455133466446,1
tranco_benign_proxy,0,0.18418416976611854,0
tranco_benign_proxy,0,0.42540509644917923,0
tranco_benign_proxy,0,0.07945985552648253,0
tranco_benign_proxy,0,0.8210563023026757,1
tranco_benign_proxy,0,0.9124064438081502,1
phishtank,1,0.7156347373649244,0
tranco_benign_proxy,0,0.09665851527049263,0
phishtank,1,0.9973906224524006,1
phishtank,1,0.9978896149572508,1
phishtank,1,0.9997525617823086,1
phishtank,1,0.9986496544958717,1
phishtank,1,0.988293295184233,1
phishtank,1,0.9995430471919472,1
phishtank,1,0.9812338743455623,1
phishtank,1,0.155031330353837,0
phishtank,1,0.9976333856362952,1
phishtank,1,0.9970016127787812,1
tranco_benign_proxy,0,0.9251759707239203,1
tranco_benign_proxy,0,0.10792981322700883,0
phishtank,1,0.9790698180243981,1
phishtank,1,0.7356172252014178,0
phishtank,1,0.9830917170984347,1
tranco_benign_proxy,0,0.9575699423767976,1
tranco_benign_proxy,0,0.2713595330417344,0
phishtank,1,0.9931109973492078,1
phishtank,1,0.8277173930332203,1
phishtank,1,0.991785689409112,1
tranco_benign_proxy,0,0.10844433141928429,0
phishtank,1,0.9998462602863813,1
phishtank,1,0.9994513708964176,1
tranco_benign_proxy,0,0.9188660425845233,1
tranco_benign_proxy,0,0.08095204174425813,0
tranco_benign_proxy,0,0.46828881395112676,0
tranco_benign_proxy,0,0.09957381142819735,0
tranco_benign_proxy,0,0.0994892535682816,0
tranco_benign_proxy,0,0.051712663714365045,0
tranco_benign_proxy,0,0.956233694737682,1
phishtank,1,0.9945263015799817,1
tranco_benign_proxy,0,0.35206467824628424,0
phishtank,1,0.9891908418788115,1
phishtank,1,0.6823698500991672,0
phishtank,1,0.9764156223907935,1
phishtank,1,0.9999099733133958,1
phishtank,1,0.7924206856479266,1
phishtank,1,0.1252261836425411,0
phishtank,1,0.8245221653248882,1
tranco_benign_proxy,0,0.03513920903357527,0
tranco_benign_proxy,0,0.5494207452678004,0
phishtank,1,0.9974531846980611,1
phishtank,1,0.060397056210636534,0
phishtank,1,0.8973285914469147,1
phishtank,1,0.9996701142770694,1
tranco_benign_proxy,0,0.016736699108112228,0
phishtank,1,0.8469172674466627,1
tranco_benign_proxy,0,0.15681934097357408,0
phishtank,1,0.9991433221933111,1
tranco_benign_proxy,0,0.4912747130726226,0
phishtank,1,0.9977312871893592,1
tranco_benign_proxy,0,0.9283689652279208,1
phishtank,1,0.9864640444495445,1
tranco_benign_proxy,0,0.2014809133620195,0
phishtank,1,0.9976628986867141,1
tranco_benign_proxy,0,0.0013599511572868507,0
tranco_benign_proxy,0,0.4302817832692086,0
tranco_benign_proxy,0,0.6314389844363563,0
tranco_benign_proxy,0,0.8716845882064131,1
phishtank,1,0.9594623475133778,1
phishtank,1,0.940531068850588,1
tranco_benign_proxy,0,0.1609535700903813,0
tranco_benign_proxy,0,0.4033689277147764,0
phishtank,1,0.9825501069198308,1
phishtank,1,0.9629073496579178,1
phishtank,1,0.9741562965327527,1
phishtank,1,0.28190694251896325,0
tranco_benign_proxy,0,0.3692085192635619,0
phishtank,1,0.9975810085797806,1
phishtank,1,0.9979917753266898,1
phishtank,1,0.9993449661916368,1
tranco_benign_proxy,0,0.004177263019341644,0
phishtank,1,0.979955707507381,1
tranco_benign_proxy,0,0.010144191260435103,0
tranco_benign_proxy,0,0.1572319957897048,0
phishtank,1,0.7316149903423231,0
tranco_benign_proxy,0,0.16049253408345077,0
phishtank,1,0.9984052093563524,1
tranco_benign_proxy,0,0.4361104830825952,0
phishtank,1,0.9560526772948122,1
phishtank,1,0.8412604749223539,1
tranco_benign_proxy,0,0.7527822449803159,0
phishtank,1,0.9896927647971123,1
phishtank,1,0.9995149643431801,1
tranco_benign_proxy,0,0.14177022300234415,0
tranco_benign_proxy,0,0.2621731239947908,0
