source,target,score,prediction
tranco_benign_proxy,0,0.10306955195222538,0
tranco_benign_proxy,0,0.8496352379324306,1
tranco_benign_proxy,0,0.3837262363875569,0
tranco_benign_proxy,0,0.6519362915334621,0
phishtank,1,0.9975847515133125,1
phishtank,1,0.9983514439299395,1
phishtank,1,0.9462650810355001,1
phishtank,1,0.9915429159416645,1
tranco_benign_proxy,0,0.1922172949390919,0
phishtank,1,0.9272583295996921,1
phishtank,1,0.9512633306069492,1
phishtank,1,0.9974200783912536,1
tranco_benign_proxy,0,0.012846727957535558,0
tranco_benign_proxy,0,0.23146633491910878,0
tranco_benign_proxy,0,0.04595321450237815,0
phishtank,1,0.9906845400932066,1
tranco_benign_proxy,0,0.5594032270753031,0
tranco_benign_proxy,0,0.11780281736496426,0
tranco_benign_proxy,0,0.24170826730594255,0
phishtank,1,0.9920111887595816,1
phishtank,1,0.999776593416952,1
tranco_benign_proxy,0,0.8070744245403694,1
tranco_benign_proxy,0,0.07583117882449135,0
phishtank,1,0.9219397388702478,1
tranco_benign_proxy,0,0.1645068843038397,0
tranco_benign_proxy,0,0.09131548008992348,0
phishtank,1,0.9998580886392735,1
phishtank,1,0.9999184329082064,1
phishtank,1,0.9803800683882559,1
tranco_benign_proxy,0,0.13719067488033204,0
tranco_benign_proxy,0,0.40294474765479515,0
phishtank,1,0.8900970622514223,1
tranco_benign_proxy,0,0.26393639016370657,0
phishtank,1,0.9571222495098692,1
phishtank,1,0.9998378232845974,1
tranco_benign_proxy,0,0.011061739450815707,0
phishtank,1,0.9773625936850061,1
phishtank,1,0.09866397417815927,0
phishtank,1,0.9987975439956308,1
phishtank,1,0.8241528365450812,1
phishtank,1,0.982910992240133,1
phishtank,1,0.9981891214604354,1
tranco_benign_proxy,0,0.009891229437494374,0
tranco_benign_proxy,0,0.8862278269781376,1
phishtank,1,0.9999234170282544,1
tranco_benign_proxy,0,0.10424793769706356,0
tranco_benign_proxy,0,0.8149797128826932,1
phishtank,1,0.9686460127839882,1
phishtank,1,0.9984537011421507,1
phishtank,1,0.7796209789107306,1
tranco_benign_proxy,0,0.027037596072819463,0
phishtank,1,0.9991194822492189,1
phishtank,1,0.9917792585386599,1
phishtank,1,0.93415472908014,1
tranco_benign_proxy,0,0.06544675001864927,0
phishtank,1,0.7674135193552722,1
tranco_benign_proxy,0,0.21146184757138178,0
tranco_benign_proxy,0,0.2685646415415712,0
phishtank,1,0.9917342740284889,1
tranco_benign_proxy,0,0.06408622627435114,0
phishtank,1,0.9650267158678678,1
tranco_benign_proxy,0,0.42915593285674825,0
tranco_benign_proxy,0,0.11559815865633181,0
phishtank,1,0.9879100682084481,1
tranco_benign_proxy,0,0.9768415924772462,1
phishtank,1,0.9997020627634029,1
phishtank,1,0.9999732952206556,1
phishtank,1,0.9930188823227846,1
tranco_benign_proxy,0,0.014984357273393535,0
tranco_benign_proxy,0,0.4072247822221233,0
phishtank,1,0.8665156932131653,1
phishtank,1,0.9954210075924276,1
phishtank,1,0.07372543998703589,0
tranco_benign_proxy,0,0.0720335632236256,0
phishtank,1,0.9998844218730719,1
phishtank,1,0.9998315640694792,1
tranco_benign_proxy,0,0.4846583258470931,0
phishtank,1,0.9928353482621974,1
tranco_benign_proxy,0,0.22020891612386773,0
tranco_benign_proxy,0,0.23945696126935967,0
tranco_benign_proxy,0,0.09213870263032574,0
phishtank,1,0.9569176209631458,1
tranco_benign_proxy,0,0.454169183000527,0
tranco_benign_proxy,0,0.13320959017107,0
phishtank,1,0.9902675530275072,1
tranco_benign_proxy,0,0.06923550255534906,0
tranco_benign_proxy,0,0.7172907193605369,1
phishtank,1,0.9724324468601048,1
phishtank,1,0.9984072314202769,1
phishtank,1,0.996841829940837,1
phishtank,1,0.8029711055973541,1
phishtank,1,0.8925619759999206,1
tranco_benign_proxy,0,0.7380193057028751,1
phishtank,1,0.12667955979362058,0
phishtank,1,0.9474747149985037,1
tranco_benign_proxy,0,0.05672766580513367,0
tranco_benign_proxy,0,0.2531526184086511,0
tranco_benign_proxy,0,0.13556427133277318,0
phishtank,1,0.9999619260729252,1
phishtank,1,0.9715529716595669,1
tranco_benign_proxy,0,0.09636131851555241,0
phishtank,1,0.9819914646725538,1
tranco_benign_proxy,0,0.44888550787707804,0
phishtank,1,0.9999865869706358,1
phishtank,1,0.9799426107010475,1
phishtank,1,0.9996104934671071,1
tranco_benign_proxy,0,0.758100698217589,1
tranco_benign_proxy,0,0.32916169232519155,0
phishtank,1,0.987113174995472,1
tranco_benign_proxy,0,0.2853205946423627,0
tranco_benign_proxy,0,0.3025706091579257,0
phishtank,1,0.9984193040856464,1
tranco_benign_proxy,0,0.025342642731453247,0
phishtank,1,0.9941072047119645,1
tranco_benign_proxy,0,0.05670797207261887,0
phishtank,1,0.9731561417714956,1
phishtank,1,0.9232639202553086,1
phishtank,1,0.9330512978438378,1
phishtank,1,0.9942056484910968,1
tranco_benign_proxy,0,0.3513049399043919,0
phishtank,1,0.9995709669763163,1
phishtank,1,0.9680482843325482,1
tranco_benign_proxy,0,0.28443735220679156,0
tranco_benign_proxy,0,0.06382323575630759,0
tranco_benign_proxy,0,0.1959112766301692,0
tranco_benign_proxy,0,0.9824072935372996,1
tranco_benign_proxy,0,0.31229532783870034,0
phishtank,1,0.9823062776330193,1
phishtank,1,0.7576027132548193,1
phishtank,1,0.9991878016636901,1
tranco_benign_proxy,0,0.41253623709692205,0
tranco_benign_proxy,0,0.22294198749013325,0
tranco_benign_proxy,0,0.9739481350130306,1
tranco_benign_proxy,0,0.20228124823380236,0
phishtank,1,0.984829954597351,1
tranco_benign_proxy,0,0.1805045429069653,0
tranco_benign_proxy,0,0.5460478403021785,0
phishtank,1,0.9986077483333945,1
phishtank,1,0.9931936056574043,1
tranco_benign_proxy,0,0.2066886065573092,0
phishtank,1,0.3304966043653918,0
tranco_benign_proxy,0,0.2015250589135653,0
phishtank,1,0.9989641383851535,1
phishtank,1,0.9851897250810873,1
tranco_benign_proxy,0,0.03405350610554653,0
tranco_benign_proxy,0,0.051693183476897005,0
phishtank,1,0.9975132712490483,1
phishtank,1,0.9705215272022957,1
phishtank,1,0.3375312493650326,0
phishtank,1,0.9999978418370393,1
phishtank,1,0.9431998856358801,1
tranco_benign_proxy,0,0.02839025074366722,0
phishtank,1,0.9989112392621038,1
tranco_benign_proxy,0,0.8372000733171683,1
tranco_benign_proxy,0,0.763419270459919,1
phishtank,1,0.9412826088460733,1
tranco_benign_proxy,0,0.9337772540012538,1
tranco_benign_proxy,0,0.087703089773989,0
tranco_benign_proxy,0,0.09887565739565804,0
phishtank,1,0.9910504486387083,1
phishtank,1,0.9999074077145524,1
phishtank,1,0.981324383136917,1
tranco_benign_proxy,0,0.8647672622515894,1
tranco_benign_proxy,0,0.9620875420731252,1
phishtank,1,0.9983196512058805,1
phishtank,1,0.9982149595713266,1
tranco_benign_proxy,0,0.03710309713817367,0
phishtank,1,0.9998521076362085,1
phishtank,1,0.9589197338784586,1
tranco_benign_proxy,0,0.31711535119765194,0
tranco_benign_proxy,0,0.1321515961137807,0
phishtank,1,0.9965131583990409,1
phishtank,1,0.9939090690982076,1
phishtank,1,0.949393597763752,1
tranco_benign_proxy,0,0.09365512058068472,0
tranco_benign_proxy,0,0.0801607426404166,0
phishtank,1,0.9711831597612745,1
tranco_benign_proxy,0,0.977293416909933,1
phishtank,1,0.6182106571640202,0
phishtank,1,0.9374372243198758,1
tranco_benign_proxy,0,0.6370841486354359,0
tranco_benign_proxy,0,0.6057831394506784,0
phishtank,1,0.9703457731158853,1
phishtank,1,0.9999546690660824,1
phishtank,1,0.9989322119525681,1
tranco_benign_proxy,0,0.23864046806031,0
phishtank,1,0.9998958150615591,1
tranco_benign_proxy,0,0.05611456869506942,0
tranco_benign_proxy,0,0.10379608775342557,0
phishtank,1,0.955156092526363,1
tranco_benign_proxy,0,0.273867366979595,0
tranco_benign_proxy,0,0.8794498250715455,1
tranco_benign_proxy,0,0.051409984197996084,0
phishtank,1,0.6636249581424161,0
tranco_benign_proxy,0,0.9382154479968694,1
tranco_benign_proxy,0,0.045511870075296744,0
phishtank,1,0.6994408835004294,1
phishtank,1,0.9911071001530287,1
tranco_benign_proxy,0,0.15339710688090175,0
phishtank,1,0.9991332738819271,1
tranco_benign_proxy,0,0.015822825287783518,0
tranco_benign_proxy,0,0.006817681943751437,0
tranco_benign_proxy,0,0.9394798233374931,1
tranco_benign_proxy,0,0.32024566991771847,0
tranco_benign_proxy,0,0.00913683644164654,0
tranco_benign_proxy,0,0.11179114953405732,0
phishtank,1,0.06175018249855154,0
phishtank,1,0.9768925972563164,1
tranco_benign_proxy,0,0.26431266963041417,0
tranco_benign_proxy,0,0.43226076423838583,0
tranco_benign_proxy,0,0.05417985655644468,0
phishtank,1,0.9979805663066748,1
phishtank,1,0.7180130255146009,1
phishtank,1,0.9135456888518965,1
tranco_benign_proxy,0,0.38762268519046195,0
phishtank,1,0.9928353879020179,1
tranco_benign_proxy,0,0.6808806929313168,0
tranco_benign_proxy,0,0.8802813203868318,1
phishtank,1,0.998074209542663,1
tranco_benign_proxy,0,0.2640338649807036,0
tranco_benign_proxy,0,0.9621922193978669,1
tranco_benign_proxy,0,0.9264313551022768,1
phishtank,1,0.9865595256513014,1
phishtank,1,0.9880566269267228,1
phishtank,1,0.9911447582274745,1
phishtank,1,0.999927104282572,1
phishtank,1,0.9999840943341286,1
tranco_benign_proxy,0,0.4666323201573513,0
tranco_benign_proxy,0,0.049487846136177606,0
phishtank,1,0.9865220454114862,1
tranco_benign_proxy,0,0.19989423753052085,0
phishtank,1,0.993831701118664,1
tranco_benign_proxy,0,0.3193547845334765,0
tranco_benign_proxy,0,0.1895489805987976,0
phishtank,1,0.9486300903956223,1
tranco_benign_proxy,0,0.982790390482814,1
tranco_benign_proxy,0,0.1470354984757587,0
tranco_benign_proxy,0,0.1345183594333046,0
phishtank,1,0.9907526568539151,1
phishtank,1,0.9925203399447831,1
phishtank,1,0.9914933403065176,1
phishtank,1,0.9900799250766599,1
tranco_benign_proxy,0,0.2685015707029611,0
phishtank,1,0.6433231794395547,0
tranco_benign_proxy,0,0.09102423820576147,0
phishtank,1,0.9963508827019443,1
phishtank,1,0.9616555913010927,1
tranco_benign_proxy,0,0.980734008658586,1
phishtank,1,0.9006189241197852,1
tranco_benign_proxy,0,0.0012577433305773224,0
phishtank,1,0.9682383088473262,1
phishtank,1,0.9666194601939463,1
phishtank,1,0.8832670078445493,1
phishtank,1,0.9987152714659193,1
phishtank,1,0.9983987148185703,1
tranco_benign_proxy,0,0.8689807155936754,1
phishtank,1,0.13211054382705742,0
phishtank,1,0.9807039693463591,1
tranco_benign_proxy,0,0.05100325140049419,0
phishtank,1,0.986441501478297,1
phishtank,1,0.9948790908522653,1
phishtank,1,0.9923336700779931,1
tranco_benign_proxy,0,0.0910075089492015,0
tranco_benign_proxy,0,0.30029615884964433,0
tranco_benign_proxy,0,0.3429200242598988,0
phishtank,1,0.9954003846703153,1
phishtank,1,0.9914858726936202,1
phishtank,1,0.9970074541423749,1
phishtank,1,0.7763937900780115,1
phishtank,1,0.9669344633134528,1
tranco_benign_proxy,0,0.12420979954865442,0
tranco_benign_proxy,0,0.7977333594778997,1
phishtank,1,0.9742408148444008,1
phishtank,1,0.9999173768235124,1
tranco_benign_proxy,0,0.9864046363853445,1
phishtank,1,0.9998517840732394,1
tranco_benign_proxy,0,0.29956354988110534,0
tranco_benign_proxy,0,0.9450463676936852,1
phishtank,1,0.9609663994100369,1
tranco_benign_proxy,0,0.2969836460748881,0
phishtank,1,0.9891503486996909,1
phishtank,1,0.9618338047701738,1
phishtank,1,0.9908208972581654,1
tranco_benign_proxy,0,0.0015034182867202368,0
phishtank,1,0.9966775509345823,1
tranco_benign_proxy,0,0.10891421305322563,0
tranco_benign_proxy,0,0.9806971499777504,1
phishtank,1,0.9844545257208535,1
phishtank,1,0.9988468283487804,1
phishtank,1,0.9997087009522546,1
tranco_benign_proxy,0,0.17597221247843228,0
phishtank,1,0.9687906371282778,1
tranco_benign_proxy,0,0.95478011550322,1
phishtank,1,0.8647548724811328,1
phishtank,1,0.24617245054269707,0
tranco_benign_proxy,0,0.20288520253391684,0
phishtank,1,0.9907277978331803,1
tranco_benign_proxy,0,0.7723039669224991,1
phishtank,1,0.8834450615204216,1
tranco_benign_proxy,0,0.4914239328049504,0
phishtank,1,0.9766263937484572,1
tranco_benign_proxy,0,0.03292682950454627,0
tranco_benign_proxy,0,0.46298624012333117,0
tranco_benign_proxy,0,0.051811693893010664,0
tranco_benign_proxy,0,0.17673228352343281,0
phishtank,1,0.3234437971696099,0
phishtank,1,0.996170484500686,1
tranco_benign_proxy,0,0.18189702063405105,0
tranco_benign_proxy,0,0.9792510472576589,1
phishtank,1,0.9998432909430103,1
tranco_benign_proxy,0,0.10738624820284381,0
phishtank,1,0.9944590765960238,1
phishtank,1,0.9452855463952231,1
tranco_benign_proxy,0,0.3163913776807616,0
tranco_benign_proxy,0,0.006360899395997382,0
tranco_benign_proxy,0,0.01569053340832844,0
tranco_benign_proxy,0,0.4733194860494372,0
tranco_benign_proxy,0,0.5738017552995351,0
tranco_benign_proxy,0,0.25765209026299857,0
phishtank,1,0.9562353162034188,1
tranco_benign_proxy,0,0.3687464971888261,0
tranco_benign_proxy,0,0.9171941398375558,1
phishtank,1,0.9460313527938097,1
tranco_benign_proxy,0,0.23194610885388192,0
phishtank,1,0.7859475995182652,1
tranco_benign_proxy,0,0.46560335921846496,0
phishtank,1,0.9998946284764957,1
tranco_benign_proxy,0,0.6733934049120145,0
tranco_benign_proxy,0,0.2321565447508679,0
tranco_benign_proxy,0,0.527844185633586,0
tranco_benign_proxy,0,0.018471093945442375,0
phishtank,1,0.4560057848526004,0
tranco_benign_proxy,0,0.5391867247327095,0
phishtank,1,0.9542281022352822,1
tranco_benign_proxy,0,0.9723931188575208,1
tranco_benign_proxy,0,0.01052243196622649,0
tranco_benign_proxy,0,0.07629606766952621,0
tranco_benign_proxy,0,0.8996393459450363,1
tranco_benign_proxy,0,0.8963066576693823,1
phishtank,1,0.9074683356349348,1
tranco_benign_proxy,0,0.11812687272135405,0
phishtank,1,0.9974799907900795,1
phishtank,1,0.7560194674061357,1
phishtank,1,0.9970152714623689,1
phishtank,1,0.965826159386811,1
phishtank,1,0.9485960472554491,1
tranco_benign_proxy,0,0.06066526932768322,0
tranco_benign_proxy,0,0.12532866379246324,0
tranco_benign_proxy,0,0.040322834824037465,0
tranco_benign_proxy,0,0.808291628905854,1
phishtank,1,0.9969940076229851,1
tranco_benign_proxy,0,0.2319797889791764,0
tranco_benign_proxy,0,0.02981487839271563,0
phishtank,1,0.9504292728569598,1
tranco_benign_proxy,0,0.5017456243219579,0
tranco_benign_proxy,0,0.05055685341482937,0
tranco_benign_proxy,0,0.41583172981932875,0
tranco_benign_proxy,0,0.2535688430258583,0
tranco_benign_proxy,0,0.34495224687036086,0
tranco_benign_proxy,0,0.028571173552366276,0
tranco_benign_proxy,0,0.19081994855783346,0
tranco_benign_proxy,0,0.8584177048624227,1
phishtank,1,0.9862583904403113,1
tranco_benign_proxy,0,0.31428243909438897,0
tranco_benign_proxy,0,0.20627167956430978,0
tranco_benign_proxy,0,0.10249683250672642,0
phishtank,1,0.9971903060379459,1
phishtank,1,0.9934734552069536,1
phishtank,1,0.9974422498446657,1
tranco_benign_proxy,0,0.20824314926139323,0
tranco_benign_proxy,0,0.053453719768243195,0
phishtank,1,0.9981599568763311,1
phishtank,1,0.18490695498634668,0
phishtank,1,0.05973382286602878,0
tranco_benign_proxy,0,0.19532804688635477,0
phishtank,1,0.983215857454106,1
tranco_benign_proxy,0,0.3436110596635658,0
phishtank,1,0.9997217804476417,1
tranco_benign_proxy,0,0.3242954736916646,0
tranco_benign_proxy,0,0.7065634650924292,1
phishtank,1,0.9442259778423698,1
tranco_benign_proxy,0,0.013395040188562572,0
phishtank,1,0.9009014681192373,1
phishtank,1,0.9982917426672452,1
tranco_benign_proxy,0,0.34591886052267967,0
tranco_benign_proxy,0,0.6648492545407981,0
phishtank,1,0.9663383487721692,1
phishtank,1,0.9976688029459145,1
phishtank,1,0.9992330982212749,1
phishtank,1,0.9950541612615206,1
phishtank,1,0.8298987845680249,1
phishtank,1,0.967126516747396,1
phishtank,1,0.9674883400452546,1
phishtank,1,0.999882372885536,1
tranco_benign_proxy,0,0.6306040424217686,0
tranco_benign_proxy,0,0.06881778692598084,0
tranco_benign_proxy,0,0.0885896996273334,0
tranco_benign_proxy,0,0.771684484970798,1
phishtank,1,0.9829342816091049,1
tranco_benign_proxy,0,0.17657835862137863,0
tranco_benign_proxy,0,0.10352316981054503,0
tranco_benign_proxy,0,0.16029366248529567,0
phishtank,1,0.9953759797428157,1
phishtank,1,0.9961188246994163,1
tranco_benign_proxy,0,0.06490843251351909,0
phishtank,1,0.9978486609059201,1
tranco_benign_proxy,0,0.6299118552172837,0
phishtank,1,0.9843981988484553,1
phishtank,1,0.999977440842999,1
tranco_benign_proxy,0,0.055865098641460616,0
phishtank,1,0.9941210901717769,1
phishtank,1,0.8415664474346235,1
tranco_benign_proxy,0,0.12301853476610175,0
phishtank,1,0.68174626933009,0
tranco_benign_proxy,0,0.6394721678804491,0
phishtank,1,0.9959362792655918,1
tranco_benign_proxy,0,0.14030156116528378,0
phishtank,1,0.9973571540964892,1
phishtank,1,0.9928742523819245,1
tranco_benign_proxy,0,0.3833429203885628,0
tranco_benign_proxy,0,0.09128064304521791,0
phishtank,1,0.9999764254954282,1
tranco_benign_proxy,0,0.660986646798655,0
tranco_benign_proxy,0,0.15449479970928293,0
tranco_benign_proxy,0,0.20682118841243793,0
phishtank,1,0.9880698449582255,1
phishtank,1,0.9892788002491957,1
phishtank,1,0.7786524483301916,1
phishtank,1,0.9996397872197154,1
tranco_benign_proxy,0,0.7353954694909067,1
tranco_benign_proxy,0,0.35483978599868254,0
tranco_benign_proxy,0,0.14682914098644848,0
phishtank,1,0.43671543215188835,0
tranco_benign_proxy,0,0.11373490133667345,0
tranco_benign_proxy,0,0.24682176667310668,0
phishtank,1,0.9567894144108133,1
tranco_benign_proxy,0,0.9741286914491031,1
phishtank,1,0.9838595582478021,1
tranco_benign_proxy,0,0.1490299013676927,0
tranco_benign_proxy,0,0.8336641567686046,1
phishtank,1,0.9337634316093395,1
tranco_benign_proxy,0,0.9289526605416526,1
phishtank,1,0.9688185631891448,1
phishtank,1,0.9998788894785985,1
phishtank,1,0.9330480532241652,1
phishtank,1,0.8671065145916775,1
phishtank,1,0.9959956435282998,1
tranco_benign_proxy,0,0.33136753864715357,0
phishtank,1,0.9996383206636403,1
phishtank,1,0.9982142635143847,1
tranco_benign_proxy,0,0.1856864793955443,0
tranco_benign_proxy,0,0.7049496557137306,1
phishtank,1,0.8244538733681491,1
tranco_benign_proxy,0,0.2921609766220378,0
tranco_benign_proxy,0,0.4824997829938014,0
phishtank,1,0.9998122705866722,1
tranco_benign_proxy,0,0.6167290492554409,0
tranco_benign_proxy,0,0.28263286954034694,0
phishtank,1,0.9991274571468598,1
phishtank,1,0.96626151444426,1
phishtank,1,0.9919045906394478,1
tranco_benign_proxy,0,0.48331584018245477,0
phishtank,1,0.99929450571523,1
phishtank,1,0.9888118468974993,1
tranco_benign_proxy,0,0.03592907231233331,0
phishtank,1,0.2828432042055592,0
phishtank,1,0.9993729718910529,1
tranco_benign_proxy,0,0.05945973307064179,0
tranco_benign_proxy,0,0.21004399226923656,0
tranco_benign_proxy,0,0.09269777402335048,0
phishtank,1,0.9998481518340233,1
tranco_benign_proxy,0,0.015764111795436946,0
phishtank,1,0.9992826705352393,1
phishtank,1,0.9999613282972971,1
phishtank,1,0.9985416210522275,1
tranco_benign_proxy,0,0.3021017722439054,0
phishtank,1,0.9717377923967879,1
tranco_benign_proxy,0,0.07563203580208473,0
tranco_benign_proxy,0,0.5071766544471206,0
phishtank,1,0.9996875968642959,1
phishtank,1,0.9970893690412939,1
tranco_benign_proxy,0,0.02707745407946905,0
phishtank,1,0.9982303407695129,1
tranco_benign_proxy,0,0.8840772418136708,1
tranco_benign_proxy,0,0.5923411485760829,0
phishtank,1,0.9927124792110052,1
tranco_benign_proxy,0,0.7186974365248956,1
phishtank,1,0.976878593895866,1
phishtank,1,0.9957824711956833,1
tranco_benign_proxy,0,0.2643721044952877,0
phishtank,1,0.9998717511011327,1
phishtank,1,0.9899316560740352,1
phishtank,1,0.9692108904888452,1
phishtank,1,0.9936025063870916,1
phishtank,1,0.9975328110500944,1
tranco_benign_proxy,0,0.8525234429199638,1
phishtank,1,0.9246940693953728,1
phishtank,1,0.9995851447641224,1
phishtank,1,0.9788130812624638,1
phishtank,1,0.9591746083699825,1
phishtank,1,0.9118792560742925,1
phishtank,1,0.9959533137294806,1
phishtank,1,0.995323848941762,1
tranco_benign_proxy,0,0.13583941743570485,0
tranco_benign_proxy,0,0.1496045288319082,0
phishtank,1,0.993229548769002,1
phishtank,1,0.995447720401705,1
tranco_benign_proxy,0,0.02893898174115078,0
tranco_benign_proxy,0,0.9375346670198491,1
phishtank,1,0.7342279483630474,1
tranco_benign_proxy,0,0.0030356535578327493,0
tranco_benign_proxy,0,0.19523025818747763,0
tranco_benign_proxy,0,0.9104556946958321,1
phishtank,1,0.9993625304516621,1
phishtank,1,0.9863459009221726,1
phishtank,1,0.9709388442046436,1
phishtank,1,0.9385451663144786,1
phishtank,1,0.9771985668194586,1
phishtank,1,0.9929768653832308,1
phishtank,1,0.9985663268293238,1
tranco_benign_proxy,0,0.1912298755626362,0
tranco_benign_proxy,0,0.16784247803100086,0
tranco_benign_proxy,0,0.9848417608941453,1
phishtank,1,0.43264158952640064,0
tranco_benign_proxy,0,0.0786220433147653,0
tranco_benign_proxy,0,0.8451549446250923,1
tranco_benign_proxy,0,0.4898007165267826,0
tranco_benign_proxy,0,0.7434383058075472,1
phishtank,1,0.32690162419835483,0
phishtank,1,0.9553816780724641,1
phishtank,1,0.9719525547962744,1
tranco_benign_proxy,0,0.028252763008302758,0
phishtank,1,0.994219666773984,1
phishtank,1,0.9472421473550569,1
tranco_benign_proxy,0,0.7661220296507278,1
tranco_benign_proxy,0,0.0069749665911470185,0
phishtank,1,0.4045538305830921,0
tranco_benign_proxy,0,0.4880084674030498,0
tranco_benign_proxy,0,0.06956653611700021,0
tranco_benign_proxy,0,0.5412667847396121,0
phishtank,1,0.9980754118575067,1
phishtank,1,0.8539395507256418,1
phishtank,1,0.8916871544627911,1
tranco_benign_proxy,0,0.011207866490390007,0
phishtank,1,0.86588921526244,1
tranco_benign_proxy,0,0.318227040612893,0
phishtank,1,0.9877015308671884,1
tranco_benign_proxy,0,0.08977330770481932,0
tranco_benign_proxy,0,0.9724722350077006,1
tranco_benign_proxy,0,0.6466100963624066,0
tranco_benign_proxy,0,0.6080090769441655,0
tranco_benign_proxy,0,0.657594347034609,0
tranco_benign_proxy,0,0.05160113589353076,0
phishtank,1,0.9845936528832007,1
phishtank,1,0.9999974218327295,1
phishtank,1,0.9546267517904146,1
tranco_benign_proxy,0,0.32409428711435506,0
phishtank,1,0.9064853104968775,1
tranco_benign_proxy,0,0.24656936451621708,0
phishtank,1,0.9417959121566252,1
tranco_benign_proxy,0,0.2391118665446364,0
tranco_benign_proxy,0,0.545970101112291,0
tranco_benign_proxy,0,0.43547786340211747,0
tranco_benign_proxy,0,0.998296514530172,1
phishtank,1,0.9997036221269854,1
tranco_benign_proxy,0,0.8313412324850922,1
tranco_benign_proxy,0,0.4060696029165927,0
phishtank,1,0.9906417042936289,1
phishtank,1,0.9996140158878468,1
phishtank,1,0.99607021930357,1
tranco_benign_proxy,0,0.6394941991945763,0
phishtank,1,0.9986864585427279,1
phishtank,1,0.991609378408838,1
tranco_benign_proxy,0,0.2618654425111356,0
phishtank,1,0.9966846341714624,1
tranco_benign_proxy,0,0.11508380933403942,0
tranco_benign_proxy,0,0.15040537532960493,0
phishtank,1,0.9694781300703743,1
phishtank,1,0.9979298077979677,1
tranco_benign_proxy,0,0.371887093222298,0
tranco_benign_proxy,0,0.09193166917017186,0
phishtank,1,0.9976720722535205,1
phishtank,1,0.8725638421356328,1
tranco_benign_proxy,0,0.5300085454030891,0
tranco_benign_proxy,0,0.007751932746458419,0
tranco_benign_proxy,0,0.6093936543250112,0
tranco_benign_proxy,0,0.8634638178636894,1
tranco_benign_proxy,0,0.14226036532709807,0
phishtank,1,0.8886402269907006,1
tranco_benign_proxy,0,0.14875733946633032,0
phishtank,1,0.999918566524632,1
phishtank,1,0.999690393099859,1
tranco_benign_proxy,0,0.11976745793192657,0
phishtank,1,0.9940250740628289,1
tranco_benign_proxy,0,0.8841115698874772,1
phishtank,1,0.9953851136513808,1
phishtank,1,0.9992194415426384,1
tranco_benign_proxy,0,0.6751627572168896,0
tranco_benign_proxy,0,0.44327827383748475,0
phishtank,1,0.9974818178054387,1
phishtank,1,0.9916794920212334,1
tranco_benign_proxy,0,0.7718405967214528,1
phishtank,1,0.9980790005472719,1
phishtank,1,0.996678448026817,1
tranco_benign_proxy,0,0.11435432902657917,0
phishtank,1,0.9974170478494284,1
phishtank,1,0.9656801129493664,1
tranco_benign_proxy,0,0.8806251014020992,1
tranco_benign_proxy,0,0.3214631644599623,0
tranco_benign_proxy,0,0.19076269390900027,0
tranco_benign_proxy,0,0.25287239347380985,0
phishtank,1,0.9986067271944539,1
phishtank,1,0.982691573610151,1
tranco_benign_proxy,0,0.980557463303474,1
tranco_benign_proxy,0,0.30969672308439106,0
tranco_benign_proxy,0,0.6327518405463295,0
phishtank,1,0.9928340489332929,1
tranco_benign_proxy,0,0.22353189757435635,0
phishtank,1,0.9872098540156985,1
tranco_benign_proxy,0,0.31897175261097643,0
tranco_benign_proxy,0,0.24185136411047045,0
phishtank,1,0.9691663581774571,1
phishtank,1,0.9935409884892515,1
tranco_benign_proxy,0,0.13548786560434908,0
tranco_benign_proxy,0,0.2649027589420206,0
tranco_benign_proxy,0,0.3129816417400294,0
phishtank,1,0.12170048795145531,0
phishtank,1,0.7377742121099055,1
phishtank,1,0.999979602568639,1
tranco_benign_proxy,0,0.18511219054781003,0
phishtank,1,0.9940267807054658,1
phishtank,1,0.9915926790759382,1
phishtank,1,0.9970558287753654,1
tranco_benign_proxy,0,0.9384097783148186,1
phishtank,1,0.9269626416161173,1
tranco_benign_proxy,0,0.8852125830373607,1
phishtank,1,0.9984808090930135,1
tranco_benign_proxy,0,0.7430690134412902,1
tranco_benign_proxy,0,0.41606819548320273,0
tranco_benign_proxy,0,0.0627276699634044,0
tranco_benign_proxy,0,0.11104397032370471,0
phishtank,1,0.9968243073332957,1
tranco_benign_proxy,0,0.3535442684613092,0
phishtank,1,0.9994613012726102,1
tranco_benign_proxy,0,0.9308584250031356,1
tranco_benign_proxy,0,0.6590749401676651,0
tranco_benign_proxy,0,0.31065668886314546,0
tranco_benign_proxy,0,0.6781092854833122,0
tranco_benign_proxy,0,0.08884595257866205,0
tranco_benign_proxy,0,0.2665658283419542,0
tranco_benign_proxy,0,0.17501990543699278,0
tranco_benign_proxy,0,0.05512585508101675,0
phishtank,1,0.9741459580315258,1
phishtank,1,0.9050742980255108,1
phishtank,1,0.9984510077125266,1
tranco_benign_proxy,0,0.018228951108427354,0
phishtank,1,0.9979190221552855,1
tranco_benign_proxy,0,0.21427949880777797,0
phishtank,1,0.9904712247746517,1
phishtank,1,0.9943782282122618,1
tranco_benign_proxy,0,0.15304814900905836,0
phishtank,1,0.9029072757653148,1
phishtank,1,0.9976504434602557,1
phishtank,1,0.991650356769253,1
tranco_benign_proxy,0,0.39982675579508103,0
phishtank,1,0.8215447725540302,1
phishtank,1,0.9906120368915772,1
tranco_benign_proxy,0,0.1798204436146814,0
phishtank,1,0.9125695577859678,1
phishtank,1,0.9991766381932743,1
phishtank,1,0.9859339438537085,1
tranco_benign_proxy,0,0.02866044081086832,0
tranco_benign_proxy,0,0.3027125089309362,0
phishtank,1,0.9975113461006165,1
phishtank,1,0.9642049160560925,1
tranco_benign_proxy,0,0.0767858009789722,0
tranco_benign_proxy,0,0.16092012750445123,0
tranco_benign_proxy,0,0.6437374182497185,0
tranco_benign_proxy,0,0.028168753282776966,0
tranco_benign_proxy,0,0.7724120764181133,1
tranco_benign_proxy,0,0.1396740649585258,0
phishtank,1,0.9982527533256473,1
tranco_benign_proxy,0,0.10792504853490502,0
tranco_benign_proxy,0,0.029502240123524835,0
phishtank,1,0.933714333397951,1
tranco_benign_proxy,0,0.2981721052327207,0
tranco_benign_proxy,0,0.8809340230044843,1
phishtank,1,0.7703341392356777,1
phishtank,1,0.9465055192040793,1
tranco_benign_proxy,0,0.49547009650039364,0
phishtank,1,0.9791718615443668,1
tranco_benign_proxy,0,0.12059270709085813,0
tranco_benign_proxy,0,0.1029829688020825,0
phishtank,1,0.9783168579862671,1
phishtank,1,0.9940051492272179,1
tranco_benign_proxy,0,0.7334735786227774,1
phishtank,1,0.998628676143368,1
phishtank,1,0.9999488332387771,1
tranco_benign_proxy,0,0.4301358835829121,0
phishtank,1,0.9782724621544135,1
tranco_benign_proxy,0,0.3237929280180547,0
phishtank,1,0.9833712106961034,1
tranco_benign_proxy,0,0.7757654591459014,1
tranco_benign_proxy,0,0.1333547498678588,0
tranco_benign_proxy,0,0.13750102345936757,0
phishtank,1,0.9892362267296196,1
phishtank,1,0.9914356275565321,1
phishtank,1,0.9895001007671783,1
tranco_benign_proxy,0,0.00316157711030995,0
tranco_benign_proxy,0,0.15303664481284493,0
phishtank,1,0.9676571566430006,1
tranco_benign_proxy,0,0.057326305568366126,0
phishtank,1,0.9900484040594554,1
phishtank,1,0.9996101037467023,1
tranco_benign_proxy,0,0.25327376470620666,0
phishtank,1,0.9749208377447471,1
tranco_benign_proxy,0,0.05685471054582466,0
phishtank,1,0.9972497196971745,1
phishtank,1,0.9988552739262263,1
tranco_benign_proxy,0,0.19720558165400037,0
phishtank,1,0.9949880068515083,1
phishtank,1,0.9997641404372686,1
phishtank,1,0.9986852302042977,1
tranco_benign_proxy,0,0.06029909204202399,0
tranco_benign_proxy,0,0.6170414743294892,0
tranco_benign_proxy,0,0.5051499984024852,0
tranco_benign_proxy,0,0.5903641378416389,0
phishtank,1,0.9912511243211162,1
tranco_benign_proxy,0,0.02989320146901369,0
tranco_benign_proxy,0,0.5442903934173348,0
tranco_benign_proxy,0,0.12430502319288136,0
phishtank,1,0.9999646384739616,1
tranco_benign_proxy,0,0.43533254842917124,0
phishtank,1,0.9954765946012202,1
phishtank,1,0.9826264147077602,1
tranco_benign_proxy,0,0.7520934584163657,1
phishtank,1,0.9976646467242464,1
phishtank,1,0.6646553108482587,0
tranco_benign_proxy,0,0.06270359159257173,0
phishtank,1,0.989834066829462,1
phishtank,1,0.9883036801226925,1
tranco_benign_proxy,0,0.3260031916760167,0
tranco_benign_proxy,0,0.5346849838086428,0
tranco_benign_proxy,0,0.18791767481150634,0
phishtank,1,0.9938168751672991,1
phishtank,1,0.9450438349988755,1
tranco_benign_proxy,0,0.853408090092989,1
phishtank,1,0.9809222748650204,1
tranco_benign_proxy,0,0.25583230540605056,0
phishtank,1,0.3334281072815984,0
phishtank,1,0.9806091064473965,1
phishtank,1,0.6783125747876536,0
phishtank,1,0.9986979395891767,1
tranco_benign_proxy,0,0.19976621990717294,0
tranco_benign_proxy,0,0.2437987260247209,0
phishtank,1,0.9841274140788288,1
tranco_benign_proxy,0,0.39777562745482503,0
phishtank,1,0.06343868863042525,0
phishtank,1,0.9365254705980026,1
phishtank,1,0.9965814908151742,1
tranco_benign_proxy,0,0.9814052745978746,1
tranco_benign_proxy,0,0.9286102138786319,1
phishtank,1,0.744484473157049,1
phishtank,1,0.9972359308239604,1
tranco_benign_proxy,0,0.7146453966487366,1
phishtank,1,0.9789745870665139,1
phishtank,1,0.9989501075693057,1
tranco_benign_proxy,0,0.8097494244176208,1
phishtank,1,0.9217177811843918,1
tranco_benign_proxy,0,0.6225152642296229,0
phishtank,1,0.9886941023977609,1
phishtank,1,0.6094054311305283,0
phishtank,1,0.3450610161895214,0
phishtank,1,0.9184866088045236,1
phishtank,1,0.9943189907826512,1
phishtank,1,0.9987312983526818,1
phishtank,1,0.996494122037182,1
tranco_benign_proxy,0,0.28653526410328456,0
tranco_benign_proxy,0,0.16552952251793343,0
tranco_benign_proxy,0,0.6808926976910947,0
tranco_benign_proxy,0,0.4652341598193193,0
phishtank,1,0.9993223871754008,1
phishtank,1,0.9959309585979679,1
phishtank,1,0.9809888774323718,1
tranco_benign_proxy,0,0.36647013416451035,0
tranco_benign_proxy,0,0.061199673409557426,0
tranco_benign_proxy,0,0.18968416812379643,0
phishtank,1,0.9985804401797698,1
tranco_benign_proxy,0,0.46043408914197537,0
phishtank,1,0.23595884751359392,0
tranco_benign_proxy,0,0.03565183966050192,0
phishtank,1,0.9999401511247487,1
phishtank,1,0.9999532863412947,1
tranco_benign_proxy,0,0.6077356719101749,0
tranco_benign_proxy,0,0.15449000557017398,0
phishtank,1,0.9999503319386128,1
tranco_benign_proxy,0,0.2799361869723506,0
tranco_benign_proxy,0,0.49632634361787475,0
phishtank,1,0.9945815853114089,1
tranco_benign_proxy,0,0.6905170727826879,0
phishtank,1,0.9852112182452786,1
tranco_benign_proxy,0,0.16979672873329638,0
tranco_benign_proxy,0,0.054017674586643666,0
phishtank,1,0.9763925477786674,1
phishtank,1,0.9990737322935305,1
phishtank,1,0.6881023415974628,0
tranco_benign_proxy,0,0.4502091793612147,0
tranco_benign_proxy,0,0.06684782674186804,0
phishtank,1,0.9965489238246683,1
tranco_benign_proxy,0,0.3654222544135898,0
phishtank,1,0.977996804567974,1
phishtank,1,0.9996189167799235,1
phishtank,1,0.9902954098152519,1
phishtank,1,0.9849550697156111,1
phishtank,1,0.9224112811931153,1
tranco_benign_proxy,0,0.23528824246756827,0
tranco_benign_proxy,0,0.037165288677609744,0
tranco_benign_proxy,0,0.28580367931901857,0
tranco_benign_proxy,0,0.2305852392853056,0
tranco_benign_proxy,0,0.0242842745811303,0
tranco_benign_proxy,0,0.1462011869187625,0
phishtank,1,0.9998806906507527,1
tranco_benign_proxy,0,0.6073606982081386,0
tranco_benign_proxy,0,0.12097007993534611,0
phishtank,1,0.9968838741791782,1
phishtank,1,0.9975461745614105,1
phishtank,1,0.9994861372783306,1
phishtank,1,0.9717376266739145,1
phishtank,1,0.8488567919520875,1
phishtank,1,0.7826766937694871,1
phishtank,1,0.9967946107592273,1
phishtank,1,0.9950005885824165,1
tranco_benign_proxy,0,0.6186305607117882,0
tranco_benign_proxy,0,0.19107409568952116,0
tranco_benign_proxy,0,0.3290177221186333,0
phishtank,1,0.9605973372333066,1
phishtank,1,0.9996707817021057,1
phishtank,1,0.9044155706602693,1
tranco_benign_proxy,0,0.3760584563245369,0
tranco_benign_proxy,0,0.9867050853008237,1
tranco_benign_proxy,0,0.40547833154859586,0
phishtank,1,0.9825078854645852,1
tranco_benign_proxy,0,0.26565557246381927,0
phishtank,1,0.9958174101167646,1
tranco_benign_proxy,0,0.1797722284531786,0
phishtank,1,0.9868164267698356,1
phishtank,1,0.9483045635191858,1
tranco_benign_proxy,0,0.6193731389159226,0
phishtank,1,0.9302490139275721,1
tranco_benign_proxy,0,0.24796845889336214,0
tranco_benign_proxy,0,0.7762240638179864,1
tranco_benign_proxy,0,0.08292432768242008,0
phishtank,1,0.9204200573846428,1
tranco_benign_proxy,0,0.12759299948082067,0
phishtank,1,0.994016094539644,1
tranco_benign_proxy,0,0.1983020915266611,0
phishtank,1,0.8611635343605292,1
tranco_benign_proxy,0,0.05454002224991266,0
phishtank,1,0.859559247868246,1
tranco_benign_proxy,0,0.01076703631736028,0
phishtank,1,0.3706736957583961,0
tranco_benign_proxy,0,0.06628924669725596,0
tranco_benign_proxy,0,0.37859275652721336,0
phishtank,1,0.9999064393287178,1
phishtank,1,0.9692484947524368,1
tranco_benign_proxy,0,0.8886818045496823,1
phishtank,1,0.993183770235451,1
tranco_benign_proxy,0,0.5990498255244197,0
phishtank,1,0.9991351676565654,1
tranco_benign_proxy,0,0.06045720730110288,0
tranco_benign_proxy,0,0.2849427328094088,0
phishtank,1,0.9997010088626237,1
phishtank,1,0.9921696209450588,1
phishtank,1,0.9886079783344652,1
phishtank,1,0.9770333877609017,1
phishtank,1,0.9794468654876998,1
tranco_benign_proxy,0,0.36099527840397566,0
tranco_benign_proxy,0,0.1460759881752646,0
tranco_benign_proxy,0,0.19233630436214244,0
phishtank,1,0.9898258574412779,1
tranco_benign_proxy,0,0.2114010762161343,0
tranco_benign_proxy,0,0.5593086482580775,0
phishtank,1,0.9985465532351507,1
tranco_benign_proxy,0,0.06876131259569887,0
phishtank,1,0.9750398530120884,1
tranco_benign_proxy,0,0.25743972024984335,0
tranco_benign_proxy,0,0.2874957165101338,0
tranco_benign_proxy,0,0.44789339635315684,0
tranco_benign_proxy,0,0.23936557061689745,0
phishtank,1,0.9780061466391501,1
phishtank,1,0.9999124556913664,1
tranco_benign_proxy,0,0.7409856796194227,1
phishtank,1,0.999979759997366,1
phishtank,1,0.9906420850788651,1
tranco_benign_proxy,0,0.9897403780720737,1
tranco_benign_proxy,0,0.07713390679776594,0
tranco_benign_proxy,0,0.005094956511284305,0
tranco_benign_proxy,0,0.04997338300560714,0
tranco_benign_proxy,0,0.27905195280163453,0
phishtank,1,0.9997914562503432,1
phishtank,1,0.9985697271346233,1
tranco_benign_proxy,0,0.026520502633069987,0
tranco_benign_proxy,0,0.7197111014454439,1
phishtank,1,0.9645202278969738,1
tranco_benign_proxy,0,0.0753906222658293,0
phishtank,1,0.7962411877793513,1
tranco_benign_proxy,0,0.9623097502338974,1
phishtank,1,0.9955675537537414,1
tranco_benign_proxy,0,0.77709159590406,1
tranco_benign_proxy,0,0.4686556618591016,0
phishtank,1,0.9810797053721666,1
tranco_benign_proxy,0,0.3357300350026199,0
tranco_benign_proxy,0,0.11589267746955849,0
phishtank,1,0.9886302276424955,1
phishtank,1,0.9985576627991591,1
tranco_benign_proxy,0,0.9937554467931645,1
phishtank,1,0.9952601939530166,1
tranco_benign_proxy,0,0.7947425761213085,1
phishtank,1,0.9954870331790245,1
phishtank,1,0.9981919916683204,1
phishtank,1,0.9837464329187829,1
phishtank,1,0.9990804067195432,1
tranco_benign_proxy,0,0.6823374138515966,0
phishtank,1,0.9948114447936914,1
tranco_benign_proxy,0,0.016698942074834307,0
tranco_benign_proxy,0,0.3511313185411367,0
tranco_benign_proxy,0,0.2172104548354061,0
phishtank,1,0.9900302616944496,1
tranco_benign_proxy,0,0.8266084977051248,1
phishtank,1,0.9489094784078603,1
phishtank,1,0.9245306063764845,1
phishtank,1,0.9363534088268576,1
tranco_benign_proxy,0,0.17990983578068995,0
phishtank,1,0.9999176295453903,1
phishtank,1,0.9805145563581406,1
tranco_benign_proxy,0,0.7117590362874073,1
tranco_benign_proxy,0,0.9585905963198176,1
phishtank,1,0.6535754726112806,0
phishtank,1,0.9934290030452899,1
phishtank,1,0.9999770464395626,1
tranco_benign_proxy,0,0.4011047263955983,0
tranco_benign_proxy,0,0.42448100160815566,0
tranco_benign_proxy,0,0.4581680257089927,0
phishtank,1,0.9997954597175479,1
tranco_benign_proxy,0,0.3311881622430341,0
tranco_benign_proxy,0,0.2351146782004742,0
tranco_benign_proxy,0,0.12981808389574337,0
tranco_benign_proxy,0,0.1205823273204394,0
phishtank,1,0.8700856982965873,1
tranco_benign_proxy,0,0.4567242133887728,0
tranco_benign_proxy,0,0.06649677063553108,0
tranco_benign_proxy,0,0.027675663382845286,0
phishtank,1,0.9868945930208046,1
tranco_benign_proxy,0,0.13530524693271526,0
phishtank,1,0.9986365685715346,1
tranco_benign_proxy,0,0.9833657431658497,1
phishtank,1,0.9717258327636574,1
tranco_benign_proxy,0,0.6904131531444748,0
tranco_benign_proxy,0,0.17096668115628447,0
tranco_benign_proxy,0,0.019930099561906497,0
tranco_benign_proxy,0,0.18618031273113528,0
tranco_benign_proxy,0,0.09685421827010178,0
tranco_benign_proxy,0,0.8075357094496155,1
tranco_benign_proxy,0,0.10015997210515182,0
tranco_benign_proxy,0,0.3315435340598637,0
tranco_benign_proxy,0,0.9040689223769618,1
phishtank,1,0.9999652644526731,1
tranco_benign_proxy,0,0.6607246322445681,0
tranco_benign_proxy,0,0.38038046957668015,0
tranco_benign_proxy,0,0.11535850419813397,0
tranco_benign_proxy,0,0.19743398546169452,0
phishtank,1,0.9784532125705724,1
tranco_benign_proxy,0,0.8265133517976805,1
tranco_benign_proxy,0,0.9693707407802704,1
tranco_benign_proxy,0,0.9181158188495696,1
tranco_benign_proxy,0,0.8000039628044653,1
tranco_benign_proxy,0,0.6500095398130858,0
phishtank,1,0.9870301190506747,1
phishtank,1,0.9740860821129758,1
phishtank,1,0.35533753348624203,0
phishtank,1,0.9993420851083549,1
tranco_benign_proxy,0,0.8473178955605168,1
phishtank,1,0.9311360598491657,1
phishtank,1,0.9910427184743917,1
phishtank,1,0.9750234251030697,1
phishtank,1,0.9978653081169352,1
phishtank,1,0.9537034974636495,1
tranco_benign_proxy,0,0.7639085690533165,1
phishtank,1,0.9888129312518171,1
tranco_benign_proxy,0,0.08809723881852165,0
tranco_benign_proxy,0,0.941030645946395,1
phishtank,1,0.9965885131573322,1
phishtank,1,0.9446319458314454,1
phishtank,1,0.9960643028879809,1
phishtank,1,0.9988757245700619,1
tranco_benign_proxy,0,0.008357100398821184,0
tranco_benign_proxy,0,0.03674075560244729,0
tranco_benign_proxy,0,0.8334855381091433,1
tranco_benign_proxy,0,0.9849469383009721,1
tranco_benign_proxy,0,0.222234680434381,0
phishtank,1,0.9213040941235571,1
phishtank,1,0.976821268090977,1
phishtank,1,0.9259456558293852,1
phishtank,1,0.9936660960768972,1
phishtank,1,0.995535264977441,1
tranco_benign_proxy,0,0.14323109624799601,0
phishtank,1,0.9983148436952394,1
tranco_benign_proxy,0,0.49734001050627086,0
tranco_benign_proxy,0,0.2483097298938627,0
tranco_benign_proxy,0,0.12219306925221218,0
phishtank,1,0.9961242110672813,1
phishtank,1,0.6521931400727047,0
tranco_benign_proxy,0,0.1324270191089238,0
tranco_benign_proxy,0,0.2337170791236033,0
phishtank,1,0.9829579557692111,1
tranco_benign_proxy,0,0.9527889428445341,1
tranco_benign_proxy,0,0.002351754922605832,0
tranco_benign_proxy,0,0.46264652309310145,0
tranco_benign_proxy,0,0.567122692709212,0
phishtank,1,0.9970533776088478,1
tranco_benign_proxy,0,0.042202927001828344,0
tranco_benign_proxy,0,0.0425799078070038,0
tranco_benign_proxy,0,0.3259172695583854,0
tranco_benign_proxy,0,0.0279209563427859,0
phishtank,1,0.9937201559716019,1
phishtank,1,0.9685875763918572,1
tranco_benign_proxy,0,0.10222549571676574,0
phishtank,1,0.9998670229909654,1
tranco_benign_proxy,0,0.16359814110337137,0
phishtank,1,0.9771709680076971,1
tranco_benign_proxy,0,0.2796969361121569,0
phishtank,1,0.9991914300478398,1
tranco_benign_proxy,0,0.8602924973908129,1
phishtank,1,0.9942480091247159,1
tranco_benign_proxy,0,0.3017331939826134,0
tranco_benign_proxy,0,0.6901109905348551,0
phishtank,1,0.84314926974831,1
tranco_benign_proxy,0,0.1290829056066827,0
phishtank,1,0.3607220371192324,0
phishtank,1,0.8984747680036511,1
phishtank,1,0.9998575270031567,1
tranco_benign_proxy,0,0.01812718720964776,0
tranco_benign_proxy,0,0.3736472548057838,0
phishtank,1,0.9692217993914017,1
tranco_benign_proxy,0,0.09979447631625965,0
tranco_benign_proxy,0,0.04694417659900754,0
phishtank,1,0.9408419169788651,1
phishtank,1,0.9945064724570629,1
phishtank,1,0.9870032132963018,1
tranco_benign_proxy,0,0.5118062649127487,0
phishtank,1,0.9760401340544989,1
phishtank,1,0.9752586712456213,1
tranco_benign_proxy,0,0.8298112400142759,1
tranco_benign_proxy,0,0.14765759433490283,0
phishtank,1,0.8902226143421061,1
phishtank,1,0.951789163524551,1
tranco_benign_proxy,0,0.24210034177433398,0
phishtank,1,0.9461688738323345,1
phishtank,1,0.9992046548000921,1
phishtank,1,0.998469658452292,1
phishtank,1,0.99508470284113,1
phishtank,1,0.9912689055444351,1
phishtank,1,0.9765486804825647,1
phishtank,1,0.8670897670032593,1
tranco_benign_proxy,0,0.10002504334536934,0
tranco_benign_proxy,0,0.897395765369037,1
phishtank,1,0.906559359550887,1
tranco_benign_proxy,0,0.1350855769606255,0
tranco_benign_proxy,0,0.3249036327605309,0
phishtank,1,0.9539887212851477,1
tranco_benign_proxy,0,0.08179593993104199,0
tranco_benign_proxy,0,0.16994426378802976,0
tranco_benign_proxy,0,0.08838688280122704,0
tranco_benign_proxy,0,0.09512090948566972,0
phishtank,1,0.7544412008280297,1
phishtank,1,0.9798750594355004,1
tranco_benign_proxy,0,0.7242223203863709,1
phishtank,1,0.9888173539292879,1
tranco_benign_proxy,0,0.14337969075373946,0
tranco_benign_proxy,0,0.2927714640850912,0
phishtank,1,0.9911837277754455,1
phishtank,1,0.9486105732046225,1
phishtank,1,0.994587613897356,1
tranco_benign_proxy,0,0.6466956826830883,0
phishtank,1,0.999003331221146,1
tranco_benign_proxy,0,0.25571898502110313,0
tranco_benign_proxy,0,0.025162238617719105,0
tranco_benign_proxy,0,0.12464447315815275,0
phishtank,1,0.9954739621848824,1
phishtank,1,0.9786970831686311,1
phishtank,1,0.8820591754138998,1
phishtank,1,0.939975726205472,1
tranco_benign_proxy,0,0.02100594691778307,0
phishtank,1,0.9819562317207576,1
phishtank,1,0.9987392198681677,1
phishtank,1,0.9995994034257193,1
tranco_benign_proxy,0,0.5585867893760211,0
tranco_benign_proxy,0,0.11703087301957041,0
phishtank,1,0.9944277647321734,1
phishtank,1,0.9725543935541822,1
phishtank,1,0.6480892270520054,0
phishtank,1,0.9981749467172271,1
tranco_benign_proxy,0,0.7667265360020784,1
phishtank,1,0.9997211002596822,1
tranco_benign_proxy,0,0.13855664264598902,0
phishtank,1,0.9840132431594311,1
phishtank,1,0.9779265101253959,1
phishtank,1,0.9986829245660899,1
phishtank,1,0.1703334639172093,0
tranco_benign_proxy,0,0.9478210580411329,1
tranco_benign_proxy,0,0.10050950549847268,0
tranco_benign_proxy,0,0.829523244302403,1
tranco_benign_proxy,0,0.24497252750900356,0
phishtank,1,0.9628375600243761,1
phishtank,1,0.8729668440224873,1
phishtank,1,0.991734817386471,1
tranco_benign_proxy,0,0.017975869975520115,0
phishtank,1,0.9995906593368351,1
tranco_benign_proxy,0,0.20613325915333416,0
phishtank,1,0.9951598815645534,1
phishtank,1,0.9994141912327373,1
phishtank,1,0.9040591130525064,1
phishtank,1,0.9999570549649891,1
phishtank,1,0.9999457865389144,1
tranco_benign_proxy,0,0.9912133280836904,1
phishtank,1,0.9986552269092945,1
tranco_benign_proxy,0,0.1983701210460886,0
phishtank,1,0.9479841390089028,1
phishtank,1,0.9046540859652188,1
phishtank,1,0.9933045615775498,1
tranco_benign_proxy,0,0.9743569272318424,1
phishtank,1,0.7711300678981637,1
tranco_benign_proxy,0,0.008081171879468359,0
phishtank,1,0.9200018352495978,1
tranco_benign_proxy,0,0.16273563409295894,0
tranco_benign_proxy,0,0.2786097200741935,0
tranco_benign_proxy,0,0.5533417015615173,0
phishtank,1,0.9523354041851158,1
phishtank,1,0.8146388141908072,1
phishtank,1,0.9167099716991238,1
phishtank,1,0.9777258494330097,1
tranco_benign_proxy,0,0.1691739592314101,0
phishtank,1,0.9876534796258332,1
phishtank,1,0.9949297305546531,1
tranco_benign_proxy,0,0.3469480814876808,0
tranco_benign_proxy,0,0.12167301308236503,0
tranco_benign_proxy,0,0.4544897187387402,0
phishtank,1,0.9998717005843025,1
phishtank,1,0.9345949415515054,1
phishtank,1,0.9985174964062279,1
phishtank,1,0.9697136795394632,1
phishtank,1,0.9479832983659521,1
tranco_benign_proxy,0,0.9840567632149352,1
phishtank,1,0.9908990521888935,1
phishtank,1,0.9313297912654872,1
tranco_benign_proxy,0,0.0015102021857181943,0
phishtank,1,0.9826581362724215,1
phishtank,1,0.9717170868764176,1
tranco_benign_proxy,0,0.26392833971836827,0
tranco_benign_proxy,0,0.09243649633739219,0
tranco_benign_proxy,0,0.1586206851446805,0
tranco_benign_proxy,0,0.030314836887854798,0
tranco_benign_proxy,0,0.6169974467853445,0
tranco_benign_proxy,0,0.9205926954928176,1
tranco_benign_proxy,0,0.23341826317489892,0
tranco_benign_proxy,0,0.34624074248428066,0
tranco_benign_proxy,0,0.8870341128352225,1
tranco_benign_proxy,0,0.000934286523109191,0
phishtank,1,0.9902453668259662,1
tranco_benign_proxy,0,0.5019083872765198,0
tranco_benign_proxy,0,0.47943733919364345,0
tranco_benign_proxy,0,0.31605323290026965,0
tranco_benign_proxy,0,0.18541712319450973,0
tranco_benign_proxy,0,0.5339639947783807,0
tranco_benign_proxy,0,0.052482339978338004,0
tranco_benign_proxy,0,0.1612050566651656,0
tranco_benign_proxy,0,0.1903943321738146,0
tranco_benign_proxy,0,0.4119557051434388,0
tranco_benign_proxy,0,0.22902319282733838,0
phishtank,1,0.9980121297692409,1
tranco_benign_proxy,0,0.8477969904580527,1
phishtank,1,0.9990154170319265,1
tranco_benign_proxy,0,0.9548854229340007,1
phishtank,1,0.9147466140993622,1
phishtank,1,0.9877899028216898,1
phishtank,1,0.9963950915458019,1
phishtank,1,0.9897517919409806,1
phishtank,1,0.785724702877633,1
tranco_benign_proxy,0,0.06788319956904783,0
phishtank,1,0.9996947136192134,1
phishtank,1,0.9870220740104168,1
tranco_benign_proxy,0,0.1492893163866637,0
phishtank,1,0.3963761641864278,0
phishtank,1,0.9955320509491272,1
tranco_benign_proxy,0,0.5594920634120032,0
tranco_benign_proxy,0,0.96096497075635,1
tranco_benign_proxy,0,0.22980564761379046,0
tranco_benign_proxy,0,0.5205776451427094,0
tranco_benign_proxy,0,0.11640313773794175,0
phishtank,1,0.9752421014075895,1
phishtank,1,0.42273580301722763,0
phishtank,1,0.9997770050452989,1
tranco_benign_proxy,0,0.017193294974994625,0
phishtank,1,0.9976854268864503,1
tranco_benign_proxy,0,0.5819248771036802,0
tranco_benign_proxy,0,0.10424936606497091,0
tranco_benign_proxy,0,0.04043387384701385,0
tranco_benign_proxy,0,0.7355396615612878,1
phishtank,1,0.9843315257103956,1
tranco_benign_proxy,0,0.30868784703536034,0
tranco_benign_proxy,0,0.8132134869380349,1
phishtank,1,0.9989322205225548,1
phishtank,1,0.9372423997011335,1
tranco_benign_proxy,0,0.12417357927432258,0
tranco_benign_proxy,0,0.030915152914110754,0
tranco_benign_proxy,0,0.10825799413297844,0
phishtank,1,0.9820053772262801,1
tranco_benign_proxy,0,0.7078149439589004,1
tranco_benign_proxy,0,0.16849369737587053,0
tranco_benign_proxy,0,0.36597170246214056,0
phishtank,1,0.9901723652559455,1
phishtank,1,0.9770400445013283,1
phishtank,1,0.9713279656319825,1
phishtank,1,0.9947868077636973,1
phishtank,1,0.50791420356486,0
tranco_benign_proxy,0,0.9348465850864548,1
tranco_benign_proxy,0,0.9204608328183757,1
phishtank,1,0.797611323050168,1
tranco_benign_proxy,0,0.7790177027851527,1
tranco_benign_proxy,0,0.06949567639161223,0
tranco_benign_proxy,0,0.13444260349453938,0
phishtank,1,0.9960362356648249,1
phishtank,1,0.9980794933935907,1
phishtank,1,0.8954593590412615,1
phishtank,1,0.8087624739409414,1
tranco_benign_proxy,0,0.23125487971486566,0
phishtank,1,0.9994385854007328,1
tranco_benign_proxy,0,0.7946098135347268,1
tranco_benign_proxy,0,0.31650533876354,0
phishtank,1,0.999972886898274,1
tranco_benign_proxy,0,0.7657181450837882,1
tranco_benign_proxy,0,0.0063327888485040845,0
phishtank,1,0.9983080666163081,1
tranco_benign_proxy,0,0.9717216662509535,1
phishtank,1,0.9827881143657796,1
phishtank,1,0.9941355357835934,1
phishtank,1,0.9585940126933633,1
tranco_benign_proxy,0,0.10093688391173579,0
tranco_benign_proxy,0,0.12858112580466058,0
tranco_benign_proxy,0,0.36413024474127137,0
tranco_benign_proxy,0,0.2193313412442137,0
phishtank,1,0.9915652778188927,1
phishtank,1,0.9665631126829983,1
tranco_benign_proxy,0,0.36368248452875623,0
tranco_benign_proxy,0,0.24170812585468426,0
phishtank,1,0.14548265511810834,0
phishtank,1,0.9863847006887121,1
phishtank,1,0.9961400037476179,1
phishtank,1,0.9503269578033389,1
phishtank,1,0.9503201154042382,1
phishtank,1,0.9758439249651809,1
tranco_benign_proxy,0,0.0972984771288152,0
phishtank,1,0.5856481997354452,0
tranco_benign_proxy,0,0.1169459743264335,0
phishtank,1,0.9990576404722675,1
phishtank,1,0.998767092798783,1
tranco_benign_proxy,0,0.6169333512175456,0
tranco_benign_proxy,0,0.21134617279656515,0
phishtank,1,0.9987814378147521,1
tranco_benign_proxy,0,0.21738922767975832,0
phishtank,1,0.9990325479773093,1
phishtank,1,0.9999862132831732,1
phishtank,1,0.9557309854527747,1
tranco_benign_proxy,0,0.07788120648668899,0
phishtank,1,0.9332914841665356,1
phishtank,1,0.9989353327800786,1
phishtank,1,0.9488096969174279,1
tranco_benign_proxy,0,0.9921175722199104,1
phishtank,1,0.9604301685293869,1
phishtank,1,0.9907405878785848,1
phishtank,1,0.9616283539837879,1
phishtank,1,0.9924604139615363,1
tranco_benign_proxy,0,0.4982911838933212,0
phishtank,1,0.983379711043474,1
tranco_benign_proxy,0,0.8365457783924364,1
tranco_benign_proxy,0,0.8079681628159152,1
tranco_benign_proxy,0,0.09115785292596972,0
phishtank,1,0.583166711447083,0
phishtank,1,0.9967108654568558,1
phishtank,1,0.9957552394142544,1
tranco_benign_proxy,0,0.8803522395325495,1
phishtank,1,0.9982011073663973,1
tranco_benign_proxy,0,0.13840735837082513,0
tranco_benign_proxy,0,0.046579445139524195,0
tranco_benign_proxy,0,0.10351488693529899,0
tranco_benign_proxy,0,0.574381003532253,0
phishtank,1,0.9764829130116124,1
phishtank,1,0.9948906865359659,1
phishtank,1,0.9736353941239472,1
phishtank,1,0.9999705570845878,1
phishtank,1,0.08306415775407701,0
phishtank,1,0.9982629297917195,1
phishtank,1,0.9982186929090034,1
phishtank,1,0.8789349810358843,1
tranco_benign_proxy,0,0.8184144049761677,1
phishtank,1,0.9998487303894824,1
phishtank,1,0.8427935017260653,1
tranco_benign_proxy,0,0.35141787431861204,0
tranco_benign_proxy,0,0.0014091232681135402,0
tranco_benign_proxy,0,0.5068746931737499,0
phishtank,1,0.993350888172206,1
phishtank,1,0.2860570940364619,0
tranco_benign_proxy,0,0.00200813985603155,0
phishtank,1,0.9969688658064423,1
phishtank,1,0.977415737000421,1
phishtank,1,0.9975260978947391,1
phishtank,1,0.9086669209279103,1
phishtank,1,0.9528798789168709,1
tranco_benign_proxy,0,0.132381488213965,0
phishtank,1,0.6580681296023284,0
phishtank,1,0.9810383169071206,1
phishtank,1,0.21497141297065064,0
phishtank,1,0.7181440554271399,1
tranco_benign_proxy,0,0.7102384945245399,1
tranco_benign_proxy,0,0.207438329398125,0
phishtank,1,0.9965420164849876,1
tranco_benign_proxy,0,0.6648429554472147,0
tranco_benign_proxy,0,0.07029445054114891,0
tranco_benign_proxy,0,0.9181826482443477,1
tranco_benign_proxy,0,0.03401198227392914,0
phishtank,1,0.9930656033870184,1
phishtank,1,0.9765337154940819,1
phishtank,1,0.9908290257054205,1
tranco_benign_proxy,0,0.10757600367937797,0
phishtank,1,0.8880850238426355,1
tranco_benign_proxy,0,0.9261447247080363,1
phishtank,1,0.9941570914382206,1
tranco_benign_proxy,0,0.6328090447085939,0
tranco_benign_proxy,0,0.03134525378117869,0
phishtank,1,0.9997587533439913,1
tranco_benign_proxy,0,0.05921476634286243,0
tranco_benign_proxy,0,0.4392359472947909,0
phishtank,1,0.13737804352256533,0
tranco_benign_proxy,0,0.23696280286336505,0
phishtank,1,0.9801794200259851,1
phishtank,1,0.9936296223616842,1
phishtank,1,0.6546124494026037,0
tranco_benign_proxy,0,0.39857920470810904,0
phishtank,1,0.4671106416880748,0
tranco_benign_proxy,0,0.2845954750676222,0
tranco_benign_proxy,0,0.06425608871844615,0
phishtank,1,0.976968124292708,1
tranco_benign_proxy,0,0.03508936805344165,0
phishtank,1,0.9937181560337224,1
phishtank,1,0.9705037440386903,1
tranco_benign_proxy,0,0.12346409110824763,0
phishtank,1,0.9993623056608714,1
tranco_benign_proxy,0,0.44334102027106026,0
phishtank,1,0.9998897432115209,1
tranco_benign_proxy,0,0.9301229476820905,1
tranco_benign_proxy,0,0.3879964226390492,0
phishtank,1,0.5736266863236987,0
phishtank,1,0.9993489575954558,1
tranco_benign_proxy,0,0.2187218090355395,0
tranco_benign_proxy,0,0.38904622546936796,0
phishtank,1,0.9994824970584918,1
phishtank,1,0.9974831956362659,1
phishtank,1,0.9926907944951018,1
phishtank,1,0.9950119127732356,1
tranco_benign_proxy,0,0.21993016971160576,0
phishtank,1,0.9987395057185835,1
phishtank,1,0.9904913390327682,1
phishtank,1,0.3283809732015636,0
phishtank,1,0.9586213636601074,1
tranco_benign_proxy,0,0.18182054048044713,0
tranco_benign_proxy,0,0.19613707495150004,0
tranco_benign_proxy,0,0.042701047720082104,0
tranco_benign_proxy,0,0.22056563328374015,0
phishtank,1,0.9990848741440459,1
phishtank,1,0.1492339540653308,0
tranco_benign_proxy,0,0.44159235447201217,0
phishtank,1,0.9923472177040532,1
phishtank,1,0.9642792234224103,1
tranco_benign_proxy,0,0.15303016786724233,0
phishtank,1,0.997333881456741,1
tranco_benign_proxy,0,0.8140177181568286,1
tranco_benign_proxy,0,0.5790883683047213,0
phishtank,1,0.9159354501693593,1
tranco_benign_proxy,0,0.9672255907329649,1
phishtank,1,0.9983517696622499,1
phishtank,1,0.9987438804388157,1
tranco_benign_proxy,0,0.08176015803266434,0
phishtank,1,0.9667660839704721,1
phishtank,1,0.04851696349012804,0
tranco_benign_proxy,0,0.16260301025679855,0
phishtank,1,0.9957845475119376,1
tranco_benign_proxy,0,0.031034746646589,0
phishtank,1,0.17500738157214762,0
phishtank,1,0.9980055132148923,1
tranco_benign_proxy,0,0.2912452194474956,0
phishtank,1,0.37648973580343453,0
phishtank,1,0.9982599735608685,1
tranco_benign_proxy,0,0.05292027940103168,0
tranco_benign_proxy,0,0.010381855205754376,0
phishtank,1,0.9996052718802513,1
phishtank,1,0.930034367322586,1
phishtank,1,0.9873235279881167,1
phishtank,1,0.9992572820031083,1
tranco_benign_proxy,0,0.12056894561937016,0
phishtank,1,0.9954757064963247,1
phishtank,1,0.9955157652773601,1
phishtank,1,0.984313081288062,1
tranco_benign_proxy,0,0.5097381789350643,0
tranco_benign_proxy,0,0.060848414709251064,0
tranco_benign_proxy,0,0.38303744816867263,0
phishtank,1,0.8815347662669804,1
phishtank,1,0.8581990566755556,1
tranco_benign_proxy,0,0.08908210868250202,0
phishtank,1,0.9838378846789855,1
tranco_benign_proxy,0,0.2796768852012414,0
phishtank,1,0.9878287697826292,1
phishtank,1,0.980167075201391,1
tranco_benign_proxy,0,0.0027522843362162205,0
tranco_benign_proxy,0,0.08987878025314258,0
tranco_benign_proxy,0,0.02307635527178999,0
tranco_benign_proxy,0,0.5882741867229804,0
tranco_benign_proxy,0,0.11435686246378478,0
tranco_benign_proxy,0,0.12014365400822503,0
phishtank,1,0.9641321862195488,1
tranco_benign_proxy,0,0.5352007113175762,0
tranco_benign_proxy,0,0.08091928541127107,0
phishtank,1,0.9958599718894667,1
phishtank,1,0.9997219826018954,1
phishtank,1,0.9904967019001257,1
phishtank,1,0.9638860028238344,1
tranco_benign_proxy,0,0.6502933062598004,0
tranco_benign_proxy,0,0.9582069490962825,1
phishtank,1,0.9982228946232345,1
tranco_benign_proxy,0,0.09898362189705506,0
phishtank,1,0.9918914391812635,1
tranco_benign_proxy,0,0.6661403999556466,0
tranco_benign_proxy,0,0.7757769071027648,1
tranco_benign_proxy,0,0.7524705843138008,1
tranco_benign_proxy,0,0.002666997441891077,0
phishtank,1,0.9998801164779089,1
tranco_benign_proxy,0,0.2081391529365863,0
phishtank,1,0.9984427472462305,1
tranco_benign_proxy,0,0.9525119486193778,1
tranco_benign_proxy,0,0.9905020850692395,1
tranco_benign_proxy,0,0.818167881310259,1
tranco_benign_proxy,0,0.3334759560276513,0
phishtank,1,0.9932019840471461,1
phishtank,1,0.999698271368686,1
phishtank,1,0.9842913781964433,1
tranco_benign_proxy,0,0.05645109392394301,0
phishtank,1,0.9990618409379608,1
phishtank,1,0.6474983584131696,0
tranco_benign_proxy,0,0.18467360024819351,0
phishtank,1,0.9983483955197137,1
phishtank,1,0.999879284704342,1
tranco_benign_proxy,0,0.6142555288537757,0
tranco_benign_proxy,0,0.27014416775340705,0
tranco_benign_proxy,0,0.06294086961022885,0
phishtank,1,0.25563698900642284,0
tranco_benign_proxy,0,0.857603176776451,1
phishtank,1,0.9996277146750117,1
phishtank,1,0.9994484138114654,1
phishtank,1,0.9786201998915302,1
tranco_benign_proxy,0,0.19819810070574687,0
tranco_benign_proxy,0,0.13043701373159802,0
phishtank,1,0.9652797974169467,1
phishtank,1,0.9978929801744582,1
tranco_benign_proxy,0,0.9529049257964938,1
tranco_benign_proxy,0,0.35687141563006836,0
phishtank,1,0.6000690584990767,0
phishtank,1,0.9682552373405038,1
tranco_benign_proxy,0,0.04953236083790772,0
phishtank,1,0.2850580048422165,0
tranco_benign_proxy,0,0.11055325254287902,0
phishtank,1,0.9673303440212311,1
phishtank,1,0.9971522194941668,1
tranco_benign_proxy,0,0.6189380783358365,0
phishtank,1,0.9885689576887099,1
phishtank,1,0.9999418258231082,1
tranco_benign_proxy,0,0.27500479785583976,0
tranco_benign_proxy,0,0.7148787406808094,1
phishtank,1,0.998840287288841,1
tranco_benign_proxy,0,0.1693864277592783,0
phishtank,1,0.9798401085796863,1
tranco_benign_proxy,0,0.06633672247838146,0
phishtank,1,0.9935872002615757,1
phishtank,1,0.9988031129206081,1
tranco_benign_proxy,0,0.11172492492770011,0
tranco_benign_proxy,0,0.5203768589437782,0
tranco_benign_proxy,0,0.12882807858564563,0
tranco_benign_proxy,0,0.02584360987516087,0
tranco_benign_proxy,0,0.40824507570931406,0
phishtank,1,0.9746877940512056,1
tranco_benign_proxy,0,0.13779866696242898,0
phishtank,1,0.06928316914193183,0
tranco_benign_proxy,0,0.0313445929013748,0
tranco_benign_proxy,0,0.7678911714652242,1
tranco_benign_proxy,0,0.19680312350764986,0
tranco_benign_proxy,0,0.31633798744890523,0
tranco_benign_proxy,0,0.9729772081234398,1
phishtank,1,0.9994291167522905,1
tranco_benign_proxy,0,0.3112465848038141,0
tranco_benign_proxy,0,0.05182412346593247,0
tranco_benign_proxy,0,0.32704415026464,0
tranco_benign_proxy,0,0.3005966804237352,0
phishtank,1,0.9614181643497377,1
phishtank,1,0.9920475627517602,1
phishtank,1,0.9961435618900002,1
phishtank,1,0.9962466399531978,1
phishtank,1,0.9988493592038921,1
tranco_benign_proxy,0,0.29549479712220134,0
phishtank,1,0.9927532952543014,1
tranco_benign_proxy,0,0.2318883836105615,0
phishtank,1,0.9999820712036676,1
phishtank,1,0.9581238370240697,1
phishtank,1,0.9922377004789618,1
tranco_benign_proxy,0,0.012634941351015202,0
tranco_benign_proxy,0,0.024849744952364645,0
phishtank,1,0.3816342910997497,0
phishtank,1,0.9969124272068182,1
tranco_benign_proxy,0,0.05642845939217103,0
tranco_benign_proxy,0,0.2977882217794314,0
phishtank,1,0.9952948392156558,1
phishtank,1,0.9973405177572758,1
phishtank,1,0.9618247094685789,1
phishtank,1,0.9671636381450803,1
phishtank,1,0.999800299127795,1
phishtank,1,0.9907511896622223,1
phishtank,1,0.9561950322698655,1
tranco_benign_proxy,0,0.9827787706469899,1
tranco_benign_proxy,0,0.04051554358468615,0
tranco_benign_proxy,0,0.3300695542281309,0
phishtank,1,0.9318928413349298,1
tranco_benign_proxy,0,0.9803940855421465,1
tranco_benign_proxy,0,0.4198220147634668,0
phishtank,1,0.9909145654346737,1
tranco_benign_proxy,0,0.05724633335294932,0
phishtank,1,0.9999316145101322,1
phishtank,1,0.10394640554250058,0
phishtank,1,0.9986101636139587,1
phishtank,1,0.9967115882956536,1
phishtank,1,0.9932312048702702,1
phishtank,1,0.9730021889650896,1
phishtank,1,0.9989345026329729,1
tranco_benign_proxy,0,0.16135628823208445,0
phishtank,1,0.9989465976533795,1
tranco_benign_proxy,0,0.2766217206699984,0
tranco_benign_proxy,0,0.05087573338731584,0
phishtank,1,0.9840269827435397,1
tranco_benign_proxy,0,0.28025153361858773,0
tranco_benign_proxy,0,0.4595328135195075,0
phishtank,1,0.9992253435724034,1
phishtank,1,0.9931677810999082,1
phishtank,1,0.9995602153850045,1
phishtank,1,0.9997898716650715,1
tranco_benign_proxy,0,0.7437625904127929,1
tranco_benign_proxy,0,0.06180600614961371,0
tranco_benign_proxy,0,0.17975839059467952,0
tranco_benign_proxy,0,0.0009594889977746825,0
tranco_benign_proxy,0,0.08399682737643079,0
phishtank,1,0.3290489702477451,0
tranco_benign_proxy,0,0.9307551126495941,1
phishtank,1,0.9997042997729425,1
phishtank,1,0.9950612958576321,1
tranco_benign_proxy,0,0.9448757393762844,1
phishtank,1,0.9999730705943225,1
phishtank,1,0.2665565688523917,0
tranco_benign_proxy,0,0.005476987996013664,0
phishtank,1,0.999737997182056,1
phishtank,1,0.9001752909669974,1
tranco_benign_proxy,0,0.05828403524337958,0
tranco_benign_proxy,0,0.645033510793015,0
tranco_benign_proxy,0,0.9705437026733196,1
tranco_benign_proxy,0,0.36238635194982477,0
phishtank,1,0.9980878411676068,1
phishtank,1,0.9833196177149425,1
phishtank,1,0.9549588137483861,1
phishtank,1,0.636119109850453,0
phishtank,1,0.9999510137816637,1
phishtank,1,0.9970814409218539,1
phishtank,1,0.9092797197464024,1
tranco_benign_proxy,0,0.3074049174704118,0
phishtank,1,0.9642047275211111,1
tranco_benign_proxy,0,0.4129928175188207,0
tranco_benign_proxy,0,0.06769881859318516,0
phishtank,1,0.9944385361452676,1
phishtank,1,0.7996091343705827,1
tranco_benign_proxy,0,0.16054283002551106,0
phishtank,1,0.8343979565626489,1
tranco_benign_proxy,0,0.7786904695104128,1
phishtank,1,0.9761785694136244,1
phishtank,1,0.24021036491908984,0
phishtank,1,0.9912018618004685,1
phishtank,1,0.9993961543631673,1
phishtank,1,0.9962653408269853,1
tranco_benign_proxy,0,0.12890332190207598,0
phishtank,1,0.9994790498027731,1
tranco_benign_proxy,0,0.5342408242981861,0
tranco_benign_proxy,0,0.7016495794371436,1
tranco_benign_proxy,0,0.09653729511149615,0
phishtank,1,0.9304415958534639,1
tranco_benign_proxy,0,0.45230998891566504,0
tranco_benign_proxy,0,0.4731281596619555,0
phishtank,1,0.9991593158972873,1
tranco_benign_proxy,0,0.21499664184098616,0
tranco_benign_proxy,0,0.5005703247855754,0
tranco_benign_proxy,0,0.22442589868966448,0
phishtank,1,0.9996958786662308,1
tranco_benign_proxy,0,0.48783462956222656,0
tranco_benign_proxy,0,0.7515886289717799,1
phishtank,1,0.9699623491688502,1
tranco_benign_proxy,0,0.1446359761931396,0
phishtank,1,0.9935459709307342,1
tranco_benign_proxy,0,0.6223576376194592,0
tranco_benign_proxy,0,0.1985634184594649,0
phishtank,1,0.9998403754649458,1
phishtank,1,0.9945812326643664,1
phishtank,1,0.9950745922583403,1
phishtank,1,0.9450218326052748,1
phishtank,1,0.9857007921561654,1
phishtank,1,0.9700906590743719,1
phishtank,1,0.9866952957665251,1
phishtank,1,0.9999580100506164,1
phishtank,1,0.9980134331960003,1
tranco_benign_proxy,0,0.8919949297984753,1
phishtank,1,0.9769778136247468,1
phishtank,1,0.997930179732699,1
phishtank,1,0.9834299178040405,1
phishtank,1,0.9108126528997356,1
tranco_benign_proxy,0,0.9500086399903006,1
phishtank,1,0.2892315387422213,0
phishtank,1,0.9978537339403647,1
phishtank,1,0.9671495039027074,1
tranco_benign_proxy,0,0.9395677204314333,1
tranco_benign_proxy,0,0.15597712058099478,0
phishtank,1,0.9946412852434483,1
phishtank,1,0.9953341921181994,1
tranco_benign_proxy,0,0.09101715796298865,0
phishtank,1,0.9658338402958156,1
tranco_benign_proxy,0,0.1919867536113313,0
tranco_benign_proxy,0,0.46686544194866597,0
tranco_benign_proxy,0,0.9429470813281219,1
phishtank,1,0.9932451740085646,1
tranco_benign_proxy,0,0.15816956817074557,0
tranco_benign_proxy,0,0.9047048784226048,1
tranco_benign_proxy,0,0.7184641443657974,1
phishtank,1,0.9972215517776578,1
phishtank,1,0.9846820998615462,1
tranco_benign_proxy,0,0.8165729999473561,1
phishtank,1,0.9960634360915875,1
phishtank,1,0.9921561869578629,1
tranco_benign_proxy,0,0.3706612977198523,0
tranco_benign_proxy,0,0.933253771405732,1
phishtank,1,0.9848078012329449,1
phishtank,1,0.9670938917904044,1
tranco_benign_proxy,0,0.7696280892780134,1
phishtank,1,0.6347264816813157,0
tranco_benign_proxy,0,0.8620297145240768,1
tranco_benign_proxy,0,0.05802427784606132,0
phishtank,1,0.9906181679691854,1
tranco_benign_proxy,0,0.020250648437922205,0
phishtank,1,0.9960947473006435,1
phishtank,1,0.9626528461039935,1
phishtank,1,0.9996479892700848,1
phishtank,1,0.9945045264800955,1
tranco_benign_proxy,0,0.2826569466917811,0
phishtank,1,0.9673836009889413,1
tranco_benign_proxy,0,0.04570772007066694,0
tranco_benign_proxy,0,0.8986500933676628,1
phishtank,1,0.9982829910474877,1
tranco_benign_proxy,0,0.09584095341988462,0
tranco_benign_proxy,0,0.9976065675318144,1
phishtank,1,0.9332596803995536,1
tranco_benign_proxy,0,0.11493796990957811,0
tranco_benign_proxy,0,0.7582445394098132,1
phishtank,1,0.9974524155818938,1
tranco_benign_proxy,0,0.361138509961236,0
tranco_benign_proxy,0,0.005398886654908164,0
phishtank,1,0.8898333934922524,1
tranco_benign_proxy,0,0.5637558499470489,0
tranco_benign_proxy,0,0.0777480711600228,0
phishtank,1,0.6294242972807794,0
tranco_benign_proxy,0,0.437927354017763,0
tranco_benign_proxy,0,0.12601595578132938,0
tranco_benign_proxy,0,0.46156020766258843,0
phishtank,1,0.9975191390310992,1
tranco_benign_proxy,0,0.022881875258612804,0
phishtank,1,0.9861509979870335,1
tranco_benign_proxy,0,0.5282907260218493,0
phishtank,1,0.9603764315169601,1
tranco_benign_proxy,0,0.8263137099395291,1
phishtank,1,0.9712180360919632,1
tranco_benign_proxy,0,0.13581641861494162,0
phishtank,1,0.9993028497919993,1
phishtank,1,0.9621294703404756,1
phishtank,1,0.9984783959726261,1
phishtank,1,0.9352407237085957,1
tranco_benign_proxy,0,0.040913335328648576,0
tranco_benign_proxy,0,0.08034378878882968,0
phishtank,1,0.9661270255869234,1
phishtank,1,0.9822224077832846,1
phishtank,1,0.4926117270333957,0
tranco_benign_proxy,0,0.8064755294854604,1
tranco_benign_proxy,0,0.1925206141794709,0
phishtank,1,0.9860745006376529,1
phishtank,1,0.996100278828838,1
phishtank,1,0.9998522764366348,1
phishtank,1,0.9991979004109263,1
phishtank,1,0.9954226649348662,1
tranco_benign_proxy,0,0.3940798483902463,0
phishtank,1,0.7520931625199994,1
tranco_benign_proxy,0,0.11849271761765184,0
phishtank,1,0.9408045353699043,1
phishtank,1,0.9557604963821061,1
phishtank,1,0.9988424434344924,1
tranco_benign_proxy,0,0.8227733645641193,1
phishtank,1,0.9932965113580617,1
phishtank,1,0.9416455050500823,1
phishtank,1,0.9958008193496161,1
phishtank,1,0.9250463729721692,1
phishtank,1,0.8387480906278453,1
tranco_benign_proxy,0,0.16730421513921775,0
tranco_benign_proxy,0,0.7622047693496458,1
phishtank,1,0.9820211232806461,1
phishtank,1,0.9821680795973324,1
phishtank,1,0.9968201726698419,1
phishtank,1,0.21053116213414816,0
tranco_benign_proxy,0,0.23728600346852677,0
phishtank,1,0.9304515473244033,1
tranco_benign_proxy,0,0.2370643731183043,0
phishtank,1,0.15455324376185683,0
tranco_benign_proxy,0,0.5154665571494393,0
phishtank,1,0.9781546790352366,1
tranco_benign_proxy,0,0.9214196490806141,1
phishtank,1,0.9536647601685486,1
tranco_benign_proxy,0,0.023175924378084047,0
phishtank,1,0.9996206350732603,1
phishtank,1,0.9962886249600463,1
phishtank,1,0.9975796676534427,1
tranco_benign_proxy,0,0.5006255926407637,0
phishtank,1,0.5001869816720929,0
tranco_benign_proxy,0,0.11627532215598534,0
phishtank,1,0.9515382045838237,1
tranco_benign_proxy,0,0.6915619895494156,0
tranco_benign_proxy,0,0.26400340735594374,0
phishtank,1,0.9714588913827484,1
tranco_benign_proxy,0,0.09984813149640841,0
phishtank,1,0.9787347645744345,1
tranco_benign_proxy,0,0.01706360565480702,0
tranco_benign_proxy,0,0.23354742125461522,0
tranco_benign_proxy,0,0.6435645584357632,0
tranco_benign_proxy,0,0.2694494883719043,0
tranco_benign_proxy,0,0.0011547032817528034,0
tranco_benign_proxy,0,0.9412356378377816,1
phishtank,1,0.9772455363301941,1
phishtank,1,0.9943390857457111,1
tranco_benign_proxy,0,0.05295515640318135,0
phishtank,1,0.9894264252638737,1
phishtank,1,0.9996944831115345,1
tranco_benign_proxy,0,0.1145773179036759,0
phishtank,1,0.9590343607705316,1
tranco_benign_proxy,0,0.07988418651260763,0
tranco_benign_proxy,0,0.4342358761651051,0
phishtank,1,0.9996917708134058,1
phishtank,1,0.9921884354946963,1
phishtank,1,0.9985632430138077,1
tranco_benign_proxy,0,0.22940309797018368,0
phishtank,1,0.9889494736963568,1
tranco_benign_proxy,0,0.37239070826487336,0
tranco_benign_proxy,0,0.04194737865824273,0
phishtank,1,0.9975271844066746,1
tranco_benign_proxy,0,0.027070741903363546,0
phishtank,1,0.9989975871151028,1
phishtank,1,0.9996388248911527,1
phishtank,1,0.9642108046441287,1
phishtank,1,0.8776083403288584,1
tranco_benign_proxy,0,0.8545293447329577,1
tranco_benign_proxy,0,0.6988982433501097,1
tranco_benign_proxy,0,0.07886631307185275,0
phishtank,1,0.993047915483633,1
tranco_benign_proxy,0,0.2609484522797006,0
tranco_benign_proxy,0,0.48631383373978604,0
phishtank,1,0.8490412439957897,1
phishtank,1,0.9449718447574,1
tranco_benign_proxy,0,0.2091131630941246,0
tranco_benign_proxy,0,0.20436108633188194,0
phishtank,1,0.9298085290122025,1
phishtank,1,0.9893812860880867,1
phishtank,1,0.9994790236794067,1
tranco_benign_proxy,0,0.21693037112541397,0
tranco_benign_proxy,0,0.5818442968058964,0
tranco_benign_proxy,0,0.6583053457963135,0
phishtank,1,0.9991655751995019,1
phishtank,1,0.8767094444946152,1
phishtank,1,0.9920268086371601,1
phishtank,1,0.13411845253411006,0
phishtank,1,0.9955814341634625,1
tranco_benign_proxy,0,0.9159929598577342,1
tranco_benign_proxy,0,0.8421497555708948,1
phishtank,1,0.9970560873363852,1
phishtank,1,0.9616084827117368,1
tranco_benign_proxy,0,0.8104218211235233,1
phishtank,1,0.991215831936721,1
tranco_benign_proxy,0,0.12150800834186033,0
tranco_benign_proxy,0,0.15194447438134026,0
phishtank,1,0.9834828146537253,1
tranco_benign_proxy,0,0.08196283573000047,0
phishtank,1,0.9993035001692024,1
phishtank,1,0.8454019873789368,1
phishtank,1,0.9972054446356581,1
phishtank,1,0.8788151015557569,1
tranco_benign_proxy,0,0.10983580676752232,0
phishtank,1,0.9967575309210558,1
tranco_benign_proxy,0,0.45772402479087376,0
tranco_benign_proxy,0,0.05118174523164924,0
tranco_benign_proxy,0,0.6446174350228201,0
tranco_benign_proxy,0,0.03053052269469495,0
tranco_benign_proxy,0,0.18310443483639505,0
phishtank,1,0.9991187113516136,1
tranco_benign_proxy,0,0.020199870027778604,0
tranco_benign_proxy,0,0.7249099527617583,1
tranco_benign_proxy,0,0.0959053911591561,0
phishtank,1,0.9552282637250882,1
phishtank,1,0.9995981037004413,1
tranco_benign_proxy,0,0.07818371500979146,0
phishtank,1,0.9993387012795909,1
phishtank,1,0.986742976430992,1
phishtank,1,0.9985849451051101,1
tranco_benign_proxy,0,0.22974139037734106,0
phishtank,1,0.9981175988059727,1
phishtank,1,0.8107591084030403,1
phishtank,1,0.9725877223734024,1
tranco_benign_proxy,0,0.4399031646253106,0
tranco_benign_proxy,0,0.9248385232522092,1
tranco_benign_proxy,0,0.9870664684687244,1
phishtank,1,0.9866024732672405,1
tranco_benign_proxy,0,0.06406800824470896,0
tranco_benign_proxy,0,0.09003149061101554,0
phishtank,1,0.9961481455255501,1
tranco_benign_proxy,0,0.09407635341623799,0
phishtank,1,0.9976294045386824,1
phishtank,1,0.894111068414739,1
tranco_benign_proxy,0,0.08030700866058027,0
phishtank,1,0.8410187262969206,1
phishtank,1,0.9891686711457577,1
phishtank,1,0.9868229487972016,1
phishtank,1,0.9752400889559657,1
tranco_benign_proxy,0,0.0037838027209356607,0
phishtank,1,0.9686067228918432,1
tranco_benign_proxy,0,0.08534474689999993,0
phishtank,1,0.9996299924472171,1
phishtank,1,0.9989483615304288,1
phishtank,1,0.32026083707656816,0
phishtank,1,0.9989053778788961,1
phishtank,1,0.9919799768729429,1
tranco_benign_proxy,0,0.10025023985793062,0
phishtank,1,0.9822358909062051,1
phishtank,1,0.9991374790772484,1
tranco_benign_proxy,0,0.06581915969679393,0
tranco_benign_proxy,0,0.0965330539497759,0
tranco_benign_proxy,0,0.3295104860556881,0
tranco_benign_proxy,0,0.009639552339560459,0
phishtank,1,0.9746227129480798,1
tranco_benign_proxy,0,0.9700599357476356,1
tranco_benign_proxy,0,0.2035693716935399,0
phishtank,1,0.9805293296024834,1
phishtank,1,0.6636126258488828,0
phishtank,1,0.9973715320921861,1
phishtank,1,0.9956830909629407,1
tranco_benign_proxy,0,0.11135902604921352,0
tranco_benign_proxy,0,0.053450143779825855,0
phishtank,1,0.9997496350434072,1
tranco_benign_proxy,0,0.09932406258600097,0
tranco_benign_proxy,0,0.597922769993737,0
phishtank,1,0.9935513254984737,1
phishtank,1,0.8684969990545582,1
phishtank,1,0.6668037416033386,0
tranco_benign_proxy,0,0.21221442780897823,0
tranco_benign_proxy,0,0.012058677709546904,0
tranco_benign_proxy,0,0.17146890416321806,0
tranco_benign_proxy,0,0.9772848284072458,1
tranco_benign_proxy,0,0.1663824660695132,0
tranco_benign_proxy,0,0.20326732639885617,0
phishtank,1,0.9652912346631347,1
tranco_benign_proxy,0,0.02288086933431058,0
phishtank,1,0.998458480986424,1
tranco_benign_proxy,0,0.4891617530736805,0
tranco_benign_proxy,0,0.12558759005598336,0
tranco_benign_proxy,0,0.995530054956764,1
phishtank,1,0.9806280153893341,1
phishtank,1,0.9999957465811359,1
phishtank,1,0.6405760142503394,0
phishtank,1,0.9845107033537783,1
phishtank,1,0.9640071137952176,1
phishtank,1,0.999794659594164,1
tranco_benign_proxy,0,0.9175812292706205,1
phishtank,1,0.9955252370584206,1
phishtank,1,0.9999650292199148,1
phishtank,1,0.9979131779230762,1
tranco_benign_proxy,0,0.11413964202441217,0
tranco_benign_proxy,0,0.9566790954096591,1
phishtank,1,0.995553301454246,1
tranco_benign_proxy,0,0.3118221553262762,0
phishtank,1,0.3053644367298951,0
phishtank,1,0.9770441553995509,1
phishtank,1,0.28442345511049627,0
phishtank,1,0.9997576389552263,1
tranco_benign_proxy,0,0.011390304763235404,0
phishtank,1,0.9622653509504224,1
phishtank,1,0.8893178478236837,1
phishtank,1,0.7361583212016711,1
tranco_benign_proxy,0,0.7675104722557129,1
phishtank,1,0.9738928382383517,1
phishtank,1,0.995333893078804,1
tranco_benign_proxy,0,0.2910191887938537,0
tranco_benign_proxy,0,0.31661383726058634,0
phishtank,1,0.9976487321276747,1
tranco_benign_proxy,0,0.32389890666370114,0
phishtank,1,0.9985542542013844,1
phishtank,1,0.98515285173388,1
phishtank,1,0.93459416233271,1
phishtank,1,0.9934346305270645,1
tranco_benign_proxy,0,0.19495613155734248,0
tranco_benign_proxy,0,0.055705026091327,0
tranco_benign_proxy,0,0.044005059596413355,0
phishtank,1,0.9589184073258191,1
tranco_benign_proxy,0,0.664853169530263,0
phishtank,1,0.9999307870080251,1
tranco_benign_proxy,0,0.08671876478081109,0
phishtank,1,0.9955692297331035,1
phishtank,1,0.9972099749653969,1
tranco_benign_proxy,0,0.5060154289627641,0
phishtank,1,0.9713355801128059,1
tranco_benign_proxy,0,0.24234251721630165,0
phishtank,1,0.9992317680155218,1
phishtank,1,0.9854618068549348,1
phishtank,1,0.9790558485490011,1
tranco_benign_proxy,0,0.35490200214253725,0
phishtank,1,0.5628196286760394,0
tranco_benign_proxy,0,0.7213212327053907,1
phishtank,1,0.9984547457652251,1
tranco_benign_proxy,0,0.05124091682095604,0
phishtank,1,0.978929289399901,1
tranco_benign_proxy,0,0.1453952965407244,0
tranco_benign_proxy,0,0.8771339053451145,1
tranco_benign_proxy,0,0.07566346144981183,0
tranco_benign_proxy,0,0.1334261138797226,0
phishtank,1,0.9908892819870029,1
phishtank,1,0.9835478444328217,1
tranco_benign_proxy,0,0.9168402326484052,1
phishtank,1,0.9828004349345341,1
tranco_benign_proxy,0,0.806346207212198,1
tranco_benign_proxy,0,0.3491749295350992,0
phishtank,1,0.9449273515748926,1
phishtank,1,0.9659682445457213,1
phishtank,1,0.9969856479310404,1
phishtank,1,0.9735299801686428,1
tranco_benign_proxy,0,0.003734741635572888,0
phishtank,1,0.8602114823122559,1
tranco_benign_proxy,0,0.08965933554676077,0
phishtank,1,0.9997794683362529,1
phishtank,1,0.9004029602967882,1
phishtank,1,0.4471720431985996,0
tranco_benign_proxy,0,0.4898519433698461,0
tranco_benign_proxy,0,0.06189348312773774,0
phishtank,1,0.9256206921509814,1
phishtank,1,0.9808562819551438,1
phishtank,1,0.9611660270548416,1
phishtank,1,0.9821947042129466,1
phishtank,1,0.9897237878099316,1
tranco_benign_proxy,0,0.6022880834626042,0
phishtank,1,0.9586086889835307,1
tranco_benign_proxy,0,0.11369875536161925,0
phishtank,1,0.872401642432376,1
tranco_benign_proxy,0,0.3520562328437556,0
phishtank,1,0.9906417359657715,1
tranco_benign_proxy,0,0.5153051357655171,0
phishtank,1,0.8677509108848966,1
phishtank,1,0.9995196130351868,1
tranco_benign_proxy,0,0.017210958041805467,0
tranco_benign_proxy,0,0.32742880291404997,0
phishtank,1,0.9754198064021458,1
tranco_benign_proxy,0,0.9389403469224507,1
phishtank,1,0.9812052231532384,1
phishtank,1,0.8975250665072069,1
phishtank,1,0.9834561834004448,1
tranco_benign_proxy,0,0.9209210848597421,1
phishtank,1,0.8878636771654854,1
tranco_benign_proxy,0,0.3362769051848,0
tranco_benign_proxy,0,0.5338554078534186,0
tranco_benign_proxy,0,0.1091215024858115,0
tranco_benign_proxy,0,0.37833720616783023,0
phishtank,1,0.9986992473166583,1
tranco_benign_proxy,0,0.4412175914569553,0
tranco_benign_proxy,0,0.9375434443295017,1
tranco_benign_proxy,0,0.047108222549981434,0
phishtank,1,0.9953546581040771,1
phishtank,1,0.9983524661050576,1
phishtank,1,0.9946526979114544,1
tranco_benign_proxy,0,0.03545182533794847,0
tranco_benign_proxy,0,0.6725646628380559,0
tranco_benign_proxy,0,0.4333016412147874,0
phishtank,1,0.9826832584472506,1
phishtank,1,0.9889206568407614,1
phishtank,1,0.995467287779283,1
tranco_benign_proxy,0,0.7253687684359119,1
tranco_benign_proxy,0,0.11674677568483788,0
tranco_benign_proxy,0,0.7426701207811854,1
tranco_benign_proxy,0,0.3085797672109878,0
phishtank,1,0.964398315247298,1
phishtank,1,0.9744987269656908,1
tranco_benign_proxy,0,0.9280894792243685,1
phishtank,1,0.11203022210557372,0
phishtank,1,0.9997397133566606,1
tranco_benign_proxy,0,0.8998526483626118,1
tranco_benign_proxy,0,0.31147698707390187,0
phishtank,1,0.2983651775118772,0
phishtank,1,0.9948041172164976,1
tranco_benign_proxy,0,0.15509931061461701,0
phishtank,1,0.9942496023362286,1
phishtank,1,0.7639149125158062,1
phishtank,1,0.9996482195514061,1
tranco_benign_proxy,0,0.4271636925422845,0
tranco_benign_proxy,0,0.05186152382960707,0
tranco_benign_proxy,0,0.16554973774033382,0
phishtank,1,0.9984152714765505,1
tranco_benign_proxy,0,0.9868639725706846,1
tranco_benign_proxy,0,0.5355029506319822,0
phishtank,1,0.9898524608255431,1
phishtank,1,0.9822544151607437,1
phishtank,1,0.08644033692546133,0
phishtank,1,0.9980111934990145,1
phishtank,1,0.99995571961376,1
tranco_benign_proxy,0,0.0714358515734954,0
tranco_benign_proxy,0,0.03564920265213976,0
tranco_benign_proxy,0,0.5786926693439315,0
phishtank,1,0.9866009950106126,1
phishtank,1,0.9991994324759774,1
tranco_benign_proxy,0,0.023404231751924156,0
phishtank,1,0.9304360389243573,1
phishtank,1,0.9946516813904934,1
phishtank,1,0.9798571428131467,1
tranco_benign_proxy,0,0.03564832803395595,0
phishtank,1,0.914568751790515,1
phishtank,1,0.9997791945359407,1
tranco_benign_proxy,0,0.4525012499120312,0
tranco_benign_proxy,0,0.44770777801167555,0
tranco_benign_proxy,0,0.09758929998078472,0
phishtank,1,0.9785189714895928,1
phishtank,1,0.9400840751621167,1
tranco_benign_proxy,0,0.2717151063693169,0
phishtank,1,0.9997174801609435,1
tranco_benign_proxy,0,0.07339874775893912,0
tranco_benign_proxy,0,0.9813508081848472,1
phishtank,1,0.9744795668933073,1
tranco_benign_proxy,0,0.8327595607338477,1
phishtank,1,0.9922711139775279,1
tranco_benign_proxy,0,0.03550915784447021,0
tranco_benign_proxy,0,0.12603697698043734,0
tranco_benign_proxy,0,0.0949834557658994,0
phishtank,1,0.8336958294807787,1
phishtank,1,0.9968097182544181,1
phishtank,1,0.9994920471180081,1
phishtank,1,0.9996463780285062,1
phishtank,1,0.9910191786953497,1
tranco_benign_proxy,0,0.08232505509315373,0
phishtank,1,0.9927523947030452,1
tranco_benign_proxy,0,0.6606409230164114,0
phishtank,1,0.9391448022640978,1
phishtank,1,0.99978682062531,1
tranco_benign_proxy,0,0.6153399476390162,0
phishtank,1,0.9999310928209982,1
phishtank,1,0.9179930473019383,1
phishtank,1,0.9991514278590528,1
phishtank,1,0.9993766874441191,1
phishtank,1,0.9754020686298609,1
tranco_benign_proxy,0,0.05920817192209113,0
phishtank,1,0.9941433745635073,1
phishtank,1,0.9810681864033117,1
tranco_benign_proxy,0,0.4006866414724767,0
phishtank,1,0.9985864908762576,1
phishtank,1,0.9373977615779316,1
phishtank,1,0.9961349666541506,1
phishtank,1,0.888478151669439,1
tranco_benign_proxy,0,0.6048946078123588,0
tranco_benign_proxy,0,0.22983306194308523,0
phishtank,1,0.9698169952873417,1
phishtank,1,0.9902866933997797,1
tranco_benign_proxy,0,0.20377140854542528,0
phishtank,1,0.9694948703586874,1
phishtank,1,0.999575392023769,1
tranco_benign_proxy,0,0.07193520849260143,0
tranco_benign_proxy,0,0.6544381066127183,0
tranco_benign_proxy,0,0.17621181316342746,0
tranco_benign_proxy,0,0.2064994384965849,0
tranco_benign_proxy,0,0.25351928321669,0
phishtank,1,0.9987916212322353,1
phishtank,1,0.9086497359051464,1
phishtank,1,0.9970590468983964,1
tranco_benign_proxy,0,0.09600092583191457,0
tranco_benign_proxy,0,0.0040385114079078965,0
phishtank,1,0.4426351257762586,0
tranco_benign_proxy,0,0.507277428072992,0
tranco_benign_proxy,0,0.04123766666722014,0
tranco_benign_proxy,0,0.09910498812554515,0
phishtank,1,0.9997583008207159,1
phishtank,1,0.9994089524291359,1
tranco_benign_proxy,0,0.21474079983605676,0
phishtank,1,0.9531286221558428,1
phishtank,1,0.598984204650032,0
tranco_benign_proxy,0,0.008262795466429072,0
tranco_benign_proxy,0,0.360501147459675,0
phishtank,1,0.9977301342545725,1
phishtank,1,0.10999283598243398,0
tranco_benign_proxy,0,0.8378753872748674,1
tranco_benign_proxy,0,0.8423003974813179,1
tranco_benign_proxy,0,0.1251724899359175,0
tranco_benign_proxy,0,0.4333695139814558,0
tranco_benign_proxy,0,0.3402118858063746,0
tranco_benign_proxy,0,0.14417003544458218,0
phishtank,1,0.9987513547108039,1
phishtank,1,0.8917827764291433,1
phishtank,1,0.9852971594364645,1
tranco_benign_proxy,0,0.19106093410609654,0
tranco_benign_proxy,0,0.25852330524651607,0
tranco_benign_proxy,0,0.5158510483487384,0
tranco_benign_proxy,0,0.8417345401538902,1
tranco_benign_proxy,0,0.8222068974884166,1
tranco_benign_proxy,0,0.38679737859509494,0
phishtank,1,0.9808815227966107,1
phishtank,1,0.9674887732218302,1
phishtank,1,0.9314114591156232,1
phishtank,1,0.9890219934117735,1
tranco_benign_proxy,0,0.034536105187535596,0
tranco_benign_proxy,0,0.2971444306672514,0
phishtank,1,0.9962991461606454,1
tranco_benign_proxy,0,0.9194645160498209,1
phishtank,1,0.9723154256375011,1
tranco_benign_proxy,0,0.04148560217467336,0
tranco_benign_proxy,0,0.061490858116392696,0
tranco_benign_proxy,0,0.6353312233122868,0
tranco_benign_proxy,0,0.11108273810376547,0
tranco_benign_proxy,0,0.39080251076132305,0
phishtank,1,0.8912278404889442,1
phishtank,1,0.9939790426809275,1
phishtank,1,0.9995095426120069,1
phishtank,1,0.9848872675155215,1
tranco_benign_proxy,0,0.23857611003710869,0
tranco_benign_proxy,0,0.29379556294899684,0
phishtank,1,0.9974112729789785,1
tranco_benign_proxy,0,0.005369132830457187,0
phishtank,1,0.9997881096651149,1
phishtank,1,0.932219567418156,1
tranco_benign_proxy,0,0.931099475068293,1
phishtank,1,0.9146219406834658,1
phishtank,1,0.9928521842636706,1
phishtank,1,0.9933713457088634,1
tranco_benign_proxy,0,0.8485109814971966,1
phishtank,1,0.9981787341717228,1
tranco_benign_proxy,0,0.18032393941831185,0
phishtank,1,0.9996899816300344,1
tranco_benign_proxy,0,0.1763699012519552,0
tranco_benign_proxy,0,0.12922953472150744,0
tranco_benign_proxy,0,0.2318377584125414,0
phishtank,1,0.9996312145148879,1
phishtank,1,0.7043542119831471,1
phishtank,1,0.9986547978321764,1
tranco_benign_proxy,0,0.11607969114524708,0
tranco_benign_proxy,0,0.15374370424456468,0
tranco_benign_proxy,0,0.04865098031795904,0
tranco_benign_proxy,0,0.004064284939122348,0
tranco_benign_proxy,0,0.2575915872433045,0
tranco_benign_proxy,0,0.15374149085174987,0
phishtank,1,0.9982715278502446,1
tranco_benign_proxy,0,0.20309541714414878,0
tranco_benign_proxy,0,0.20176583686501004,0
tranco_benign_proxy,0,0.20237342684011422,0
phishtank,1,0.9894624045541496,1
tranco_benign_proxy,0,0.08167340569894456,0
phishtank,1,0.8509443037285088,1
phishtank,1,0.7474322856799771,1
phishtank,1,0.9992004882540613,1
tranco_benign_proxy,0,0.17083696811019142,0
tranco_benign_proxy,0,0.0563383527126264,0
phishtank,1,0.9992756073906958,1
tranco_benign_proxy,0,0.5996748315443843,0
tranco_benign_proxy,0,0.20545089062297797,0
tranco_benign_proxy,0,0.04402024398162296,0
phishtank,1,0.9515074569906297,1
tranco_benign_proxy,0,0.5375790089833467,0
tranco_benign_proxy,0,0.12440855478406684,0
tranco_benign_proxy,0,0.8086790156827938,1
tranco_benign_proxy,0,0.019430539812589295,0
phishtank,1,0.9999136204242131,1
tranco_benign_proxy,0,0.1231886056603117,0
tranco_benign_proxy,0,0.22992842812770778,0
phishtank,1,0.9967576987580723,1
phishtank,1,0.9914924037577414,1
phishtank,1,0.9994341411868078,1
phishtank,1,0.9997069994625605,1
tranco_benign_proxy,0,0.30276803841164496,0
phishtank,1,0.999893157722588,1
tranco_benign_proxy,0,0.2891560485854666,0
phishtank,1,0.9992148145170918,1
phishtank,1,0.9999325906803032,1
tranco_benign_proxy,0,0.6940540133290004,0
phishtank,1,0.9996661328119407,1
tranco_benign_proxy,0,0.14342592191037162,0
tranco_benign_proxy,0,0.7466961079407132,1
tranco_benign_proxy,0,0.2616297537956296,0
tranco_benign_proxy,0,0.2548906669709943,0
phishtank,1,0.9150186862421563,1
phishtank,1,0.9986803916908414,1
phishtank,1,0.9999005986189136,1
phishtank,1,0.9983146303985068,1
phishtank,1,0.9793637139268349,1
phishtank,1,0.9951801832427899,1
tranco_benign_proxy,0,0.006615214268558365,0
phishtank,1,0.9880031513502102,1
phishtank,1,0.40215278828341716,0
phishtank,1,0.9846331279997651,1
tranco_benign_proxy,0,0.0730449709615529,0
phishtank,1,0.9734071783169859,1
phishtank,1,0.9829679996408085,1
tranco_benign_proxy,0,0.014201740718984324,0
tranco_benign_proxy,0,0.11214865718137834,0
tranco_benign_proxy,0,0.03876774215535029,0
tranco_benign_proxy,0,0.02856628093310083,0
phishtank,1,0.21224915644351847,0
tranco_benign_proxy,0,0.21971118030405584,0
tranco_benign_proxy,0,0.7637007494154419,1
phishtank,1,0.9742614924375598,1
tranco_benign_proxy,0,0.231468792006126,0
phishtank,1,0.9657906979916746,1
phishtank,1,0.9872272892221433,1
phishtank,1,0.9896194185400962,1
phishtank,1,0.9982102421036365,1
tranco_benign_proxy,0,0.07611065360270039,0
tranco_benign_proxy,0,0.02956235746174663,0
phishtank,1,0.9999743624784325,1
tranco_benign_proxy,0,0.9559612451259322,1
tranco_benign_proxy,0,0.31146689485969026,0
tranco_benign_proxy,0,0.03422131539220077,0
tranco_benign_proxy,0,0.14301802916524453,0
tranco_benign_proxy,0,0.23498265323082979,0
phishtank,1,0.9281650563363987,1
phishtank,1,0.9999492377728573,1
tranco_benign_proxy,0,0.47166738995089585,0
phishtank,1,0.9620926647586734,1
phishtank,1,0.9864948049276624,1
tranco_benign_proxy,0,0.9502457900301498,1
tranco_benign_proxy,0,0.40401287296701865,0
phishtank,1,0.9998016395088409,1
tranco_benign_proxy,0,0.008860493367142874,0
phishtank,1,0.05465823706467283,0
phishtank,1,0.9919117830842649,1
tranco_benign_proxy,0,0.4089590498229459,0
tranco_benign_proxy,0,0.0961102320186596,0
tranco_benign_proxy,0,0.22388570314484924,0
tranco_benign_proxy,0,0.325354844993083,0
tranco_benign_proxy,0,0.18977163760982854,0
phishtank,1,0.9368638493060176,1
tranco_benign_proxy,0,0.16115081451968818,0
tranco_benign_proxy,0,0.06478253149758395,0
phishtank,1,0.9815416031510478,1
phishtank,1,0.9866079713410741,1
phishtank,1,0.9985361630755551,1
phishtank,1,0.9389653654103143,1
phishtank,1,0.9848445557104476,1
tranco_benign_proxy,0,0.44793760213242484,0
tranco_benign_proxy,0,0.885676538027801,1
tranco_benign_proxy,0,0.5304824699121272,0
tranco_benign_proxy,0,0.12166079444802967,0
phishtank,1,0.9858252690867372,1
tranco_benign_proxy,0,0.006298425098903315,0
tranco_benign_proxy,0,0.6109394598843838,0
tranco_benign_proxy,0,0.4051616653911332,0
tranco_benign_proxy,0,0.17805606730278253,0
tranco_benign_proxy,0,0.24529753135068125,0
phishtank,1,0.9987767809420078,1
phishtank,1,0.8261308091210703,1
tranco_benign_proxy,0,0.23389957635943956,0
phishtank,1,0.9999332711162325,1
tranco_benign_proxy,0,0.6955688671390949,0
tranco_benign_proxy,0,0.8933687143099581,1
tranco_benign_proxy,0,0.9844062937308937,1
phishtank,1,0.9995900458344695,1
phishtank,1,0.981946779811684,1
tranco_benign_proxy,0,0.3841534014367229,0
phishtank,1,0.8790588356060985,1
phishtank,1,0.9791000129654188,1
phishtank,1,0.9607514679203003,1
phishtank,1,0.9106502378312743,1
tranco_benign_proxy,0,0.07081581577054946,0
phishtank,1,0.9473446879043225,1
phishtank,1,0.9998087511903531,1
phishtank,1,0.9965500504485404,1
tranco_benign_proxy,0,0.45404835448651926,0
tranco_benign_proxy,0,0.6513503225623202,0
tranco_benign_proxy,0,0.10352576496567015,0
phishtank,1,0.18416370202735866,0
tranco_benign_proxy,0,0.2526430390465531,0
tranco_benign_proxy,0,0.652972953546101,0
tranco_benign_proxy,0,0.3436254505266772,0
phishtank,1,0.9716258164176178,1
phishtank,1,0.8280039182216443,1
tranco_benign_proxy,0,0.8832087484037952,1
tranco_benign_proxy,0,0.155094291996343,0
tranco_benign_proxy,0,0.9612097045818476,1
tranco_benign_proxy,0,0.3512804149041961,0
tranco_benign_proxy,0,0.8886065729790587,1
tranco_benign_proxy,0,0.8883167685958099,1
tranco_benign_proxy,0,0.01590000139179838,0
phishtank,1,0.9995211843804755,1
tranco_benign_proxy,0,0.09174010071061481,0
phishtank,1,0.9837366948336808,1
tranco_benign_proxy,0,0.1122994480949034,0
tranco_benign_proxy,0,0.3884716571250982,0
phishtank,1,0.9972547760391599,1
phishtank,1,0.9916869113735433,1
tranco_benign_proxy,0,0.1551065744381631,0
tranco_benign_proxy,0,0.6328587540773554,0
tranco_benign_proxy,0,0.5942642773159393,0
tranco_benign_proxy,0,0.25329812368947224,0
phishtank,1,0.9091499579472457,1
phishtank,1,0.9975144714783492,1
phishtank,1,0.8471758380498375,1
tranco_benign_proxy,0,0.08335207746464292,0
phishtank,1,0.9987181830136334,1
tranco_benign_proxy,0,0.287937533201206,0
tranco_benign_proxy,0,0.1756459857578159,0
phishtank,1,0.9962117452667348,1
tranco_benign_proxy,0,0.02556082287399696,0
tranco_benign_proxy,0,0.8058075131110699,1
phishtank,1,0.9999727580091994,1
phishtank,1,0.9976964672420158,1
tranco_benign_proxy,0,0.18666975802199337,0
phishtank,1,0.9994852592341059,1
phishtank,1,0.975886257786052,1
tranco_benign_proxy,0,0.002328938856560728,0
phishtank,1,0.924540696983327,1
phishtank,1,0.6870924411478209,0
tranco_benign_proxy,0,0.10631681441063011,0
phishtank,1,0.9996882751601476,1
tranco_benign_proxy,0,0.05579125954946334,0
tranco_benign_proxy,0,0.21749421373938882,0
phishtank,1,0.9968378838288562,1
phishtank,1,0.9037406090826672,1
tranco_benign_proxy,0,0.2087819929330047,0
phishtank,1,0.9815463263822256,1
phishtank,1,0.9925868873806996,1
tranco_benign_proxy,0,0.20068880565268202,0
tranco_benign_proxy,0,0.2614166339892673,0
tranco_benign_proxy,0,0.8583836986580177,1
phishtank,1,0.9998524657125456,1
tranco_benign_proxy,0,0.3317577921421339,0
phishtank,1,0.9625250694920593,1
tranco_benign_proxy,0,0.06165360682061983,0
phishtank,1,0.9991137473282908,1
tranco_benign_proxy,0,0.13513774453899602,0
phishtank,1,0.9979573213449395,1
tranco_benign_proxy,0,0.7771348699656243,1
phishtank,1,0.991878128921615,1
phishtank,1,0.9996821415559284,1
phishtank,1,0.993109157776152,1
tranco_benign_proxy,0,0.5845679118605303,0
tranco_benign_proxy,0,0.38039605916959746,0
tranco_benign_proxy,0,0.44529855311179306,0
tranco_benign_proxy,0,0.07106763869395938,0
phishtank,1,0.974792563664774,1
phishtank,1,0.9949535586240683,1
tranco_benign_proxy,0,0.35858458383929515,0
tranco_benign_proxy,0,0.9624697661731002,1
tranco_benign_proxy,0,0.303028761180172,0
tranco_benign_proxy,0,0.3535342278646353,0
phishtank,1,0.9997851284971246,1
phishtank,1,0.8533482820870797,1
phishtank,1,0.9953784780873768,1
phishtank,1,0.9810729593753443,1
tranco_benign_proxy,0,0.5467417749542643,0
tranco_benign_proxy,0,0.9370074412446733,1
tranco_benign_proxy,0,0.24420387146352485,0
phishtank,1,0.9996097608695886,1
tranco_benign_proxy,0,0.4293955565227756,0
phishtank,1,0.9508524908097347,1
phishtank,1,0.9996228125786499,1
phishtank,1,0.999994100594462,1
phishtank,1,0.9850164722824273,1
phishtank,1,0.8169533912082726,1
phishtank,1,0.9970423520978097,1
phishtank,1,0.999945182653064,1
tranco_benign_proxy,0,0.6405726986628021,0
tranco_benign_proxy,0,0.21224731882537382,0
tranco_benign_proxy,0,0.966677102103389,1
phishtank,1,0.8821437697741479,1
tranco_benign_proxy,0,0.7017936428618687,1
phishtank,1,0.2001225277627903,0
tranco_benign_proxy,0,0.7246490106978772,1
tranco_benign_proxy,0,0.9446777432746322,1
phishtank,1,0.45381334690452296,0
tranco_benign_proxy,0,0.15696385411947647,0
tranco_benign_proxy,0,0.43073343005671366,0
tranco_benign_proxy,0,0.20526126843441103,0
phishtank,1,0.9973553878585589,1
phishtank,1,0.9999348291700003,1
phishtank,1,0.985354953395012,1
phishtank,1,0.9872312287711461,1
tranco_benign_proxy,0,0.031464992389896286,0
phishtank,1,0.04163508599898371,0
tranco_benign_proxy,0,0.6579996976974851,0
tranco_benign_proxy,0,0.2840119977458087,0
phishtank,1,0.29107118890563155,0
phishtank,1,0.6133120087137264,0
tranco_benign_proxy,0,0.17966439052819305,0
phishtank,1,0.9945473607364813,1
phishtank,1,0.9963887128690841,1
tranco_benign_proxy,0,0.34178505269850323,0
phishtank,1,0.9685490268116573,1
phishtank,1,0.99337728593654,1
tranco_benign_proxy,0,0.3648207051614125,0
tranco_benign_proxy,0,0.9602769703777674,1
tranco_benign_proxy,0,0.026316907985043582,0
tranco_benign_proxy,0,0.2049220565682622,0
tranco_benign_proxy,0,0.7600597235315608,1
phishtank,1,0.769504556536323,1
phishtank,1,0.999174178753824,1
phishtank,1,0.9991387428611402,1
tranco_benign_proxy,0,0.8319691948166832,1
phishtank,1,0.9938389906722908,1
tranco_benign_proxy,0,0.8923145256455546,1
phishtank,1,0.25677471203228847,0
phishtank,1,0.9433498015466689,1
phishtank,1,0.11846607402829688,0
tranco_benign_proxy,0,0.17600521050889173,0
phishtank,1,0.9935110946166298,1
phishtank,1,0.9916142678183821,1
tranco_benign_proxy,0,0.9213489146516022,1
phishtank,1,0.9992060710025982,1
phishtank,1,0.9738982472691482,1
phishtank,1,0.9999330021477995,1
tranco_benign_proxy,0,0.061951915723508555,0
phishtank,1,0.9860163388652952,1
tranco_benign_proxy,0,0.3684539590740968,0
tranco_benign_proxy,0,0.0184748252709173,0
tranco_benign_proxy,0,0.6287695980315753,0
phishtank,1,0.9613805818602812,1
phishtank,1,0.9933206335372022,1
tranco_benign_proxy,0,0.7836486796682206,1
tranco_benign_proxy,0,0.08619619131369366,0
phishtank,1,0.9993856177430277,1
tranco_benign_proxy,0,0.24692937683378607,0
tranco_benign_proxy,0,0.03640074514911244,0
tranco_benign_proxy,0,0.05006301229933059,0
phishtank,1,0.9666758651510102,1
tranco_benign_proxy,0,0.9449896919816071,1
phishtank,1,0.9996085126293873,1
tranco_benign_proxy,0,0.10394862913265875,0
phishtank,1,0.9759762647218979,1
tranco_benign_proxy,0,0.12766996581262582,0
phishtank,1,0.9997427458563203,1
tranco_benign_proxy,0,0.1887042983666511,0
phishtank,1,0.9999341491061028,1
tranco_benign_proxy,0,0.01147623732307252,0
tranco_benign_proxy,0,0.04152080428590715,0
tranco_benign_proxy,0,0.05264720588128764,0
tranco_benign_proxy,0,0.1528852021198077,0
tranco_benign_proxy,0,0.6160197542928303,0
tranco_benign_proxy,0,0.27727451063270464,0
phishtank,1,0.9970537310521018,1
tranco_benign_proxy,0,0.7165902367629116,1
phishtank,1,0.960203221925113,1
tranco_benign_proxy,0,0.2640366307882125,0
phishtank,1,0.9989898733799031,1
tranco_benign_proxy,0,0.8485512978245009,1
phishtank,1,0.9395980691447559,1
phishtank,1,0.999900792740345,1
tranco_benign_proxy,0,0.10861992106738116,0
tranco_benign_proxy,0,0.4103017813313023,0
phishtank,1,0.9962716407350507,1
tranco_benign_proxy,0,0.027880576225141878,0
tranco_benign_proxy,0,0.22324107828252124,0
phishtank,1,0.9889719569418529,1
phishtank,1,0.997870119433359,1
phishtank,1,0.9978632709922617,1
phishtank,1,0.9870083985198385,1
tranco_benign_proxy,0,0.6330197693933607,0
phishtank,1,0.9860537535325221,1
tranco_benign_proxy,0,0.05776804472409753,0
phishtank,1,0.9954580758617566,1
tranco_benign_proxy,0,0.6013549089714472,0
tranco_benign_proxy,0,0.837772297479419,1
phishtank,1,0.4581703228908249,0
phishtank,1,0.9969715989957044,1
tranco_benign_proxy,0,0.377699116118974,0
phishtank,1,0.9998935835953799,1
phishtank,1,0.999980595646134,1
tranco_benign_proxy,0,0.7856653471519377,1
tranco_benign_proxy,0,0.09905574920087992,0
phishtank,1,0.9990430895257857,1
tranco_benign_proxy,0,0.47321841220818117,0
phishtank,1,0.9730261173525925,1
phishtank,1,0.8242169040084082,1
tranco_benign_proxy,0,0.21624687048733435,0
phishtank,1,0.9975158363529266,1
phishtank,1,0.9984475012719052,1
phishtank,1,0.9987786966259926,1
tranco_benign_proxy,0,0.43302786197877463,0
tranco_benign_proxy,0,0.023463181654687738,0
tranco_benign_proxy,0,0.03125706672706292,0
tranco_benign_proxy,0,0.06779298320544512,0
tranco_benign_proxy,0,0.06373594578803851,0
tranco_benign_proxy,0,0.2932292607521739,0
tranco_benign_proxy,0,0.3138808635675138,0
tranco_benign_proxy,0,0.27937916046710487,0
tranco_benign_proxy,0,0.4733367456198966,0
phishtank,1,0.9291767296018393,1
phishtank,1,0.9678102423902694,1
phishtank,1,0.9995513649817164,1
phishtank,1,0.9993668370772806,1
phishtank,1,0.9964760540922749,1
phishtank,1,0.9762147968659433,1
tranco_benign_proxy,0,0.1741703203503969,0
phishtank,1,0.9885950764337195,1
phishtank,1,0.9926855256769921,1
phishtank,1,0.35162503880335705,0
tranco_benign_proxy,0,0.028421880958510594,0
tranco_benign_proxy,0,0.37561734481480585,0
phishtank,1,0.9958889368907945,1
tranco_benign_proxy,0,0.15717701639831463,0
tranco_benign_proxy,0,0.2054751117686328,0
phishtank,1,0.9689746039855656,1
phishtank,1,0.9997378231233844,1
tranco_benign_proxy,0,0.37766318341256516,0
phishtank,1,0.9667662275623989,1
tranco_benign_proxy,0,0.03809756914670666,0
tranco_benign_proxy,0,0.36086831915866996,0
phishtank,1,0.9802570795688139,1
tranco_benign_proxy,0,0.09732698303361638,0
tranco_benign_proxy,0,0.24658321907901803,0
tranco_benign_proxy,0,0.0013653231747209347,0
tranco_benign_proxy,0,0.9585379155104785,1
phishtank,1,0.9959431679950348,1
tranco_benign_proxy,0,0.6718415495394159,0
tranco_benign_proxy,0,0.08687754858489873,0
tranco_benign_proxy,0,0.8100617987961829,1
tranco_benign_proxy,0,0.5327423659078269,0
tranco_benign_proxy,0,0.11076934521810314,0
phishtank,1,0.9471031415794267,1
tranco_benign_proxy,0,0.6549416990126253,0
tranco_benign_proxy,0,0.36964663739900977,0
phishtank,1,0.845648569564206,1
tranco_benign_proxy,0,0.10399130715285565,0
phishtank,1,0.9780749101117222,1
tranco_benign_proxy,0,0.19240655728102002,0
tranco_benign_proxy,0,0.29418897824574686,0
tranco_benign_proxy,0,0.32867492402862925,0
tranco_benign_proxy,0,0.9841219845671588,1
phishtank,1,0.9994906251141329,1
phishtank,1,0.9974923121253941,1
phishtank,1,0.1475602753579993,0
phishtank,1,0.9962070943667656,1
phishtank,1,0.9983824159596071,1
tranco_benign_proxy,0,0.6824533179785294,0
tranco_benign_proxy,0,0.7228657228981212,1
phishtank,1,0.9989082579641541,1
tranco_benign_proxy,0,0.11530609835936302,0
phishtank,1,0.9742732925063883,1
tranco_benign_proxy,0,0.2195183569134768,0
phishtank,1,0.9924377698613366,1
tranco_benign_proxy,0,0.15763258954073495,0
tranco_benign_proxy,0,0.08799464999900306,0
phishtank,1,0.9983062039179945,1
tranco_benign_proxy,0,0.15387798753567922,0
phishtank,1,0.9460926952558101,1
phishtank,1,0.9233283236197527,1
tranco_benign_proxy,0,0.006500016027106904,0
tranco_benign_proxy,0,0.4185038450118973,0
tranco_benign_proxy,0,0.2870963623550718,0
phishtank,1,0.9828894774666983,1
phishtank,1,0.9993154401899992,1
tranco_benign_proxy,0,0.38803599191952276,0
tranco_benign_proxy,0,0.06968524325152431,0
tranco_benign_proxy,0,0.6147370117044755,0
phishtank,1,0.9173399517914584,1
phishtank,1,0.9911947211412613,1
phishtank,1,0.9999648935413459,1
tranco_benign_proxy,0,0.3486856266110957,0
tranco_benign_proxy,0,0.8766838891334483,1
tranco_benign_proxy,0,0.23285775966743474,0
phishtank,1,0.927045155761815,1
tranco_benign_proxy,0,0.14929675092645064,0
phishtank,1,0.9985661482255449,1
tranco_benign_proxy,0,0.007594844580415938,0
tranco_benign_proxy,0,0.26502094752438626,0
tranco_benign_proxy,0,0.13585069302040997,0
tranco_benign_proxy,0,0.20321417588071838,0
phishtank,1,0.9994121499320712,1
tranco_benign_proxy,0,0.27164911936016645,0
phishtank,1,0.971838482150989,1
tranco_benign_proxy,0,0.7479438883309831,1
tranco_benign_proxy,0,0.15775479179210358,0
phishtank,1,0.9997963953700895,1
phishtank,1,0.9647253858310555,1
tranco_benign_proxy,0,0.37107669263558457,0
tranco_benign_proxy,0,0.24555024601428138,0
tranco_benign_proxy,0,0.9759205958506425,1
tranco_benign_proxy,0,0.33522852889044724,0
tranco_benign_proxy,0,0.33559755379134404,0
tranco_benign_proxy,0,0.2086889123269308,0
tranco_benign_proxy,0,0.1923686323806642,0
phishtank,1,0.9979878952348601,1
tranco_benign_proxy,0,0.8575009059702868,1
tranco_benign_proxy,0,0.0333458761953973,0
tranco_benign_proxy,0,0.1244174280878207,0
phishtank,1,0.9951823704431191,1
tranco_benign_proxy,0,0.18217693952749775,0
tranco_benign_proxy,0,0.9710656068577015,1
phishtank,1,0.9876310791781856,1
tranco_benign_proxy,0,0.7131333849013829,1
tranco_benign_proxy,0,0.0813211731718775,0
phishtank,1,0.9989829861906183,1
phishtank,1,0.9998739056803922,1
phishtank,1,0.9911533411016176,1
phishtank,1,0.9962903065417191,1
tranco_benign_proxy,0,0.8860453655841449,1
phishtank,1,0.9999604782336365,1
tranco_benign_proxy,0,0.3866465086108535,0
phishtank,1,0.9967438955998328,1
phishtank,1,0.4317678263784008,0
phishtank,1,0.989665364969254,1
phishtank,1,0.9779914782050638,1
tranco_benign_proxy,0,0.5232806194650389,0
tranco_benign_proxy,0,0.627998442906348,0
phishtank,1,0.9942546958715214,1
tranco_benign_proxy,0,0.10446151673677143,0
tranco_benign_proxy,0,0.23002002071054728,0
phishtank,1,0.9925727392184941,1
tranco_benign_proxy,0,0.676540158807155,0
phishtank,1,0.3395966581511721,0
tranco_benign_proxy,0,0.27617727590834823,0
tranco_benign_proxy,0,0.20892211358845092,0
phishtank,1,0.9998611321340584,1
tranco_benign_proxy,0,0.18839471248216622,0
tranco_benign_proxy,0,0.09630655471886017,0
tranco_benign_proxy,0,0.0656281188232316,0
tranco_benign_proxy,0,0.27184290478386863,0
phishtank,1,0.854567385489217,1
tranco_benign_proxy,0,0.15782740089337544,0
phishtank,1,0.9637268884261773,1
phishtank,1,0.985306228794705,1
tranco_benign_proxy,0,0.4956348267325702,0
phishtank,1,0.9999808822225248,1
tranco_benign_proxy,0,0.5974211774696861,0
phishtank,1,0.9991200440778886,1
phishtank,1,0.9910719465475706,1
tranco_benign_proxy,0,0.08374421649490844,0
phishtank,1,0.9982016485328307,1
tranco_benign_proxy,0,0.16642214456471008,0
phishtank,1,0.9982030656128382,1
phishtank,1,0.9916766285597584,1
phishtank,1,0.9406683812129916,1
phishtank,1,0.9987725724830676,1
tranco_benign_proxy,0,0.39034513072721083,0
tranco_benign_proxy,0,0.9831005650187086,1
phishtank,1,0.03244958526236751,0
tranco_benign_proxy,0,0.709109074248161,1
tranco_benign_proxy,0,0.058474664647396465,0
phishtank,1,0.9909784216295313,1
phishtank,1,0.9002720739508031,1
phishtank,1,0.9955990986148551,1
phishtank,1,0.9799189820125751,1
tranco_benign_proxy,0,0.08205606132633401,0
tranco_benign_proxy,0,0.7049929921057576,1
phishtank,1,0.9999692499961268,1
phishtank,1,0.9973131158285897,1
phishtank,1,0.9995197469623062,1
phishtank,1,0.9930651673089282,1
tranco_benign_proxy,0,0.4864398705908557,0
tranco_benign_proxy,0,0.12791896221973315,0
phishtank,1,0.9249531308020443,1
phishtank,1,0.32212562588786303,0
tranco_benign_proxy,0,0.31532104413623707,0
tranco_benign_proxy,0,0.6873338909094806,0
phishtank,1,0.9990033466282059,1
tranco_benign_proxy,0,0.0902344567677545,0
tranco_benign_proxy,0,0.05967605988324664,0
phishtank,1,0.997936459083891,1
tranco_benign_proxy,0,0.3720632690111071,0
phishtank,1,0.8969960084801462,1
phishtank,1,0.9996723339192942,1
tranco_benign_proxy,0,0.1198961802648554,0
phishtank,1,0.9919697754008724,1
tranco_benign_proxy,0,0.21558499551039567,0
phishtank,1,0.9388276406753927,1
phishtank,1,0.9880091881912861,1
phishtank,1,0.9988940896569047,1
phishtank,1,0.984342427287788,1
phishtank,1,0.9994306015240415,1
tranco_benign_proxy,0,0.3108071090379686,0
phishtank,1,0.9953087029913997,1
tranco_benign_proxy,0,0.7578522960391356,1
tranco_benign_proxy,0,0.37596105992750994,0
tranco_benign_proxy,0,0.8401620182129835,1
tranco_benign_proxy,0,0.45672319394747585,0
tranco_benign_proxy,0,0.21561534890833361,0
tranco_benign_proxy,0,0.9846748051075312,1
tranco_benign_proxy,0,0.06986301166870441,0
phishtank,1,0.9950834693022871,1
tranco_benign_proxy,0,0.6649547989821502,0
tranco_benign_proxy,0,0.017586599394362353,0
tranco_benign_proxy,0,0.21561547976929524,0
tranco_benign_proxy,0,0.7183826437686195,1
phishtank,1,0.937407309069181,1
tranco_benign_proxy,0,0.041888578935406026,0
phishtank,1,0.9864658828929775,1
tranco_benign_proxy,0,0.0735531583186408,0
phishtank,1,0.97720171649981,1
phishtank,1,0.9960026431099152,1
phishtank,1,0.9959477606886624,1
phishtank,1,0.9993527800726737,1
phishtank,1,0.4894912908432794,0
phishtank,1,0.993929173754873,1
tranco_benign_proxy,0,0.17861312390214767,0
phishtank,1,0.7522187811645851,1
tranco_benign_proxy,0,0.21580075192168408,0
tranco_benign_proxy,0,0.301238727712794,0
tranco_benign_proxy,0,0.035611241038159484,0
phishtank,1,0.9998271213133096,1
tranco_benign_proxy,0,0.9770248736832817,1
tranco_benign_proxy,0,0.6030917990213869,0
phishtank,1,0.999928265862344,1
phishtank,1,0.9988986023098366,1
tranco_benign_proxy,0,0.8154867709859211,1
phishtank,1,0.9985042152456779,1
phishtank,1,0.9539129291381547,1
phishtank,1,0.752184591633587,1
tranco_benign_proxy,0,0.453577437196265,0
tranco_benign_proxy,0,0.840970371077572,1
phishtank,1,0.9969938825938892,1
phishtank,1,0.9604108816471624,1
tranco_benign_proxy,0,0.03197630246979474,0
tranco_benign_proxy,0,0.05762591839199551,0
tranco_benign_proxy,0,0.07287227457554837,0
phishtank,1,0.9871446023353964,1
tranco_benign_proxy,0,0.6707678928737397,0
tranco_benign_proxy,0,0.6894239783306315,0
phishtank,1,0.9912257992797322,1
phishtank,1,0.9915354787413945,1
phishtank,1,0.9270025875663476,1
phishtank,1,0.9995920408605289,1
tranco_benign_proxy,0,0.14739343528731808,0
tranco_benign_proxy,0,0.07715908355160223,0
phishtank,1,0.5401163066010544,0
tranco_benign_proxy,0,0.9662058012052753,1
tranco_benign_proxy,0,0.6975962216400603,0
tranco_benign_proxy,0,0.2713840408301911,0
phishtank,1,0.9921826761136485,1
phishtank,1,0.9419990776406377,1
tranco_benign_proxy,0,0.6555054186096477,0
phishtank,1,0.9845565390208251,1
tranco_benign_proxy,0,0.8056837442374485,1
tranco_benign_proxy,0,0.6092436850372843,0
phishtank,1,0.9994087276208063,1
phishtank,1,0.9996071819963152,1
tranco_benign_proxy,0,0.5361613500811059,0
phishtank,1,0.9991058174909745,1
tranco_benign_proxy,0,0.6693385436557413,0
phishtank,1,0.9489034875406342,1
phishtank,1,0.9997426378936044,1
tranco_benign_proxy,0,0.18983870319291749,0
tranco_benign_proxy,0,0.0444806598126364,0
tranco_benign_proxy,0,0.6272835115328618,0
phishtank,1,0.99085165669637,1
phishtank,1,0.9840538920221394,1
tranco_benign_proxy,0,0.21313143837498225,0
phishtank,1,0.08744623647364702,0
tranco_benign_proxy,0,0.11429445708458211,0
tranco_benign_proxy,0,0.7670135654082548,1
tranco_benign_proxy,0,0.8052284194875133,1
phishtank,1,0.9349943434191268,1
tranco_benign_proxy,0,0.8494635832184911,1
phishtank,1,0.9818621119632127,1
phishtank,1,0.9988175851825869,1
tranco_benign_proxy,0,0.581487420692921,0
tranco_benign_proxy,0,0.5460472863583675,0
tranco_benign_proxy,0,0.08207938714999725,0
tranco_benign_proxy,0,0.9874052862006039,1
tranco_benign_proxy,0,0.8816512280008004,1
phishtank,1,0.9995892260215421,1
tranco_benign_proxy,0,0.7901936013199518,1
phishtank,1,0.9004035723717881,1
tranco_benign_proxy,0,0.47126399196766916,0
tranco_benign_proxy,0,0.1019396232556332,0
tranco_benign_proxy,0,0.23009793634676745,0
tranco_benign_proxy,0,0.2744671692343114,0
phishtank,1,0.7554492090239514,1
phishtank,1,0.8771162596391002,1
tranco_benign_proxy,0,0.4194156740545615,0
phishtank,1,0.9996200717324345,1
phishtank,1,0.9154567603152739,1
tranco_benign_proxy,0,0.22406335168213345,0
tranco_benign_proxy,0,0.5817981765245163,0
phishtank,1,0.9990941945174698,1
phishtank,1,0.9949342615130431,1
phishtank,1,0.29438728134247877,0
phishtank,1,0.9844254569870168,1
phishtank,1,0.9026158775794458,1
tranco_benign_proxy,0,0.3932297945909829,0
tranco_benign_proxy,0,0.2650074779904726,0
phishtank,1,0.9930894100463177,1
phishtank,1,0.998935784047713,1
tranco_benign_proxy,0,0.4919506532344367,0
tranco_benign_proxy,0,0.9658891698984875,1
tranco_benign_proxy,0,0.01426591154771216,0
tranco_benign_proxy,0,0.16067574027842357,0
phishtank,1,0.9973449524687291,1
phishtank,1,0.9982230284273462,1
phishtank,1,0.7961995319138255,1
phishtank,1,0.9984894982384209,1
phishtank,1,0.9981725245266072,1
phishtank,1,0.9934160232386959,1
phishtank,1,0.9976986110947075,1
tranco_benign_proxy,0,0.9023734627780773,1
tranco_benign_proxy,0,0.660830712057617,0
phishtank,1,0.2644687791399753,0
phishtank,1,0.996806848432077,1
tranco_benign_proxy,0,0.16058269349925167,0
phishtank,1,0.991312827225694,1
phishtank,1,0.9998870662005688,1
phishtank,1,0.9394706387741382,1
tranco_benign_proxy,0,0.3279061903801795,0
tranco_benign_proxy,0,0.5882611831641528,0
phishtank,1,0.9942862926669306,1
tranco_benign_proxy,0,0.2835121976869226,0
tranco_benign_proxy,0,0.32894327734843676,0
phishtank,1,0.9943090513969245,1
tranco_benign_proxy,0,0.021191521439637987,0
phishtank,1,0.9999569927604659,1
tranco_benign_proxy,0,0.3019201710919128,0
tranco_benign_proxy,0,0.7199894062690793,1
phishtank,1,0.9987686025297126,1
phishtank,1,0.9940530984849236,1
phishtank,1,0.9943408888882693,1
tranco_benign_proxy,0,0.1590274780266413,0
tranco_benign_proxy,0,0.14695061955775432,0
phishtank,1,0.990483618537038,1
tranco_benign_proxy,0,0.3369386975159091,0
tranco_benign_proxy,0,0.4502065858891346,0
tranco_benign_proxy,0,0.6431247832373673,0
phishtank,1,0.9741017484913652,1
phishtank,1,0.9771175482604846,1
phishtank,1,0.9997926242927532,1
tranco_benign_proxy,0,0.07065556731948179,0
phishtank,1,0.998970855650386,1
phishtank,1,0.9997844707860531,1
phishtank,1,0.9797251884134692,1
tranco_benign_proxy,0,0.06049268458142138,0
tranco_benign_proxy,0,0.06923166414915283,0
phishtank,1,0.9938970394803033,1
tranco_benign_proxy,0,0.4686157280335377,0
phishtank,1,0.8298345549469613,1
phishtank,1,0.9985166818218848,1
phishtank,1,0.9485389047149692,1
tranco_benign_proxy,0,0.1414893524462901,0
tranco_benign_proxy,0,0.03989862237235083,0
tranco_benign_proxy,0,0.308595722464179,0
phishtank,1,0.20498249616724842,0
tranco_benign_proxy,0,0.41886256431580904,0
phishtank,1,0.9995459778727522,1
phishtank,1,0.9944576314735124,1
tranco_benign_proxy,0,0.8935194631713173,1
tranco_benign_proxy,0,0.011487930549005008,0
phishtank,1,0.9115386766944814,1
tranco_benign_proxy,0,0.04578620259621456,0
phishtank,1,0.9969937129051475,1
phishtank,1,0.9779036732115398,1
phishtank,1,0.9589724053515676,1
tranco_benign_proxy,0,0.33843247179946584,0
phishtank,1,0.8020514567733213,1
tranco_benign_proxy,0,0.2268257062916812,0
tranco_benign_proxy,0,0.5079407939028255,0
phishtank,1,0.9756646376101269,1
phishtank,1,0.443308891653606,0
tranco_benign_proxy,0,0.7682740044345123,1
tranco_benign_proxy,0,0.3842940626486872,0
phishtank,1,0.9634359591428641,1
tranco_benign_proxy,0,0.42854073862354297,0
phishtank,1,0.9817605917102962,1
phishtank,1,0.9963328315226673,1
phishtank,1,0.9997556087296096,1
tranco_benign_proxy,0,0.9558270196737298,1
phishtank,1,0.9992830643644174,1
tranco_benign_proxy,0,0.027769707270999734,0
tranco_benign_proxy,0,0.02461620004206761,0
tranco_benign_proxy,0,0.7301377459729137,1
phishtank,1,0.9944381794096502,1
tranco_benign_proxy,0,0.3439820687328573,0
phishtank,1,0.9936843484931066,1
phishtank,1,0.9469639760302232,1
phishtank,1,0.9863197630615274,1
tranco_benign_proxy,0,0.5111139294322564,0
phishtank,1,0.23394214637433933,0
phishtank,1,0.9862000553083712,1
phishtank,1,0.998817374610919,1
phishtank,1,0.9995506569779883,1
tranco_benign_proxy,0,0.8403445656093246,1
phishtank,1,0.9997294401077297,1
phishtank,1,0.9988135076860603,1
tranco_benign_proxy,0,0.3794535231036048,0
phishtank,1,0.99946013782816,1
phishtank,1,0.9655126540726491,1
phishtank,1,0.9981108104563038,1
phishtank,1,0.9932233938574913,1
phishtank,1,0.1891710058334128,0
phishtank,1,0.9705230846768216,1
tranco_benign_proxy,0,0.02075096413267565,0
tranco_benign_proxy,0,0.22234915925569795,0
phishtank,1,0.0851905024369834,0
tranco_benign_proxy,0,0.7379504286966072,1
tranco_benign_proxy,0,0.019111487218551597,0
phishtank,1,0.987716721933228,1
phishtank,1,0.8590246053927849,1
phishtank,1,0.8830907815007398,1
tranco_benign_proxy,0,0.33464605129094854,0
phishtank,1,0.9152604390543712,1
phishtank,1,0.992727559244466,1
tranco_benign_proxy,0,0.5154674745918489,0
tranco_benign_proxy,0,0.09635939938818937,0
phishtank,1,0.9984824145460317,1
tranco_benign_proxy,0,0.31052265661811557,0
phishtank,1,0.9782394211721196,1
phishtank,1,0.7172094365513927,1
tranco_benign_proxy,0,0.9137486640370173,1
tranco_benign_proxy,0,0.10965049917724878,0
phishtank,1,0.998270418511339,1
phishtank,1,0.9895131469387121,1
phishtank,1,0.9517530603935339,1
phishtank,1,0.8905572794649318,1
tranco_benign_proxy,0,0.514087192318368,0
tranco_benign_proxy,0,0.9961688580156443,1
phishtank,1,0.9820372865330451,1
phishtank,1,0.7806673721549279,1
phishtank,1,0.342813998443782,0
tranco_benign_proxy,0,0.05918824169335036,0
phishtank,1,0.9923669621814163,1
tranco_benign_proxy,0,0.605110002327534,0
phishtank,1,0.9233613099373651,1
phishtank,1,0.9177762765048447,1
tranco_benign_proxy,0,0.3866848148149759,0
phishtank,1,0.8040671757210318,1
tranco_benign_proxy,0,0.046027701900079085,0
phishtank,1,0.9952621230352185,1
tranco_benign_proxy,0,0.014914614454666384,0
phishtank,1,0.1292659339187168,0
tranco_benign_proxy,0,0.37283902426897714,0
tranco_benign_proxy,0,0.20895157488530075,0
phishtank,1,0.9998168427856935,1
tranco_benign_proxy,0,0.06581541066933973,0
tranco_benign_proxy,0,0.04447877866985465,0
phishtank,1,0.9999869834202186,1
phishtank,1,0.9868521031249482,1
phishtank,1,0.9687330837886836,1
tranco_benign_proxy,0,0.1029990489146851,0
tranco_benign_proxy,0,0.27794788261088493,0
phishtank,1,0.9765038245409214,1
phishtank,1,0.9910798922573163,1
phishtank,1,0.9998153134813587,1
tranco_benign_proxy,0,0.25975891384640454,0
phishtank,1,0.9984480319671898,1
tranco_benign_proxy,0,0.47748184558974394,0
phishtank,1,0.9932200519468275,1
tranco_benign_proxy,0,0.39368505114137764,0
tranco_benign_proxy,0,0.1767058909686328,0
phishtank,1,0.532506770855611,0
phishtank,1,0.9995732427617293,1
phishtank,1,0.9966147123350008,1
phishtank,1,0.2436325943667262,0
phishtank,1,0.946198737420377,1
phishtank,1,0.9999512848711876,1
phishtank,1,0.9961789203097496,1
phishtank,1,0.9924422838514886,1
tranco_benign_proxy,0,0.6571184736526223,0
phishtank,1,0.2270938377788031,0
phishtank,1,0.9980687496313628,1
phishtank,1,0.9980529527190521,1
phishtank,1,0.5891520828366488,0
tranco_benign_proxy,0,0.15984395753945554,0
phishtank,1,0.5966244729399885,0
phishtank,1,0.9907910478306202,1
phishtank,1,0.9999588017115852,1
tranco_benign_proxy,0,0.03859393578626334,0
phishtank,1,0.9704208657550792,1
phishtank,1,0.9879765905511645,1
tranco_benign_proxy,0,0.10273987169556656,0
tranco_benign_proxy,0,0.3932319910252808,0
tranco_benign_proxy,0,0.25294051596898076,0
tranco_benign_proxy,0,0.0917170090563888,0
tranco_benign_proxy,0,0.0024658261438909776,0
tranco_benign_proxy,0,0.47647651988031187,0
tranco_benign_proxy,0,0.9571394156859767,1
phishtank,1,0.9884264847637101,1
phishtank,1,0.9994032867753952,1
tranco_benign_proxy,0,0.08861463821294094,0
phishtank,1,0.9945329403985481,1
tranco_benign_proxy,0,0.049314383643816684,0
phishtank,1,0.7554723895768273,1
tranco_benign_proxy,0,0.8775769320533633,1
tranco_benign_proxy,0,0.15478417357872373,0
tranco_benign_proxy,0,0.15916940357237014,0
tranco_benign_proxy,0,0.19996805320235153,0
tranco_benign_proxy,0,0.34813565056629947,0
tranco_benign_proxy,0,0.18508470472167288,0
phishtank,1,0.9994735063118788,1
phishtank,1,0.9994086999695896,1
phishtank,1,0.9999626294567492,1
tranco_benign_proxy,0,0.6887891938939815,0
phishtank,1,0.9736820052561862,1
phishtank,1,0.9999370822457568,1
phishtank,1,0.9952997351876864,1
tranco_benign_proxy,0,0.055904592892151744,0
tranco_benign_proxy,0,0.13599655389978343,0
tranco_benign_proxy,0,0.45963705785818487,0
phishtank,1,0.9441084756215593,1
tranco_benign_proxy,0,0.5773767939009057,0
phishtank,1,0.9805571279077486,1
phishtank,1,0.22334692155947158,0
tranco_benign_proxy,0,0.5425487935125902,0
phishtank,1,0.9949583905540881,1
phishtank,1,0.9800794351847222,1
tranco_benign_proxy,0,0.2759372163346192,0
phishtank,1,0.6627821222497848,0
tranco_benign_proxy,0,0.09419799988902541,0
tranco_benign_proxy,0,0.8501912979215834,1
phishtank,1,0.9980521838336579,1
phishtank,1,0.9997922688311867,1
tranco_benign_proxy,0,0.9116974657715644,1
phishtank,1,0.9361244398651299,1
phishtank,1,0.9706777344911901,1
phishtank,1,0.9373185874060371,1
tranco_benign_proxy,0,0.247196341335871,0
phishtank,1,0.8106929841793529,1
tranco_benign_proxy,0,0.019671108130649588,0
phishtank,1,0.9982807170178817,1
tranco_benign_proxy,0,0.053780667489653954,0
tranco_benign_proxy,0,0.12553397213525577,0
phishtank,1,0.998558708544156,1
tranco_benign_proxy,0,0.08498768102237517,0
phishtank,1,0.999970329370087,1
phishtank,1,0.9604527461614762,1
tranco_benign_proxy,0,0.027436027540472172,0
tranco_benign_proxy,0,0.1767033682998113,0
phishtank,1,0.9262899716036557,1
tranco_benign_proxy,0,0.1410763507202201,0
phishtank,1,0.9944971266476991,1
phishtank,1,0.9921188490360845,1
tranco_benign_proxy,0,0.16433673946237634,0
tranco_benign_proxy,0,0.9796309657225607,1
phishtank,1,0.9807226527943842,1
tranco_benign_proxy,0,0.10388625414422974,0
tranco_benign_proxy,0,0.09705418502222829,0
phishtank,1,0.999861867140107,1
tranco_benign_proxy,0,0.4345887881125435,0
phishtank,1,0.9985474898282088,1
phishtank,1,0.9431872134369975,1
phishtank,1,0.9980939271397394,1
tranco_benign_proxy,0,0.03430492369429647,0
phishtank,1,0.903223730095385,1
phishtank,1,0.9958234883867212,1
phishtank,1,0.9235430239874696,1
tranco_benign_proxy,0,0.5598370878389701,0
tranco_benign_proxy,0,0.07742855237362478,0
tranco_benign_proxy,0,0.034624747630209805,0
tranco_benign_proxy,0,0.016415234887236185,0
tranco_benign_proxy,0,0.025154132067758985,0
phishtank,1,0.5181400116303939,0
phishtank,1,0.880556418810681,1
phishtank,1,0.9996876160155787,1
phishtank,1,0.9903212142759571,1
tranco_benign_proxy,0,0.8668016517302869,1
phishtank,1,0.9790659960250798,1
tranco_benign_proxy,0,0.30488875490550166,0
tranco_benign_proxy,0,0.5170037000694324,0
phishtank,1,0.9955597618821594,1
tranco_benign_proxy,0,0.7846194629642541,1
tranco_benign_proxy,0,0.22917148773884222,0
phishtank,1,0.9801270658537454,1
phishtank,1,0.9998757262233354,1
tranco_benign_proxy,0,0.13592430136493178,0
phishtank,1,0.9954948146493621,1
phishtank,1,0.9996718394402638,1
phishtank,1,0.9930829347699163,1
phishtank,1,0.9999907109326128,1
tranco_benign_proxy,0,0.15922933359751515,0
tranco_benign_proxy,0,0.24483386179264588,0
phishtank,1,0.9960667036540231,1
phishtank,1,0.9567055001514829,1
phishtank,1,0.9973835798509793,1
tranco_benign_proxy,0,0.4734430544216156,0
tranco_benign_proxy,0,0.4820841872112934,0
tranco_benign_proxy,0,0.1480552032218903,0
tranco_benign_proxy,0,0.5105638993570408,0
tranco_benign_proxy,0,0.48385367444693234,0
tranco_benign_proxy,0,0.6798475847228564,0
tranco_benign_proxy,0,0.20278207060550185,0
tranco_benign_proxy,0,0.11638955433223351,0
tranco_benign_proxy,0,0.1960298617919261,0
tranco_benign_proxy,0,0.2967787383915463,0
phishtank,1,0.9911858156761002,1
tranco_benign_proxy,0,0.001714093234434643,0
phishtank,1,0.9979638230209568,1
tranco_benign_proxy,0,0.9910067392208776,1
tranco_benign_proxy,0,0.7651045983406644,1
phishtank,1,0.9596462416087975,1
tranco_benign_proxy,0,0.25308179359037625,0
phishtank,1,0.9938686946978048,1
tranco_benign_proxy,0,0.03289695409729785,0
phishtank,1,0.7155747445709378,1
tranco_benign_proxy,0,0.8683606519830782,1
phishtank,1,0.9986790294349254,1
tranco_benign_proxy,0,0.010675254155122344,0
tranco_benign_proxy,0,0.5968889948162382,0
phishtank,1,0.9831482727666673,1
tranco_benign_proxy,0,0.8899798787032828,1
phishtank,1,0.9999922980039326,1
tranco_benign_proxy,0,0.008308044656436503,0
tranco_benign_proxy,0,0.23863571497142846,0
phishtank,1,0.9906216155168426,1
phishtank,1,0.9367129331466292,1
phishtank,1,0.9985334677628166,1
phishtank,1,0.9950055200177339,1
phishtank,1,0.4727446163957081,0
phishtank,1,0.9186078541055994,1
phishtank,1,0.9955141350460865,1
phishtank,1,0.998463430463491,1
tranco_benign_proxy,0,0.011800930509821526,0
phishtank,1,0.9948900706466154,1
phishtank,1,0.9365802450292637,1
phishtank,1,0.9685088571895567,1
phishtank,1,0.9801997324730588,1
phishtank,1,0.9992296689291075,1
tranco_benign_proxy,0,0.30582037780940724,0
phishtank,1,0.9775012555251773,1
phishtank,1,0.9999383121729198,1
phishtank,1,0.974968304719513,1
tranco_benign_proxy,0,0.42160354462608846,0
tranco_benign_proxy,0,0.03320507406031493,0
phishtank,1,0.9994682027722653,1
tranco_benign_proxy,0,0.07643741464294372,0
tranco_benign_proxy,0,0.2265985224393252,0
phishtank,1,0.998709971590994,1
tranco_benign_proxy,0,0.0681127253602549,0
tranco_benign_proxy,0,0.7616676857873047,1
tranco_benign_proxy,0,0.1868134129687136,0
tranco_benign_proxy,0,0.06975552236733712,0
tranco_benign_proxy,0,0.3671244156488686,0
tranco_benign_proxy,0,0.8902738137115483,1
tranco_benign_proxy,0,0.49448360168277794,0
tranco_benign_proxy,0,0.9632811352547401,1
tranco_benign_proxy,0,0.18065962179319528,0
phishtank,1,0.9863971484990752,1
tranco_benign_proxy,0,0.5967952257700629,0
phishtank,1,0.940515098175799,1
phishtank,1,0.9899652695355513,1
phishtank,1,0.9598026928903276,1
tranco_benign_proxy,0,0.2170199304575796,0
tranco_benign_proxy,0,0.29719618159876354,0
tranco_benign_proxy,0,0.9288237079545251,1
phishtank,1,0.9999482577153189,1
tranco_benign_proxy,0,0.0801485704417048,0
phishtank,1,0.8729243254166396,1
tranco_benign_proxy,0,0.2944323202253556,0
phishtank,1,0.978056011530303,1
phishtank,1,0.8227410351872808,1
tranco_benign_proxy,0,0.5802179498934614,0
phishtank,1,0.9944446771567198,1
phishtank,1,0.17406450373512572,0
tranco_benign_proxy,0,0.9152695650384769,1
phishtank,1,0.9817679455126175,1
tranco_benign_proxy,0,0.022169725004432043,0
phishtank,1,0.9739500319220522,1
tranco_benign_proxy,0,0.014633046299725486,0
phishtank,1,0.9983293362919892,1
tranco_benign_proxy,0,0.19583368209807217,0
phishtank,1,0.16854182741846876,0
phishtank,1,0.7940463807711742,1
tranco_benign_proxy,0,0.24723489990985295,0
phishtank,1,0.9926404423714185,1
phishtank,1,0.9990431777156364,1
phishtank,1,0.9962334378727976,1
phishtank,1,0.6168292138237752,0
tranco_benign_proxy,0,0.22516244270186225,0
phishtank,1,0.9845363821047797,1
tranco_benign_proxy,0,0.19787004550749615,0
phishtank,1,0.9601251952732021,1
phishtank,1,0.998601007428337,1
phishtank,1,0.9879437589936072,1
phishtank,1,0.9648850948696762,1
tranco_benign_proxy,0,0.10326484190735558,0
tranco_benign_proxy,0,0.2420119009881028,0
phishtank,1,0.9967564750177702,1
tranco_benign_proxy,0,0.02276508934131754,0
tranco_benign_proxy,0,0.02589387149497198,0
tranco_benign_proxy,0,0.14640363122841835,0
phishtank,1,0.983718888675751,1
phishtank,1,0.9910195655716032,1
phishtank,1,0.8870988424780885,1
phishtank,1,0.9651988284786177,1
tranco_benign_proxy,0,0.9843205560371097,1
tranco_benign_proxy,0,0.03995618764586467,0
tranco_benign_proxy,0,0.5025633211408925,0
tranco_benign_proxy,0,0.8745497292865363,1
phishtank,1,0.6337682861550733,0
phishtank,1,0.9831600861647098,1
tranco_benign_proxy,0,0.4791125156711627,0
tranco_benign_proxy,0,0.2296941111417243,0
phishtank,1,0.9956047052318071,1
tranco_benign_proxy,0,0.2569479133532427,0
phishtank,1,0.999200816800767,1
phishtank,1,0.9970560828959678,1
tranco_benign_proxy,0,0.1273100585270364,0
tranco_benign_proxy,0,0.08991221648773592,0
phishtank,1,0.9966297344142434,1
tranco_benign_proxy,0,0.08260229895265933,0
phishtank,1,0.3071993271961995,0
tranco_benign_proxy,0,0.3688591416927319,0
phishtank,1,0.8723634137178761,1
tranco_benign_proxy,0,0.889588593107262,1
tranco_benign_proxy,0,0.08915973118540015,0
tranco_benign_proxy,0,0.05714194192885055,0
phishtank,1,0.35074009081560364,0
phishtank,1,0.9553437178049224,1
phishtank,1,0.9446138287429942,1
tranco_benign_proxy,0,0.027326275855139467,0
phishtank,1,0.9999798783243191,1
phishtank,1,0.9445998586044849,1
phishtank,1,0.9070367590219691,1
tranco_benign_proxy,0,0.6049886612253955,0
tranco_benign_proxy,0,0.004969711347332757,0
phishtank,1,0.9806489819686669,1
phishtank,1,0.9596567413546537,1
phishtank,1,0.9993613647300357,1
phishtank,1,0.9999765127884968,1
tranco_benign_proxy,0,0.49533712355924214,0
tranco_benign_proxy,0,0.06854568530384865,0
tranco_benign_proxy,0,0.3062260590402473,0
tranco_benign_proxy,0,0.5335153593577652,0
phishtank,1,0.9754462034481207,1
phishtank,1,0.894548673201926,1
phishtank,1,0.9920191130286667,1
tranco_benign_proxy,0,0.9468410097768004,1
tranco_benign_proxy,0,0.13769052071150642,0
tranco_benign_proxy,0,0.021268157225378295,0
tranco_benign_proxy,0,0.182363274858522,0
phishtank,1,0.9999576307127823,1
phishtank,1,0.9946740097709542,1
phishtank,1,0.989725631969405,1
phishtank,1,0.4409888991047576,0
phishtank,1,0.2761187025298031,0
phishtank,1,0.991592297007625,1
phishtank,1,0.8199519886809887,1
phishtank,1,0.9982208044684772,1
phishtank,1,0.999931587013915,1
phishtank,1,0.9999518251711279,1
phishtank,1,0.9974877391258804,1
tranco_benign_proxy,0,0.42422478497575067,0
tranco_benign_proxy,0,0.20192979170604158,0
tranco_benign_proxy,0,0.09491059041557363,0
tranco_benign_proxy,0,0.6535954949566659,0
tranco_benign_proxy,0,0.07838835123196297,0
tranco_benign_proxy,0,0.16482254931188423,0
phishtank,1,0.9932405534530099,1
phishtank,1,0.9991030023461116,1
phishtank,1,0.9980071500306023,1
tranco_benign_proxy,0,0.03763797142610588,0
tranco_benign_proxy,0,0.08657201452508259,0
tranco_benign_proxy,0,0.1770674234716511,0
phishtank,1,0.9648261926561414,1
tranco_benign_proxy,0,0.6253723215199661,0
tranco_benign_proxy,0,0.6542960589548543,0
phishtank,1,0.9981185656252162,1
tranco_benign_proxy,0,0.18738990302415837,0
tranco_benign_proxy,0,0.06819236493146957,0
tranco_benign_proxy,0,0.7964966440481739,1
tranco_benign_proxy,0,0.9735920256478159,1
tranco_benign_proxy,0,0.14788836550728734,0
tranco_benign_proxy,0,0.8132142469549861,1
phishtank,1,0.9933090497201641,1
phishtank,1,0.9655609165130609,1
tranco_benign_proxy,0,0.03603610463311314,0
tranco_benign_proxy,0,0.02794870458331097,0
tranco_benign_proxy,0,0.23669101290855868,0
tranco_benign_proxy,0,0.030138960668035206,0
tranco_benign_proxy,0,0.007807472269909012,0
phishtank,1,0.9999413712429059,1
phishtank,1,0.36569467209919454,0
phishtank,1,0.9957037332388989,1
phishtank,1,0.999565211686811,1
tranco_benign_proxy,0,0.12228608797546271,0
phishtank,1,0.6352209386449906,0
phishtank,1,0.993336874366368,1
tranco_benign_proxy,0,0.11933404520483565,0
phishtank,1,0.9999211557029964,1
phishtank,1,0.9814003107203955,1
tranco_benign_proxy,0,0.9896399382007495,1
tranco_benign_proxy,0,0.6035683752614448,0
phishtank,1,0.9861906603702464,1
tranco_benign_proxy,0,0.15665425524028911,0
phishtank,1,0.9997138981508247,1
tranco_benign_proxy,0,0.0021500492243038795,0
tranco_benign_proxy,0,0.06309629691051379,0
phishtank,1,0.9997217241802472,1
tranco_benign_proxy,0,0.9383169554730617,1
phishtank,1,0.9992588012389418,1
phishtank,1,0.9614265592414857,1
phishtank,1,0.9998226648282201,1
phishtank,1,0.998880764702913,1
tranco_benign_proxy,0,0.618114897727971,0
tranco_benign_proxy,0,0.12991095104532974,0
phishtank,1,0.994434954275605,1
tranco_benign_proxy,0,0.021771061076468156,0
tranco_benign_proxy,0,0.13130045986993685,0
phishtank,1,0.9948796469889625,1
tranco_benign_proxy,0,0.4832054468208995,0
tranco_benign_proxy,0,0.28353034072754346,0
phishtank,1,0.9749319550884451,1
tranco_benign_proxy,0,0.1177237740299657,0
tranco_benign_proxy,0,0.1980716359355191,0
phishtank,1,0.9901146212477957,1
phishtank,1,0.9985027633626825,1
phishtank,1,0.9524112874525834,1
tranco_benign_proxy,0,0.03568088681598049,0
tranco_benign_proxy,0,0.9994040888723325,1
phishtank,1,0.9976261002482484,1
phishtank,1,0.9450238444995924,1
phishtank,1,0.9849667503557281,1
tranco_benign_proxy,0,0.5326993312611485,0
tranco_benign_proxy,0,0.035394102390073144,0
tranco_benign_proxy,0,0.32672268261669035,0
phishtank,1,0.9762602945917846,1
tranco_benign_proxy,0,0.39860075129857475,0
tranco_benign_proxy,0,0.08058685635397428,0
tranco_benign_proxy,0,0.4402051337751135,0
phishtank,1,0.992655960552911,1
phishtank,1,0.9637610416272345,1
phishtank,1,0.3787196040140737,0
tranco_benign_proxy,0,0.5006336849039406,0
tranco_benign_proxy,0,0.545957375192179,0
phishtank,1,0.9893383432829753,1
tranco_benign_proxy,0,0.7346430290063761,1
tranco_benign_proxy,0,0.17773999913497363,0
tranco_benign_proxy,0,0.957822052947369,1
tranco_benign_proxy,0,0.08292207737391818,0
tranco_benign_proxy,0,0.9853090849533338,1
phishtank,1,0.9999957430932807,1
tranco_benign_proxy,0,0.06170429143230909,0
phishtank,1,0.9961825479173936,1
tranco_benign_proxy,0,0.2805267419145679,0
tranco_benign_proxy,0,0.9399200423162072,1
tranco_benign_proxy,0,0.6670736604365447,0
phishtank,1,0.9832860816334317,1
phishtank,1,0.9214341539218266,1
tranco_benign_proxy,0,0.8668091652274248,1
phishtank,1,0.916827116453426,1
phishtank,1,0.9581718561306418,1
tranco_benign_proxy,0,0.058085008645344154,0
phishtank,1,0.9997268391043489,1
tranco_benign_proxy,0,0.0985217017575921,0
phishtank,1,0.9965468700205615,1
tranco_benign_proxy,0,0.3907101995395105,0
tranco_benign_proxy,0,0.37862020368665933,0
tranco_benign_proxy,0,0.5035499794662391,0
tranco_benign_proxy,0,0.023891845669618106,0
phishtank,1,0.9998794770867604,1
tranco_benign_proxy,0,0.06967195614480551,0
tranco_benign_proxy,0,0.011521310692862573,0
tranco_benign_proxy,0,0.6993952910998855,1
tranco_benign_proxy,0,0.07509787480982998,0
phishtank,1,0.999251341760826,1
phishtank,1,0.9992178738441558,1
phishtank,1,0.9359180725152119,1
phishtank,1,0.9994802800875159,1
tranco_benign_proxy,0,0.04682804725017733,0
phishtank,1,0.9202164764391626,1
phishtank,1,0.9873590847450994,1
tranco_benign_proxy,0,0.009744524488559283,0
phishtank,1,0.9936302095913029,1
tranco_benign_proxy,0,0.22841163522695104,0
phishtank,1,0.9983080353481512,1
phishtank,1,0.9932216768395244,1
tranco_benign_proxy,0,0.15290596054426123,0
phishtank,1,0.9661303760234486,1
tranco_benign_proxy,0,0.842244439352271,1
tranco_benign_proxy,0,0.16490155512233284,0
phishtank,1,0.16920230183241455,0
phishtank,1,0.9975350737425764,1
phishtank,1,0.997932403601445,1
tranco_benign_proxy,0,0.1020086584912032,0
phishtank,1,0.9981771948465669,1
tranco_benign_proxy,0,0.16275278137195517,0
tranco_benign_proxy,0,0.14223416752445928,0
tranco_benign_proxy,0,0.9626081995736087,1
tranco_benign_proxy,0,0.11494278137841966,0
phishtank,1,0.9999699116395511,1
tranco_benign_proxy,0,0.08127190962482923,0
tranco_benign_proxy,0,0.7320556798019237,1
tranco_benign_proxy,0,0.284761340413946,0
tranco_benign_proxy,0,0.04693023111110016,0
phishtank,1,0.9202351131264177,1
phishtank,1,0.9954746539079897,1
phishtank,1,0.9617106711639422,1
tranco_benign_proxy,0,0.10948173129212972,0
tranco_benign_proxy,0,0.3286567760348498,0
tranco_benign_proxy,0,0.14501564858626664,0
tranco_benign_proxy,0,0.16533957830869359,0
phishtank,1,0.9715848191320171,1
phishtank,1,0.9999535356136479,1
phishtank,1,0.9966341395914591,1
phishtank,1,0.5154307511211491,0
tranco_benign_proxy,0,0.9790396687970054,1
tranco_benign_proxy,0,0.7227806784861914,1
phishtank,1,0.9998956460457614,1
phishtank,1,0.9651472935143195,1
phishtank,1,0.9234190125083023,1
phishtank,1,0.9977397303503269,1
tranco_benign_proxy,0,0.015290155899591153,0
tranco_benign_proxy,0,0.8671738379095395,1
phishtank,1,0.9646766331630339,1
tranco_benign_proxy,0,0.026408192878779893,0
phishtank,1,0.9850447344960745,1
tranco_benign_proxy,0,0.14432854252323693,0
phishtank,1,0.9975374657105054,1
phishtank,1,0.3650495445497202,0
phishtank,1,0.9968238458213495,1
phishtank,1,0.9989160065409507,1
tranco_benign_proxy,0,0.194259252458062,0
phishtank,1,0.9346005284248524,1
tranco_benign_proxy,0,0.34675242270005546,0
phishtank,1,0.9998288772833379,1
tranco_benign_proxy,0,0.8692337159229162,1
tranco_benign_proxy,0,0.11305194186467385,0
tranco_benign_proxy,0,0.1530943492474371,0
tranco_benign_proxy,0,0.919595402587636,1
tranco_benign_proxy,0,0.598544545719986,0
phishtank,1,0.9999726816392069,1
phishtank,1,0.9540111463385975,1
tranco_benign_proxy,0,0.5596183859928314,0
phishtank,1,0.9607971551085496,1
phishtank,1,0.9722328503201965,1
phishtank,1,0.9680826433611838,1
phishtank,1,0.9897879317316877,1
tranco_benign_proxy,0,0.2528495518427015,0
tranco_benign_proxy,0,0.8019996099860223,1
phishtank,1,0.9639353462651429,1
phishtank,1,0.9640256137432407,1
phishtank,1,0.9728929224146705,1
tranco_benign_proxy,0,0.051124604304601265,0
phishtank,1,0.9992635771561734,1
tranco_benign_proxy,0,0.4377582310970014,0
tranco_benign_proxy,0,0.4381529252967951,0
phishtank,1,0.9839376447019106,1
tranco_benign_proxy,0,0.10824667507420434,0
phishtank,1,0.9923893964266841,1
phishtank,1,0.9800565857240539,1
phishtank,1,0.9979477565227791,1
tranco_benign_proxy,0,0.26032783816703026,0
tranco_benign_proxy,0,0.5227493504880579,0
phishtank,1,0.9957637842968087,1
tranco_benign_proxy,0,0.23529793804480562,0
tranco_benign_proxy,0,0.5132800734519278,0
tranco_benign_proxy,0,0.012886149252625542,0
tranco_benign_proxy,0,0.9612157347630069,1
phishtank,1,0.9988940387309883,1
phishtank,1,0.9952410097233422,1
phishtank,1,0.9440524559332779,1
tranco_benign_proxy,0,0.3037536604094205,0
phishtank,1,0.9992993141613844,1
tranco_benign_proxy,0,0.2640025012671296,0
phishtank,1,0.9936941386240036,1
tranco_benign_proxy,0,0.3270381445162477,0
tranco_benign_proxy,0,0.01997955519489184,0
tranco_benign_proxy,0,0.4283211732700781,0
tranco_benign_proxy,0,0.09543228157628186,0
phishtank,1,0.8940248185328897,1
phishtank,1,0.8265791485781363,1
tranco_benign_proxy,0,0.5681811624310986,0
phishtank,1,0.9972690445646589,1
tranco_benign_proxy,0,0.28679690997368346,0
phishtank,1,0.9917276538103201,1
tranco_benign_proxy,0,0.18781566575213168,0
tranco_benign_proxy,0,0.8778988166537469,1
phishtank,1,0.9981444824467443,1
tranco_benign_proxy,0,0.4244163593369657,0
phishtank,1,0.9996416399277483,1
tranco_benign_proxy,0,0.9866541229637046,1
tranco_benign_proxy,0,0.03583758884436625,0
phishtank,1,0.9996518712490388,1
tranco_benign_proxy,0,0.10455170857749646,0
phishtank,1,0.9726977070617221,1
phishtank,1,0.9973668345347315,1
phishtank,1,0.9929494075616951,1
phishtank,1,0.9998425087955807,1
phishtank,1,0.987940898648758,1
phishtank,1,0.9874221025609727,1
phishtank,1,0.9969205188825692,1
phishtank,1,0.9849811153938322,1
tranco_benign_proxy,0,0.9581645656692623,1
tranco_benign_proxy,0,0.17750020743096195,0
tranco_benign_proxy,0,0.1493640163674461,0
phishtank,1,0.9945212249407784,1
phishtank,1,0.9171113354432499,1
phishtank,1,0.9711546371305749,1
tranco_benign_proxy,0,0.1393355554958927,0
phishtank,1,0.9839171909231221,1
phishtank,1,0.997391040168219,1
tranco_benign_proxy,0,0.17721699842894525,0
phishtank,1,0.7825332096584177,1
tranco_benign_proxy,0,0.199145709794505,0
phishtank,1,0.8804762608731096,1
phishtank,1,0.9577214965908916,1
phishtank,1,0.9767189962801708,1
phishtank,1,0.9372819249275108,1
phishtank,1,0.9997261793784585,1
phishtank,1,0.999826876050116,1
tranco_benign_proxy,0,0.4006516390967185,0
phishtank,1,0.9878762760222856,1
phishtank,1,0.7100271548385481,1
phishtank,1,0.9356621494988075,1
phishtank,1,0.9979152961909891,1
tranco_benign_proxy,0,0.047648894907865384,0
tranco_benign_proxy,0,0.5230645059105827,0
phishtank,1,0.9813607504953105,1
tranco_benign_proxy,0,0.3857137227578633,0
tranco_benign_proxy,0,0.035662800983396706,0
tranco_benign_proxy,0,0.15859992912786852,0
tranco_benign_proxy,0,0.18589763506362092,0
phishtank,1,0.9938849145125763,1
phishtank,1,0.9899328496598209,1
phishtank,1,0.9999571184253574,1
phishtank,1,0.9996264692005422,1
phishtank,1,0.9999010063384047,1
tranco_benign_proxy,0,0.5576535439217414,0
tranco_benign_proxy,0,0.17576764601888742,0
tranco_benign_proxy,0,0.9566387246705979,1
tranco_benign_proxy,0,0.17733789959035542,0
phishtank,1,0.98321934323398,1
tranco_benign_proxy,0,0.7790541039989032,1
tranco_benign_proxy,0,0.7373207458354983,1
tranco_benign_proxy,0,0.11968389765213126,0
phishtank,1,0.6196899939921617,0
phishtank,1,0.9884660775946911,1
tranco_benign_proxy,0,0.272794634970093,0
tranco_benign_proxy,0,0.37324631696467203,0
phishtank,1,0.9405450325422527,1
phishtank,1,0.9891781577046455,1
tranco_benign_proxy,0,0.06394459129857033,0
tranco_benign_proxy,0,0.39549466512208176,0
phishtank,1,0.9969635876922625,1
tranco_benign_proxy,0,0.2676148275600226,0
tranco_benign_proxy,0,0.5182767175228039,0
tranco_benign_proxy,0,0.8427168662718322,1
tranco_benign_proxy,0,0.058087447821928956,0
phishtank,1,0.6198627968206901,0
tranco_benign_proxy,0,0.07442962970783598,0
phishtank,1,0.36123152146531307,0
phishtank,1,0.9541105820719483,1
tranco_benign_proxy,0,0.08832597622974754,0
phishtank,1,0.9992631766775748,1
phishtank,1,0.9943189583990744,1
tranco_benign_proxy,0,0.0068211102218359975,0
phishtank,1,0.9054061503031581,1
phishtank,1,0.9477144875673077,1
phishtank,1,0.9996161599015723,1
tranco_benign_proxy,0,0.05950935128206937,0
phishtank,1,0.9975869783673308,1
phishtank,1,0.9998808110836878,1
phishtank,1,0.9889318622002362,1
tranco_benign_proxy,0,0.955003024430392,1
tranco_benign_proxy,0,0.168704836571922,0
tranco_benign_proxy,0,0.5396882619941967,0
tranco_benign_proxy,0,0.20587191978934288,0
phishtank,1,0.9966207522169035,1
tranco_benign_proxy,0,0.7715182236808038,1
tranco_benign_proxy,0,0.3272667479749123,0
tranco_benign_proxy,0,0.03797604358932297,0
phishtank,1,0.9872304815438973,1
phishtank,1,0.9863595188693052,1
tranco_benign_proxy,0,0.01670488422300188,0
tranco_benign_proxy,0,0.3995293171222924,0
phishtank,1,0.9827145514047488,1
phishtank,1,0.9995627186569602,1
phishtank,1,0.9694951208524949,1
tranco_benign_proxy,0,0.042522052230954885,0
phishtank,1,0.9954317584052619,1
tranco_benign_proxy,0,0.7359274683678837,1
phishtank,1,0.9786661898035554,1
phishtank,1,0.9949164307369893,1
phishtank,1,0.534201346618287,0
phishtank,1,0.9999669387736655,1
tranco_benign_proxy,0,0.6595252697012872,0
phishtank,1,0.997738806539514,1
tranco_benign_proxy,0,0.9912169466632792,1
phishtank,1,0.9999750197195773,1
phishtank,1,0.9937367021370003,1
phishtank,1,0.9987768606314411,1
phishtank,1,0.9650636158282377,1
tranco_benign_proxy,0,0.04045833901984824,0
phishtank,1,0.9985247042754104,1
tranco_benign_proxy,0,0.38411854498948145,0
phishtank,1,0.9951695960915582,1
phishtank,1,0.9998015971869847,1
phishtank,1,0.9991084720482095,1
phishtank,1,0.9908078584883124,1
phishtank,1,0.9991364132992752,1
phishtank,1,0.9999032199314948,1
phishtank,1,0.9931297814077575,1
tranco_benign_proxy,0,0.8478461234130275,1
phishtank,1,0.9942763923706914,1
tranco_benign_proxy,0,0.2818048866026003,0
phishtank,1,0.9983370777577181,1
phishtank,1,0.27613024634529776,0
tranco_benign_proxy,0,0.8915981419340226,1
phishtank,1,0.8896613419335532,1
tranco_benign_proxy,0,0.2653693938039838,0
tranco_benign_proxy,0,0.21671271797451178,0
tranco_benign_proxy,0,0.0661892437661252,0
tranco_benign_proxy,0,0.8095000210006836,1
phishtank,1,0.990115419638934,1
phishtank,1,0.9936268996930616,1
tranco_benign_proxy,0,0.547608670433626,0
tranco_benign_proxy,0,0.5848485563535247,0
tranco_benign_proxy,0,0.19694962229096288,0
tranco_benign_proxy,0,0.04952425674880401,0
phishtank,1,0.9768536813982701,1
phishtank,1,0.9889298906757266,1
tranco_benign_proxy,0,0.012356260863853214,0
phishtank,1,0.19685329917050445,0
tranco_benign_proxy,0,0.9545901819310657,1
phishtank,1,0.9998914857485451,1
phishtank,1,0.9911644622744754,1
phishtank,1,0.7304841992518426,1
phishtank,1,0.9748986323637695,1
phishtank,1,0.8902531887521046,1
phishtank,1,0.9982497277395654,1
tranco_benign_proxy,0,0.9524585666208584,1
phishtank,1,0.6712177933893849,0
phishtank,1,0.9976742659092587,1
tranco_benign_proxy,0,0.2837349566049595,0
tranco_benign_proxy,0,0.7477609216503297,1
phishtank,1,0.9593863462887776,1
phishtank,1,0.5539602518993552,0
phishtank,1,0.9665844475771793,1
tranco_benign_proxy,0,0.9704185652665147,1
tranco_benign_proxy,0,0.596240023953629,0
tranco_benign_proxy,0,0.1421484695172624,0
phishtank,1,0.9963770635073871,1
phishtank,1,0.9998245378189768,1
phishtank,1,0.9928385873950282,1
phishtank,1,0.9999712047671662,1
tranco_benign_proxy,0,0.07245475716120207,0
tranco_benign_proxy,0,0.06955428996354494,0
tranco_benign_proxy,0,0.2991505627047752,0
phishtank,1,0.9984377220086635,1
tranco_benign_proxy,0,0.7016742168240675,1
phishtank,1,0.945875140668,1
tranco_benign_proxy,0,0.5889684767854236,0
tranco_benign_proxy,0,0.34268708703275447,0
phishtank,1,0.994590449030019,1
phishtank,1,0.9234645352453209,1
tranco_benign_proxy,0,0.008886437123829052,0
phishtank,1,0.9830356936785047,1
phishtank,1,0.7936428522766956,1
tranco_benign_proxy,0,0.18303503738398885,0
phishtank,1,0.9934232201839237,1
tranco_benign_proxy,0,0.9163932121846567,1
tranco_benign_proxy,0,0.8073378666165879,1
phishtank,1,0.99948767602776,1
phishtank,1,0.9805446342893799,1
tranco_benign_proxy,0,0.18135864200317386,0
tranco_benign_proxy,0,0.2201711418488171,0
tranco_benign_proxy,0,0.4039135423809212,0
tranco_benign_proxy,0,0.19273949517799124,0
phishtank,1,0.9952335212097019,1
tranco_benign_proxy,0,0.057222394149247825,0
tranco_benign_proxy,0,0.2651383666755707,0
phishtank,1,0.9976733544912545,1
phishtank,1,0.9993423934113514,1
phishtank,1,0.955820988150684,1
tranco_benign_proxy,0,0.05002870150244224,0
phishtank,1,0.9982116509149952,1
phishtank,1,0.9993857323989034,1
phishtank,1,0.9981337913663931,1
phishtank,1,0.9635757910983411,1
phishtank,1,0.9798196432388847,1
tranco_benign_proxy,0,0.019859640956661297,0
phishtank,1,0.8880848029545645,1
phishtank,1,0.4156865688967953,0
tranco_benign_proxy,0,0.19524906371113043,0
tranco_benign_proxy,0,0.1264626985606663,0
tranco_benign_proxy,0,0.8532116703517773,1
tranco_benign_proxy,0,0.20831672734010992,0
phishtank,1,0.9736487360487699,1
tranco_benign_proxy,0,0.12434042246345012,0
phishtank,1,0.9496423634573811,1
tranco_benign_proxy,0,0.2871325453384653,0
tranco_benign_proxy,0,0.48794634429153605,0
phishtank,1,0.9940803631618601,1
tranco_benign_proxy,0,0.6839918397287651,0
tranco_benign_proxy,0,0.5889737934412012,0
phishtank,1,0.9590896049037828,1
tranco_benign_proxy,0,0.7287377089689588,1
phishtank,1,0.9965070887860389,1
phishtank,1,0.9961044930789908,1
tranco_benign_proxy,0,0.08134379906041257,0
phishtank,1,0.97876621207516,1
phishtank,1,0.9994137966208523,1
phishtank,1,0.9994518959365603,1
phishtank,1,0.997214820345635,1
tranco_benign_proxy,0,0.17864240322780697,0
phishtank,1,0.9620829393106135,1
tranco_benign_proxy,0,0.3276505171893299,0
phishtank,1,0.9981121041060861,1
phishtank,1,0.9847574606939823,1
phishtank,1,0.9949728473978164,1
phishtank,1,0.9981161499934615,1
phishtank,1,0.9940504667154113,1
phishtank,1,0.949615187416345,1
phishtank,1,0.9998784835920462,1
phishtank,1,0.9941160633527185,1
tranco_benign_proxy,0,0.19358627408244272,0
tranco_benign_proxy,0,0.7078949656863895,1
phishtank,1,0.9913197042663792,1
tranco_benign_proxy,0,0.4846598385024907,0
tranco_benign_proxy,0,0.20833647476291825,0
tranco_benign_proxy,0,0.25322807154929095,0
tranco_benign_proxy,0,0.4690655703415638,0
tranco_benign_proxy,0,0.7429433313315924,1
phishtank,1,0.9975989638092391,1
tranco_benign_proxy,0,0.07400606908064887,0
phishtank,1,0.9992094274849048,1
phishtank,1,0.9845050592836064,1
tranco_benign_proxy,0,0.005227479919320813,0
phishtank,1,0.3135333957942525,0
tranco_benign_proxy,0,0.27340289489945463,0
phishtank,1,0.9965771915723746,1
phishtank,1,0.9712157922241265,1
tranco_benign_proxy,0,0.31747149015337583,0
tranco_benign_proxy,0,0.4172966545171253,0
tranco_benign_proxy,0,0.27797123635495224,0
tranco_benign_proxy,0,0.9816785641338596,1
tranco_benign_proxy,0,0.005286291107546849,0
phishtank,1,0.8649913270809431,1
tranco_benign_proxy,0,0.7490461105937491,1
phishtank,1,0.934027558916172,1
phishtank,1,0.9760624732664175,1
tranco_benign_proxy,0,0.6380853292124168,0
tranco_benign_proxy,0,0.3530811178202278,0
phishtank,1,0.9915166762185672,1
tranco_benign_proxy,0,0.8612662712236993,1
tranco_benign_proxy,0,0.3931085792737277,0
phishtank,1,0.8068702712304702,1
tranco_benign_proxy,0,0.2253035964965244,0
phishtank,1,0.1854763889428478,0
tranco_benign_proxy,0,0.5183739295674336,0
tranco_benign_proxy,0,0.12645070833650782,0
phishtank,1,0.37877721229946243,0
phishtank,1,0.9547071450621337,1
tranco_benign_proxy,0,0.8681210230914238,1
tranco_benign_proxy,0,0.09540539088243409,0
tranco_benign_proxy,0,0.5766215550754848,0
phishtank,1,0.9999372077892666,1
tranco_benign_proxy,0,0.5127337275352072,0
tranco_benign_proxy,0,0.9098936392748456,1
tranco_benign_proxy,0,0.8337793593725066,1
tranco_benign_proxy,0,0.05027996903090121,0
phishtank,1,0.8540612378392619,1
tranco_benign_proxy,0,0.01623177794643082,0
tranco_benign_proxy,0,0.5728985429404536,0
tranco_benign_proxy,0,0.2929292397238722,0
phishtank,1,0.999943644899822,1
tranco_benign_proxy,0,0.07845911860902584,0
tranco_benign_proxy,0,0.009870343292947358,0
tranco_benign_proxy,0,0.35292063799019047,0
phishtank,1,0.9899436063160758,1
tranco_benign_proxy,0,0.8388663401130964,1
phishtank,1,0.992110198918201,1
phishtank,1,0.9944582038738128,1
phishtank,1,0.9997961321216755,1
phishtank,1,0.9990281211033636,1
phishtank,1,0.9923350334936472,1
tranco_benign_proxy,0,0.12657988430331282,0
phishtank,1,0.9992373634670473,1
tranco_benign_proxy,0,0.19336284084581035,0
tranco_benign_proxy,0,0.1340652094644665,0
tranco_benign_proxy,0,0.010450872464025669,0
tranco_benign_proxy,0,0.44298773254582735,0
phishtank,1,0.9463427810226273,1
tranco_benign_proxy,0,0.0957981849404649,0
phishtank,1,0.9874198093100782,1
phishtank,1,0.9933305191333806,1
phishtank,1,0.999420753058142,1
phishtank,1,0.9603185116837394,1
tranco_benign_proxy,0,0.7634160572089324,1
tranco_benign_proxy,0,0.7029836415116598,1
tranco_benign_proxy,0,0.06282328113691686,0
tranco_benign_proxy,0,0.30919044095958337,0
phishtank,1,0.99949831280661,1
phishtank,1,0.999988953806012,1
phishtank,1,0.9494222074058281,1
tranco_benign_proxy,0,0.010510451187059762,0
phishtank,1,0.995195412584401,1
phishtank,1,0.9966948206948641,1
phishtank,1,0.9999490791067637,1
phishtank,1,0.8779145657407396,1
phishtank,1,0.998883069183265,1
phishtank,1,0.8640791132921887,1
phishtank,1,0.981424673498669,1
phishtank,1,0.9951043324521249,1
phishtank,1,0.9990129104600002,1
phishtank,1,0.9298944484542724,1
tranco_benign_proxy,0,0.24946567824180665,0
phishtank,1,0.9996177344163373,1
tranco_benign_proxy,0,0.1334977126572848,0
phishtank,1,0.9991597382269938,1
phishtank,1,0.9828503542067116,1
phishtank,1,0.9937588311336077,1
phishtank,1,0.9981223770325253,1
tranco_benign_proxy,0,0.6831306169333293,0
phishtank,1,0.9998799691407247,1
phishtank,1,0.6627885988635641,0
tranco_benign_proxy,0,0.10897479660195564,0
phishtank,1,0.970835298874281,1
phishtank,1,0.9987218528431688,1
tranco_benign_proxy,0,0.11315454423779207,0
phishtank,1,0.9997015696434564,1
tranco_benign_proxy,0,0.4969078165802386,0
phishtank,1,0.9999143820215287,1
tranco_benign_proxy,0,0.37005808065989226,0
phishtank,1,0.9836240940011924,1
phishtank,1,0.9976457278722548,1
tranco_benign_proxy,0,0.7162934290750352,1
phishtank,1,0.9997358137259938,1
phishtank,1,0.9680928436198264,1
phishtank,1,0.9999348695432061,1
phishtank,1,0.7949666093991983,1
phishtank,1,0.9928437968363849,1
phishtank,1,0.9626691595403672,1
phishtank,1,0.9949150456658823,1
tranco_benign_proxy,0,0.9283270274131951,1
phishtank,1,0.9977660669520032,1
tranco_benign_proxy,0,0.7620794678888083,1
tranco_benign_proxy,0,0.24201384023258835,0
phishtank,1,0.9226270418917303,1
phishtank,1,0.998250369387596,1
tranco_benign_proxy,0,0.8067600718322762,1
tranco_benign_proxy,0,0.09948269026527533,0
phishtank,1,0.44039004068360527,0
tranco_benign_proxy,0,0.12729690315184963,0
tranco_benign_proxy,0,0.05987176066513471,0
tranco_benign_proxy,0,0.914510576189687,1
tranco_benign_proxy,0,0.21555666575079915,0
phishtank,1,0.9994650996701651,1
tranco_benign_proxy,0,0.654828541296987,0
tranco_benign_proxy,0,0.5506270381830195,0
tranco_benign_proxy,0,0.18536696214302484,0
tranco_benign_proxy,0,0.254641829463363,0
tranco_benign_proxy,0,0.0739410415763432,0
tranco_benign_proxy,0,0.188201586160531,0
tranco_benign_proxy,0,0.8002340526173772,1
phishtank,1,0.9809096901708403,1
tranco_benign_proxy,0,0.02129393559290802,0
tranco_benign_proxy,0,0.025352873190266897,0
phishtank,1,0.3655047895483977,0
phishtank,1,0.6304489602180828,0
tranco_benign_proxy,0,0.0005106221052020306,0
phishtank,1,0.5646611432711284,0
tranco_benign_proxy,0,0.1790342060787346,0
tranco_benign_proxy,0,0.5956911720238407,0
tranco_benign_proxy,0,0.21131975845036838,0
tranco_benign_proxy,0,0.7291480151394674,1
tranco_benign_proxy,0,0.48358566863657937,0
phishtank,1,0.9860778256906448,1
phishtank,1,0.998596357006314,1
phishtank,1,0.950025454733817,1
phishtank,1,0.999726031091467,1
tranco_benign_proxy,0,0.45092368008611905,0
phishtank,1,0.9894345489539037,1
phishtank,1,0.9976634150847434,1
phishtank,1,0.9980116159380084,1
tranco_benign_proxy,0,0.0011630694254910802,0
phishtank,1,0.9963682297423516,1
tranco_benign_proxy,0,0.7904879970435207,1
phishtank,1,0.9980413203586544,1
phishtank,1,0.9976840850758152,1
phishtank,1,0.9887888398505187,1
tranco_benign_proxy,0,0.21318719382192503,0
tranco_benign_proxy,0,0.8335585575824155,1
tranco_benign_proxy,0,0.6459498533872997,0
phishtank,1,0.9958426946702624,1
phishtank,1,0.9940973401008731,1
tranco_benign_proxy,0,0.4970507757663535,0
tranco_benign_proxy,0,0.6229643041459639,0
tranco_benign_proxy,0,0.24538667600445488,0
tranco_benign_proxy,0,0.15373637128646603,0
tranco_benign_proxy,0,0.1399778851606349,0
phishtank,1,0.9946988118429246,1
phishtank,1,0.9979049966977016,1
tranco_benign_proxy,0,0.26810556227446647,0
tranco_benign_proxy,0,0.8183139698956713,1
phishtank,1,0.9326812639376364,1
phishtank,1,0.9978923309675689,1
tranco_benign_proxy,0,0.054556704800879305,0
tranco_benign_proxy,0,0.2515132617951995,0
phishtank,1,0.9987613910878771,1
tranco_benign_proxy,0,0.10274138315657054,0
tranco_benign_proxy,0,0.05372801309348371,0
phishtank,1,0.6207906466181251,0
phishtank,1,0.44761473862187934,0
tranco_benign_proxy,0,0.08973891894795127,0
tranco_benign_proxy,0,0.2919622419241294,0
phishtank,1,0.9959470802998659,1
phishtank,1,0.9914480069076075,1
tranco_benign_proxy,0,0.46152174857003353,0
phishtank,1,0.9010015774649767,1
tranco_benign_proxy,0,0.25991867983352207,0
phishtank,1,0.9562914780543066,1
phishtank,1,0.9909412504424981,1
tranco_benign_proxy,0,0.10240114468638417,0
phishtank,1,0.9937441789564917,1
phishtank,1,0.99377119337516,1
tranco_benign_proxy,0,0.7367313687571393,1
phishtank,1,0.9722682756926229,1
phishtank,1,0.99890614049975,1
tranco_benign_proxy,0,0.04692371593725705,0
tranco_benign_proxy,0,0.6403202766720189,0
tranco_benign_proxy,0,0.9152425161382045,1
tranco_benign_proxy,0,0.019533259955376914,0
tranco_benign_proxy,0,0.9463104611481971,1
tranco_benign_proxy,0,0.1961327725939159,0
phishtank,1,0.9993543462915979,1
phishtank,1,0.996817521634428,1
phishtank,1,0.8138706763193387,1
phishtank,1,0.9970510908540738,1
tranco_benign_proxy,0,0.02006894898970815,0
tranco_benign_proxy,0,0.0783111504134411,0
tranco_benign_proxy,0,0.6001493716081795,0
phishtank,1,0.8583345784439567,1
tranco_benign_proxy,0,0.142133201288323,0
phishtank,1,0.9931578360018171,1
phishtank,1,0.4061309224849258,0
phishtank,1,0.982665726470507,1
phishtank,1,0.9930313941058486,1
phishtank,1,0.9949061058092166,1
phishtank,1,0.06010139829936594,0
tranco_benign_proxy,0,0.0309283585846755,0
phishtank,1,0.9723103648635242,1
tranco_benign_proxy,0,0.11172929673369837,0
phishtank,1,0.9985885400655057,1
tranco_benign_proxy,0,0.0993884746300774,0
tranco_benign_proxy,0,0.187395707996139,0
phishtank,1,0.9972638509707129,1
tranco_benign_proxy,0,0.5446222489728092,0
tranco_benign_proxy,0,0.4079145019712795,0
tranco_benign_proxy,0,0.4831174831704148,0
phishtank,1,0.9836535148568557,1
tranco_benign_proxy,0,0.41795819598202316,0
phishtank,1,0.9651369273852786,1
tranco_benign_proxy,0,0.1795321411758286,0
tranco_benign_proxy,0,0.17202084523401204,0
tranco_benign_proxy,0,0.04177304159425383,0
phishtank,1,0.7928525013939349,1
tranco_benign_proxy,0,0.07928251098770031,0
phishtank,1,0.9956534275212451,1
tranco_benign_proxy,0,0.7071716386902237,1
phishtank,1,0.8996675090739942,1
phishtank,1,0.9906292317223315,1
phishtank,1,0.6004836800158507,0
tranco_benign_proxy,0,0.03975731922162336,0
tranco_benign_proxy,0,0.4308452667675147,0
phishtank,1,0.97768425811374,1
phishtank,1,0.730555484576383,1
tranco_benign_proxy,0,0.1275235543750082,0
tranco_benign_proxy,0,0.022250212197907893,0
tranco_benign_proxy,0,0.3740422994980703,0
tranco_benign_proxy,0,0.10377222974541815,0
tranco_benign_proxy,0,0.2176028207280142,0
tranco_benign_proxy,0,0.7447423744566316,1
tranco_benign_proxy,0,0.10060327140555746,0
tranco_benign_proxy,0,0.0038328321444919783,0
phishtank,1,0.8022610306561647,1
tranco_benign_proxy,0,0.1142278340630116,0
phishtank,1,0.9965510369068312,1
tranco_benign_proxy,0,0.11576097874514434,0
tranco_benign_proxy,0,0.46848886537405077,0
phishtank,1,0.9795032892155565,1
phishtank,1,0.9984158075017469,1
phishtank,1,0.9980172934498881,1
phishtank,1,0.995211519822636,1
phishtank,1,0.9950219503104046,1
phishtank,1,0.9457857560373752,1
tranco_benign_proxy,0,0.6082795187518512,0
tranco_benign_proxy,0,0.10789034272057951,0
tranco_benign_proxy,0,0.17727044081093746,0
tranco_benign_proxy,0,0.42699590722682734,0
tranco_benign_proxy,0,0.9206770627091952,1
tranco_benign_proxy,0,0.26329878725693556,0
phishtank,1,0.9937639938350901,1
tranco_benign_proxy,0,0.818531893504056,1
tranco_benign_proxy,0,0.23668276689195786,0
phishtank,1,0.9887345432700427,1
phishtank,1,0.8898337292457769,1
tranco_benign_proxy,0,0.17702499676682742,0
tranco_benign_proxy,0,0.02932034015966992,0
phishtank,1,0.5292219690222798,0
phishtank,1,0.9991015930987901,1
tranco_benign_proxy,0,0.040371266812632645,0
phishtank,1,0.9972368914827856,1
phishtank,1,0.9995826672112983,1
tranco_benign_proxy,0,0.03820152617641622,0
phishtank,1,0.9531154314427134,1
tranco_benign_proxy,0,0.3372391076366524,0
phishtank,1,0.9991949961644484,1
tranco_benign_proxy,0,0.7660811301987174,1
phishtank,1,0.9923171786954297,1
phishtank,1,0.9725023821554669,1
phishtank,1,0.9423327953813324,1
phishtank,1,0.9973686650841342,1
tranco_benign_proxy,0,0.7008426102057503,1
phishtank,1,0.9965096826999097,1
phishtank,1,0.9921300999533301,1
phishtank,1,0.9979392776653437,1
phishtank,1,0.8613049726552846,1
phishtank,1,0.9999746755452262,1
tranco_benign_proxy,0,0.3391554125471156,0
tranco_benign_proxy,0,0.3744549135725616,0
phishtank,1,0.9989228695811898,1
tranco_benign_proxy,0,0.4278605326854195,0
phishtank,1,0.8755110562731463,1
phishtank,1,0.999726669371601,1
phishtank,1,0.9736861461552044,1
tranco_benign_proxy,0,0.06877840472682506,0
tranco_benign_proxy,0,0.304464639294374,0
tranco_benign_proxy,0,0.3092034168656198,0
phishtank,1,0.9657631846971833,1
tranco_benign_proxy,0,0.5435004920177884,0
tranco_benign_proxy,0,0.48471500269196366,0
tranco_benign_proxy,0,0.05867625379243307,0
tranco_benign_proxy,0,0.20565731069806906,0
tranco_benign_proxy,0,0.6859014584689354,0
phishtank,1,0.9531479792780108,1
tranco_benign_proxy,0,0.0336756774220747,0
phishtank,1,0.996856525670231,1
phishtank,1,0.9999895933275741,1
tranco_benign_proxy,0,0.715169396224479,1
tranco_benign_proxy,0,0.19974443734611516,0
phishtank,1,0.9895462191587567,1
tranco_benign_proxy,0,0.09027349984780683,0
tranco_benign_proxy,0,0.9049413395140351,1
phishtank,1,0.9969768961571794,1
phishtank,1,0.9995588161475447,1
phishtank,1,0.9390099153779535,1
phishtank,1,0.9910421868483633,1
phishtank,1,0.9352145493903482,1
phishtank,1,0.9951329166261788,1
tranco_benign_proxy,0,0.2683584252567869,0
phishtank,1,0.9757547773770895,1
phishtank,1,0.9712651249572835,1
phishtank,1,0.9954466305439841,1
phishtank,1,0.9737481744610347,1
phishtank,1,0.8584180773058644,1
tranco_benign_proxy,0,0.07437713421814261,0
phishtank,1,0.9995733593111431,1
tranco_benign_proxy,0,0.2517598414282066,0
phishtank,1,0.1965924919513056,0
tranco_benign_proxy,0,0.08187167970141639,0
phishtank,1,0.9953537875313005,1
tranco_benign_proxy,0,0.5613301802198326,0
tranco_benign_proxy,0,0.20105237382067515,0
tranco_benign_proxy,0,0.23040020774437814,0
phishtank,1,0.9990233846054376,1
phishtank,1,0.9786192371389857,1
tranco_benign_proxy,0,0.35814252530414326,0
tranco_benign_proxy,0,0.837197029749828,1
tranco_benign_proxy,0,0.7472880570038788,1
tranco_benign_proxy,0,0.22195115802225818,0
phishtank,1,0.9990318215523948,1
phishtank,1,0.9978392174681577,1
phishtank,1,0.9998378714540395,1
tranco_benign_proxy,0,0.33030019836404645,0
tranco_benign_proxy,0,0.8525429028627374,1
phishtank,1,0.1655557092706861,0
tranco_benign_proxy,0,0.23808999695049712,0
phishtank,1,0.9997145369059172,1
tranco_benign_proxy,0,0.09248311579867773,0
tranco_benign_proxy,0,0.2597689006800898,0
phishtank,1,0.9959215601149443,1
phishtank,1,0.9965657611237854,1
phishtank,1,0.9636514634442377,1
tranco_benign_proxy,0,0.15923704377465583,0
phishtank,1,0.8025116082008107,1
phishtank,1,0.9684289635635861,1
tranco_benign_proxy,0,0.35786710286406964,0
phishtank,1,0.9931256092160197,1
tranco_benign_proxy,0,0.10991714895481768,0
phishtank,1,0.9774977084343415,1
tranco_benign_proxy,0,0.531231319570685,0
tranco_benign_proxy,0,0.22965641085355976,0
phishtank,1,0.6183523231796529,0
phishtank,1,0.9300949858715036,1
phishtank,1,0.9717031782724449,1
tranco_benign_proxy,0,0.04731445732264276,0
tranco_benign_proxy,0,0.3262549889471851,0
phishtank,1,0.39531328421673806,0
tranco_benign_proxy,0,0.28827544229320956,0
phishtank,1,0.9978851591438278,1
phishtank,1,0.9187401207097501,1
tranco_benign_proxy,0,0.15299802267843404,0
phishtank,1,0.47332324408044124,0
tranco_benign_proxy,0,0.49343391205352155,0
phishtank,1,0.9962450010167563,1
phishtank,1,0.9568861035211645,1
phishtank,1,0.974854546268807,1
tranco_benign_proxy,0,0.1522441473688764,0
phishtank,1,0.9990949500613068,1
tranco_benign_proxy,0,0.5371693554554788,0
tranco_benign_proxy,0,0.9588574077678169,1
phishtank,1,0.9978509817566567,1
tranco_benign_proxy,0,0.1684216241135587,0
phishtank,1,0.9987000628505409,1
phishtank,1,0.9830508304775406,1
tranco_benign_proxy,0,0.2481520738670334,0
phishtank,1,0.9996347499667331,1
tranco_benign_proxy,0,0.14330141983718916,0
tranco_benign_proxy,0,0.03703779148097994,0
tranco_benign_proxy,0,0.07562028815265666,0
tranco_benign_proxy,0,0.22085439472188473,0
phishtank,1,0.8035015276822333,1
tranco_benign_proxy,0,0.06632454252484839,0
tranco_benign_proxy,0,0.14598889850833172,0
tranco_benign_proxy,0,0.7036487992022558,1
phishtank,1,0.9991369109965944,1
phishtank,1,0.9482842128607967,1
phishtank,1,0.999370760001488,1
phishtank,1,0.998238858139289,1
tranco_benign_proxy,0,0.9565289337960756,1
tranco_benign_proxy,0,0.19705098846330035,0
tranco_benign_proxy,0,0.18419745679298377,0
phishtank,1,0.9991439506398814,1
phishtank,1,0.9988068971909845,1
phishtank,1,0.9983553515646079,1
tranco_benign_proxy,0,0.23864247834859523,0
phishtank,1,0.9722825629761506,1
phishtank,1,0.9837591903024808,1
tranco_benign_proxy,0,0.8624015104822013,1
tranco_benign_proxy,0,0.8449303368774806,1
phishtank,1,0.9892455921302072,1
phishtank,1,0.9934054353342623,1
phishtank,1,0.965116821646171,1
phishtank,1,0.9901872686867808,1
tranco_benign_proxy,0,0.2144187523185109,0
tranco_benign_proxy,0,0.09822289310131414,0
phishtank,1,0.9999156478291302,1
phishtank,1,0.9025589328707397,1
tranco_benign_proxy,0,0.30633985928766105,0
tranco_benign_proxy,0,0.03911856985561748,0
tranco_benign_proxy,0,0.07297504875505091,0
tranco_benign_proxy,0,0.16344707087724308,0
phishtank,1,0.9972994446848453,1
phishtank,1,0.9969813093423625,1
phishtank,1,0.15059404162815046,0
phishtank,1,0.9728649341822722,1
tranco_benign_proxy,0,0.3669998582966997,0
phishtank,1,0.9852942305874361,1
tranco_benign_proxy,0,0.19031456118355763,0
phishtank,1,0.9969749628395823,1
phishtank,1,0.9980327804655643,1
phishtank,1,0.998299996313021,1
tranco_benign_proxy,0,0.9598513262759223,1
phishtank,1,0.9045192789450005,1
phishtank,1,0.9469497670794675,1
tranco_benign_proxy,0,0.6734743553831584,0
phishtank,1,0.9970426177005259,1
phishtank,1,0.9999450889302955,1
phishtank,1,0.9995245972511207,1
tranco_benign_proxy,0,0.011894880938133874,0
phishtank,1,0.3811044453067139,0
phishtank,1,0.46101079711202414,0
tranco_benign_proxy,0,0.15368514295049301,0
tranco_benign_proxy,0,0.00904122979033961,0
tranco_benign_proxy,0,0.0018113476941781738,0
phishtank,1,0.9810658697960161,1
tranco_benign_proxy,0,0.23572059661830316,0
tranco_benign_proxy,0,0.9699731149740184,1
phishtank,1,0.9864743874774203,1
phishtank,1,0.9655191941543206,1
tranco_benign_proxy,0,0.07495869301033589,0
phishtank,1,0.9973159256120603,1
tranco_benign_proxy,0,0.05160253755920406,0
tranco_benign_proxy,0,0.48451736312577354,0
phishtank,1,0.9469505133726054,1
tranco_benign_proxy,0,0.14948885858126681,0
tranco_benign_proxy,0,0.26585796654303007,0
tranco_benign_proxy,0,0.03646521068533511,0
phishtank,1,0.9851741555970861,1
tranco_benign_proxy,0,0.3893739981840749,0
phishtank,1,0.9975859058291838,1
phishtank,1,0.9809521105431446,1
phishtank,1,0.9630028520561648,1
tranco_benign_proxy,0,0.08903163723278334,0
phishtank,1,0.9903933193846841,1
tranco_benign_proxy,0,0.4064847757727647,0
phishtank,1,0.7095643417595303,1
phishtank,1,0.7261847956917518,1
phishtank,1,0.9463305865700619,1
phishtank,1,0.9900197345290589,1
phishtank,1,0.9900249897875099,1
phishtank,1,0.998200032658239,1
phishtank,1,0.9999361737961968,1
phishtank,1,0.9983279655931981,1
tranco_benign_proxy,0,0.014862371028257187,0
phishtank,1,0.9941652182686456,1
tranco_benign_proxy,0,0.8455145419624941,1
phishtank,1,0.9841642203676771,1
phishtank,1,0.9972575612759165,1
phishtank,1,0.9995850840684557,1
phishtank,1,0.8217003718775321,1
tranco_benign_proxy,0,0.4678896360882915,0
phishtank,1,0.9997826676503297,1
tranco_benign_proxy,0,0.42075081804083936,0
tranco_benign_proxy,0,0.03457428375412393,0
tranco_benign_proxy,0,0.3618813135368608,0
phishtank,1,0.9888128690654103,1
phishtank,1,0.9976093521949049,1
tranco_benign_proxy,0,0.017315488943089822,0
tranco_benign_proxy,0,0.06695176692830812,0
phishtank,1,0.999929923130805,1
tranco_benign_proxy,0,0.22627885159756408,0
phishtank,1,0.998710469025051,1
phishtank,1,0.9008924461494974,1
tranco_benign_proxy,0,0.8456017067657131,1
phishtank,1,0.9784106443066697,1
tranco_benign_proxy,0,0.2761677303510175,0
tranco_benign_proxy,0,0.16392509515685655,0
tranco_benign_proxy,0,0.10995525756924365,0
tranco_benign_proxy,0,0.311096374630216,0
phishtank,1,0.998362447383006,1
phishtank,1,0.9642185444107783,1
phishtank,1,0.8170759185564507,1
phishtank,1,0.9523541279587661,1
phishtank,1,0.9963192202878901,1
phishtank,1,0.11746737947041117,0
phishtank,1,0.679506392622796,0
tranco_benign_proxy,0,0.7339072370275718,1
phishtank,1,0.9830216674540028,1
phishtank,1,0.980816113646161,1
phishtank,1,0.9597240788115545,1
tranco_benign_proxy,0,0.06244023024829033,0
phishtank,1,0.1508064863704132,0
tranco_benign_proxy,0,0.05006968236351576,0
tranco_benign_proxy,0,0.36022176015953655,0
tranco_benign_proxy,0,0.5301469442213744,0
tranco_benign_proxy,0,0.1020511779743682,0
phishtank,1,0.9897068228278345,1
tranco_benign_proxy,0,0.06749462128128382,0
phishtank,1,0.8814855745230303,1
tranco_benign_proxy,0,0.388456689771953,0
phishtank,1,0.9980684395345152,1
phishtank,1,0.8607221092436746,1
tranco_benign_proxy,0,0.10104861519088489,0
tranco_benign_proxy,0,0.0723481563503936,0
tranco_benign_proxy,0,0.4690399184983095,0
tranco_benign_proxy,0,0.7046332642289379,1
tranco_benign_proxy,0,0.1900995540362322,0
phishtank,1,0.9714814698235208,1
tranco_benign_proxy,0,0.3077500070434602,0
phishtank,1,0.9280954961779541,1
phishtank,1,0.9460367727679675,1
phishtank,1,0.9766180788430077,1
tranco_benign_proxy,0,0.1626946753078783,0
tranco_benign_proxy,0,0.35786270122482655,0
phishtank,1,0.9888474080526349,1
tranco_benign_proxy,0,0.07032659158673868,0
phishtank,1,0.9941968315957179,1
tranco_benign_proxy,0,0.7965913923191623,1
tranco_benign_proxy,0,0.5137152132409356,0
tranco_benign_proxy,0,0.3535902303925188,0
phishtank,1,0.991547398997016,1
tranco_benign_proxy,0,0.41737362669910927,0
phishtank,1,0.9998472187091947,1
phishtank,1,0.9783386280432643,1
tranco_benign_proxy,0,0.8926256942633995,1
tranco_benign_proxy,0,0.7453135569178424,1
phishtank,1,0.999800575366066,1
phishtank,1,0.9946738450715891,1
phishtank,1,0.9964317723957282,1
tranco_benign_proxy,0,0.30717469013846427,0
phishtank,1,0.9895601593947098,1
phishtank,1,0.9969052464660622,1
tranco_benign_proxy,0,0.824345688735599,1
phishtank,1,0.991833846164592,1
tranco_benign_proxy,0,0.747058908912436,1
tranco_benign_proxy,0,0.01802838592091296,0
tranco_benign_proxy,0,0.9731183748210536,1
tranco_benign_proxy,0,0.18715608187301228,0
tranco_benign_proxy,0,0.4353370357736849,0
tranco_benign_proxy,0,0.7221217206442591,1
tranco_benign_proxy,0,0.8163619635519622,1
phishtank,1,0.12710003534487047,0
phishtank,1,0.9878990427236094,1
tranco_benign_proxy,0,0.1768475814535273,0
phishtank,1,0.9981502050159817,1
phishtank,1,0.9981640862854746,1
phishtank,1,0.9998637666942669,1
tranco_benign_proxy,0,0.3073279777547983,0
phishtank,1,0.9999193594135085,1
tranco_benign_proxy,0,0.5441531055201762,0
tranco_benign_proxy,0,0.4445038560264065,0
tranco_benign_proxy,0,0.09229199298047121,0
tranco_benign_proxy,0,0.9422511928690896,1
phishtank,1,0.9999476014758977,1
phishtank,1,0.9973764183673813,1
tranco_benign_proxy,0,0.9682271337674562,1
tranco_benign_proxy,0,0.13779617567627822,0
phishtank,1,0.9996589219093712,1
phishtank,1,0.9743999000350746,1
phishtank,1,0.9953419158554202,1
phishtank,1,0.9997550760232253,1
phishtank,1,0.9924641604106628,1
phishtank,1,0.9985069514338238,1
phishtank,1,0.9775822940470817,1
tranco_benign_proxy,0,0.3878061754553432,0
phishtank,1,0.9981670702525978,1
phishtank,1,0.9186922930726167,1
tranco_benign_proxy,0,0.9654499519144504,1
phishtank,1,0.9738425470816732,1
tranco_benign_proxy,0,0.06136916128058068,0
tranco_benign_proxy,0,0.08729256959161036,0
phishtank,1,0.9980878871235622,1
phishtank,1,0.9981860859110846,1
tranco_benign_proxy,0,0.8545827609747361,1
phishtank,1,0.9982567471318252,1
phishtank,1,0.3606318180388611,0
tranco_benign_proxy,0,0.4518598947657656,0
phishtank,1,0.9954663754459466,1
tranco_benign_proxy,0,0.7024755070085947,1
phishtank,1,0.9994855926040023,1
tranco_benign_proxy,0,0.4991142233098354,0
phishtank,1,0.9987372641402901,1
tranco_benign_proxy,0,0.9933905039009931,1
phishtank,1,0.958518265908316,1
phishtank,1,0.9935704020036875,1
phishtank,1,0.9962667462821005,1
tranco_benign_proxy,0,0.7908063317295029,1
phishtank,1,0.9844341252202102,1
tranco_benign_proxy,0,0.9728234281206534,1
phishtank,1,0.9954936532195635,1
phishtank,1,0.9923986651444471,1
tranco_benign_proxy,0,0.012411415875819716,0
tranco_benign_proxy,0,0.08592119140357592,0
tranco_benign_proxy,0,0.9832979984919724,1
phishtank,1,0.995121790228159,1
phishtank,1,0.9999569142191207,1
tranco_benign_proxy,0,0.01499706468588297,0
phishtank,1,0.9998362805911993,1
tranco_benign_proxy,0,0.707833845084308,1
tranco_benign_proxy,0,0.044249130667864046,0
tranco_benign_proxy,0,0.012983984864058062,0
phishtank,1,0.9641117124211234,1
phishtank,1,0.9586927422424822,1
phishtank,1,0.9838294619597515,1
tranco_benign_proxy,0,0.8845897684352922,1
phishtank,1,0.9869619394077908,1
phishtank,1,0.45123284147660786,0
tranco_benign_proxy,0,0.640258985931395,0
tranco_benign_proxy,0,0.16430079104145154,0
tranco_benign_proxy,0,0.020114170478578705,0
phishtank,1,0.9316113947253839,1
phishtank,1,0.9988939601815146,1
phishtank,1,0.9752848206666543,1
tranco_benign_proxy,0,0.0754858852278683,0
phishtank,1,0.9960027677774651,1
tranco_benign_proxy,0,0.052282008835687885,0
phishtank,1,0.970515029131419,1
phishtank,1,0.998234202540034,1
tranco_benign_proxy,0,0.9645846985487337,1
tranco_benign_proxy,0,0.4741119915718254,0
phishtank,1,0.9553818071403599,1
tranco_benign_proxy,0,0.24625082638130322,0
tranco_benign_proxy,0,0.1684244374150816,0
tranco_benign_proxy,0,0.6278820733029347,0
tranco_benign_proxy,0,0.08417548396646203,0
phishtank,1,0.9934085153789891,1
tranco_benign_proxy,0,0.1015999059220823,0
phishtank,1,0.9013889062085559,1
phishtank,1,0.7553134134222338,1
tranco_benign_proxy,0,0.2945948418303407,0
tranco_benign_proxy,0,0.8682007097002716,1
tranco_benign_proxy,0,0.07685650078787692,0
phishtank,1,0.9825840706696028,1
phishtank,1,0.9490653884534229,1
tranco_benign_proxy,0,0.17396698160088717,0
phishtank,1,0.3503634992682761,0
phishtank,1,0.9985113015833299,1
phishtank,1,0.9743737703819045,1
tranco_benign_proxy,0,0.3745939951159646,0
tranco_benign_proxy,0,0.0011706406123050983,0
tranco_benign_proxy,0,0.4283954914295512,0
tranco_benign_proxy,0,0.13536664356964567,0
tranco_benign_proxy,0,0.8123439151884788,1
tranco_benign_proxy,0,0.24418143912369883,0
tranco_benign_proxy,0,0.8808055837049277,1
phishtank,1,0.9979532218629122,1
tranco_benign_proxy,0,0.280840206155282,0
tranco_benign_proxy,0,0.03113831432206812,0
tranco_benign_proxy,0,0.06332939701348805,0
phishtank,1,0.9920090636523367,1
tranco_benign_proxy,0,0.33616321610320804,0
phishtank,1,0.9840518131419681,1
phishtank,1,0.8391145769256535,1
tranco_benign_proxy,0,0.9645872489171142,1
tranco_benign_proxy,0,0.1075554352671782,0
tranco_benign_proxy,0,0.2337796138492685,0
phishtank,1,0.9651016650402023,1
phishtank,1,0.9870533398641175,1
phishtank,1,0.9998931127062222,1
phishtank,1,0.9992042292314212,1
tranco_benign_proxy,0,0.9366768162396307,1
phishtank,1,0.9979295735924331,1
tranco_benign_proxy,0,0.3954820315402501,0
tranco_benign_proxy,0,0.6388103488962551,0
tranco_benign_proxy,0,0.18903359138386855,0
phishtank,1,0.9969638000796327,1
phishtank,1,0.9933205873316893,1
tranco_benign_proxy,0,0.6846675408942031,0
tranco_benign_proxy,0,0.030389827184720622,0
phishtank,1,0.9627966152755467,1
tranco_benign_proxy,0,0.09750792535163032,0
tranco_benign_proxy,0,0.006387569250376529,0
phishtank,1,0.9920238769243088,1
tranco_benign_proxy,0,0.04442578993335696,0
tranco_benign_proxy,0,0.39834382855493916,0
phishtank,1,0.9827511840105628,1
tranco_benign_proxy,0,0.9744148156872386,1
phishtank,1,0.9999393684216886,1
tranco_benign_proxy,0,0.7290705823973646,1
phishtank,1,0.998407119298427,1
phishtank,1,0.9904191291049189,1
tranco_benign_proxy,0,0.08333458248354007,0
phishtank,1,0.9903324144381637,1
phishtank,1,0.9942923326768377,1
phishtank,1,0.7692274140479418,1
phishtank,1,0.9999241761606018,1
phishtank,1,0.9553071752832087,1
phishtank,1,0.9960822364934048,1
tranco_benign_proxy,0,0.30561549195744303,0
tranco_benign_proxy,0,0.06881298274392465,0
phishtank,1,0.9993593655886003,1
tranco_benign_proxy,0,0.13707538478351858,0
tranco_benign_proxy,0,0.4198734269357669,0
tranco_benign_proxy,0,0.7140718671314935,1
phishtank,1,0.9353187005105745,1
tranco_benign_proxy,0,0.01237275265066914,0
phishtank,1,0.9902960724518974,1
tranco_benign_proxy,0,0.05912304052989585,0
phishtank,1,0.9175240039055512,1
tranco_benign_proxy,0,0.7566003751395474,1
tranco_benign_proxy,0,0.9809044173330761,1
phishtank,1,0.9963671438737052,1
tranco_benign_proxy,0,0.25110429283102115,0
tranco_benign_proxy,0,0.17461170621090083,0
tranco_benign_proxy,0,0.15274431818646067,0
phishtank,1,0.9999655908312327,1
tranco_benign_proxy,0,0.9213174232351481,1
tranco_benign_proxy,0,0.08379311837356546,0
phishtank,1,0.8328490045409348,1
phishtank,1,0.982171649628275,1
phishtank,1,0.9655495097605754,1
tranco_benign_proxy,0,0.5309411705785464,0
phishtank,1,0.9933568175859637,1
tranco_benign_proxy,0,0.3676768004847664,0
phishtank,1,0.955837291172611,1
tranco_benign_proxy,0,0.9359562565613766,1
phishtank,1,0.9798876796594054,1
tranco_benign_proxy,0,0.22587072280488382,0
phishtank,1,0.941747439919074,1
phishtank,1,0.9976677757386516,1
tranco_benign_proxy,0,0.07300419150191115,0
tranco_benign_proxy,0,0.213484934235399,0
phishtank,1,0.983090637695165,1
tranco_benign_proxy,0,0.07006475735796075,0
tranco_benign_proxy,0,0.14690327140908105,0
phishtank,1,0.9997710517571442,1
tranco_benign_proxy,0,0.10062534245480373,0
phishtank,1,0.9813177076930821,1
phishtank,1,0.993530335652813,1
tranco_benign_proxy,0,0.6820008729297299,0
tranco_benign_proxy,0,0.23706833855587844,0
phishtank,1,0.9992663784771249,1
phishtank,1,0.9152285941017346,1
tranco_benign_proxy,0,0.3994752964589038,0
phishtank,1,0.9998391264266235,1
tranco_benign_proxy,0,0.8747742920639047,1
phishtank,1,0.986990192620406,1
tranco_benign_proxy,0,0.20020802435897483,0
tranco_benign_proxy,0,0.19864217777818188,0
phishtank,1,0.9996087595018801,1
tranco_benign_proxy,0,0.18287130666272317,0
tranco_benign_proxy,0,0.3117927717801568,0
phishtank,1,0.0963201244314428,0
phishtank,1,0.9998334434895719,1
phishtank,1,0.9747673741522623,1
phishtank,1,0.5055171269150108,0
phishtank,1,0.9969180895027604,1
tranco_benign_proxy,0,0.028393782758697843,0
phishtank,1,0.9957536615466291,1
tranco_benign_proxy,0,0.0061891143175147175,0
tranco_benign_proxy,0,0.14647494391475857,0
tranco_benign_proxy,0,0.010616870636105745,0
phishtank,1,0.9948811177203426,1
phishtank,1,0.9995013922021001,1
tranco_benign_proxy,0,0.19038389490850327,0
phishtank,1,0.17001595452694254,0
phishtank,1,0.9465766716162954,1
phishtank,1,0.9725255676563652,1
phishtank,1,0.9954359366905914,1
phishtank,1,0.990115584943977,1
tranco_benign_proxy,0,0.1404724797273083,0
phishtank,1,0.9634207823808936,1
phishtank,1,0.9983201495090599,1
tranco_benign_proxy,0,0.0039048728355135912,0
phishtank,1,0.9537772271914488,1
tranco_benign_proxy,0,0.89135868541145,1
phishtank,1,0.9590723645642009,1
phishtank,1,0.2710065569125823,0
phishtank,1,0.993051692988437,1
phishtank,1,0.9965961650122137,1
phishtank,1,0.9565163978863946,1
phishtank,1,0.9962027062134389,1
tranco_benign_proxy,0,0.35052230708212617,0
phishtank,1,0.991873685614529,1
tranco_benign_proxy,0,0.7834137800468945,1
phishtank,1,0.9993704811266976,1
phishtank,1,0.8910820666595133,1
tranco_benign_proxy,0,0.026782166884288208,0
phishtank,1,0.996705420116186,1
phishtank,1,0.9465697692596658,1
tranco_benign_proxy,0,0.028681275212681104,0
tranco_benign_proxy,0,0.063935791162618,0
tranco_benign_proxy,0,0.12202135952710524,0
phishtank,1,0.8937169033609318,1
tranco_benign_proxy,0,0.9500232206044988,1
tranco_benign_proxy,0,0.12593112036966744,0
phishtank,1,0.9998689826199731,1
tranco_benign_proxy,0,0.23783153148274244,0
phishtank,1,0.9953646412298991,1
phishtank,1,0.2479536013367732,0
phishtank,1,0.9804358058831103,1
tranco_benign_proxy,0,0.052244014587010855,0
tranco_benign_proxy,0,0.20777062961961182,0
phishtank,1,0.6808247046463295,0
tranco_benign_proxy,0,0.7352291212754384,1
tranco_benign_proxy,0,0.24571601373914648,0
tranco_benign_proxy,0,0.19009831120870926,0
tranco_benign_proxy,0,0.6434775133775515,0
tranco_benign_proxy,0,0.12237395799019013,0
tranco_benign_proxy,0,0.0021163296982650423,0
tranco_benign_proxy,0,0.23961846737277612,0
phishtank,1,0.9963019569201004,1
phishtank,1,0.9998365615377696,1
tranco_benign_proxy,0,0.034964262536346755,0
phishtank,1,0.9996860285603514,1
tranco_benign_proxy,0,0.5659112586403642,0
tranco_benign_proxy,0,0.570664944547818,0
phishtank,1,0.9995023495463207,1
tranco_benign_proxy,0,0.5660962958325326,0
phishtank,1,0.830935759395533,1
tranco_benign_proxy,0,0.05100704097111445,0
tranco_benign_proxy,0,0.25428453415713287,0
phishtank,1,0.3423686606756951,0
phishtank,1,0.8774234230464308,1
phishtank,1,0.9988436781871994,1
tranco_benign_proxy,0,0.6572033897643363,0
phishtank,1,0.7863617459954979,1
phishtank,1,0.391047020039885,0
phishtank,1,0.8881766807680707,1
phishtank,1,0.9448555484679817,1
phishtank,1,0.955874665974196,1
tranco_benign_proxy,0,0.18459232516003046,0
phishtank,1,0.9960391063656024,1
tranco_benign_proxy,0,0.03170983919699963,0
tranco_benign_proxy,0,0.7726294923219388,1
phishtank,1,0.9788749809040032,1
tranco_benign_proxy,0,0.5475853144681946,0
tranco_benign_proxy,0,0.20269602817093485,0
phishtank,1,0.08205455153442802,0
tranco_benign_proxy,0,0.39945156705317836,0
phishtank,1,0.9983706705603891,1
tranco_benign_proxy,0,0.11682106461785283,0
tranco_benign_proxy,0,0.24073248262803662,0
phishtank,1,0.632033369146889,0
tranco_benign_proxy,0,0.3063386361014854,0
phishtank,1,0.16112333171554075,0
tranco_benign_proxy,0,0.46458990367063824,0
phishtank,1,0.9218235295720428,1
phishtank,1,0.998473171654327,1
tranco_benign_proxy,0,0.8482188580946133,1
phishtank,1,0.9979746960078805,1
phishtank,1,0.9935865096177869,1
phishtank,1,0.9851474807624988,1
tranco_benign_proxy,0,0.15850863413202668,0
phishtank,1,0.9847147964195642,1
phishtank,1,0.9964002789402137,1
tranco_benign_proxy,0,0.3408049945744972,0
tranco_benign_proxy,0,0.941575987770246,1
phishtank,1,0.910732685088018,1
tranco_benign_proxy,0,0.23267789760317134,0
tranco_benign_proxy,0,0.5666708412668188,0
phishtank,1,0.9998699731037716,1
phishtank,1,0.990578069314143,1
tranco_benign_proxy,0,0.1465374593133624,0
phishtank,1,0.9997811326015138,1
phishtank,1,0.9945160660966729,1
tranco_benign_proxy,0,0.6014806809957478,0
phishtank,1,0.9827281642197617,1
phishtank,1,0.991080938018889,1
phishtank,1,0.9665874016916026,1
tranco_benign_proxy,0,0.6708941488846614,0
phishtank,1,0.9868983429285683,1
tranco_benign_proxy,0,0.7713140222342812,1
tranco_benign_proxy,0,0.8561369251453741,1
tranco_benign_proxy,0,0.13628792042631124,0
tranco_benign_proxy,0,0.17955960472105217,0
phishtank,1,0.9979955825543481,1
tranco_benign_proxy,0,0.5810442819585814,0
tranco_benign_proxy,0,0.08143980311483835,0
phishtank,1,0.9996958152209344,1
tranco_benign_proxy,0,0.023424501896168022,0
tranco_benign_proxy,0,0.8821523083435395,1
phishtank,1,0.19097518951424527,0
tranco_benign_proxy,0,0.2902104557506778,0
tranco_benign_proxy,0,0.06465037450742771,0
tranco_benign_proxy,0,0.2134819735375187,0
tranco_benign_proxy,0,0.2511692450185694,0
phishtank,1,0.9964167312563265,1
phishtank,1,0.5929136572844268,0
tranco_benign_proxy,0,0.9723150336931516,1
tranco_benign_proxy,0,0.05617050128296528,0
phishtank,1,0.3177740891803609,0
tranco_benign_proxy,0,0.37304272505135766,0
tranco_benign_proxy,0,0.38575767844900566,0
tranco_benign_proxy,0,0.5084013751139965,0
phishtank,1,0.9978179230526287,1
phishtank,1,0.952475383590125,1
phishtank,1,0.3142962257486724,0
tranco_benign_proxy,0,0.5522747420791707,0
phishtank,1,0.943267991513847,1
phishtank,1,0.5120627392752287,0
phishtank,1,0.29921845405777303,0
phishtank,1,0.97083487541288,1
tranco_benign_proxy,0,0.6792954034912324,0
tranco_benign_proxy,0,0.7202374255526406,1
tranco_benign_proxy,0,0.25491608194348514,0
phishtank,1,0.9857686651405199,1
tranco_benign_proxy,0,0.15660014497522787,0
tranco_benign_proxy,0,0.2589387046035923,0
tranco_benign_proxy,0,0.26360505444145726,0
tranco_benign_proxy,0,0.057137353807070385,0
phishtank,1,0.9938520462876823,1
phishtank,1,0.9997349980182492,1
tranco_benign_proxy,0,0.1793579468418103,0
tranco_benign_proxy,0,0.5358202918670599,0
phishtank,1,0.99654883252189,1
tranco_benign_proxy,0,0.4538235079140191,0
phishtank,1,0.9931391989912328,1
phishtank,1,0.9908159512844374,1
phishtank,1,0.9956746555007252,1
tranco_benign_proxy,0,0.47508196509004513,0
tranco_benign_proxy,0,0.17723030240020918,0
tranco_benign_proxy,0,0.2139842657521008,0
phishtank,1,0.8699475362025334,1
phishtank,1,0.7625294357917055,1
phishtank,1,0.9999109063238003,1
tranco_benign_proxy,0,0.02939551720686664,0
phishtank,1,0.8191540623919961,1
tranco_benign_proxy,0,0.052949078757605836,0
tranco_benign_proxy,0,0.0618967229984974,0
tranco_benign_proxy,0,0.35125160511974995,0
phishtank,1,0.9223439480025492,1
tranco_benign_proxy,0,0.9095904599588659,1
phishtank,1,0.9344101113050931,1
tranco_benign_proxy,0,0.9775134951768321,1
tranco_benign_proxy,0,0.31556110645469837,0
tranco_benign_proxy,0,0.10720887614595569,0
tranco_benign_proxy,0,0.5061757449762575,0
tranco_benign_proxy,0,0.552341248441316,0
phishtank,1,0.9945649378368263,1
phishtank,1,0.9993293380719045,1
phishtank,1,0.9428828638228448,1
tranco_benign_proxy,0,0.14895413509934818,0
tranco_benign_proxy,0,0.8981258871714384,1
phishtank,1,0.9952250034979043,1
phishtank,1,0.7055133442973939,1
phishtank,1,0.9903907647515203,1
phishtank,1,0.989523890528207,1
tranco_benign_proxy,0,0.06508101228621903,0
tranco_benign_proxy,0,0.1995736863058683,0
phishtank,1,0.9960007583031242,1
tranco_benign_proxy,0,0.0359998709870122,0
tranco_benign_proxy,0,0.11157133021493286,0
tranco_benign_proxy,0,0.13883331815950797,0
phishtank,1,0.3808453824407411,0
tranco_benign_proxy,0,0.246182480020213,0
phishtank,1,0.9951479954734592,1
tranco_benign_proxy,0,0.7473642623178497,1
tranco_benign_proxy,0,0.2008982954853264,0
phishtank,1,0.32528069620075056,0
phishtank,1,0.9998772482042294,1
tranco_benign_proxy,0,0.2202347136100204,0
tranco_benign_proxy,0,0.5222557760258991,0
tranco_benign_proxy,0,0.03262989301991625,0
tranco_benign_proxy,0,0.30978907746490364,0
tranco_benign_proxy,0,0.379292713067061,0
tranco_benign_proxy,0,0.4155091051949805,0
tranco_benign_proxy,0,0.11420906787005877,0
phishtank,1,0.9786913321899687,1
tranco_benign_proxy,0,0.0064770537857672976,0
tranco_benign_proxy,0,0.06610168602799694,0
phishtank,1,0.9995757937491263,1
phishtank,1,0.9772567391485103,1
tranco_benign_proxy,0,0.9982331922940318,1
phishtank,1,0.03030105783738595,0
tranco_benign_proxy,0,0.9661974056284095,1
phishtank,1,0.9922221733447951,1
tranco_benign_proxy,0,0.9037669775811148,1
tranco_benign_proxy,0,0.7454439318701763,1
tranco_benign_proxy,0,0.014216672367089976,0
phishtank,1,0.9918267192845133,1
tranco_benign_proxy,0,0.6303074112166507,0
phishtank,1,0.9870111390110143,1
phishtank,1,0.9738917783306076,1
tranco_benign_proxy,0,0.9454705722659488,1
tranco_benign_proxy,0,0.447885018037556,0
tranco_benign_proxy,0,0.8389096352918233,1
tranco_benign_proxy,0,0.16750978771397432,0
tranco_benign_proxy,0,0.14306870364993657,0
phishtank,1,0.9483602228495076,1
tranco_benign_proxy,0,0.04665634983073897,0
tranco_benign_proxy,0,0.08565171915919795,0
phishtank,1,0.9898941786359561,1
phishtank,1,0.9996171631813324,1
phishtank,1,0.9107032744162172,1
phishtank,1,0.19774234303843718,0
phishtank,1,0.015253997268675037,0
phishtank,1,0.9999209954983707,1
tranco_benign_proxy,0,0.3381021998036572,0
phishtank,1,0.9926706369126409,1
phishtank,1,0.9794696548820727,1
phishtank,1,0.90367151188621,1
phishtank,1,0.9869941167710898,1
phishtank,1,0.9991127558040012,1
tranco_benign_proxy,0,0.49027621162539553,0
tranco_benign_proxy,0,0.035732276334321446,0
tranco_benign_proxy,0,0.4795419660985838,0
tranco_benign_proxy,0,0.8233572216522796,1
tranco_benign_proxy,0,0.03749497265241692,0
tranco_benign_proxy,0,0.8481749464978569,1
tranco_benign_proxy,0,0.8410860076886135,1
tranco_benign_proxy,0,0.3868123283314853,0
phishtank,1,0.13527949447314766,0
tranco_benign_proxy,0,0.7786140586501255,1
phishtank,1,0.999376867347355,1
tranco_benign_proxy,0,0.6951562158894451,0
phishtank,1,0.9908618496933532,1
phishtank,1,0.9986208222044609,1
tranco_benign_proxy,0,0.38254605157065735,0
tranco_benign_proxy,0,0.0692900852727193,0
tranco_benign_proxy,0,0.0906293927810029,0
tranco_benign_proxy,0,0.12069586521931697,0
phishtank,1,0.990493450539358,1
tranco_benign_proxy,0,0.9746882519983943,1
phishtank,1,0.9193972674774865,1
tranco_benign_proxy,0,0.22846123027261203,0
tranco_benign_proxy,0,0.19052348638691555,0
tranco_benign_proxy,0,0.8084243927121312,1
tranco_benign_proxy,0,0.8167066164370281,1
phishtank,1,0.9763590968394532,1
phishtank,1,0.9992784108506119,1
phishtank,1,0.9968542244667206,1
tranco_benign_proxy,0,0.7399512002561507,1
phishtank,1,0.9931565946571759,1
phishtank,1,0.9987723029579546,1
phishtank,1,0.3086009795404653,0
phishtank,1,0.989541500105329,1
phishtank,1,0.5518333831801499,0
phishtank,1,0.9872872959143324,1
phishtank,1,0.6454586489716135,0
tranco_benign_proxy,0,0.10659499343605443,0
phishtank,1,0.99826631184655,1
tranco_benign_proxy,0,0.11653796766459396,0
tranco_benign_proxy,0,0.46676298436484825,0
tranco_benign_proxy,0,0.025325652201401358,0
phishtank,1,0.983213371699632,1
tranco_benign_proxy,0,0.025887865857074772,0
phishtank,1,0.9781295896906933,1
tranco_benign_proxy,0,0.11205503173567358,0
tranco_benign_proxy,0,0.9964478814741858,1
tranco_benign_proxy,0,0.40216444492038,0
tranco_benign_proxy,0,0.2757785625917424,0
phishtank,1,0.31232681307063337,0
tranco_benign_proxy,0,0.763847011313769,1
tranco_benign_proxy,0,0.07794918191873357,0
tranco_benign_proxy,0,0.17923802565610913,0
phishtank,1,0.9980851593901924,1
phishtank,1,0.9912266059482742,1
tranco_benign_proxy,0,0.6382577870574346,0
tranco_benign_proxy,0,0.04286832213914358,0
tranco_benign_proxy,0,0.0444435983537513,0
phishtank,1,0.9598879943643376,1
phishtank,1,0.9996579812572989,1
phishtank,1,0.23751581224923726,0
tranco_benign_proxy,0,0.07974355062328738,0
tranco_benign_proxy,0,0.9738505058332801,1
tranco_benign_proxy,0,0.13521649873757413,0
tranco_benign_proxy,0,0.7611753940246593,1
phishtank,1,0.8740116270591259,1
phishtank,1,0.9750929633913354,1
tranco_benign_proxy,0,0.4347465296270289,0
tranco_benign_proxy,0,0.04621311314628622,0
tranco_benign_proxy,0,0.9686720742848862,1
tranco_benign_proxy,0,0.4301143933973772,0
tranco_benign_proxy,0,0.07298826381312586,0
tranco_benign_proxy,0,0.5984969793399612,0
tranco_benign_proxy,0,0.34831227837758694,0
phishtank,1,0.99915315137428,1
tranco_benign_proxy,0,0.2165539575268602,0
phishtank,1,0.16368164012410077,0
tranco_benign_proxy,0,0.035854277619237304,0
phishtank,1,0.08820806551048822,0
phishtank,1,0.9992123155395384,1
phishtank,1,0.8391758206642099,1
phishtank,1,0.9646927736737634,1
phishtank,1,0.9852581158308501,1
tranco_benign_proxy,0,0.18548242443243898,0
tranco_benign_proxy,0,0.02869262105836895,0
phishtank,1,0.7416817655099798,1
tranco_benign_proxy,0,0.33889655572089045,0
tranco_benign_proxy,0,0.9865024384923818,1
phishtank,1,0.9768969246866681,1
tranco_benign_proxy,0,0.4673051518954328,0
phishtank,1,0.9991970342988781,1
tranco_benign_proxy,0,0.6756903708362919,0
phishtank,1,0.9935833583630946,1
tranco_benign_proxy,0,0.581173639968057,0
tranco_benign_proxy,0,0.11730204412241856,0
phishtank,1,0.9997322881735682,1
tranco_benign_proxy,0,0.5995833910342452,0
phishtank,1,0.9998502175922706,1
tranco_benign_proxy,0,0.04415071633358659,0
phishtank,1,0.9989349386325361,1
phishtank,1,0.9998980935333841,1
tranco_benign_proxy,0,0.09586390887236441,0
phishtank,1,0.9998641035796983,1
phishtank,1,0.9965874842190823,1
phishtank,1,0.7298806975002405,1
tranco_benign_proxy,0,0.9244080400274811,1
tranco_benign_proxy,0,0.08718430409726538,0
tranco_benign_proxy,0,0.7371790027499906,1
tranco_benign_proxy,0,0.8695528954154416,1
phishtank,1,0.9972264208887079,1
phishtank,1,0.9998260208349629,1
phishtank,1,0.9958147087492991,1
phishtank,1,0.9747274380107614,1
phishtank,1,0.9941489353500259,1
tranco_benign_proxy,0,0.9603874194846461,1
phishtank,1,0.9861644714154841,1
tranco_benign_proxy,0,0.4230607617207978,0
tranco_benign_proxy,0,0.3124931090256402,0
phishtank,1,0.9999651435603415,1
tranco_benign_proxy,0,0.7484792208078868,1
phishtank,1,0.9996796321791911,1
phishtank,1,0.9983969339874389,1
tranco_benign_proxy,0,0.996894363838586,1
phishtank,1,0.99965102748526,1
phishtank,1,0.32603473577879066,0
tranco_benign_proxy,0,0.8102891779238637,1
phishtank,1,0.9966800372515278,1
tranco_benign_proxy,0,0.1172722244808388,0
phishtank,1,0.9937859363002841,1
phishtank,1,0.9399293689998905,1
tranco_benign_proxy,0,0.282348290448238,0
tranco_benign_proxy,0,0.07461719044040759,0
tranco_benign_proxy,0,0.43245787310569755,0
phishtank,1,0.9989587065621491,1
tranco_benign_proxy,0,0.025483527583298186,0
phishtank,1,0.9994003100596173,1
phishtank,1,0.7743839471043704,1
phishtank,1,0.9018033394548002,1
tranco_benign_proxy,0,0.8390875459263134,1
phishtank,1,0.9791528195013665,1
tranco_benign_proxy,0,0.02468748604737116,0
tranco_benign_proxy,0,0.12025998981746926,0
tranco_benign_proxy,0,0.5026558760499834,0
tranco_benign_proxy,0,0.1443509242938062,0
phishtank,1,0.9827112868624639,1
phishtank,1,0.9983695441576854,1
tranco_benign_proxy,0,0.1839009832560874,0
phishtank,1,0.999861291094407,1
tranco_benign_proxy,0,0.7804689343609881,1
phishtank,1,0.9990577421061719,1
phishtank,1,0.9789483700645178,1
phishtank,1,0.9989009110926748,1
phishtank,1,0.9503425924507255,1
phishtank,1,0.9999607418015122,1
phishtank,1,0.999479207199607,1
tranco_benign_proxy,0,0.06689617171832975,0
phishtank,1,0.9999449858612608,1
tranco_benign_proxy,0,0.7354075225288332,1
phishtank,1,0.987068060808599,1
phishtank,1,0.9447971156371765,1
tranco_benign_proxy,0,0.618307786634155,0
tranco_benign_proxy,0,0.36048707266353336,0
tranco_benign_proxy,0,0.4463596898010748,0
phishtank,1,0.9934651431611966,1
phishtank,1,0.997397992466619,1
tranco_benign_proxy,0,0.9112493982831064,1
phishtank,1,0.9962598386902545,1
tranco_benign_proxy,0,0.5073732605995318,0
phishtank,1,0.9642648888572493,1
tranco_benign_proxy,0,0.8588361081544494,1
tranco_benign_proxy,0,0.08996000109347906,0
phishtank,1,0.992260857384777,1
tranco_benign_proxy,0,0.04025979255735919,0
tranco_benign_proxy,0,0.5396283221893706,0
phishtank,1,0.9695525636492779,1
tranco_benign_proxy,0,0.2465090137373695,0
phishtank,1,0.9999201636771363,1
tranco_benign_proxy,0,0.8158720630398509,1
tranco_benign_proxy,0,0.3420306706940974,0
phishtank,1,0.8845767616268174,1
phishtank,1,0.9902481367521647,1
phishtank,1,0.9840271466028111,1
tranco_benign_proxy,0,0.6203635651624548,0
phishtank,1,0.9593340067618781,1
tranco_benign_proxy,0,0.12241365711979905,0
tranco_benign_proxy,0,0.08429485239094313,0
phishtank,1,0.9998608348207424,1
phishtank,1,0.5484528621345078,0
phishtank,1,0.9972911880271095,1
tranco_benign_proxy,0,0.10779153468847273,0
tranco_benign_proxy,0,0.17738758091446533,0
phishtank,1,0.7156135085002314,1
tranco_benign_proxy,0,0.5544820690140677,0
tranco_benign_proxy,0,0.07058965498131109,0
tranco_benign_proxy,0,0.923173548926695,1
tranco_benign_proxy,0,0.18307299470874597,0
phishtank,1,0.9863054901750088,1
phishtank,1,0.8091426211961785,1
phishtank,1,0.9971487077201651,1
phishtank,1,0.8426408184640072,1
phishtank,1,0.9997840153158392,1
phishtank,1,0.9939161454584763,1
phishtank,1,0.9693445406865209,1
phishtank,1,0.9884229657211359,1
tranco_benign_proxy,0,0.13561247169772778,0
tranco_benign_proxy,0,0.9745001656842885,1
tranco_benign_proxy,0,0.10705505093201947,0
tranco_benign_proxy,0,0.7471172060135678,1
tranco_benign_proxy,0,0.8531343520008209,1
tranco_benign_proxy,0,0.6087378448378279,0
phishtank,1,0.9983338120204625,1
phishtank,1,0.9990280778072103,1
phishtank,1,0.9814906118962531,1
tranco_benign_proxy,0,0.5063887587605926,0
tranco_benign_proxy,0,0.33176527501759845,0
phishtank,1,0.9825015905887968,1
phishtank,1,0.2542579287710888,0
tranco_benign_proxy,0,0.16287703713264165,0
tranco_benign_proxy,0,0.1673308405116201,0
phishtank,1,0.2514215395185626,0
phishtank,1,0.9993105182633086,1
phishtank,1,0.8652908348977406,1
phishtank,1,0.9997628336798773,1
phishtank,1,0.9656882838400871,1
tranco_benign_proxy,0,0.6581096314689482,0
phishtank,1,0.9794015943787505,1
tranco_benign_proxy,0,0.0505898785757598,0
tranco_benign_proxy,0,0.12006625761293377,0
tranco_benign_proxy,0,0.2113387890664265,0
phishtank,1,0.9994371278350151,1
phishtank,1,0.9998433672060322,1
tranco_benign_proxy,0,0.48226644201897506,0
phishtank,1,0.985189837981527,1
tranco_benign_proxy,0,0.05242302203812047,0
phishtank,1,0.9802966779432671,1
tranco_benign_proxy,0,0.12969094029222009,0
tranco_benign_proxy,0,0.4051984622346942,0
phishtank,1,0.9904197767490887,1
tranco_benign_proxy,0,0.05405491592774169,0
phishtank,1,0.9998365489237578,1
tranco_benign_proxy,0,0.19768455937664334,0
phishtank,1,0.8939776539548977,1
phishtank,1,0.9481918136773262,1
tranco_benign_proxy,0,0.004846218961281238,0
phishtank,1,0.9998112885957549,1
tranco_benign_proxy,0,0.9392183924774894,1
phishtank,1,0.9898434401418537,1
tranco_benign_proxy,0,0.37588009854674936,0
phishtank,1,0.9610871054631399,1
phishtank,1,0.9846326522036682,1
phishtank,1,0.9999792321401875,1
phishtank,1,0.9968767400354486,1
phishtank,1,0.9999535609721237,1
phishtank,1,0.9986870081875348,1
tranco_benign_proxy,0,0.7797622373269053,1
tranco_benign_proxy,0,0.12086134758155301,0
phishtank,1,0.9522643124090441,1
tranco_benign_proxy,0,0.7322131510381712,1
phishtank,1,0.970103529745813,1
phishtank,1,0.9797353055713481,1
phishtank,1,0.9229330193319355,1
phishtank,1,0.9996742334312331,1
tranco_benign_proxy,0,0.17383721783255732,0
tranco_benign_proxy,0,0.10500416278250115,0
tranco_benign_proxy,0,0.9540285523977904,1
tranco_benign_proxy,0,0.13969222426801006,0
tranco_benign_proxy,0,0.09662902544685542,0
tranco_benign_proxy,0,0.5835815830456026,0
tranco_benign_proxy,0,0.399051994877858,0
tranco_benign_proxy,0,0.1497896058903797,0
tranco_benign_proxy,0,0.25346183332694816,0
tranco_benign_proxy,0,0.0959962127916757,0
tranco_benign_proxy,0,0.8901162393684602,1
phishtank,1,0.9852229105346034,1
phishtank,1,0.880253226008957,1
tranco_benign_proxy,0,0.7590525283586576,1
tranco_benign_proxy,0,0.8904843804454314,1
tranco_benign_proxy,0,0.15042030447255833,0
phishtank,1,0.9999637179659665,1
phishtank,1,0.6962823847048961,0
tranco_benign_proxy,0,0.3226379928690964,0
phishtank,1,0.9985216481161788,1
tranco_benign_proxy,0,0.163814187899805,0
tranco_benign_proxy,0,0.0602018608538937,0
tranco_benign_proxy,0,0.6116092311057105,0
phishtank,1,0.9334795298469025,1
phishtank,1,0.6109347245321728,0
phishtank,1,0.9868074457113426,1
tranco_benign_proxy,0,0.009325869914453411,0
tranco_benign_proxy,0,0.05702538340884623,0
tranco_benign_proxy,0,0.10613893307176826,0
phishtank,1,0.9725589434986599,1
tranco_benign_proxy,0,0.1133498690872265,0
tranco_benign_proxy,0,0.5824321941005753,0
tranco_benign_proxy,0,0.14973859370769013,0
phishtank,1,0.9990925800168888,1
tranco_benign_proxy,0,0.6399220916520261,0
tranco_benign_proxy,0,0.01365818569867082,0
phishtank,1,0.991043192270712,1
phishtank,1,0.9985669435360882,1
tranco_benign_proxy,0,0.008818439696845246,0
phishtank,1,0.9997123655171807,1
phishtank,1,0.9981446192715093,1
tranco_benign_proxy,0,0.12265726289777422,0
phishtank,1,0.9997771645420329,1
phishtank,1,0.9971825551900871,1
tranco_benign_proxy,0,0.248137035782103,0
tranco_benign_proxy,0,0.28807872708903287,0
tranco_benign_proxy,0,0.2714708435561883,0
tranco_benign_proxy,0,0.26012628978150737,0
tranco_benign_proxy,0,0.19207692353728575,0
phishtank,1,0.9960660077788264,1
tranco_benign_proxy,0,0.2011181192465163,0
tranco_benign_proxy,0,0.6467849179516048,0
tranco_benign_proxy,0,0.20704131695578834,0
phishtank,1,0.9785887058502228,1
phishtank,1,0.9876323646972629,1
phishtank,1,0.9585079928163313,1
tranco_benign_proxy,0,0.3474845855708162,0
tranco_benign_proxy,0,0.7630415794605486,1
phishtank,1,0.9725384086843101,1
phishtank,1,0.9832813154951445,1
phishtank,1,0.859328723963888,1
tranco_benign_proxy,0,0.1477545813003483,0
tranco_benign_proxy,0,0.06396263651217803,0
phishtank,1,0.9987911870233009,1
phishtank,1,0.9958185581562585,1
phishtank,1,0.37510415604365355,0
tranco_benign_proxy,0,0.7054854339440004,1
phishtank,1,0.98223992904224,1
tranco_benign_proxy,0,0.7876316361865897,1
tranco_benign_proxy,0,0.4130333523882605,0
tranco_benign_proxy,0,0.366802062741133,0
phishtank,1,0.9997574417651666,1
phishtank,1,0.9276078265681333,1
tranco_benign_proxy,0,0.7238017051391746,1
tranco_benign_proxy,0,0.516745209556885,0
tranco_benign_proxy,0,0.12266445727659957,0
tranco_benign_proxy,0,0.8496911906627911,1
phishtank,1,0.9926619407451404,1
phishtank,1,0.996799251042446,1
tranco_benign_proxy,0,0.20473041798722377,0
phishtank,1,0.9963828861353142,1
tranco_benign_proxy,0,0.7590480644395448,1
tranco_benign_proxy,0,0.32406126817716135,0
tranco_benign_proxy,0,0.9865351036719957,1
phishtank,1,0.8284008953255032,1
tranco_benign_proxy,0,0.011615769383485868,0
tranco_benign_proxy,0,0.7067882750848369,1
phishtank,1,0.9976796221978531,1
tranco_benign_proxy,0,0.3504859928369976,0
tranco_benign_proxy,0,0.0709985152044815,0
tranco_benign_proxy,0,0.7895048352560615,1
phishtank,1,0.9997430758954002,1
tranco_benign_proxy,0,0.24627139446391505,0
phishtank,1,0.966973128544708,1
tranco_benign_proxy,0,0.1174263396272763,0
tranco_benign_proxy,0,0.4535555996351935,0
tranco_benign_proxy,0,0.5067690991211335,0
tranco_benign_proxy,0,0.7718338959311909,1
phishtank,1,0.9980042159049004,1
tranco_benign_proxy,0,0.04823028850645708,0
tranco_benign_proxy,0,0.38925182476690706,0
phishtank,1,0.9746046339249267,1
tranco_benign_proxy,0,0.10886187369589491,0
phishtank,1,0.9635770809110785,1
phishtank,1,0.999944231114966,1
tranco_benign_proxy,0,0.3321881019862061,0
tranco_benign_proxy,0,0.36619585001884686,0
phishtank,1,0.99907968019189,1
phishtank,1,0.962023463717517,1
phishtank,1,0.9673837855089847,1
phishtank,1,0.8129146140690141,1
phishtank,1,0.935364500615944,1
tranco_benign_proxy,0,0.3743911694875061,0
tranco_benign_proxy,0,0.9917046992088713,1
tranco_benign_proxy,0,0.886163888488309,1
phishtank,1,0.9945966425358689,1
phishtank,1,0.29072942716966893,0
tranco_benign_proxy,0,0.1712090985871877,0
tranco_benign_proxy,0,0.23720848680802253,0
phishtank,1,0.9382041266513417,1
phishtank,1,0.9951357457493858,1
phishtank,1,0.9997518126084476,1
phishtank,1,0.9370266672751999,1
tranco_benign_proxy,0,0.24958018054974437,0
phishtank,1,0.999996615711635,1
phishtank,1,0.9999894165485117,1
tranco_benign_proxy,0,0.06331636460171049,0
tranco_benign_proxy,0,0.7068612169090872,1
tranco_benign_proxy,0,0.9303935917879185,1
phishtank,1,0.9843840799498632,1
phishtank,1,0.8379702985943206,1
phishtank,1,0.14430484827069245,0
tranco_benign_proxy,0,0.6105373348379445,0
phishtank,1,0.6514424079226923,0
tranco_benign_proxy,0,0.3685535456727259,0
tranco_benign_proxy,0,0.1676811651740078,0
phishtank,1,0.9982386678878863,1
phishtank,1,0.9848806080906556,1
tranco_benign_proxy,0,0.9109008835510527,1
tranco_benign_proxy,0,0.1290351145263993,0
phishtank,1,0.34664281260009944,0
tranco_benign_proxy,0,0.1653026927123974,0
tranco_benign_proxy,0,0.12977575188809978,0
tranco_benign_proxy,0,0.835321460440898,1
phishtank,1,0.9473475928167302,1
tranco_benign_proxy,0,0.2822522352627654,0
tranco_benign_proxy,0,0.043274603712616135,0
tranco_benign_proxy,0,0.6226425409548767,0
tranco_benign_proxy,0,0.18582053426092462,0
tranco_benign_proxy,0,0.25007089509760577,0
tranco_benign_proxy,0,0.03851696167511879,0
phishtank,1,0.9836920792564773,1
tranco_benign_proxy,0,0.003300749267860434,0
phishtank,1,0.5978348968694602,0
phishtank,1,0.4095644743470747,0
phishtank,1,0.9877952875169181,1
phishtank,1,0.9988620948683203,1
phishtank,1,0.9994995804597164,1
phishtank,1,0.9966172046215864,1
tranco_benign_proxy,0,0.2529010027728609,0
phishtank,1,0.9959903881032224,1
phishtank,1,0.989345585784488,1
phishtank,1,0.9930128752349209,1
tranco_benign_proxy,0,0.7087552132114311,1
phishtank,1,0.9969101888785202,1
phishtank,1,0.9936217301975095,1
tranco_benign_proxy,0,0.19913994804894505,0
tranco_benign_proxy,0,0.4246496655374576,0
tranco_benign_proxy,0,0.33465358952154345,0
tranco_benign_proxy,0,0.14033986407658294,0
tranco_benign_proxy,0,0.9766021884673028,1
tranco_benign_proxy,0,0.015978529982847513,0
phishtank,1,0.983509725082345,1
tranco_benign_proxy,0,0.048753310897400724,0
tranco_benign_proxy,0,0.05195909807465867,0
phishtank,1,0.999841668549985,1
phishtank,1,0.8831491989167151,1
phishtank,1,0.9685051830548549,1
tranco_benign_proxy,0,0.2553903335435594,0
tranco_benign_proxy,0,0.37728545169476685,0
tranco_benign_proxy,0,0.018040768579003965,0
phishtank,1,0.9998445685816888,1
phishtank,1,0.9914169071969277,1
tranco_benign_proxy,0,0.10183153012880597,0
tranco_benign_proxy,0,0.3664944009732213,0
phishtank,1,0.9946770168550733,1
phishtank,1,0.5444665733431172,0
tranco_benign_proxy,0,0.3360543873511697,0
tranco_benign_proxy,0,0.047261556486305804,0
phishtank,1,0.9995678684718267,1
tranco_benign_proxy,0,0.27663425640148614,0
phishtank,1,0.9498367911344767,1
tranco_benign_proxy,0,0.7893331876573262,1
phishtank,1,0.9943681967211322,1
tranco_benign_proxy,0,0.050247081918214406,0
phishtank,1,0.9511973622406072,1
phishtank,1,0.9902897510570717,1
phishtank,1,0.8742805389774733,1
phishtank,1,0.5677395822461484,0
tranco_benign_proxy,0,0.3604719966276497,0
tranco_benign_proxy,0,0.021992837935435654,0
phishtank,1,0.9991058208959327,1
phishtank,1,0.09264635063932479,0
phishtank,1,0.4931393761252518,0
phishtank,1,0.9994999761412442,1
tranco_benign_proxy,0,0.6171373135538344,0
tranco_benign_proxy,0,0.11985283553584229,0
tranco_benign_proxy,0,0.5828001915155195,0
phishtank,1,0.9038212818466196,1
phishtank,1,0.3349942518901579,0
tranco_benign_proxy,0,0.26436785692348963,0
tranco_benign_proxy,0,0.7550402560807725,1
tranco_benign_proxy,0,0.22654346619756388,0
phishtank,1,0.9996332070605574,1
tranco_benign_proxy,0,0.38217352766228296,0
tranco_benign_proxy,0,0.16604742681203766,0
tranco_benign_proxy,0,0.05973926012531007,0
phishtank,1,0.9675538206055937,1
phishtank,1,0.9756772970305284,1
phishtank,1,0.9972296145989044,1
tranco_benign_proxy,0,0.3661819244421286,0
phishtank,1,0.9971038496406123,1
tranco_benign_proxy,0,0.20578462433476408,0
tranco_benign_proxy,0,0.2798035523306098,0
phishtank,1,0.968645237255818,1
phishtank,1,0.9982831292340616,1
phishtank,1,0.9992545492642498,1
tranco_benign_proxy,0,0.0168166773303843,0
phishtank,1,0.06181305903677045,0
phishtank,1,0.998902654787924,1
phishtank,1,0.9596539839714388,1
phishtank,1,0.9699190235623623,1
tranco_benign_proxy,0,0.03942548149137745,0
phishtank,1,0.9996796125613928,1
tranco_benign_proxy,0,0.05437526102136576,0
phishtank,1,0.9931683293470155,1
tranco_benign_proxy,0,0.15116034848293133,0
phishtank,1,0.9925085975328236,1
tranco_benign_proxy,0,0.17713750570311068,0
phishtank,1,0.8755190378600103,1
tranco_benign_proxy,0,0.20229714399714308,0
phishtank,1,0.9999703224716417,1
tranco_benign_proxy,0,0.5555637950528075,0
tranco_benign_proxy,0,0.0062580129927381255,0
tranco_benign_proxy,0,0.4497033034521766,0
phishtank,1,0.9992809962715745,1
tranco_benign_proxy,0,0.6974003819810562,0
tranco_benign_proxy,0,0.3501702410598016,0
tranco_benign_proxy,0,0.3000692761935074,0
tranco_benign_proxy,0,0.23336061041676384,0
phishtank,1,0.9644223451403894,1
tranco_benign_proxy,0,0.10595556335924959,0
tranco_benign_proxy,0,0.05369353673425756,0
phishtank,1,0.9995519924528831,1
tranco_benign_proxy,0,0.21119286792962308,0
tranco_benign_proxy,0,0.07444253139619315,0
phishtank,1,0.9679004745122828,1
tranco_benign_proxy,0,0.1220283265172118,0
phishtank,1,0.9993027328313532,1
tranco_benign_proxy,0,0.06308829676066345,0
phishtank,1,0.9980511131246064,1
tranco_benign_proxy,0,0.5814124264398036,0
tranco_benign_proxy,0,0.5379120180768517,0
tranco_benign_proxy,0,0.11439102100132838,0
phishtank,1,0.0956568252507938,0
phishtank,1,0.9998812584113852,1
tranco_benign_proxy,0,0.5734323679358543,0
phishtank,1,0.9996287722207688,1
tranco_benign_proxy,0,0.5968638618389331,0
phishtank,1,0.9886419240995848,1
tranco_benign_proxy,0,0.3504649712879717,0
phishtank,1,0.9931408110463446,1
phishtank,1,0.9996240826530588,1
tranco_benign_proxy,0,0.6678288872302763,0
phishtank,1,0.9958088355539407,1
tranco_benign_proxy,0,0.14252853469814655,0
phishtank,1,0.9998126180010557,1
tranco_benign_proxy,0,0.04662302329463488,0
tranco_benign_proxy,0,0.15680979866671813,0
tranco_benign_proxy,0,0.1405806880419692,0
phishtank,1,0.997189063653836,1
tranco_benign_proxy,0,0.5808473499400425,0
tranco_benign_proxy,0,0.1444463057324394,0
phishtank,1,0.9910439682337807,1
tranco_benign_proxy,0,0.6169558513366585,0
tranco_benign_proxy,0,0.11838081522096094,0
phishtank,1,0.9992686898623059,1
tranco_benign_proxy,0,0.2012617151128452,0
phishtank,1,0.9915834663922851,1
tranco_benign_proxy,0,0.9591404519090226,1
tranco_benign_proxy,0,0.4743815308515823,0
tranco_benign_proxy,0,0.45109428364496884,0
phishtank,1,0.997257783356008,1
tranco_benign_proxy,0,0.008061214632501403,0
phishtank,1,0.9456552231328904,1
tranco_benign_proxy,0,0.5836381542556894,0
tranco_benign_proxy,0,0.5023248433765639,0
tranco_benign_proxy,0,0.38912018369948626,0
tranco_benign_proxy,0,0.17577592364127875,0
phishtank,1,0.9848701028883732,1
phishtank,1,0.9941350854479564,1
phishtank,1,0.05340407853588839,0
tranco_benign_proxy,0,0.007591606415007331,0
phishtank,1,0.8537351423343001,1
phishtank,1,0.9908190573139642,1
tranco_benign_proxy,0,0.6198413936819728,0
phishtank,1,0.996881946777859,1
tranco_benign_proxy,0,0.09730674086807417,0
phishtank,1,0.9995095981935038,1
tranco_benign_proxy,0,0.18484129358257365,0
phishtank,1,0.9997985711110237,1
tranco_benign_proxy,0,0.09043022965179442,0
phishtank,1,0.9971188695131851,1
phishtank,1,0.9864074328527219,1
tranco_benign_proxy,0,0.18407717205565075,0
phishtank,1,0.630134106464025,0
tranco_benign_proxy,0,0.07122111597087194,0
phishtank,1,0.9986710119454136,1
tranco_benign_proxy,0,0.12150584032860778,0
tranco_benign_proxy,0,0.6654033118200825,0
phishtank,1,0.9998921987801884,1
phishtank,1,0.8910006641936241,1
phishtank,1,0.9758724129593461,1
phishtank,1,0.9958596907924722,1
phishtank,1,0.999290340667162,1
phishtank,1,0.8907097034685899,1
tranco_benign_proxy,0,0.011264375630241751,0
phishtank,1,0.9067751703708217,1
phishtank,1,0.9950999387112823,1
phishtank,1,0.9777210187930174,1
tranco_benign_proxy,0,0.17728923317566359,0
phishtank,1,0.9999265272411085,1
phishtank,1,0.992196453462274,1
phishtank,1,0.12037327922548804,0
tranco_benign_proxy,0,0.38330835942872427,0
phishtank,1,0.9998562540798941,1
phishtank,1,0.991630069814156,1
tranco_benign_proxy,0,0.07881060291201876,0
phishtank,1,0.835679925224867,1
phishtank,1,0.9830544652676613,1
phishtank,1,0.993818848916807,1
phishtank,1,0.4887748443295115,0
phishtank,1,0.9999793931428261,1
tranco_benign_proxy,0,0.37090693437201666,0
tranco_benign_proxy,0,0.20617788087345193,0
phishtank,1,0.9966122523922389,1
tranco_benign_proxy,0,0.41644875962098754,0
phishtank,1,0.9944882123116067,1
phishtank,1,0.995662600480198,1
tranco_benign_proxy,0,0.1744168329579575,0
phishtank,1,0.8841262437009962,1
phishtank,1,0.7987457846200008,1
phishtank,1,0.999667937715329,1
tranco_benign_proxy,0,0.24439344666935398,0
tranco_benign_proxy,0,0.08945896781417315,0
phishtank,1,0.7687993325546838,1
tranco_benign_proxy,0,0.03889604113192081,0
tranco_benign_proxy,0,0.08758253406973925,0
tranco_benign_proxy,0,0.9705970879088833,1
phishtank,1,0.9981258196398056,1
phishtank,1,0.994072430162524,1
tranco_benign_proxy,0,0.4405792914912828,0
tranco_benign_proxy,0,0.08672272470110895,0
phishtank,1,0.38426343262744905,0
phishtank,1,0.3012903087677565,0
tranco_benign_proxy,0,0.5650372048651654,0
tranco_benign_proxy,0,0.07445430666385071,0
tranco_benign_proxy,0,0.026034960151167706,0
phishtank,1,0.9807821966551385,1
phishtank,1,0.9987706375436506,1
tranco_benign_proxy,0,0.5930741410476901,0
tranco_benign_proxy,0,0.19530054344798517,0
phishtank,1,0.999941679941054,1
phishtank,1,0.7335053560956288,1
phishtank,1,0.9999221168603378,1
tranco_benign_proxy,0,0.16392073425786235,0
phishtank,1,0.9995984955883752,1
tranco_benign_proxy,0,0.012563475102055665,0
tranco_benign_proxy,0,0.7608038338001012,1
phishtank,1,0.9672170756278615,1
phishtank,1,0.9946032910133777,1
phishtank,1,0.41335709372927454,0
phishtank,1,0.996696123425303,1
phishtank,1,0.9995553286203258,1
tranco_benign_proxy,0,0.6232200540894681,0
phishtank,1,0.9885338986622716,1
phishtank,1,0.982240678804184,1
tranco_benign_proxy,0,0.2259053934439827,0
phishtank,1,0.5794256764545456,0
tranco_benign_proxy,0,0.20566457823259227,0
phishtank,1,0.9974285129759412,1
phishtank,1,0.9953918970786579,1
tranco_benign_proxy,0,0.5439651025760283,0
phishtank,1,0.9837606360920924,1
phishtank,1,0.9572115361218,1
phishtank,1,0.600202525242441,0
tranco_benign_proxy,0,0.08547909806633723,0
tranco_benign_proxy,0,0.15897912889772428,0
tranco_benign_proxy,0,0.2066464914882067,0
phishtank,1,0.9922205270747401,1
tranco_benign_proxy,0,0.1184838588296678,0
tranco_benign_proxy,0,0.42720484006708476,0
phishtank,1,0.80149127360454,1
phishtank,1,0.9982261805444376,1
tranco_benign_proxy,0,0.664865382543814,0
phishtank,1,0.9983235192538915,1
phishtank,1,0.9723090857756851,1
tranco_benign_proxy,0,0.1027174844140202,0
phishtank,1,0.9857694159357965,1
phishtank,1,0.8326639147021659,1
phishtank,1,0.7002486663632606,1
phishtank,1,0.9993168588643292,1
phishtank,1,0.9986155826042667,1
phishtank,1,0.9938857345130038,1
tranco_benign_proxy,0,0.45447844175000374,0
phishtank,1,0.8209930064911588,1
tranco_benign_proxy,0,0.3565453841684947,0
tranco_benign_proxy,0,0.060473624802056286,0
phishtank,1,0.9948749831073583,1
phishtank,1,0.9993345681521658,1
phishtank,1,0.9948364466208196,1
tranco_benign_proxy,0,0.24927751698841824,0
tranco_benign_proxy,0,0.5749720127152065,0
tranco_benign_proxy,0,0.13249466557175743,0
tranco_benign_proxy,0,0.11349364737709608,0
phishtank,1,0.8648503122998209,1
phishtank,1,0.997218247538983,1
phishtank,1,0.9998227753639869,1
tranco_benign_proxy,0,0.054168512137326354,0
tranco_benign_proxy,0,0.02207711502757958,0
tranco_benign_proxy,0,0.17052399833444978,0
tranco_benign_proxy,0,0.2101758975867321,0
phishtank,1,0.9962516795917269,1
tranco_benign_proxy,0,0.40541667708428153,0
phishtank,1,0.9551902964932409,1
tranco_benign_proxy,0,0.09310151936278227,0
phishtank,1,0.992682536889571,1
phishtank,1,0.9907878794407087,1
phishtank,1,0.6250003974386887,0
tranco_benign_proxy,0,0.4666274152426764,0
tranco_benign_proxy,0,0.19348382708868608,0
tranco_benign_proxy,0,0.2960838490632669,0
phishtank,1,0.9560134867545155,1
tranco_benign_proxy,0,0.19238753274724887,0
tranco_benign_proxy,0,0.6842547915474327,0
phishtank,1,0.5667846106778274,0
tranco_benign_proxy,0,0.3001204033510593,0
phishtank,1,0.7123836970394561,1
tranco_benign_proxy,0,0.7675953363688953,1
tranco_benign_proxy,0,0.34844898561494814,0
phishtank,1,0.9953216658059223,1
tranco_benign_proxy,0,0.15671291382170371,0
tranco_benign_proxy,0,0.19192853043081184,0
tranco_benign_proxy,0,0.04818450930861555,0
phishtank,1,0.9824105115424535,1
phishtank,1,0.9879897295716936,1
phishtank,1,0.97374360357121,1
tranco_benign_proxy,0,0.33175418732917994,0
tranco_benign_proxy,0,0.05036193742092521,0
tranco_benign_proxy,0,0.5067714978741282,0
phishtank,1,0.9962586467449399,1
tranco_benign_proxy,0,0.37016581055663483,0
phishtank,1,0.9185373557868823,1
phishtank,1,0.9753210989405706,1
tranco_benign_proxy,0,0.3306661530894017,0
tranco_benign_proxy,0,0.026256665637224865,0
phishtank,1,0.999713728967886,1
phishtank,1,0.9289265383599995,1
tranco_benign_proxy,0,0.25338618791720746,0
phishtank,1,0.9188357244942226,1
tranco_benign_proxy,0,0.3153185632478092,0
tranco_benign_proxy,0,0.2211200216440788,0
phishtank,1,0.935333023797316,1
phishtank,1,0.03498241577721208,0
phishtank,1,0.9984181892632692,1
tranco_benign_proxy,0,0.06911838840855092,0
tranco_benign_proxy,0,0.09238961380418076,0
tranco_benign_proxy,0,0.026507220798188885,0
phishtank,1,0.9990798073904842,1
phishtank,1,0.9998493216686981,1
tranco_benign_proxy,0,0.7060769621469585,1
phishtank,1,0.997978979509258,1
phishtank,1,0.99954065504206,1
phishtank,1,0.5617901121597648,0
phishtank,1,0.9726470645747262,1
phishtank,1,0.9747828523044241,1
phishtank,1,0.9978804379675511,1
tranco_benign_proxy,0,0.6388751564890602,0
phishtank,1,0.9998583712492931,1
phishtank,1,0.9926324500960556,1
tranco_benign_proxy,0,0.08053333466678826,0
phishtank,1,0.21777391236807403,0
phishtank,1,0.5478700758838275,0
tranco_benign_proxy,0,0.001622340447763522,0
tranco_benign_proxy,0,0.28872773235318916,0
phishtank,1,0.9367752664309573,1
tranco_benign_proxy,0,0.527690972797018,0
tranco_benign_proxy,0,0.06705901122329047,0
phishtank,1,0.9966240970405968,1
phishtank,1,0.9977580783616692,1
tranco_benign_proxy,0,0.0770968728555745,0
tranco_benign_proxy,0,0.32125405803495116,0
tranco_benign_proxy,0,0.15227937901433278,0
phishtank,1,0.9528017510561168,1
tranco_benign_proxy,0,0.0675087261710502,0
phishtank,1,0.9461834483880852,1
tranco_benign_proxy,0,0.18595733642591206,0
tranco_benign_proxy,0,0.7829350646854019,1
phishtank,1,0.9527788148021407,1
tranco_benign_proxy,0,0.2601112712076675,0
phishtank,1,0.9154902312860582,1
phishtank,1,0.9753572231391219,1
phishtank,1,0.9922192409847971,1
phishtank,1,0.9905417416101424,1
phishtank,1,0.9945903516956002,1
tranco_benign_proxy,0,0.08986139915416883,0
phishtank,1,0.987815598577771,1
phishtank,1,0.999049078999735,1
phishtank,1,0.9983036785286588,1
phishtank,1,0.9964187976396399,1
tranco_benign_proxy,0,0.8686048200674675,1
phishtank,1,0.9485721378353984,1
tranco_benign_proxy,0,0.5719195262461487,0
phishtank,1,0.9971545811038577,1
tranco_benign_proxy,0,0.11283318539286002,0
phishtank,1,0.4332083066738805,0
tranco_benign_proxy,0,0.06341365577828667,0
phishtank,1,0.9582096207003261,1
tranco_benign_proxy,0,0.6345262574398876,0
phishtank,1,0.9969889926571336,1
tranco_benign_proxy,0,0.3549310679245838,0
phishtank,1,0.7557153008684094,1
phishtank,1,0.9855547424216519,1
tranco_benign_proxy,0,0.6494745318580398,0
tranco_benign_proxy,0,0.45905700265720767,0
phishtank,1,0.9986501894541864,1
tranco_benign_proxy,0,0.810507054608586,1
tranco_benign_proxy,0,0.1464987753280349,0
tranco_benign_proxy,0,0.12835094766632063,0
tranco_benign_proxy,0,0.3456551970338614,0
phishtank,1,0.9999178825504225,1
phishtank,1,0.9867203941360558,1
phishtank,1,0.9991820977673199,1
tranco_benign_proxy,0,0.051973940185284576,0
tranco_benign_proxy,0,0.23065759875210373,0
tranco_benign_proxy,0,0.09498404828163703,0
tranco_benign_proxy,0,0.014024163029895653,0
tranco_benign_proxy,0,0.7529315065735283,1
tranco_benign_proxy,0,0.21254830170290961,0
phishtank,1,0.9834217448322046,1
tranco_benign_proxy,0,0.8361288566561648,1
tranco_benign_proxy,0,0.4654983658629519,0
tranco_benign_proxy,0,0.01800531702357065,0
phishtank,1,0.8871615953235146,1
phishtank,1,0.961024325976741,1
tranco_benign_proxy,0,0.4188595271168449,0
phishtank,1,0.9998700062398437,1
phishtank,1,0.9741433606713258,1
tranco_benign_proxy,0,0.25681685194704085,0
phishtank,1,0.9997875080104243,1
phishtank,1,0.7614221120982014,1
phishtank,1,0.9987422054073154,1
phishtank,1,0.9915686876276519,1
phishtank,1,0.9972384350761272,1
phishtank,1,0.9419276855526559,1
tranco_benign_proxy,0,0.13623521449062095,0
phishtank,1,0.9644216425008519,1
tranco_benign_proxy,0,0.8379907117545502,1
tranco_benign_proxy,0,0.4678626555576788,0
phishtank,1,0.981732408715315,1
phishtank,1,0.9942797865324441,1
phishtank,1,0.8548240036609726,1
tranco_benign_proxy,0,0.20013898942958752,0
phishtank,1,0.9873498530364311,1
phishtank,1,0.9862562829047592,1
tranco_benign_proxy,0,0.9178006906416765,1
tranco_benign_proxy,0,0.5572185115117855,0
tranco_benign_proxy,0,0.9679413509491388,1
phishtank,1,0.9302277694001234,1
tranco_benign_proxy,0,0.07588748703058142,0
tranco_benign_proxy,0,0.1848572636853549,0
phishtank,1,0.9776371074773635,1
phishtank,1,0.9992341539864501,1
phishtank,1,0.9975485185078716,1
tranco_benign_proxy,0,0.28117002938758856,0
phishtank,1,0.9947174092052561,1
phishtank,1,0.998616858570501,1
phishtank,1,0.9948347116730685,1
tranco_benign_proxy,0,0.34430565030333815,0
tranco_benign_proxy,0,0.9014692221612708,1
tranco_benign_proxy,0,0.9636547643500363,1
phishtank,1,0.9624664929564197,1
tranco_benign_proxy,0,0.5587683416450842,0
phishtank,1,0.9957504387002571,1
phishtank,1,0.9977340756557618,1
phishtank,1,0.9907843497072989,1
phishtank,1,0.9824961170573249,1
tranco_benign_proxy,0,0.10410887335608324,0
tranco_benign_proxy,0,0.12099282766466941,0
phishtank,1,0.9998363905602387,1
phishtank,1,0.9988092688799749,1
tranco_benign_proxy,0,0.19297557959491268,0
phishtank,1,0.9998766205805854,1
phishtank,1,0.8758645078467385,1
tranco_benign_proxy,0,0.3171496449160923,0
tranco_benign_proxy,0,0.7638654534717374,1
phishtank,1,0.9804196081948496,1
tranco_benign_proxy,0,0.07417059961615635,0
tranco_benign_proxy,0,0.23128521607052757,0
tranco_benign_proxy,0,0.007954481515403697,0
phishtank,1,0.9974186097770134,1
phishtank,1,0.9572438204162917,1
phishtank,1,0.34995303489021157,0
phishtank,1,0.9784079847053985,1
phishtank,1,0.9937831392414042,1
phishtank,1,0.9569633402520609,1
phishtank,1,0.9961066026326517,1
phishtank,1,0.990700186353663,1
tranco_benign_proxy,0,0.3041015364524901,0
phishtank,1,0.9165194465039354,1
phishtank,1,0.1411639317821256,0
phishtank,1,0.8514358978603868,1
phishtank,1,0.9972059137102698,1
phishtank,1,0.8328269540887685,1
tranco_benign_proxy,0,0.6835963336575807,0
tranco_benign_proxy,0,0.28987450475853854,0
phishtank,1,0.9992562415705742,1
phishtank,1,0.9869356467731777,1
phishtank,1,0.9922975017690238,1
tranco_benign_proxy,0,0.0017175343074170035,0
tranco_benign_proxy,0,0.17925152755272386,0
phishtank,1,0.9873361530622204,1
tranco_benign_proxy,0,0.8131218667785634,1
phishtank,1,0.9998887673097046,1
tranco_benign_proxy,0,0.07259070122530625,0
phishtank,1,0.9829395752335905,1
tranco_benign_proxy,0,0.011946302707786462,0
phishtank,1,0.40911150115050104,0
phishtank,1,0.9558712879650513,1
phishtank,1,0.8832027837807204,1
tranco_benign_proxy,0,0.33594255696404124,0
phishtank,1,0.8917554883347151,1
phishtank,1,0.9981323843499691,1
phishtank,1,0.9996989509192047,1
phishtank,1,0.9156643294022183,1
phishtank,1,0.9966817725118027,1
phishtank,1,0.971407222201336,1
phishtank,1,0.9901798734241573,1
phishtank,1,0.9982669793712889,1
phishtank,1,0.9967653646776926,1
phishtank,1,0.9989662533744401,1
phishtank,1,0.9984924486786336,1
tranco_benign_proxy,0,0.08330527050034589,0
tranco_benign_proxy,0,0.32103019623565543,0
phishtank,1,0.9996547919304646,1
phishtank,1,0.9998530821526004,1
phishtank,1,0.9950252065413676,1
phishtank,1,0.8530388032676258,1
phishtank,1,0.9973322753569701,1
tranco_benign_proxy,0,0.779741409562632,1
tranco_benign_proxy,0,0.040475786653305985,0
tranco_benign_proxy,0,0.3723850361691077,0
tranco_benign_proxy,0,0.5003497102427011,0
phishtank,1,0.9048361619033123,1
tranco_benign_proxy,0,0.5917480560344885,0
phishtank,1,0.9975338449311519,1
phishtank,1,0.9980474818058311,1
tranco_benign_proxy,0,0.08189328508159328,0
phishtank,1,0.920044477870538,1
tranco_benign_proxy,0,0.28025258931311625,0
tranco_benign_proxy,0,0.14357504053570982,0
phishtank,1,0.9998926449642848,1
phishtank,1,0.9499029741378547,1
phishtank,1,0.880055647708452,1
tranco_benign_proxy,0,0.0413559596775995,0
phishtank,1,0.9785626175611197,1
phishtank,1,0.9951326104890303,1
phishtank,1,0.8956076442303375,1
phishtank,1,0.9990185140555871,1
phishtank,1,0.9943099107781467,1
tranco_benign_proxy,0,0.47554119517218446,0
tranco_benign_proxy,0,0.612196821633678,0
phishtank,1,0.9947914544751579,1
tranco_benign_proxy,0,0.17184241523723415,0
phishtank,1,0.7713793012392736,1
phishtank,1,0.9819239959673365,1
tranco_benign_proxy,0,0.18342402005869007,0
phishtank,1,0.5685667992717351,0
phishtank,1,0.9658500369132663,1
tranco_benign_proxy,0,0.1942093359279144,0
tranco_benign_proxy,0,0.7886842957770742,1
tranco_benign_proxy,0,0.5254109674929064,0
phishtank,1,0.8719979936450951,1
tranco_benign_proxy,0,0.7927829569295084,1
tranco_benign_proxy,0,0.16885037979356388,0
phishtank,1,0.9984266946526666,1
phishtank,1,0.9985159517428916,1
phishtank,1,0.9477558862958022,1
tranco_benign_proxy,0,0.9740269289923045,1
tranco_benign_proxy,0,0.7744682776077244,1
tranco_benign_proxy,0,0.24111405545095255,0
tranco_benign_proxy,0,0.7815708358644791,1
phishtank,1,0.9992860888144233,1
phishtank,1,0.988039163239728,1
phishtank,1,0.9948346466713963,1
phishtank,1,0.9976276777454233,1
phishtank,1,0.9548288221397487,1
tranco_benign_proxy,0,0.11068479631655581,0
tranco_benign_proxy,0,0.8433084007793115,1
tranco_benign_proxy,0,0.4031134683497091,0
tranco_benign_proxy,0,0.20641905139882583,0
phishtank,1,0.9712611630356739,1
tranco_benign_proxy,0,0.2821280051085378,0
tranco_benign_proxy,0,0.9596305309314807,1
phishtank,1,0.9976727304143994,1
tranco_benign_proxy,0,0.1264717171046784,0
phishtank,1,0.9752254292544793,1
tranco_benign_proxy,0,0.5773672385037945,0
tranco_benign_proxy,0,0.06592532535851035,0
tranco_benign_proxy,0,0.09474105408794499,0
tranco_benign_proxy,0,0.8200077293316661,1
phishtank,1,0.9976342437599264,1
phishtank,1,0.970645036038537,1
phishtank,1,0.9998041851496573,1
phishtank,1,0.917718708529563,1
phishtank,1,0.982680715981302,1
phishtank,1,0.9989116048937384,1
phishtank,1,0.1617481243371132,0
tranco_benign_proxy,0,0.19167167031449472,0
phishtank,1,0.970639656605715,1
phishtank,1,0.9956207531866441,1
tranco_benign_proxy,0,0.13204976653117811,0
phishtank,1,0.9587100280703227,1
phishtank,1,0.9988024876216951,1
phishtank,1,0.9958191239953386,1
tranco_benign_proxy,0,0.8329134578409069,1
phishtank,1,0.9995883066808571,1
tranco_benign_proxy,0,0.2762318121439859,0
phishtank,1,0.9464163299930743,1
tranco_benign_proxy,0,0.1839539859873029,0
tranco_benign_proxy,0,0.7322352381801187,1
phishtank,1,0.9979530307226389,1
tranco_benign_proxy,0,0.0322295558926214,0
phishtank,1,0.9999546376364322,1
tranco_benign_proxy,0,0.13353380767572318,0
phishtank,1,0.9753467144159932,1
tranco_benign_proxy,0,0.281496233102605,0
phishtank,1,0.9517557491558912,1
phishtank,1,0.6841634291952355,0
tranco_benign_proxy,0,0.0019085494121367937,0
phishtank,1,0.9924443461464699,1
phishtank,1,0.9999578185552984,1
tranco_benign_proxy,0,0.008315326668714951,0
tranco_benign_proxy,0,0.5673208039576095,0
tranco_benign_proxy,0,0.08974289557720896,0
tranco_benign_proxy,0,0.3735201239898467,0
tranco_benign_proxy,0,0.004863057086410183,0
tranco_benign_proxy,0,0.516721022454382,0
tranco_benign_proxy,0,0.010498188543967153,0
tranco_benign_proxy,0,0.22457298870838943,0
phishtank,1,0.9814062362121374,1
tranco_benign_proxy,0,0.04045897147483616,0
phishtank,1,0.6632854924605937,0
phishtank,1,0.9953257914434794,1
tranco_benign_proxy,0,0.26414890736524627,0
phishtank,1,0.9999481174317743,1
phishtank,1,0.9943772984629615,1
phishtank,1,0.9168542037177181,1
phishtank,1,0.9411221821438394,1
phishtank,1,0.9874823735369557,1
tranco_benign_proxy,0,0.24744901153819573,0
tranco_benign_proxy,0,0.8190448444263492,1
phishtank,1,0.9997443025245187,1
tranco_benign_proxy,0,0.2541586198257833,0
phishtank,1,0.995654838281768,1
phishtank,1,0.9983742165025118,1
tranco_benign_proxy,0,0.10538575939282106,0
phishtank,1,0.9992003099276258,1
phishtank,1,0.9644572986848834,1
phishtank,1,0.0265708777764436,0
phishtank,1,0.9983377640939123,1
phishtank,1,0.9948883582337168,1
phishtank,1,0.9715828383284539,1
tranco_benign_proxy,0,0.271025072776985,0
phishtank,1,0.9976536942797377,1
tranco_benign_proxy,0,0.396295873153256,0
phishtank,1,0.999063446331111,1
tranco_benign_proxy,0,0.1343247229716863,0
tranco_benign_proxy,0,0.3072131085815117,0
tranco_benign_proxy,0,0.6318443415788068,0
tranco_benign_proxy,0,0.22428514146828044,0
tranco_benign_proxy,0,0.30699806270863245,0
tranco_benign_proxy,0,0.3852648647066641,0
phishtank,1,0.9668785561506164,1
tranco_benign_proxy,0,0.7140152139279595,1
phishtank,1,0.9848738909367766,1
tranco_benign_proxy,0,0.19950322844824664,0
tranco_benign_proxy,0,0.08637091551304167,0
phishtank,1,0.8734999186263329,1
tranco_benign_proxy,0,0.12612111569400133,0
tranco_benign_proxy,0,0.18003579141056908,0
tranco_benign_proxy,0,0.16102354379726985,0
tranco_benign_proxy,0,0.12672059906558064,0
phishtank,1,0.8697145385545265,1
phishtank,1,0.9315621240178001,1
phishtank,1,0.9481363330923119,1
tranco_benign_proxy,0,0.4365302611067967,0
tranco_benign_proxy,0,0.16623380154009534,0
phishtank,1,0.9692858219897669,1
tranco_benign_proxy,0,0.7092002663474261,1
tranco_benign_proxy,0,0.7325701646228601,1
tranco_benign_proxy,0,0.9651351358031697,1
tranco_benign_proxy,0,0.5657615114320272,0
tranco_benign_proxy,0,0.17004616946085965,0
phishtank,1,0.903183509954547,1
tranco_benign_proxy,0,0.051748956526356034,0
phishtank,1,0.66134344230169,0
phishtank,1,0.7445688208979595,1
tranco_benign_proxy,0,0.7382620073520134,1
phishtank,1,0.9978909759617972,1
phishtank,1,0.9999099178878361,1
phishtank,1,0.9782205569182633,1
tranco_benign_proxy,0,0.04862002060154691,0
phishtank,1,0.9969815297512814,1
tranco_benign_proxy,0,0.26346714465156706,0
tranco_benign_proxy,0,0.052040129256006075,0
tranco_benign_proxy,0,0.5978993897401115,0
tranco_benign_proxy,0,0.7206374763372236,1
phishtank,1,0.9213294075138824,1
tranco_benign_proxy,0,0.25214581159939886,0
phishtank,1,0.9777834305376656,1
tranco_benign_proxy,0,0.14157373290803,0
phishtank,1,0.8971601767534859,1
phishtank,1,0.6442568201392606,0
phishtank,1,0.9524339516189932,1
phishtank,1,0.9895741576002285,1
tranco_benign_proxy,0,0.11740391199730396,0
phishtank,1,0.9997306196563094,1
phishtank,1,0.9991555398705241,1
tranco_benign_proxy,0,0.1363042553813401,0
phishtank,1,0.9942496040335859,1
tranco_benign_proxy,0,0.4079543069169939,0
tranco_benign_proxy,0,0.3809968904014514,0
tranco_benign_proxy,0,0.0486171317723569,0
phishtank,1,0.9924807605603707,1
phishtank,1,0.8560881228644281,1
tranco_benign_proxy,0,0.3849682870043128,0
tranco_benign_proxy,0,0.4319377405749286,0
tranco_benign_proxy,0,0.014739823476682387,0
tranco_benign_proxy,0,0.35144380607693754,0
tranco_benign_proxy,0,0.544298751473199,0
phishtank,1,0.9805740303870428,1
phishtank,1,0.9937823522135872,1
phishtank,1,0.9954289953773763,1
phishtank,1,0.9891203373494345,1
tranco_benign_proxy,0,0.10283714002641359,0
phishtank,1,0.9987444379761621,1
phishtank,1,0.9246132934763488,1
phishtank,1,0.2534882224203188,0
phishtank,1,0.8128787397452214,1
phishtank,1,0.9998364454339698,1
phishtank,1,0.9636589959697313,1
tranco_benign_proxy,0,0.12822968610448143,0
phishtank,1,0.9997989226198112,1
tranco_benign_proxy,0,0.3336754453725595,0
tranco_benign_proxy,0,0.8720074058699264,1
phishtank,1,0.40266638286625944,0
phishtank,1,0.9829733845536965,1
tranco_benign_proxy,0,0.6258969415365977,0
tranco_benign_proxy,0,0.20801961594191898,0
phishtank,1,0.9984534799439986,1
phishtank,1,0.9927341560161297,1
tranco_benign_proxy,0,0.9196269245872927,1
phishtank,1,0.9996409970095567,1
tranco_benign_proxy,0,0.6629192975960156,0
tranco_benign_proxy,0,0.09337476019620373,0
tranco_benign_proxy,0,0.036660353862375324,0
tranco_benign_proxy,0,0.5093720446374731,0
phishtank,1,0.9620987891506757,1
phishtank,1,0.9882225081584609,1
tranco_benign_proxy,0,0.15932635041730844,0
tranco_benign_proxy,0,0.12533330855101701,0
tranco_benign_proxy,0,0.5520325100084944,0
phishtank,1,0.913066938580635,1
phishtank,1,0.1870430667366774,0
phishtank,1,0.9659300890341911,1
tranco_benign_proxy,0,0.08551374197873134,0
tranco_benign_proxy,0,0.2591963746331702,0
phishtank,1,0.4163270127467449,0
tranco_benign_proxy,0,0.6150905669111701,0
tranco_benign_proxy,0,0.9968813999207419,1
phishtank,1,0.9876783628940542,1
phishtank,1,0.9998793322933303,1
phishtank,1,0.997920859275607,1
phishtank,1,0.9543157710245671,1
phishtank,1,0.9960706595158851,1
tranco_benign_proxy,0,0.06795196942887677,0
phishtank,1,0.691963378568748,0
tranco_benign_proxy,0,0.8322994106785211,1
tranco_benign_proxy,0,0.8218150783433044,1
tranco_benign_proxy,0,0.2838310796327236,0
tranco_benign_proxy,0,0.8585667225205177,1
tranco_benign_proxy,0,0.7115084770258894,1
phishtank,1,0.9583252699991917,1
phishtank,1,0.935922075895204,1
tranco_benign_proxy,0,0.32228421117832745,0
phishtank,1,0.9953127878545956,1
tranco_benign_proxy,0,0.17190688615344735,0
tranco_benign_proxy,0,0.8481532319346905,1
tranco_benign_proxy,0,0.10155817901963396,0
phishtank,1,0.5594222087402955,0
tranco_benign_proxy,0,0.2639581012912614,0
tranco_benign_proxy,0,0.40233480406094846,0
phishtank,1,0.993953840654331,1
phishtank,1,0.9936961157788264,1
phishtank,1,0.8795388578774127,1
tranco_benign_proxy,0,0.3689324050167793,0
phishtank,1,0.9885381909990928,1
phishtank,1,0.9931852383827038,1
phishtank,1,0.9978047179541044,1
tranco_benign_proxy,0,0.07943897438510614,0
tranco_benign_proxy,0,0.07503795994246776,0
phishtank,1,0.9025408656086976,1
phishtank,1,0.9781373745637731,1
phishtank,1,0.8923893282446178,1
phishtank,1,0.9894059706369717,1
phishtank,1,0.9904670748495142,1
phishtank,1,0.9960906254952732,1
tranco_benign_proxy,0,0.4967423523141489,0
phishtank,1,0.996939776770101,1
phishtank,1,0.8975366258054389,1
phishtank,1,0.9732340578752204,1
phishtank,1,0.9984408858580106,1
tranco_benign_proxy,0,0.08076083321194491,0
phishtank,1,0.992638792434394,1
tranco_benign_proxy,0,0.13065197952976712,0
tranco_benign_proxy,0,0.060530883801922605,0
phishtank,1,0.9997962337535891,1
tranco_benign_proxy,0,0.11664348677379624,0
phishtank,1,0.9914743178846989,1
phishtank,1,0.9871854775717345,1
phishtank,1,0.9989377377022228,1
phishtank,1,0.9769087980509851,1
phishtank,1,0.9977750911868368,1
phishtank,1,0.2977287209380203,0
phishtank,1,0.984543865029091,1
phishtank,1,0.9871105459354574,1
phishtank,1,0.9990752410530401,1
phishtank,1,0.965498278620038,1
phishtank,1,0.998020572897485,1
tranco_benign_proxy,0,0.7092555754511848,1
tranco_benign_proxy,0,0.4617198972894221,0
tranco_benign_proxy,0,0.09339333103665645,0
tranco_benign_proxy,0,0.10239986562930928,0
phishtank,1,0.9920984300712198,1
phishtank,1,0.995539094304721,1
phishtank,1,0.9935906682481065,1
tranco_benign_proxy,0,0.18635931295794048,0
tranco_benign_proxy,0,0.716686171258553,1
tranco_benign_proxy,0,0.8461325608835688,1
phishtank,1,0.9756569310169031,1
phishtank,1,0.9999604582074841,1
tranco_benign_proxy,0,0.6137845600731804,0
tranco_benign_proxy,0,0.5093191498440262,0
phishtank,1,0.7149091419146902,1
tranco_benign_proxy,0,0.11747473072948339,0
phishtank,1,0.9855955268686878,1
phishtank,1,0.9838212612301461,1
phishtank,1,0.9666445608120069,1
phishtank,1,0.9145155218844144,1
tranco_benign_proxy,0,0.003644834428494041,0
phishtank,1,0.9936794427925386,1
phishtank,1,0.8882002477243328,1
phishtank,1,0.9038282880453409,1
phishtank,1,0.590391910198515,0
phishtank,1,0.9716435454571549,1
phishtank,1,0.9557547631238148,1
tranco_benign_proxy,0,0.6384268386529329,0
phishtank,1,0.9046338289321236,1
phishtank,1,0.9841379743378889,1
phishtank,1,0.9848039166350632,1
phishtank,1,0.9994284843079695,1
phishtank,1,0.9980041616261877,1
tranco_benign_proxy,0,0.21135428174737372,0
phishtank,1,0.9996621889830718,1
phishtank,1,0.9989994252887003,1
phishtank,1,0.9626725794973864,1
phishtank,1,0.17296931286234057,0
tranco_benign_proxy,0,0.6825314243270179,0
tranco_benign_proxy,0,0.15307030652767264,0
tranco_benign_proxy,0,0.19474167532577266,0
phishtank,1,0.6890384225851978,0
tranco_benign_proxy,0,0.1399283612071912,0
phishtank,1,0.9829293554934971,1
tranco_benign_proxy,0,0.13589953888963605,0
tranco_benign_proxy,0,0.3112420967230208,0
phishtank,1,0.9960643860412306,1
tranco_benign_proxy,0,0.006006799045120172,0
tranco_benign_proxy,0,0.1239160308812893,0
phishtank,1,0.9511162476794073,1
tranco_benign_proxy,0,0.34374047382975437,0
phishtank,1,0.9997453468566372,1
tranco_benign_proxy,0,0.7189870815159886,1
tranco_benign_proxy,0,0.9559770303080862,1
phishtank,1,0.9959019858563469,1
phishtank,1,0.9996272834146699,1
tranco_benign_proxy,0,0.4634875583466795,0
tranco_benign_proxy,0,0.10956378339599132,0
phishtank,1,0.9972391174937667,1
tranco_benign_proxy,0,0.8919230311639041,1
phishtank,1,0.9968285710178152,1
phishtank,1,0.9994922209778463,1
phishtank,1,0.6245516609651763,0
tranco_benign_proxy,0,0.07727280267690256,0
phishtank,1,0.9906094022381795,1
phishtank,1,0.995845671217351,1
tranco_benign_proxy,0,0.6851841707759019,0
phishtank,1,0.9969164610811245,1
phishtank,1,0.9884401689978954,1
tranco_benign_proxy,0,0.05212798265448428,0
tranco_benign_proxy,0,0.07391674028993134,0
tranco_benign_proxy,0,0.0029277096285899914,0
tranco_benign_proxy,0,0.08290068865876776,0
phishtank,1,0.8817732954445466,1
tranco_benign_proxy,0,0.3922308511602855,0
phishtank,1,0.9919468867412797,1
tranco_benign_proxy,0,0.030195157136199805,0
phishtank,1,0.36125284246412165,0
phishtank,1,0.360249373331407,0
phishtank,1,0.9834499145822483,1
phishtank,1,0.9821567930871785,1
tranco_benign_proxy,0,0.3960023870471113,0
tranco_benign_proxy,0,0.016102401082097244,0
phishtank,1,0.9625054299358147,1
phishtank,1,0.9973740090531584,1
phishtank,1,0.9934895758177927,1
phishtank,1,0.9524005658047419,1
phishtank,1,0.9962156367430737,1
tranco_benign_proxy,0,0.3289584725385569,0
phishtank,1,0.9804089480942471,1
tranco_benign_proxy,0,0.6534201184362118,0
phishtank,1,0.9922619701231229,1
phishtank,1,0.9196719910474551,1
phishtank,1,0.9995481176082002,1
phishtank,1,0.9984666520930005,1
tranco_benign_proxy,0,0.7333548388492966,1
tranco_benign_proxy,0,0.0757259389367064,0
tranco_benign_proxy,0,0.7008909641307025,1
phishtank,1,0.9936194955068379,1
tranco_benign_proxy,0,0.2466518816059888,0
phishtank,1,0.9967240557652489,1
tranco_benign_proxy,0,0.6226281546578766,0
tranco_benign_proxy,0,0.144860037771227,0
phishtank,1,0.9977772613545184,1
tranco_benign_proxy,0,0.09807121848843081,0
phishtank,1,0.8607813983502962,1
tranco_benign_proxy,0,0.36937175351468843,0
phishtank,1,0.9974981644673172,1
tranco_benign_proxy,0,0.445265508159152,0
tranco_benign_proxy,0,0.656514512200884,0
phishtank,1,0.5920333809109241,0
phishtank,1,0.9939699375228318,1
phishtank,1,0.9784168409220998,1
tranco_benign_proxy,0,0.19970338947057323,0
phishtank,1,0.9982003420568667,1
phishtank,1,0.9952569126937195,1
phishtank,1,0.9974057065468185,1
tranco_benign_proxy,0,0.9819073624664624,1
phishtank,1,0.9999655668541781,1
tranco_benign_proxy,0,0.5982356585872,0
phishtank,1,0.9527652099276691,1
tranco_benign_proxy,0,0.7049227073476778,1
phishtank,1,0.14272027693686418,0
phishtank,1,0.9980988561370442,1
tranco_benign_proxy,0,0.025089453550760105,0
tranco_benign_proxy,0,0.5689244436376363,0
tranco_benign_proxy,0,0.21496637035370045,0
phishtank,1,0.9992213275857076,1
phishtank,1,0.9986623446995029,1
tranco_benign_proxy,0,0.024397943993512614,0
phishtank,1,0.9988890659236034,1
phishtank,1,0.9914316244533732,1
tranco_benign_proxy,0,0.14649083691712644,0
tranco_benign_proxy,0,0.33753752592557557,0
tranco_benign_proxy,0,0.11576140325119552,0
phishtank,1,0.9985746746479839,1
phishtank,1,0.20099593534632015,0
phishtank,1,0.9972713487048711,1
tranco_benign_proxy,0,0.07286399092918605,0
phishtank,1,0.9792013884510518,1
tranco_benign_proxy,0,0.1927842961644034,0
tranco_benign_proxy,0,0.4535325757231011,0
tranco_benign_proxy,0,0.34866840959627027,0
tranco_benign_proxy,0,0.18625896489341562,0
phishtank,1,0.9386124964964679,1
tranco_benign_proxy,0,0.7718400232885471,1
phishtank,1,0.24918420113479275,0
phishtank,1,0.9971544676386673,1
tranco_benign_proxy,0,0.07695867784268019,0
phishtank,1,0.9970072500175738,1
phishtank,1,0.989954701216992,1
phishtank,1,0.9945836923971341,1
tranco_benign_proxy,0,0.1798226591979407,0
phishtank,1,0.2025124888354598,0
tranco_benign_proxy,0,0.7325316032455883,1
phishtank,1,0.9999861188464895,1
phishtank,1,0.9898065400982125,1
tranco_benign_proxy,0,0.15243979397402327,0
tranco_benign_proxy,0,0.027973250094073775,0
tranco_benign_proxy,0,0.03098346879734885,0
phishtank,1,0.9614969875721859,1
tranco_benign_proxy,0,0.4644711742011258,0
phishtank,1,0.9713759991724087,1
tranco_benign_proxy,0,0.1596848592313127,0
tranco_benign_proxy,0,0.12488746081591615,0
tranco_benign_proxy,0,0.0753703609345421,0
phishtank,1,0.9998383192353079,1
tranco_benign_proxy,0,0.4144740257430745,0
phishtank,1,0.9668168751909516,1
tranco_benign_proxy,0,0.052006829330038966,0
tranco_benign_proxy,0,0.01899558775866441,0
phishtank,1,0.9994927724888386,1
tranco_benign_proxy,0,0.3389294654232325,0
phishtank,1,0.2563069459297449,0
phishtank,1,0.27002940972952033,0
tranco_benign_proxy,0,0.54697704129696,0
tranco_benign_proxy,0,0.10538766187312985,0
tranco_benign_proxy,0,0.37722859771448763,0
phishtank,1,0.9998989217562921,1
tranco_benign_proxy,0,0.2167493246334488,0
phishtank,1,0.7280186430099003,1
tranco_benign_proxy,0,0.9448484431660372,1
phishtank,1,0.9824996219190684,1
tranco_benign_proxy,0,0.9384327684040826,1
phishtank,1,0.9960522423199506,1
phishtank,1,0.9885551421729959,1
phishtank,1,0.9557850405256808,1
phishtank,1,0.869241068074626,1
tranco_benign_proxy,0,0.008797958509863731,0
tranco_benign_proxy,0,0.07036734630492829,0
phishtank,1,0.9957175766145331,1
tranco_benign_proxy,0,0.030561029143792683,0
tranco_benign_proxy,0,0.11627370161520315,0
tranco_benign_proxy,0,0.9480631350216855,1
tranco_benign_proxy,0,0.2962168346880674,0
tranco_benign_proxy,0,0.07319293817946182,0
phishtank,1,0.5823766484205066,0
phishtank,1,0.9478297515150556,1
tranco_benign_proxy,0,0.35090352969858607,0
tranco_benign_proxy,0,0.11809455975113192,0
tranco_benign_proxy,0,0.20629197059879695,0
tranco_benign_proxy,0,0.12076186119877061,0
phishtank,1,0.9917145775140923,1
phishtank,1,0.868882996546105,1
tranco_benign_proxy,0,0.0941824246280951,0
tranco_benign_proxy,0,0.38993604561143264,0
phishtank,1,0.9995695317070159,1
tranco_benign_proxy,0,0.23803995932406574,0
phishtank,1,0.9949563390856718,1
tranco_benign_proxy,0,0.552828172246144,0
phishtank,1,0.9432198006933648,1
phishtank,1,0.9957794414761149,1
tranco_benign_proxy,0,0.09103396301054745,0
tranco_benign_proxy,0,0.3172428097489463,0
tranco_benign_proxy,0,0.793635008242777,1
tranco_benign_proxy,0,0.13225645899470356,0
tranco_benign_proxy,0,0.1459469080859397,0
tranco_benign_proxy,0,0.07800584133522492,0
phishtank,1,0.9979330869234629,1
tranco_benign_proxy,0,0.12851105234331947,0
phishtank,1,0.18665970691003964,0
phishtank,1,0.971430595418113,1
tranco_benign_proxy,0,0.28372547212506516,0
phishtank,1,0.9818183428825965,1
phishtank,1,0.9699327772946558,1
tranco_benign_proxy,0,0.5055787070722676,0
phishtank,1,0.998418050436153,1
phishtank,1,0.9961099503533445,1
phishtank,1,0.982710365548364,1
tranco_benign_proxy,0,0.374842465297888,0
tranco_benign_proxy,0,0.13871320163988662,0
tranco_benign_proxy,0,0.6715748146065943,0
tranco_benign_proxy,0,0.24504004237720114,0
phishtank,1,0.9977025370461544,1
tranco_benign_proxy,0,0.3533240081316489,0
tranco_benign_proxy,0,0.9102845269439025,1
phishtank,1,0.9591413856883106,1
phishtank,1,0.9773107462101992,1
tranco_benign_proxy,0,0.11766087582398442,0
tranco_benign_proxy,0,0.20054579250255974,0
tranco_benign_proxy,0,0.031118955740368628,0
phishtank,1,0.9868057020834291,1
tranco_benign_proxy,0,0.4007858015864531,0
tranco_benign_proxy,0,0.7377359590236682,1
tranco_benign_proxy,0,0.9831198604288541,1
tranco_benign_proxy,0,0.0015302123551993684,0
phishtank,1,0.6951757914158938,0
tranco_benign_proxy,0,0.1109313116073204,0
phishtank,1,0.998040238734102,1
tranco_benign_proxy,0,0.05453143680439856,0
phishtank,1,0.9991938814981429,1
tranco_benign_proxy,0,0.11655846966504864,0
tranco_benign_proxy,0,0.03869398230642257,0
tranco_benign_proxy,0,0.614304484557975,0
tranco_benign_proxy,0,0.3221674526981421,0
phishtank,1,0.9986050906697872,1
phishtank,1,0.9979919999798139,1
phishtank,1,0.9686965670455743,1
phishtank,1,0.9969135512722541,1
tranco_benign_proxy,0,0.41808882769780636,0
tranco_benign_proxy,0,0.069250145939915,0
phishtank,1,0.9999298979442481,1
tranco_benign_proxy,0,0.4418748566240647,0
tranco_benign_proxy,0,0.20623708038525632,0
tranco_benign_proxy,0,0.0004164097372378005,0
phishtank,1,0.9999407329223817,1
tranco_benign_proxy,0,0.04450328955107605,0
phishtank,1,0.9992109087150627,1
tranco_benign_proxy,0,0.05338903752523625,0
phishtank,1,0.996697902751899,1
tranco_benign_proxy,0,0.7041918730464086,1
tranco_benign_proxy,0,0.42867211148591566,0
tranco_benign_proxy,0,0.7955900010808941,1
tranco_benign_proxy,0,0.3076532299219345,0
phishtank,1,0.9579481726809855,1
phishtank,1,0.9891963232338282,1
phishtank,1,0.9996179662155228,1
phishtank,1,0.99978780750223,1
phishtank,1,0.976932579500273,1
tranco_benign_proxy,0,0.021835907886483197,0
phishtank,1,0.9966058311690741,1
phishtank,1,0.019870156599498243,0
phishtank,1,0.9959131693139515,1
tranco_benign_proxy,0,0.05577839412704734,0
tranco_benign_proxy,0,0.224288192209349,0
phishtank,1,0.813110899651515,1
tranco_benign_proxy,0,0.9275623329315246,1
phishtank,1,0.9873756042605193,1
phishtank,1,0.9967604419938925,1
tranco_benign_proxy,0,0.3598027009295982,0
tranco_benign_proxy,0,0.7214590189599105,1
phishtank,1,0.9927474206055911,1
phishtank,1,0.8517570826258138,1
tranco_benign_proxy,0,0.5439481035176577,0
tranco_benign_proxy,0,0.525469615368496,0
phishtank,1,0.9511973639293605,1
phishtank,1,0.999778864658794,1
tranco_benign_proxy,0,0.004834879526727788,0
tranco_benign_proxy,0,0.7567503374980354,1
phishtank,1,0.9927957364602894,1
tranco_benign_proxy,0,0.14893828362830017,0
tranco_benign_proxy,0,0.4554883178870504,0
phishtank,1,0.9969795936872191,1
tranco_benign_proxy,0,0.9575369464695971,1
phishtank,1,0.9986987996534036,1
tranco_benign_proxy,0,0.12161385410066923,0
tranco_benign_proxy,0,0.21404751400063882,0
tranco_benign_proxy,0,0.07179620070540241,0
tranco_benign_proxy,0,0.1575331831125494,0
phishtank,1,0.9444488585629945,1
tranco_benign_proxy,0,0.23703880683513018,0
phishtank,1,0.9850297423740292,1
phishtank,1,0.9761201928166007,1
phishtank,1,0.960929483434783,1
phishtank,1,0.9965423119011382,1
tranco_benign_proxy,0,0.9306106854250833,1
tranco_benign_proxy,0,0.011821812202787276,0
tranco_benign_proxy,0,0.3422072682516614,0
phishtank,1,0.9385350300787206,1
tranco_benign_proxy,0,0.26927587683165793,0
tranco_benign_proxy,0,0.2353709624066658,0
phishtank,1,0.5651125346663627,0
phishtank,1,0.9859133208627738,1
tranco_benign_proxy,0,0.11204892414256028,0
phishtank,1,0.9892304357296858,1
phishtank,1,0.9825367117144735,1
phishtank,1,0.9822121039889807,1
phishtank,1,0.9944274234226141,1
phishtank,1,0.9945133059344415,1
phishtank,1,0.99374915204167,1
tranco_benign_proxy,0,0.8336761141804944,1
tranco_benign_proxy,0,0.24678311926617458,0
tranco_benign_proxy,0,0.22313677089098008,0
tranco_benign_proxy,0,0.15631539455138202,0
tranco_benign_proxy,0,0.03714424573663141,0
tranco_benign_proxy,0,0.032469611020329935,0
phishtank,1,0.9614461157436766,1
phishtank,1,0.9973047838750061,1
tranco_benign_proxy,0,0.9146842563729431,1
phishtank,1,0.9999305219503674,1
phishtank,1,0.9863780408776028,1
tranco_benign_proxy,0,0.49176504481071787,0
tranco_benign_proxy,0,0.12373349616590429,0
phishtank,1,0.9655928636900524,1
phishtank,1,0.999966835479001,1
tranco_benign_proxy,0,0.06931659760958543,0
tranco_benign_proxy,0,0.4782967035004069,0
tranco_benign_proxy,0,0.5651355512198467,0
tranco_benign_proxy,0,0.004616924058698736,0
tranco_benign_proxy,0,0.01924995477552846,0
phishtank,1,0.9983698827835248,1
tranco_benign_proxy,0,0.6381018986321956,0
tranco_benign_proxy,0,0.1484681808207173,0
tranco_benign_proxy,0,0.41301219080040463,0
tranco_benign_proxy,0,0.01794371139570331,0
phishtank,1,0.9321767152403881,1
phishtank,1,0.9667145754802854,1
phishtank,1,0.9977565006253899,1
phishtank,1,0.7086772754995013,1
tranco_benign_proxy,0,0.13990735664001197,0
tranco_benign_proxy,0,0.22910050846114596,0
phishtank,1,0.9970665435941699,1
phishtank,1,0.995668863757395,1
tranco_benign_proxy,0,0.0683704490122534,0
phishtank,1,0.9924797348385087,1
phishtank,1,0.9666040905822537,1
phishtank,1,0.998219569503137,1
tranco_benign_proxy,0,0.07129127971504369,0
phishtank,1,0.9997227313851972,1
tranco_benign_proxy,0,0.22834411862590762,0
tranco_benign_proxy,0,0.221769374623073,0
phishtank,1,0.9981920034490439,1
phishtank,1,0.9998906690141564,1
tranco_benign_proxy,0,0.9016386095983296,1
phishtank,1,0.9983693117689263,1
tranco_benign_proxy,0,0.5327114722776893,0
tranco_benign_proxy,0,0.1480506289583334,0
tranco_benign_proxy,0,0.5184101896255574,0
phishtank,1,0.9360531917738539,1
tranco_benign_proxy,0,0.9500291476640389,1
phishtank,1,0.3976109115969042,0
phishtank,1,0.9993705652599747,1
phishtank,1,0.97965870932726,1
tranco_benign_proxy,0,0.0569757261062079,0
phishtank,1,0.9959256305096409,1
phishtank,1,0.9996108794887313,1
phishtank,1,0.9950209213346203,1
tranco_benign_proxy,0,0.156867247729499,0
tranco_benign_proxy,0,0.01473594333462279,0
phishtank,1,0.9966381291252522,1
tranco_benign_proxy,0,0.09804996019730897,0
phishtank,1,0.9990233439866177,1
tranco_benign_proxy,0,0.2095234276134548,0
tranco_benign_proxy,0,0.21886815370631282,0
phishtank,1,0.9998819989152922,1
tranco_benign_proxy,0,0.01754171005741849,0
tranco_benign_proxy,0,0.014334670462759224,0
tranco_benign_proxy,0,0.7605318865098282,1
phishtank,1,0.9993827539369391,1
tranco_benign_proxy,0,0.37961928579568055,0
phishtank,1,0.7662882134480363,1
tranco_benign_proxy,0,0.049039645358357704,0
tranco_benign_proxy,0,0.10445572211733839,0
phishtank,1,0.9923369979409803,1
tranco_benign_proxy,0,0.3149660005104475,0
phishtank,1,0.9995344221938899,1
tranco_benign_proxy,0,0.06957604486069671,0
phishtank,1,0.948257180094958,1
phishtank,1,0.9967218951808611,1
tranco_benign_proxy,0,0.4746173332376258,0
phishtank,1,0.972890528628396,1
phishtank,1,0.9761632728608579,1
phishtank,1,0.9943211559493272,1
phishtank,1,0.9984948135026102,1
phishtank,1,0.9992439063511721,1
phishtank,1,0.9930503778620747,1
tranco_benign_proxy,0,0.6466511770542657,0
tranco_benign_proxy,0,0.1026904598328202,0
phishtank,1,0.9998175953094838,1
phishtank,1,0.9958632129521795,1
tranco_benign_proxy,0,0.7647499402262555,1
tranco_benign_proxy,0,0.11744543416873092,0
tranco_benign_proxy,0,0.763060704757086,1
phishtank,1,0.9988390061823936,1
phishtank,1,0.9918385616059016,1
phishtank,1,0.9995548571438944,1
tranco_benign_proxy,0,0.17690928818005855,0
tranco_benign_proxy,0,0.20297949706553703,0
tranco_benign_proxy,0,0.5298525859352748,0
phishtank,1,0.9790874492198831,1
phishtank,1,0.9223644135684912,1
tranco_benign_proxy,0,0.6583795009934359,0
tranco_benign_proxy,0,0.03270010646303193,0
phishtank,1,0.9960391491001864,1
tranco_benign_proxy,0,0.4309987140838725,0
phishtank,1,0.9856863271171352,1
tranco_benign_proxy,0,0.31366798403971213,0
phishtank,1,0.7595410493038357,1
tranco_benign_proxy,0,0.3536122385473669,0
phishtank,1,0.7178943784005898,1
phishtank,1,0.9956509953533205,1
tranco_benign_proxy,0,0.12285584092728843,0
phishtank,1,0.9988578550315177,1
phishtank,1,0.9425519021362925,1
phishtank,1,0.9999848545247633,1
phishtank,1,0.9887220010967875,1
phishtank,1,0.9755816121702634,1
phishtank,1,0.9949153935928998,1
tranco_benign_proxy,0,0.5672787314574177,0
tranco_benign_proxy,0,0.08214405279040712,0
tranco_benign_proxy,0,0.629165228928586,0
phishtank,1,0.9957376394467934,1
tranco_benign_proxy,0,0.04789624239325282,0
phishtank,1,0.8688918657099247,1
tranco_benign_proxy,0,0.4023469085974484,0
tranco_benign_proxy,0,0.1325992493902321,0
tranco_benign_proxy,0,0.8676293709056042,1
tranco_benign_proxy,0,0.26946876236755163,0
phishtank,1,0.9998361622357941,1
phishtank,1,0.9982360249892931,1
tranco_benign_proxy,0,0.39368394772114473,0
phishtank,1,0.16514850992300872,0
phishtank,1,0.9952739132761155,1
phishtank,1,0.9998388786907332,1
tranco_benign_proxy,0,0.8964137072336693,1
phishtank,1,0.9849250145773393,1
phishtank,1,0.8974316952335557,1
phishtank,1,0.9995380573455508,1
tranco_benign_proxy,0,0.4282779098755898,0
phishtank,1,0.9682256853549411,1
tranco_benign_proxy,0,0.5731758671467614,0
tranco_benign_proxy,0,0.006964315106822424,0
phishtank,1,0.990980644015297,1
tranco_benign_proxy,0,0.7470795423470855,1
tranco_benign_proxy,0,0.2256468635415944,0
tranco_benign_proxy,0,0.9984969550188041,1
tranco_benign_proxy,0,0.19136775839754033,0
tranco_benign_proxy,0,0.3560893465288848,0
tranco_benign_proxy,0,0.8254982704690005,1
phishtank,1,0.9949738327960344,1
tranco_benign_proxy,0,0.5946018851112939,0
phishtank,1,0.994754700949726,1
tranco_benign_proxy,0,0.7063231355083933,1
phishtank,1,0.9999607567470861,1
tranco_benign_proxy,0,0.3255765523827854,0
tranco_benign_proxy,0,0.2131085431782059,0
phishtank,1,0.955722327389938,1
phishtank,1,0.8977034065815926,1
phishtank,1,0.9999365120043915,1
phishtank,1,0.9592259401571106,1
phishtank,1,0.9996349839172517,1
tranco_benign_proxy,0,0.18097624479133098,0
phishtank,1,0.9985770593132272,1
tranco_benign_proxy,0,0.014632567705497972,0
phishtank,1,0.9797628934805067,1
tranco_benign_proxy,0,0.48239197337640405,0
phishtank,1,0.9574346100035203,1
phishtank,1,0.9779866118123081,1
tranco_benign_proxy,0,0.14267520059292932,0
phishtank,1,0.9844002363062039,1
phishtank,1,0.9710084995930368,1
phishtank,1,0.1831365238114807,0
phishtank,1,0.7715860235324769,1
phishtank,1,0.976367146774258,1
phishtank,1,0.9535215690609103,1
tranco_benign_proxy,0,0.18983170025892543,0
tranco_benign_proxy,0,0.10195343624074683,0
phishtank,1,0.9947441402862546,1
phishtank,1,0.9966143853846982,1
phishtank,1,0.9603043095540328,1
tranco_benign_proxy,0,0.9139242539779608,1
tranco_benign_proxy,0,0.9645182988573421,1
tranco_benign_proxy,0,0.2847608662680677,0
phishtank,1,0.9857727467189711,1
phishtank,1,0.9965499831258644,1
phishtank,1,0.9968205346146083,1
tranco_benign_proxy,0,0.15192795960898262,0
tranco_benign_proxy,0,0.986448850909013,1
tranco_benign_proxy,0,0.42734968055740175,0
phishtank,1,0.9614495879839827,1
phishtank,1,0.9739036930230973,1
tranco_benign_proxy,0,0.18000828467763427,0
tranco_benign_proxy,0,0.3428851113858305,0
phishtank,1,0.9982090153609483,1
phishtank,1,0.9991049839081416,1
phishtank,1,0.9996606617490433,1
phishtank,1,0.966363191558191,1
tranco_benign_proxy,0,0.34474737052499727,0
tranco_benign_proxy,0,0.8136733647318918,1
tranco_benign_proxy,0,0.24413437830593793,0
phishtank,1,0.9800430259291747,1
tranco_benign_proxy,0,0.9225518965650474,1
tranco_benign_proxy,0,0.5901866690358444,0
tranco_benign_proxy,0,0.05993251223248185,0
phishtank,1,0.9934212056531664,1
tranco_benign_proxy,0,0.03158928434833473,0
tranco_benign_proxy,0,0.8100568366961962,1
tranco_benign_proxy,0,0.8387215946451179,1
phishtank,1,0.9726045065624741,1
tranco_benign_proxy,0,0.10588848609345243,0
phishtank,1,0.996900586187312,1
tranco_benign_proxy,0,0.15178463261186886,0
phishtank,1,0.21679767308211007,0
tranco_benign_proxy,0,0.4128889842859433,0
phishtank,1,0.9998508546017504,1
phishtank,1,0.7522986411764138,1
tranco_benign_proxy,0,0.5294467203445945,0
tranco_benign_proxy,0,0.4359742298147708,0
phishtank,1,0.9994862081675904,1
phishtank,1,0.9991738530557475,1
tranco_benign_proxy,0,0.059441544860220415,0
tranco_benign_proxy,0,0.22628604584661485,0
phishtank,1,0.9194142226667836,1
tranco_benign_proxy,0,0.42095401292444107,0
phishtank,1,0.9995741380896563,1
tranco_benign_proxy,0,0.5939777151086828,0
tranco_benign_proxy,0,0.5174322177072257,0
phishtank,1,0.9928994466366641,1
phishtank,1,0.9985115224828105,1
tranco_benign_proxy,0,0.02297764771284647,0
tranco_benign_proxy,0,0.7980267754863039,1
tranco_benign_proxy,0,0.15605296282304817,0
phishtank,1,0.3404863660812582,0
tranco_benign_proxy,0,0.3020587500379447,0
phishtank,1,0.9907454489875037,1
phishtank,1,0.9999415034785065,1
phishtank,1,0.9994000652238958,1
phishtank,1,0.9957466761199992,1
phishtank,1,0.9885392394663854,1
tranco_benign_proxy,0,0.08919035573701874,0
tranco_benign_proxy,0,0.114622339351011,0
tranco_benign_proxy,0,0.36003640920544155,0
tranco_benign_proxy,0,0.6763721050102534,0
tranco_benign_proxy,0,0.3149233157452977,0
tranco_benign_proxy,0,0.9808021160970158,1
phishtank,1,0.958433792826643,1
phishtank,1,0.9985516039069197,1
phishtank,1,0.999973487004674,1
tranco_benign_proxy,0,0.6988895016950607,1
tranco_benign_proxy,0,0.8427866820827972,1
tranco_benign_proxy,0,0.08971283160388645,0
phishtank,1,0.9085373600871723,1
tranco_benign_proxy,0,0.22197376631189256,0
phishtank,1,0.42556993695719264,0
phishtank,1,0.999324627156277,1
tranco_benign_proxy,0,0.9770211694028615,1
phishtank,1,0.9883491337286304,1
tranco_benign_proxy,0,0.03711421189488872,0
tranco_benign_proxy,0,0.08639212450974083,0
phishtank,1,0.9998488127312081,1
phishtank,1,0.9821983428061332,1
tranco_benign_proxy,0,0.2518269330035831,0
phishtank,1,0.9526829720377722,1
phishtank,1,0.9851785713356367,1
phishtank,1,0.9870435067473082,1
phishtank,1,0.9840883035869546,1
tranco_benign_proxy,0,0.04332023193743962,0
phishtank,1,0.9905840764292693,1
phishtank,1,0.9985002064737488,1
tranco_benign_proxy,0,0.43088752931027774,0
tranco_benign_proxy,0,0.6816722140028795,0
phishtank,1,0.9303740757442839,1
phishtank,1,0.7576987458426975,1
phishtank,1,0.9728648155776041,1
tranco_benign_proxy,0,0.29511460449773386,0
phishtank,1,0.9126282816167078,1
tranco_benign_proxy,0,0.32985724528316807,0
tranco_benign_proxy,0,0.10731294092329552,0
phishtank,1,0.9746023269476075,1
phishtank,1,0.9999182007538149,1
phishtank,1,0.9975785798343264,1
phishtank,1,0.994819205202517,1
tranco_benign_proxy,0,0.4706800568606329,0
phishtank,1,0.999104749509981,1
phishtank,1,0.7814425563122235,1
tranco_benign_proxy,0,0.04656667398079631,0
tranco_benign_proxy,0,0.031963493521845465,0
phishtank,1,0.9946224448779019,1
tranco_benign_proxy,0,0.06723933012643848,0
phishtank,1,0.9998064237962234,1
tranco_benign_proxy,0,0.1118905777529987,0
tranco_benign_proxy,0,0.6360178525161598,0
tranco_benign_proxy,0,0.07992283184262007,0
phishtank,1,0.9985115654155952,1
phishtank,1,0.9955167950148204,1
tranco_benign_proxy,0,0.11709114503052147,0
tranco_benign_proxy,0,0.07536078991623504,0
phishtank,1,0.928722956872189,1
tranco_benign_proxy,0,0.08644753656966236,0
tranco_benign_proxy,0,0.22515050522039065,0
tranco_benign_proxy,0,0.01783954600128508,0
phishtank,1,0.9999959763542264,1
tranco_benign_proxy,0,0.07602115474759291,0
tranco_benign_proxy,0,0.24491918591885076,0
tranco_benign_proxy,0,0.7177152576743606,1
tranco_benign_proxy,0,0.3342325890045686,0
phishtank,1,0.9980008098804243,1
phishtank,1,0.9903141101773413,1
phishtank,1,0.999399419755834,1
phishtank,1,0.9863605954714321,1
phishtank,1,0.9919418435692641,1
tranco_benign_proxy,0,0.08613920822462753,0
tranco_benign_proxy,0,0.9737022941023367,1
tranco_benign_proxy,0,0.5962598525266906,0
phishtank,1,0.9366272517514228,1
tranco_benign_proxy,0,0.21401197876803346,0
tranco_benign_proxy,0,0.1977333333856006,0
phishtank,1,0.9881875969269825,1
tranco_benign_proxy,0,0.3313328969045365,0
phishtank,1,0.9655977095946751,1
tranco_benign_proxy,0,0.025572826681774744,0
tranco_benign_proxy,0,0.09869725200033233,0
phishtank,1,0.24220393671367105,0
phishtank,1,0.9972607116140775,1
phishtank,1,0.9615433999661973,1
phishtank,1,0.9891873290223379,1
phishtank,1,0.9950873703206262,1
phishtank,1,0.9996413639803732,1
phishtank,1,0.9998810012601563,1
tranco_benign_proxy,0,0.9856307788416764,1
tranco_benign_proxy,0,0.2503000741097839,0
tranco_benign_proxy,0,0.32182155575779886,0
tranco_benign_proxy,0,0.42163384266641807,0
tranco_benign_proxy,0,0.09312142790788643,0
phishtank,1,0.9817615143185315,1
tranco_benign_proxy,0,0.3176141220020085,0
phishtank,1,0.996647429002045,1
phishtank,1,0.997589490015569,1
tranco_benign_proxy,0,0.4850067896470605,0
tranco_benign_proxy,0,0.6799779354805532,0
tranco_benign_proxy,0,0.033253666822502984,0
tranco_benign_proxy,0,0.8801728386235247,1
phishtank,1,0.06575639147900755,0
tranco_benign_proxy,0,0.44798324448855054,0
tranco_benign_proxy,0,0.036490094941578344,0
phishtank,1,0.1632274980079417,0
tranco_benign_proxy,0,0.1696645443393173,0
tranco_benign_proxy,0,0.15320474471094647,0
tranco_benign_proxy,0,0.5704244068353123,0
tranco_benign_proxy,0,0.26806691071969047,0
phishtank,1,0.9933422850108498,1
tranco_benign_proxy,0,0.9676626273005912,1
phishtank,1,0.9998770527445571,1
tranco_benign_proxy,0,0.8311298664296547,1
phishtank,1,0.9969090831871715,1
tranco_benign_proxy,0,0.20599349531240962,0
tranco_benign_proxy,0,0.6538594496586895,0
tranco_benign_proxy,0,0.05110840656955572,0
phishtank,1,0.9998341058658556,1
tranco_benign_proxy,0,0.01844337717804841,0
tranco_benign_proxy,0,0.5778093940855279,0
phishtank,1,0.967223099351284,1
tranco_benign_proxy,0,0.2713489248114771,0
tranco_benign_proxy,0,0.7384232731741027,1
tranco_benign_proxy,0,0.08211864100312226,0
tranco_benign_proxy,0,0.3944423877705911,0
tranco_benign_proxy,0,0.11557425290670437,0
tranco_benign_proxy,0,0.015560584912067639,0
tranco_benign_proxy,0,0.11878227174146984,0
tranco_benign_proxy,0,0.3005163699141804,0
tranco_benign_proxy,0,0.23928570271933947,0
tranco_benign_proxy,0,0.7094804836833971,1
tranco_benign_proxy,0,0.047502470672829734,0
phishtank,1,0.986608795114933,1
tranco_benign_proxy,0,0.004212831132512161,0
phishtank,1,0.9460336082440303,1
tranco_benign_proxy,0,0.39015744559452387,0
phishtank,1,0.8491992099501661,1
phishtank,1,0.981181329985969,1
tranco_benign_proxy,0,0.1227388599533452,0
tranco_benign_proxy,0,0.48425554566629364,0
phishtank,1,0.9944310525656431,1
tranco_benign_proxy,0,0.006569124690115019,0
phishtank,1,0.998399152321465,1
tranco_benign_proxy,0,0.48894870258387213,0
tranco_benign_proxy,0,0.3876505446139632,0
phishtank,1,0.14212457267000034,0
phishtank,1,0.9919682091845221,1
tranco_benign_proxy,0,0.27085756252538923,0
phishtank,1,0.9775051855869229,1
tranco_benign_proxy,0,0.5259728242468292,0
phishtank,1,0.9995270294079428,1
phishtank,1,0.9998784112092627,1
tranco_benign_proxy,0,0.3318954954895742,0
tranco_benign_proxy,0,0.231641648037746,0
phishtank,1,0.996141175771874,1
tranco_benign_proxy,0,0.08832011874034949,0
phishtank,1,0.9982271778352252,1
tranco_benign_proxy,0,0.4383979533630827,0
tranco_benign_proxy,0,0.7708593006564959,1
phishtank,1,0.8943418467671602,1
phishtank,1,0.9983519334270439,1
phishtank,1,0.856381335339287,1
phishtank,1,0.9512542497421752,1
tranco_benign_proxy,0,0.47170787574780626,0
phishtank,1,0.9011678247949622,1
phishtank,1,0.7276426123044569,1
tranco_benign_proxy,0,0.7668257080241242,1
phishtank,1,0.9927830891700585,1
phishtank,1,0.9668908509287804,1
tranco_benign_proxy,0,0.17532848287467023,0
tranco_benign_proxy,0,0.8878456173806537,1
phishtank,1,0.9962687735599806,1
tranco_benign_proxy,0,0.03394063956817181,0
phishtank,1,0.9369395451921495,1
phishtank,1,0.9995927697990454,1
tranco_benign_proxy,0,0.4999862444271089,0
phishtank,1,0.10350158430108372,0
phishtank,1,0.9995622087995029,1
phishtank,1,0.10336878358478359,0
tranco_benign_proxy,0,0.5859690031289003,0
phishtank,1,0.9694268980943948,1
phishtank,1,0.9999796196641871,1
phishtank,1,0.959691285252185,1
tranco_benign_proxy,0,0.4068789647386997,0
tranco_benign_proxy,0,0.09527198734062976,0
tranco_benign_proxy,0,0.6135082842334523,0
phishtank,1,0.9972012061867618,1
tranco_benign_proxy,0,0.017559440322727462,0
tranco_benign_proxy,0,0.2132545228844619,0
tranco_benign_proxy,0,0.04047570382746969,0
phishtank,1,0.2125482845041927,0
phishtank,1,0.060340586200018656,0
phishtank,1,0.9780810915742707,1
phishtank,1,0.9884822466248692,1
tranco_benign_proxy,0,0.2699109403329712,0
phishtank,1,0.9934031296943974,1
tranco_benign_proxy,0,0.814917363671068,1
phishtank,1,0.9918785101675778,1
tranco_benign_proxy,0,0.23871481599669495,0
phishtank,1,0.9984401618224963,1
tranco_benign_proxy,0,0.09292139838194236,0
tranco_benign_proxy,0,0.10189714072303196,0
tranco_benign_proxy,0,0.41956194113783224,0
phishtank,1,0.9815723023544389,1
phishtank,1,0.9958580103638514,1
phishtank,1,0.17394047553629804,0
phishtank,1,0.9948169982492003,1
phishtank,1,0.3765025563469385,0
phishtank,1,0.9983837620892968,1
tranco_benign_proxy,0,0.9617123783045884,1
tranco_benign_proxy,0,0.8689483129560783,1
phishtank,1,0.8752609723181058,1
tranco_benign_proxy,0,0.32018976573033003,0
tranco_benign_proxy,0,0.18020751643758948,0
phishtank,1,0.9756112456119707,1
tranco_benign_proxy,0,0.8710824006833396,1
tranco_benign_proxy,0,0.5752991863837353,0
phishtank,1,0.9678371933117823,1
phishtank,1,0.9065482200571597,1
phishtank,1,0.9982630032111949,1
tranco_benign_proxy,0,0.34118772104248657,0
tranco_benign_proxy,0,0.15023231050857086,0
phishtank,1,0.9898197684532903,1
tranco_benign_proxy,0,0.3989539570782974,0
tranco_benign_proxy,0,0.35751717589610243,0
tranco_benign_proxy,0,0.7402365798129591,1
phishtank,1,0.9980308041585244,1
phishtank,1,0.9998945437820809,1
phishtank,1,0.9996277126821894,1
tranco_benign_proxy,0,0.15664255379794537,0
phishtank,1,0.989906443778237,1
phishtank,1,0.9576226147851473,1
tranco_benign_proxy,0,0.09837728682527618,0
phishtank,1,0.07564304708963394,0
tranco_benign_proxy,0,0.10223668503652422,0
phishtank,1,0.9509928233998485,1
phishtank,1,0.6010020055238644,0
tranco_benign_proxy,0,0.5456293882445451,0
phishtank,1,0.5294011124099436,0
tranco_benign_proxy,0,0.9984311689680005,1
phishtank,1,0.9828054220010449,1
phishtank,1,0.992389367367231,1
phishtank,1,0.9987740448067368,1
phishtank,1,0.9206104524464419,1
phishtank,1,0.27340522968489056,0
phishtank,1,0.9514096995145462,1
tranco_benign_proxy,0,0.31331284896319805,0
tranco_benign_proxy,0,0.37814028204141603,0
phishtank,1,0.9493524577878859,1
phishtank,1,0.9997881721172226,1
tranco_benign_proxy,0,0.5323573545037985,0
tranco_benign_proxy,0,0.55337587987304,0
phishtank,1,0.9997848710069698,1
tranco_benign_proxy,0,0.246399156158916,0
phishtank,1,0.9974000306021331,1
tranco_benign_proxy,0,0.16784821851948406,0
phishtank,1,0.9760923777157363,1
phishtank,1,0.9933318019264897,1
tranco_benign_proxy,0,0.5649844460819199,0
phishtank,1,0.9812357125804383,1
phishtank,1,0.4884186277403546,0
tranco_benign_proxy,0,0.9396330257380161,1
tranco_benign_proxy,0,0.6307404931009974,0
tranco_benign_proxy,0,0.9662358875250739,1
tranco_benign_proxy,0,0.17537737119138935,0
phishtank,1,0.9973518701627767,1
tranco_benign_proxy,0,0.9955955064655394,1
tranco_benign_proxy,0,0.04736252910476688,0
tranco_benign_proxy,0,0.3572146029306194,0
tranco_benign_proxy,0,0.2745417810634931,0
tranco_benign_proxy,0,0.11943051687855966,0
phishtank,1,0.9633201985841571,1
phishtank,1,0.9969440533942812,1
tranco_benign_proxy,0,0.00400289657458404,0
phishtank,1,0.9994623786362977,1
tranco_benign_proxy,0,0.058523071768000604,0
tranco_benign_proxy,0,0.16174923255126564,0
tranco_benign_proxy,0,0.33774927761636114,0
tranco_benign_proxy,0,0.7302269655029401,1
tranco_benign_proxy,0,0.208214889284805,0
phishtank,1,0.6356737584884316,0
phishtank,1,0.9985958449107217,1
tranco_benign_proxy,0,0.8102799513567693,1
tranco_benign_proxy,0,0.008454882090125153,0
tranco_benign_proxy,0,0.21868091462279582,0
tranco_benign_proxy,0,0.21008251321904806,0
tranco_benign_proxy,0,0.11254164389577066,0
phishtank,1,0.9996282664350945,1
tranco_benign_proxy,0,0.20143630447255248,0
tranco_benign_proxy,0,0.0656101635192822,0
tranco_benign_proxy,0,0.014534972651248151,0
phishtank,1,0.9534504158480736,1
tranco_benign_proxy,0,0.7214868897005575,1
tranco_benign_proxy,0,0.22128720358201381,0
tranco_benign_proxy,0,0.5253721178617108,0
phishtank,1,0.9981380299396206,1
phishtank,1,0.9956962275013003,1
tranco_benign_proxy,0,0.8181961022874891,1
phishtank,1,0.9973430625808565,1
phishtank,1,0.9966926796066917,1
tranco_benign_proxy,0,0.7468209593409917,1
phishtank,1,0.9955061676887129,1
tranco_benign_proxy,0,0.012027824673591312,0
tranco_benign_proxy,0,0.40453954266485,0
phishtank,1,0.9834172662498134,1
tranco_benign_proxy,0,0.05891061055748272,0
tranco_benign_proxy,0,0.8494458661124975,1
phishtank,1,0.9738045683532851,1
tranco_benign_proxy,0,0.9147500728056188,1
tranco_benign_proxy,0,0.24898310083494796,0
tranco_benign_proxy,0,0.1807157123025556,0
tranco_benign_proxy,0,0.18907624122670685,0
phishtank,1,0.9798300812653531,1
phishtank,1,0.8555023630456924,1
tranco_benign_proxy,0,0.3418208251239935,0
tranco_benign_proxy,0,0.3853694749620512,0
tranco_benign_proxy,0,0.08017305892575685,0
tranco_benign_proxy,0,0.4515764736962962,0
phishtank,1,0.9042082064667692,1
tranco_benign_proxy,0,0.16441265592032742,0
tranco_benign_proxy,0,0.9156993747042692,1
phishtank,1,0.9866902064334573,1
tranco_benign_proxy,0,0.6919846319574328,0
phishtank,1,0.9952717683244664,1
tranco_benign_proxy,0,0.6878502308981591,0
phishtank,1,0.9996817671334977,1
phishtank,1,0.9293350346273248,1
tranco_benign_proxy,0,0.062007989753355336,0
phishtank,1,0.9898565352802422,1
tranco_benign_proxy,0,0.48725389050013684,0
tranco_benign_proxy,0,0.4279862409484221,0
tranco_benign_proxy,0,0.5747754202366053,0
phishtank,1,0.9938496001681452,1
tranco_benign_proxy,0,0.09532227440017638,0
tranco_benign_proxy,0,0.38397462551351913,0
tranco_benign_proxy,0,0.7958745961221491,1
tranco_benign_proxy,0,0.2850124564558826,0
phishtank,1,0.9980082699769257,1
tranco_benign_proxy,0,0.7535976270964112,1
tranco_benign_proxy,0,0.4531589511629573,0
tranco_benign_proxy,0,0.10945806789315803,0
phishtank,1,0.9981156603892658,1
tranco_benign_proxy,0,0.22808349121180058,0
phishtank,1,0.9889074912697345,1
phishtank,1,0.999186776078379,1
phishtank,1,0.9941873392431688,1
tranco_benign_proxy,0,0.21332546084844153,0
tranco_benign_proxy,0,0.3001204536326769,0
tranco_benign_proxy,0,0.04224942369113079,0
phishtank,1,0.930907087901114,1
phishtank,1,0.8617558662765968,1
tranco_benign_proxy,0,0.8742805438512347,1
tranco_benign_proxy,0,0.010769174731251021,0
phishtank,1,0.783489182700293,1
tranco_benign_proxy,0,0.26596339622119597,0
tranco_benign_proxy,0,0.6120323550004418,0
tranco_benign_proxy,0,0.30950999782637556,0
phishtank,1,0.9657188720521999,1
tranco_benign_proxy,0,0.3785158359492807,0
tranco_benign_proxy,0,0.39605306471611773,0
tranco_benign_proxy,0,0.30402691823133393,0
phishtank,1,0.9935911312059719,1
phishtank,1,0.9874314244716628,1
phishtank,1,0.9954068504489405,1
phishtank,1,0.9989028980377709,1
tranco_benign_proxy,0,0.4005988670452769,0
tranco_benign_proxy,0,0.49183219955659774,0
phishtank,1,0.9495692613794013,1
tranco_benign_proxy,0,0.17883144969422737,0
tranco_benign_proxy,0,0.02536379877115729,0
phishtank,1,0.9986705952568453,1
phishtank,1,0.9943573215497361,1
tranco_benign_proxy,0,0.6615643772306737,0
tranco_benign_proxy,0,0.23291433180664659,0
tranco_benign_proxy,0,0.8939642893037306,1
tranco_benign_proxy,0,0.7968699519489599,1
tranco_benign_proxy,0,0.7408056508536408,1
tranco_benign_proxy,0,0.4356367849013062,0
phishtank,1,0.9975042111703943,1
tranco_benign_proxy,0,0.07129331189557508,0
tranco_benign_proxy,0,0.9777129351966148,1
tranco_benign_proxy,0,0.16130184680616336,0
tranco_benign_proxy,0,0.0937961717917129,0
phishtank,1,0.999036903115358,1
tranco_benign_proxy,0,0.15719100516948606,0
tranco_benign_proxy,0,0.0038097616049579644,0
phishtank,1,0.9704972577978572,1
phishtank,1,0.992205062223752,1
tranco_benign_proxy,0,0.11066819080616558,0
tranco_benign_proxy,0,0.1493390159955134,0
tranco_benign_proxy,0,0.5804196559015936,0
phishtank,1,0.9937238673098313,1
phishtank,1,0.9998192975418849,1
phishtank,1,0.9980637057147782,1
phishtank,1,0.9593249864599258,1
tranco_benign_proxy,0,0.2232264396893575,0
phishtank,1,0.981637762117767,1
tranco_benign_proxy,0,0.025662695379819755,0
tranco_benign_proxy,0,0.613836955451772,0
tranco_benign_proxy,0,0.026331530098699985,0
phishtank,1,0.9950508806324152,1
phishtank,1,0.8598439832744296,1
tranco_benign_proxy,0,0.11433066920888478,0
tranco_benign_proxy,0,0.014303519232347803,0
phishtank,1,0.9922870951102994,1
phishtank,1,0.1553185334035225,0
tranco_benign_proxy,0,0.06352638630181173,0
tranco_benign_proxy,0,0.09201486163194948,0
phishtank,1,0.9998660736658254,1
phishtank,1,0.8449958648427693,1
phishtank,1,0.9997066682820066,1
tranco_benign_proxy,0,0.3549936781364676,0
phishtank,1,0.9966501878013169,1
tranco_benign_proxy,0,0.10596882586054464,0
phishtank,1,0.883257717341963,1
phishtank,1,0.26135260515735553,0
tranco_benign_proxy,0,0.9361217272262534,1
phishtank,1,0.9985874442491471,1
phishtank,1,0.9099826345324376,1
tranco_benign_proxy,0,0.4753982609598639,0
phishtank,1,0.9344705324698659,1
tranco_benign_proxy,0,0.0506124443166413,0
tranco_benign_proxy,0,0.5070388745313233,0
tranco_benign_proxy,0,0.9177191968519689,1
tranco_benign_proxy,0,0.016790891951759812,0
tranco_benign_proxy,0,0.04529882979220347,0
tranco_benign_proxy,0,0.8976017362324384,1
tranco_benign_proxy,0,0.07817120744357749,0
tranco_benign_proxy,0,0.9070610325665557,1
tranco_benign_proxy,0,0.05233967846317018,0
phishtank,1,0.9137338313457712,1
tranco_benign_proxy,0,0.1501274274446753,0
phishtank,1,0.9916744407955023,1
tranco_benign_proxy,0,0.2049406192070374,0
phishtank,1,0.9958981013787529,1
phishtank,1,0.9077901325895316,1
tranco_benign_proxy,0,0.11027738881126882,0
tranco_benign_proxy,0,0.1402986507613272,0
tranco_benign_proxy,0,0.25147539266843605,0
tranco_benign_proxy,0,0.8472415456107294,1
phishtank,1,0.9724292735491786,1
tranco_benign_proxy,0,0.1611367451937519,0
tranco_benign_proxy,0,0.20345743046715276,0
tranco_benign_proxy,0,0.0828665570127433,0
tranco_benign_proxy,0,0.7645795607897317,1
tranco_benign_proxy,0,0.041566225735769506,0
tranco_benign_proxy,0,0.10402825169424154,0
tranco_benign_proxy,0,0.18137859812592788,0
phishtank,1,0.9985908800337268,1
phishtank,1,0.97189685397027,1
tranco_benign_proxy,0,0.6220729442633535,0
tranco_benign_proxy,0,0.05735848059284603,0
tranco_benign_proxy,0,0.16456766027799735,0
phishtank,1,0.9910745658717524,1
phishtank,1,0.9845024197628011,1
tranco_benign_proxy,0,0.9659944331272808,1
tranco_benign_proxy,0,0.052358791407327486,0
phishtank,1,0.9537387266382558,1
tranco_benign_proxy,0,0.10326557912430966,0
tranco_benign_proxy,0,0.003001255308848667,0
phishtank,1,0.31302289652178455,0
phishtank,1,0.9998170103423628,1
phishtank,1,0.9875391707779285,1
tranco_benign_proxy,0,0.9532241138903321,1
tranco_benign_proxy,0,0.3358047018429614,0
tranco_benign_proxy,0,0.9813542908462994,1
tranco_benign_proxy,0,0.40585775002144764,0
tranco_benign_proxy,0,0.013370627932480214,0
tranco_benign_proxy,0,0.0685380630616102,0
phishtank,1,0.999527681611732,1
tranco_benign_proxy,0,0.23806806934661667,0
phishtank,1,0.9910418745020804,1
phishtank,1,0.945659893703275,1
tranco_benign_proxy,0,0.05104333193347919,0
tranco_benign_proxy,0,0.0424173905371247,0
tranco_benign_proxy,0,0.9907523440071863,1
phishtank,1,0.1861131594429378,0
tranco_benign_proxy,0,0.8922571770663684,1
tranco_benign_proxy,0,0.7953762600992406,1
phishtank,1,0.9970178536711276,1
phishtank,1,0.9889388687404741,1
phishtank,1,0.9996703394806404,1
tranco_benign_proxy,0,0.16765684661225744,0
phishtank,1,0.9441722391501203,1
phishtank,1,0.9997987609225882,1
phishtank,1,0.9800682584858512,1
phishtank,1,0.9995808856694532,1
phishtank,1,0.9473180963088995,1
tranco_benign_proxy,0,0.2601472321610713,0
tranco_benign_proxy,0,0.7436833147398637,1
tranco_benign_proxy,0,0.48371533978344733,0
phishtank,1,0.9548654567189908,1
tranco_benign_proxy,0,0.058502392174305556,0
tranco_benign_proxy,0,0.7415233447125469,1
phishtank,1,0.9992918594141648,1
phishtank,1,0.969885247461882,1
phishtank,1,0.9990650764784154,1
phishtank,1,0.9986628654144042,1
tranco_benign_proxy,0,0.05284291433992651,0
tranco_benign_proxy,0,0.06429233146829905,0
phishtank,1,0.9954710576166782,1
tranco_benign_proxy,0,0.03476852872961724,0
phishtank,1,0.8902165880949633,1
phishtank,1,0.9999783084981763,1
tranco_benign_proxy,0,0.07195949969204644,0
tranco_benign_proxy,0,0.07584460871485922,0
phishtank,1,0.9999284852875941,1
phishtank,1,0.9911945630216211,1
phishtank,1,0.9610820708516065,1
tranco_benign_proxy,0,0.4684959072679629,0
tranco_benign_proxy,0,0.7314709990056556,1
tranco_benign_proxy,0,0.036188508776544615,0
tranco_benign_proxy,0,0.10066677685252076,0
tranco_benign_proxy,0,0.003775743071601223,0
phishtank,1,0.9976172573885228,1
phishtank,1,0.9982930978963491,1
tranco_benign_proxy,0,0.07211526973428135,0
tranco_benign_proxy,0,0.04924511572651295,0
phishtank,1,0.9642396358720388,1
phishtank,1,0.983735287782594,1
tranco_benign_proxy,0,0.9564574412447099,1
phishtank,1,0.9780386033971902,1
phishtank,1,0.9863471567887635,1
phishtank,1,0.9515816168840798,1
tranco_benign_proxy,0,0.37667687284026585,0
tranco_benign_proxy,0,0.8779775733388924,1
tranco_benign_proxy,0,0.05709305276570901,0
phishtank,1,0.9946671836843898,1
phishtank,1,0.997757439654767,1
tranco_benign_proxy,0,0.9030966471406832,1
tranco_benign_proxy,0,0.41869482914863293,0
phishtank,1,0.9982482065934227,1
phishtank,1,0.9835234934401732,1
phishtank,1,0.9644366988403161,1
phishtank,1,0.9674182866129004,1
tranco_benign_proxy,0,0.49060707338419185,0
phishtank,1,0.5603253617063363,0
tranco_benign_proxy,0,0.041819140091711594,0
tranco_benign_proxy,0,0.11728187390409056,0
phishtank,1,0.9891215531542834,1
phishtank,1,0.9998166838238941,1
tranco_benign_proxy,0,0.047194937537600505,0
tranco_benign_proxy,0,0.12992097700066188,0
tranco_benign_proxy,0,0.9375852559743765,1
phishtank,1,0.6711945876428229,0
tranco_benign_proxy,0,0.7363840211435156,1
tranco_benign_proxy,0,0.09785405659196353,0
tranco_benign_proxy,0,0.1157816662756588,0
phishtank,1,0.9999508074768672,1
tranco_benign_proxy,0,0.6308815774468138,0
phishtank,1,0.9941808643473886,1
tranco_benign_proxy,0,0.1044704990633375,0
phishtank,1,0.9991481694156374,1
tranco_benign_proxy,0,0.42408918537864077,0
tranco_benign_proxy,0,0.5728170779755241,0
phishtank,1,0.9988121283978538,1
tranco_benign_proxy,0,0.503170349738957,0
tranco_benign_proxy,0,0.8552701966753303,1
phishtank,1,0.9988232247401093,1
tranco_benign_proxy,0,0.6623683156519848,0
phishtank,1,0.9997110831778887,1
phishtank,1,0.8180025384369282,1
phishtank,1,0.9686150009935699,1
tranco_benign_proxy,0,0.15479744734564346,0
phishtank,1,0.9983145254820371,1
phishtank,1,0.9781210936738411,1
phishtank,1,0.9880268802747377,1
phishtank,1,0.9999620622577934,1
phishtank,1,0.926608073036166,1
phishtank,1,0.9836197845055586,1
phishtank,1,0.9712994240827236,1
phishtank,1,0.9425527806006334,1
tranco_benign_proxy,0,0.6427287736000367,0
tranco_benign_proxy,0,0.8196689411312793,1
phishtank,1,0.9283143280011689,1
tranco_benign_proxy,0,0.082976846215576,0
tranco_benign_proxy,0,0.866354734195768,1
phishtank,1,0.9990741429899721,1
tranco_benign_proxy,0,0.8349654626281101,1
phishtank,1,0.9944503917834976,1
tranco_benign_proxy,0,0.5935177273991716,0
phishtank,1,0.9979398692952008,1
phishtank,1,0.9851223092053368,1
tranco_benign_proxy,0,0.6335534028147436,0
tranco_benign_proxy,0,0.8781912645149645,1
phishtank,1,0.9756468232663166,1
tranco_benign_proxy,0,0.30949362563807586,0
phishtank,1,0.9891495258275725,1
tranco_benign_proxy,0,0.3184874972373557,0
phishtank,1,0.9949929376679556,1
phishtank,1,0.9999484065805951,1
tranco_benign_proxy,0,0.5928079699306177,0
tranco_benign_proxy,0,0.6243101800369766,0
tranco_benign_proxy,0,0.08150514700250516,0
phishtank,1,0.993883915819759,1
phishtank,1,0.9975986797419037,1
tranco_benign_proxy,0,0.07240511393452069,0
tranco_benign_proxy,0,0.366865843657925,0
tranco_benign_proxy,0,0.08448214700877817,0
phishtank,1,0.6124006408803001,0
phishtank,1,0.978889419833275,1
tranco_benign_proxy,0,0.17603642109963616,0
phishtank,1,0.25442264554906757,0
phishtank,1,0.9112526533442616,1
tranco_benign_proxy,0,0.049728085320567876,0
phishtank,1,0.1205615197490419,0
phishtank,1,0.2257172782685858,0
phishtank,1,0.9953513834569118,1
phishtank,1,0.999721528298027,1
tranco_benign_proxy,0,0.40133657059455835,0
tranco_benign_proxy,0,0.07577626696699162,0
phishtank,1,0.9991973634893376,1
tranco_benign_proxy,0,0.9113443971832481,1
tranco_benign_proxy,0,0.18857534005487167,0
tranco_benign_proxy,0,0.8393816252577867,1
phishtank,1,0.9912353229505387,1
phishtank,1,0.9497782574994125,1
tranco_benign_proxy,0,0.5055009043728822,0
tranco_benign_proxy,0,0.36299456963184723,0
tranco_benign_proxy,0,0.7491423729001163,1
phishtank,1,0.999227106058666,1
phishtank,1,0.9909557888735638,1
tranco_benign_proxy,0,0.3159062939972316,0
phishtank,1,0.9981415288693811,1
phishtank,1,0.993338970102368,1
phishtank,1,0.995737993146167,1
phishtank,1,0.9967471892064332,1
phishtank,1,0.9995824148684168,1
phishtank,1,0.9991495148795405,1
tranco_benign_proxy,0,0.398383732770433,0
tranco_benign_proxy,0,0.1369687574228947,0
phishtank,1,0.9141793779573342,1
tranco_benign_proxy,0,0.30484918578748427,0
tranco_benign_proxy,0,0.12945118458136973,0
tranco_benign_proxy,0,0.15857418351456512,0
phishtank,1,0.9985161029084755,1
tranco_benign_proxy,0,0.9877596616993076,1
phishtank,1,0.9989436585329113,1
phishtank,1,0.46075680299190874,0
tranco_benign_proxy,0,0.1564725796536968,0
tranco_benign_proxy,0,0.317237942467414,0
tranco_benign_proxy,0,0.30890916441744876,0
tranco_benign_proxy,0,0.09320719763509033,0
tranco_benign_proxy,0,0.7893526381807147,1
phishtank,1,0.9946761587872909,1
tranco_benign_proxy,0,0.9682515706303111,1
tranco_benign_proxy,0,0.43964480376482984,0
phishtank,1,0.7319985990892381,1
tranco_benign_proxy,0,0.364362690045355,0
tranco_benign_proxy,0,0.2087306255513378,0
phishtank,1,0.996335933427162,1
phishtank,1,0.11400388070598517,0
phishtank,1,0.9956612207295243,1
phishtank,1,0.6387273787419605,0
phishtank,1,0.9782171126822325,1
phishtank,1,0.992555456119244,1
phishtank,1,0.7531016183685886,1
tranco_benign_proxy,0,0.2490287177539307,0
tranco_benign_proxy,0,0.59525486250434,0
tranco_benign_proxy,0,0.38100963198002136,0
phishtank,1,0.9822731966765224,1
tranco_benign_proxy,0,0.14087091804219576,0
tranco_benign_proxy,0,0.2210392444682329,0
tranco_benign_proxy,0,0.18843719443590037,0
tranco_benign_proxy,0,0.160299590507632,0
tranco_benign_proxy,0,0.9511527877722121,1
phishtank,1,0.9980974486310973,1
phishtank,1,0.9771303157542189,1
phishtank,1,0.9962514731897296,1
tranco_benign_proxy,0,0.833528392997474,1
tranco_benign_proxy,0,0.9331713644132138,1
phishtank,1,0.11931460644706895,0
tranco_benign_proxy,0,0.47913815121221975,0
tranco_benign_proxy,0,0.4124854245309259,0
tranco_benign_proxy,0,0.04824398102669149,0
tranco_benign_proxy,0,0.922447014186386,1
tranco_benign_proxy,0,0.013694892376424747,0
phishtank,1,0.9837696459027772,1
phishtank,1,0.9991448508939931,1
phishtank,1,0.9692035003433973,1
tranco_benign_proxy,0,0.07713805027934197,0
phishtank,1,0.999035451182828,1
tranco_benign_proxy,0,0.7765755165669702,1
tranco_benign_proxy,0,0.887928863337889,1
phishtank,1,0.9975256180247889,1
phishtank,1,0.9980719006499182,1
phishtank,1,0.9990995492113409,1
phishtank,1,0.9843176796371156,1
phishtank,1,0.9980565935345712,1
phishtank,1,0.9995663145089174,1
phishtank,1,0.9668035882370506,1
phishtank,1,0.9697046708240586,1
phishtank,1,0.984257514777273,1
tranco_benign_proxy,0,0.00045351570417285727,0
phishtank,1,0.9965430202126541,1
phishtank,1,0.9062407494543201,1
phishtank,1,0.2696542082201189,0
tranco_benign_proxy,0,0.14968714467756022,0
tranco_benign_proxy,0,0.11631068334904152,0
tranco_benign_proxy,0,0.2869879101396364,0
phishtank,1,0.9799416559972276,1
phishtank,1,0.9994870667133429,1
phishtank,1,0.23428746225140035,0
phishtank,1,0.07648053137115339,0
phishtank,1,0.9784450344042116,1
tranco_benign_proxy,0,0.37104986048712424,0
tranco_benign_proxy,0,0.0011711982866807324,0
tranco_benign_proxy,0,0.19213864664482008,0
phishtank,1,0.954896513236552,1
tranco_benign_proxy,0,0.3193867761536577,0
tranco_benign_proxy,0,0.021336790366244616,0
tranco_benign_proxy,0,0.039942641429156246,0
tranco_benign_proxy,0,0.05977983494460563,0
tranco_benign_proxy,0,0.16967707283264905,0
phishtank,1,0.9985553218551423,1
tranco_benign_proxy,0,0.20393005576985213,0
tranco_benign_proxy,0,0.991610747840016,1
phishtank,1,0.9701590039217354,1
tranco_benign_proxy,0,0.0753875055683503,0
tranco_benign_proxy,0,0.05403965853356785,0
tranco_benign_proxy,0,0.40338110994511533,0
phishtank,1,0.8566893161355241,1
tranco_benign_proxy,0,0.5773154084499822,0
phishtank,1,0.997636199924358,1
tranco_benign_proxy,0,0.21999794305865442,0
tranco_benign_proxy,0,0.14314111840628133,0
phishtank,1,0.8118770739824527,1
tranco_benign_proxy,0,0.06800948171283668,0
phishtank,1,0.9845416702324189,1
tranco_benign_proxy,0,0.47862902550712777,0
tranco_benign_proxy,0,0.3011032557463607,0
tranco_benign_proxy,0,0.43062264057081223,0
tranco_benign_proxy,0,0.37571056172741957,0
tranco_benign_proxy,0,0.8884447234160104,1
tranco_benign_proxy,0,0.36416064383122637,0
phishtank,1,0.9994036321578224,1
tranco_benign_proxy,0,0.9832581961171009,1
tranco_benign_proxy,0,0.09002973018590461,0
phishtank,1,0.9801940530967713,1
phishtank,1,0.9996876793018937,1
tranco_benign_proxy,0,0.5762449729263767,0
tranco_benign_proxy,0,0.2760871710097188,0
phishtank,1,0.9708391215499435,1
tranco_benign_proxy,0,0.02065584252328693,0
tranco_benign_proxy,0,0.19364691932722217,0
tranco_benign_proxy,0,0.06956942239735615,0
tranco_benign_proxy,0,0.47743896782078643,0
phishtank,1,0.9602271446294375,1
tranco_benign_proxy,0,0.2339083137649444,0
tranco_benign_proxy,0,0.7710817191602348,1
tranco_benign_proxy,0,0.05837338198904306,0
phishtank,1,0.9786456527935327,1
tranco_benign_proxy,0,0.03572971339422087,0
phishtank,1,0.9977900853259026,1
phishtank,1,0.9976103725498003,1
tranco_benign_proxy,0,0.10277408775385101,0
tranco_benign_proxy,0,0.18742001893520469,0
tranco_benign_proxy,0,0.1596715842409837,0
phishtank,1,0.9989622016367222,1
phishtank,1,0.9946634503131985,1
tranco_benign_proxy,0,0.04974399670773275,0
tranco_benign_proxy,0,0.787629001237428,1
phishtank,1,0.9999713069561752,1
phishtank,1,0.9679597211592372,1
phishtank,1,0.9989269646006889,1
tranco_benign_proxy,0,0.4889869579693365,0
tranco_benign_proxy,0,0.11359764839295447,0
phishtank,1,0.26737042116299403,0
tranco_benign_proxy,0,0.49325290915514847,0
phishtank,1,0.9984202296412755,1
tranco_benign_proxy,0,0.9691055241481721,1
phishtank,1,0.959862066980409,1
tranco_benign_proxy,0,0.2564648938395633,0
phishtank,1,0.750340667146035,1
tranco_benign_proxy,0,0.7632972621378546,1
tranco_benign_proxy,0,0.04444918385158488,0
phishtank,1,0.9974360620799729,1
phishtank,1,0.9989228850123705,1
tranco_benign_proxy,0,0.0434777625099736,0
tranco_benign_proxy,0,0.25990110445754866,0
phishtank,1,0.9734146336327173,1
tranco_benign_proxy,0,0.23217352862937488,0
tranco_benign_proxy,0,0.9225132880880588,1
tranco_benign_proxy,0,0.9262095847725975,1
phishtank,1,0.9997464001109594,1
phishtank,1,0.9877639626482523,1
tranco_benign_proxy,0,0.13304730709758147,0
tranco_benign_proxy,0,0.4434154115244139,0
tranco_benign_proxy,0,0.25130768852796703,0
phishtank,1,0.9995127239148288,1
tranco_benign_proxy,0,0.24807407143513652,0
phishtank,1,0.9754019074488176,1
tranco_benign_proxy,0,0.8289767302369174,1
tranco_benign_proxy,0,0.38818881193091925,0
phishtank,1,0.8933403703767218,1
tranco_benign_proxy,0,0.1459731121644521,0
tranco_benign_proxy,0,0.07390125013121887,0
tranco_benign_proxy,0,0.19572961014741552,0
phishtank,1,0.9415088656800019,1
tranco_benign_proxy,0,0.2298401978321618,0
tranco_benign_proxy,0,0.9774523103364532,1
tranco_benign_proxy,0,0.06045295352915361,0
tranco_benign_proxy,0,0.10514005010869738,0
phishtank,1,0.9753083049747052,1
tranco_benign_proxy,0,0.9385684345384577,1
phishtank,1,0.9940249198679004,1
phishtank,1,0.9695153617746106,1
phishtank,1,0.9647899052952305,1
tranco_benign_proxy,0,0.4756597335978821,0
phishtank,1,0.7950800772144432,1
tranco_benign_proxy,0,0.213322643613156,0
tranco_benign_proxy,0,0.12722592619510983,0
phishtank,1,0.8520154700213031,1
phishtank,1,0.8622735576393773,1
phishtank,1,0.9989996472680068,1
tranco_benign_proxy,0,0.01973826401867646,0
tranco_benign_proxy,0,0.5498452214548452,0
phishtank,1,0.9660736223455864,1
tranco_benign_proxy,0,0.00909985058643695,0
phishtank,1,0.945783616260254,1
phishtank,1,0.9990816634010321,1
tranco_benign_proxy,0,0.2561122519091309,0
phishtank,1,0.12906076692203033,0
tranco_benign_proxy,0,0.7534438573686029,1
phishtank,1,0.9982583743078076,1
phishtank,1,0.5837083345168129,0
tranco_benign_proxy,0,0.11825105851287092,0
tranco_benign_proxy,0,0.048851164369363216,0
phishtank,1,0.9992706504187304,1
phishtank,1,0.9876904125365304,1
tranco_benign_proxy,0,0.6118441447294269,0
phishtank,1,0.9992048664249468,1
phishtank,1,0.9998347084187227,1
tranco_benign_proxy,0,0.8863393099198679,1
phishtank,1,0.9919681227706608,1
phishtank,1,0.8974305159471798,1
phishtank,1,0.995808298269575,1
tranco_benign_proxy,0,0.32643519896139445,0
phishtank,1,0.9995824831138745,1
tranco_benign_proxy,0,0.9406874749291063,1
tranco_benign_proxy,0,0.19671571015828904,0
tranco_benign_proxy,0,0.07638112958186276,0
phishtank,1,0.992298699539472,1
tranco_benign_proxy,0,0.01382974936727761,0
tranco_benign_proxy,0,0.4572872942879839,0
tranco_benign_proxy,0,0.06799459352121794,0
phishtank,1,0.9931540845566794,1
phishtank,1,0.676187798443814,0
tranco_benign_proxy,0,0.027346593171841634,0
phishtank,1,0.9980535308498004,1
tranco_benign_proxy,0,0.3522097534213848,0
phishtank,1,0.9667811627275747,1
phishtank,1,0.9999906938995886,1
phishtank,1,0.9948656836558819,1
tranco_benign_proxy,0,0.9101849369984313,1
phishtank,1,0.857431653655773,1
tranco_benign_proxy,0,0.12450223592870417,0
tranco_benign_proxy,0,0.24604094102879567,0
tranco_benign_proxy,0,0.3708610109572051,0
tranco_benign_proxy,0,0.22672567812850802,0
tranco_benign_proxy,0,0.16773780743586889,0
tranco_benign_proxy,0,0.36038050419180867,0
tranco_benign_proxy,0,0.34094953906068914,0
tranco_benign_proxy,0,0.07068238744217689,0
phishtank,1,0.9897550451211496,1
phishtank,1,0.8641914375845074,1
tranco_benign_proxy,0,0.6598682697722856,0
tranco_benign_proxy,0,0.09633426027489037,0
tranco_benign_proxy,0,0.9747485474386398,1
phishtank,1,0.9945791258251232,1
phishtank,1,0.5762481336432594,0
phishtank,1,0.9635182693509687,1
tranco_benign_proxy,0,0.3551467419910176,0
phishtank,1,0.9781989145202058,1
phishtank,1,0.9997410045369886,1
phishtank,1,0.9233591141931904,1
tranco_benign_proxy,0,0.4543282791402444,0
phishtank,1,0.9958323923502621,1
tranco_benign_proxy,0,0.6594106256496809,0
phishtank,1,0.9980446333914395,1
phishtank,1,0.9873039505176621,1
tranco_benign_proxy,0,0.9809607814412314,1
tranco_benign_proxy,0,0.37059642776133594,0
tranco_benign_proxy,0,0.33965617836424106,0
phishtank,1,0.9579789796761096,1
tranco_benign_proxy,0,0.17636973894650326,0
phishtank,1,0.9927362522599009,1
tranco_benign_proxy,0,0.14152125081565464,0
tranco_benign_proxy,0,0.9860589242662522,1
tranco_benign_proxy,0,0.6143220288935791,0
tranco_benign_proxy,0,0.3092535648315206,0
phishtank,1,0.9934900972828097,1
tranco_benign_proxy,0,0.049023889884276965,0
tranco_benign_proxy,0,0.09178083081045153,0
phishtank,1,0.9960328635533439,1
tranco_benign_proxy,0,0.26556359899924586,0
phishtank,1,0.9929090150617909,1
phishtank,1,0.698867437091101,1
tranco_benign_proxy,0,0.16516630002233895,0
tranco_benign_proxy,0,0.7591793415096708,1
tranco_benign_proxy,0,0.9392698229265795,1
tranco_benign_proxy,0,0.08745066095039186,0
tranco_benign_proxy,0,0.011611945379690243,0
tranco_benign_proxy,0,0.11005798235486244,0
phishtank,1,0.9986260637607982,1
phishtank,1,0.9933884052799196,1
tranco_benign_proxy,0,0.02235187264044495,0
phishtank,1,0.9996562561420699,1
tranco_benign_proxy,0,0.028680391987214445,0
phishtank,1,0.9971443711256245,1
tranco_benign_proxy,0,0.9866427898273805,1
tranco_benign_proxy,0,0.13601704821961583,0
tranco_benign_proxy,0,0.3776687335643866,0
tranco_benign_proxy,0,0.08435065264654801,0
tranco_benign_proxy,0,0.5812669149464971,0
tranco_benign_proxy,0,0.07633667668475491,0
phishtank,1,0.9980181379801661,1
tranco_benign_proxy,0,0.14660488472160177,0
tranco_benign_proxy,0,0.12427442968864728,0
phishtank,1,0.9996842561589238,1
tranco_benign_proxy,0,0.5751972305136646,0
phishtank,1,0.8797685432578927,1
tranco_benign_proxy,0,0.19369571952543194,0
tranco_benign_proxy,0,0.1756840045032433,0
phishtank,1,0.9995848334187504,1
phishtank,1,0.9522186788799767,1
tranco_benign_proxy,0,0.3418240761932014,0
phishtank,1,0.9673871753186374,1
tranco_benign_proxy,0,0.13789001904140755,0
tranco_benign_proxy,0,0.6979599040458785,1
phishtank,1,0.9879368297547788,1
tranco_benign_proxy,0,0.10975678384763608,0
tranco_benign_proxy,0,0.13901235774743181,0
phishtank,1,0.9894216441392151,1
tranco_benign_proxy,0,0.1957110822317637,0
phishtank,1,0.9613828706896829,1
phishtank,1,0.9973215544313829,1
tranco_benign_proxy,0,0.19801404671276157,0
phishtank,1,0.9997757964074918,1
phishtank,1,0.895298801780984,1
tranco_benign_proxy,0,0.5856374183237243,0
tranco_benign_proxy,0,0.2134452241375178,0
tranco_benign_proxy,0,0.7452510774656492,1
phishtank,1,0.9997089505008615,1
phishtank,1,0.9992938797470975,1
phishtank,1,0.9984757237196903,1
phishtank,1,0.9928665400200023,1
phishtank,1,0.8377986558793699,1
phishtank,1,0.9996749587901815,1
tranco_benign_proxy,0,0.2445995239204769,0
phishtank,1,0.9572395160006129,1
phishtank,1,0.9987323052736684,1
phishtank,1,0.9986230364618726,1
tranco_benign_proxy,0,0.017235242529701413,0
tranco_benign_proxy,0,0.19479857634055564,0
phishtank,1,0.8255312194880547,1
phishtank,1,0.8657811615182136,1
phishtank,1,0.9458570784772066,1
phishtank,1,0.9998610369612189,1
tranco_benign_proxy,0,0.36061131212846587,0
phishtank,1,0.974655300306592,1
tranco_benign_proxy,0,0.6563201495605316,0
phishtank,1,0.9984392230969985,1
phishtank,1,0.9970889377534351,1
phishtank,1,0.9982623161432015,1
tranco_benign_proxy,0,0.46955751086554315,0
phishtank,1,0.999909054804583,1
phishtank,1,0.9993238013585748,1
phishtank,1,0.9997808615394875,1
phishtank,1,0.9912909588210383,1
phishtank,1,0.9990974371768059,1
phishtank,1,0.3008374500717748,0
phishtank,1,0.9997832456313509,1
tranco_benign_proxy,0,0.10204152620672385,0
tranco_benign_proxy,0,0.4834907273130615,0
phishtank,1,0.9465930824709303,1
tranco_benign_proxy,0,0.399481246527366,0
tranco_benign_proxy,0,0.12732086411360044,0
tranco_benign_proxy,0,0.5682266407492577,0
phishtank,1,0.501907155863505,0
tranco_benign_proxy,0,0.922143195141653,1
tranco_benign_proxy,0,0.31304029604574846,0
tranco_benign_proxy,0,0.7044208190083113,1
tranco_benign_proxy,0,0.9244240872189623,1
tranco_benign_proxy,0,0.827384698693682,1
tranco_benign_proxy,0,0.2662653439884695,0
tranco_benign_proxy,0,0.4398323538556579,0
tranco_benign_proxy,0,0.15770216251941868,0
phishtank,1,0.9736069666157346,1
tranco_benign_proxy,0,0.39225400389611453,0
phishtank,1,0.9910063459177447,1
phishtank,1,0.9697832001062648,1
phishtank,1,0.9942740104873983,1
phishtank,1,0.9784067958560015,1
tranco_benign_proxy,0,0.2231915449642087,0
tranco_benign_proxy,0,0.7178147723969971,1
phishtank,1,0.9994801282386215,1
phishtank,1,0.9627627492073046,1
phishtank,1,0.9801374997752937,1
tranco_benign_proxy,0,0.48189514246895915,0
phishtank,1,0.9999834414614965,1
tranco_benign_proxy,0,0.21339121928678104,0
phishtank,1,0.9953767629922575,1
phishtank,1,0.9987186561450193,1
tranco_benign_proxy,0,0.34651724797073175,0
tranco_benign_proxy,0,0.010223778982170273,0
tranco_benign_proxy,0,0.7596148309618335,1
tranco_benign_proxy,0,0.2854803294611461,0
phishtank,1,0.9308935964430336,1
tranco_benign_proxy,0,0.3774751766622033,0
phishtank,1,0.9498416032092718,1
phishtank,1,0.9987960668664104,1
tranco_benign_proxy,0,0.3422171365313111,0
tranco_benign_proxy,0,0.19832289172078413,0
phishtank,1,0.9722696841242162,1
tranco_benign_proxy,0,0.00878063798680993,0
phishtank,1,0.999263102189337,1
phishtank,1,0.9282213184224443,1
phishtank,1,0.9999633278909705,1
tranco_benign_proxy,0,0.526719665690971,0
phishtank,1,0.9993405035188951,1
tranco_benign_proxy,0,0.36373226188349606,0
phishtank,1,0.9998605833856543,1
tranco_benign_proxy,0,0.10046230972501943,0
tranco_benign_proxy,0,0.14612323892486584,0
tranco_benign_proxy,0,0.22658238240607115,0
phishtank,1,0.951430247783481,1
phishtank,1,0.9835626685427775,1
phishtank,1,0.9998084858235402,1
phishtank,1,0.9123952662293527,1
phishtank,1,0.7067189234614525,1
tranco_benign_proxy,0,0.08588336753361091,0
phishtank,1,0.8800990645852357,1
phishtank,1,0.9986952273147611,1
phishtank,1,0.868893587266169,1
phishtank,1,0.9833613906119628,1
phishtank,1,0.999889807265615,1
phishtank,1,0.9592129150699125,1
phishtank,1,0.9547056211701276,1
tranco_benign_proxy,0,0.027043851642297133,0
phishtank,1,0.9928479854456311,1
tranco_benign_proxy,0,0.5024402803450736,0
phishtank,1,0.9720593892178204,1
phishtank,1,0.7307983534175324,1
phishtank,1,0.9988046960292749,1
phishtank,1,0.9989502785368043,1
tranco_benign_proxy,0,0.03132630843823978,0
tranco_benign_proxy,0,0.3150364696637085,0
phishtank,1,0.9959263499575083,1
phishtank,1,0.9997416219634875,1
phishtank,1,0.9980061449374029,1
tranco_benign_proxy,0,0.08412873046290024,0
tranco_benign_proxy,0,0.12843604951907564,0
tranco_benign_proxy,0,0.5605686421442079,0
phishtank,1,0.9907439503788193,1
tranco_benign_proxy,0,0.00556952520018981,0
tranco_benign_proxy,0,0.06565039033235112,0
tranco_benign_proxy,0,0.48777828141613155,0
tranco_benign_proxy,0,0.8284990670471731,1
tranco_benign_proxy,0,0.01389715069295976,0
phishtank,1,0.6162286515936614,0
tranco_benign_proxy,0,0.7466203099447852,1
phishtank,1,0.23257224938564763,0
phishtank,1,0.9852820444818456,1
phishtank,1,0.9885787821495109,1
phishtank,1,0.9828318418421732,1
phishtank,1,0.996978441588196,1
tranco_benign_proxy,0,0.4271391092781006,0
tranco_benign_proxy,0,0.1713995277219466,0
phishtank,1,0.999443149702117,1
phishtank,1,0.9977584561617573,1
phishtank,1,0.9830120247517519,1
phishtank,1,0.9995915590563471,1
tranco_benign_proxy,0,0.3150051632151817,0
phishtank,1,0.9637281276649894,1
phishtank,1,0.8247764098774563,1
phishtank,1,0.3687028349445764,0
tranco_benign_proxy,0,0.3191258908894036,0
tranco_benign_proxy,0,0.1880699260826513,0
phishtank,1,0.9450765387203732,1
tranco_benign_proxy,0,0.24736621261013328,0
tranco_benign_proxy,0,0.1183649548660971,0
tranco_benign_proxy,0,0.07663027929543122,0
tranco_benign_proxy,0,0.02792092405736348,0
phishtank,1,0.9990980607769172,1
tranco_benign_proxy,0,0.9264775221154579,1
tranco_benign_proxy,0,0.04244860582970433,0
phishtank,1,0.9947505250255643,1
tranco_benign_proxy,0,0.5742650103339484,0
phishtank,1,0.999939908833836,1
tranco_benign_proxy,0,0.2541829719492674,0
phishtank,1,0.9185416728814829,1
tranco_benign_proxy,0,0.07723023250059644,0
phishtank,1,0.9935839536903168,1
tranco_benign_proxy,0,0.11132101628411305,0
tranco_benign_proxy,0,0.5631873449898439,0
phishtank,1,0.9987480252858499,1
tranco_benign_proxy,0,0.041585894643622924,0
tranco_benign_proxy,0,0.29610252262663533,0
tranco_benign_proxy,0,0.7016233133307215,1
tranco_benign_proxy,0,0.3010054458649996,0
tranco_benign_proxy,0,0.541044088372603,0
phishtank,1,0.9965854492614215,1
tranco_benign_proxy,0,0.8633317833932889,1
tranco_benign_proxy,0,0.003964212351147462,0
tranco_benign_proxy,0,0.40689881314347937,0
tranco_benign_proxy,0,0.66890017496981,0
tranco_benign_proxy,0,0.1778928263670696,0
tranco_benign_proxy,0,0.5973669395847618,0
tranco_benign_proxy,0,0.9865298982990848,1
tranco_benign_proxy,0,0.9854574433424911,1
phishtank,1,0.9955293842668272,1
tranco_benign_proxy,0,0.05176828503171788,0
tranco_benign_proxy,0,0.1901297281362296,0
phishtank,1,0.9994387282199183,1
phishtank,1,0.996875351010554,1
tranco_benign_proxy,0,0.6110363916986497,0
tranco_benign_proxy,0,0.002683860835452789,0
tranco_benign_proxy,0,0.24701214924377693,0
phishtank,1,0.9981690844089834,1
tranco_benign_proxy,0,0.01336609574959401,0
phishtank,1,0.9535758905596162,1
phishtank,1,0.1730204575138678,0
phishtank,1,0.9717718699573836,1
phishtank,1,0.9995019926889235,1
tranco_benign_proxy,0,0.40329049855567345,0
phishtank,1,0.9945028722418274,1
phishtank,1,0.9853181093727147,1
phishtank,1,0.9908055959551966,1
tranco_benign_proxy,0,0.3488980517519635,0
phishtank,1,0.9823829596707476,1
tranco_benign_proxy,0,0.16805118578895398,0
tranco_benign_proxy,0,0.20286136977548944,0
phishtank,1,0.9985903724069084,1
tranco_benign_proxy,0,0.9295836855756295,1
phishtank,1,0.9974120405696336,1
phishtank,1,0.9309240072080445,1
phishtank,1,0.9796011459365028,1
tranco_benign_proxy,0,0.4743005202441546,0
phishtank,1,0.9993072647159261,1
phishtank,1,0.9837856699066293,1
tranco_benign_proxy,0,0.7967512603730046,1
phishtank,1,0.9964932894571957,1
tranco_benign_proxy,0,0.5692584105233925,0
tranco_benign_proxy,0,0.7871621570125044,1
phishtank,1,0.9988230172398987,1
phishtank,1,0.9326281432101742,1
phishtank,1,0.9997879699336513,1
phishtank,1,0.9989475109975546,1
tranco_benign_proxy,0,0.9933765218614945,1
tranco_benign_proxy,0,0.021432240882100082,0
tranco_benign_proxy,0,0.9552702727357718,1
tranco_benign_proxy,0,0.09016991612079027,0
tranco_benign_proxy,0,0.02785272243187152,0
tranco_benign_proxy,0,0.9703077095536798,1
phishtank,1,0.980791527183703,1
phishtank,1,0.9676854729731933,1
phishtank,1,0.8612626603065737,1
phishtank,1,0.9969158351859748,1
tranco_benign_proxy,0,0.00631888378590076,0
tranco_benign_proxy,0,0.14772648413555586,0
phishtank,1,0.9475668433839507,1
tranco_benign_proxy,0,0.8622666446269713,1
phishtank,1,0.9895880364352723,1
tranco_benign_proxy,0,0.004299007753116654,0
tranco_benign_proxy,0,0.37794793313263114,0
tranco_benign_proxy,0,0.045051120421446045,0
phishtank,1,0.9997875413569985,1
tranco_benign_proxy,0,0.09856255412170534,0
phishtank,1,0.9980372339957718,1
phishtank,1,0.991028865328895,1
phishtank,1,0.9960676611118015,1
phishtank,1,0.9706987088649456,1
tranco_benign_proxy,0,0.07659532419771507,0
tranco_benign_proxy,0,0.6813736853193612,0
phishtank,1,0.9972829864340668,1
tranco_benign_proxy,0,0.11458048011978042,0
phishtank,1,0.9998781690557984,1
tranco_benign_proxy,0,0.37430863471622106,0
phishtank,1,0.995628918001113,1
phishtank,1,0.997631630103458,1
phishtank,1,0.7794104979191,1
phishtank,1,0.9474293113649185,1
tranco_benign_proxy,0,0.053287727341200526,0
phishtank,1,0.7360913731451925,1
tranco_benign_proxy,0,0.008390420440743064,0
phishtank,1,0.9962782598795197,1
tranco_benign_proxy,0,0.02483263449002635,0
tranco_benign_proxy,0,0.00333308633875702,0
tranco_benign_proxy,0,0.5526408280876687,0
phishtank,1,0.9973134127168329,1
tranco_benign_proxy,0,0.6372143960119044,0
phishtank,1,0.994022235893128,1
phishtank,1,0.9971989769704601,1
tranco_benign_proxy,0,0.06756112959051859,0
phishtank,1,0.9984209841722599,1
phishtank,1,0.975691645895434,1
phishtank,1,0.9646945282520007,1
tranco_benign_proxy,0,0.006517857119893202,0
phishtank,1,0.9838519514238552,1
tranco_benign_proxy,0,0.08336802219697317,0
tranco_benign_proxy,0,0.0844243174403657,0
tranco_benign_proxy,0,0.36684160225395696,0
phishtank,1,0.3124228467422179,0
tranco_benign_proxy,0,0.9688786314135381,1
tranco_benign_proxy,0,0.005483481223609943,0
phishtank,1,0.995334075484065,1
tranco_benign_proxy,0,0.7894810592596089,1
phishtank,1,0.9930476788806999,1
tranco_benign_proxy,0,0.15533867009354776,0
tranco_benign_proxy,0,0.9004668568165767,1
tranco_benign_proxy,0,0.24377763317747247,0
phishtank,1,0.9158222701864017,1
tranco_benign_proxy,0,0.25657804014036023,0
phishtank,1,0.9975658537238604,1
phishtank,1,0.4899314902211104,0
phishtank,1,0.8695327771128878,1
tranco_benign_proxy,0,0.36879423030919084,0
phishtank,1,0.9988816620395414,1
phishtank,1,0.9870987557142441,1
phishtank,1,0.9750992325568564,1
phishtank,1,0.9967379169950277,1
tranco_benign_proxy,0,0.22670725317025342,0
tranco_benign_proxy,0,0.9878548129255545,1
tranco_benign_proxy,0,0.22694787186910526,0
phishtank,1,0.999901439831211,1
tranco_benign_proxy,0,0.5070450825307232,0
tranco_benign_proxy,0,0.5890493775130686,0
tranco_benign_proxy,0,0.10570455168302971,0
phishtank,1,0.9969949387774316,1
phishtank,1,0.9995534629313668,1
phishtank,1,0.8615439750865915,1
phishtank,1,0.9947602838256253,1
tranco_benign_proxy,0,0.06844105868848255,0
tranco_benign_proxy,0,0.016437184811749272,0
tranco_benign_proxy,0,0.05573395445197514,0
tranco_benign_proxy,0,0.39063528045549595,0
tranco_benign_proxy,0,0.002480194381425195,0
phishtank,1,0.9928518138451621,1
phishtank,1,0.9706609835039908,1
phishtank,1,0.11629130293684473,0
tranco_benign_proxy,0,0.11096749897553272,0
phishtank,1,0.9979153429219497,1
tranco_benign_proxy,0,0.23324068012730906,0
phishtank,1,0.965791243281695,1
phishtank,1,0.9884466138110464,1
phishtank,1,0.9754847040875472,1
tranco_benign_proxy,0,0.11207979824487158,0
phishtank,1,0.9957367109312842,1
phishtank,1,0.8376152218208155,1
phishtank,1,0.9283302410778175,1
tranco_benign_proxy,0,0.4771620032154473,0
phishtank,1,0.9981413128218988,1
phishtank,1,0.9261771440444532,1
tranco_benign_proxy,0,0.4572277678580121,0
phishtank,1,0.9176718622362481,1
phishtank,1,0.9987069569181433,1
phishtank,1,0.9730765961945124,1
phishtank,1,0.9830689274666986,1
tranco_benign_proxy,0,0.32961015751130013,0
phishtank,1,0.8380564432789872,1
tranco_benign_proxy,0,0.6464284778616616,0
tranco_benign_proxy,0,0.32795919273523383,0
phishtank,1,0.772458589848845,1
tranco_benign_proxy,0,0.6729027541018369,0
phishtank,1,0.023015234353249616,0
tranco_benign_proxy,0,0.08875380551369433,0
tranco_benign_proxy,0,0.048658412140590065,0
phishtank,1,0.9995174838668076,1
tranco_benign_proxy,0,0.09440026208875715,0
tranco_benign_proxy,0,0.027194047616451382,0
phishtank,1,0.9341100874731428,1
tranco_benign_proxy,0,0.8457488805911793,1
tranco_benign_proxy,0,0.2554881020751478,0
phishtank,1,0.36015821106356866,0
phishtank,1,0.5722806514595025,0
phishtank,1,0.9778659503473611,1
phishtank,1,0.039005970509546024,0
phishtank,1,0.969437304116324,1
phishtank,1,0.9994268620447271,1
tranco_benign_proxy,0,0.2738255919374406,0
phishtank,1,0.9982508919108913,1
tranco_benign_proxy,0,0.9014888764530485,1
phishtank,1,0.9999556778574328,1
tranco_benign_proxy,0,0.9738950045447898,1
tranco_benign_proxy,0,0.401999891697651,0
tranco_benign_proxy,0,0.18097987422834516,0
phishtank,1,0.99894092407856,1
tranco_benign_proxy,0,0.029625860167654564,0
phishtank,1,0.9933588787832947,1
tranco_benign_proxy,0,0.9540332802832329,1
phishtank,1,0.9769361795091208,1
tranco_benign_proxy,0,0.20720713092166604,0
phishtank,1,0.9995564924112532,1
tranco_benign_proxy,0,0.25716532807203274,0
phishtank,1,0.9905366904988606,1
tranco_benign_proxy,0,0.10921378392294227,0
phishtank,1,0.025496265723834927,0
tranco_benign_proxy,0,0.20993622550747063,0
phishtank,1,0.3928993299209464,0
tranco_benign_proxy,0,0.042886642396409234,0
tranco_benign_proxy,0,0.08431774670898774,0
tranco_benign_proxy,0,0.13724536869126125,0
tranco_benign_proxy,0,0.6559573228997536,0
tranco_benign_proxy,0,0.11542672274446739,0
tranco_benign_proxy,0,0.45832385220210003,0
tranco_benign_proxy,0,0.29544740027509586,0
phishtank,1,0.991978759253488,1
tranco_benign_proxy,0,0.9739562977347116,1
tranco_benign_proxy,0,0.358585418408581,0
tranco_benign_proxy,0,0.809250560240422,1
tranco_benign_proxy,0,0.4094343711202036,0
tranco_benign_proxy,0,0.8352349239502806,1
tranco_benign_proxy,0,0.05962136912040458,0
tranco_benign_proxy,0,0.16606746634474343,0
tranco_benign_proxy,0,0.05769481498532254,0
phishtank,1,0.919222229516526,1
phishtank,1,0.9991952643711293,1
phishtank,1,0.98486322521625,1
tranco_benign_proxy,0,0.9296874963174693,1
phishtank,1,0.19226358510601918,0
tranco_benign_proxy,0,0.1447485764385038,0
phishtank,1,0.22013767026693706,0
phishtank,1,0.9900752273014914,1
phishtank,1,0.2034923311755656,0
phishtank,1,0.9871094690287959,1
tranco_benign_proxy,0,0.21508755829508192,0
tranco_benign_proxy,0,0.0038283247434009104,0
tranco_benign_proxy,0,0.3514156608926971,0
tranco_benign_proxy,0,0.5371978641206535,0
phishtank,1,0.9991261856794719,1
phishtank,1,0.9225595137999514,1
phishtank,1,0.9721701528972069,1
tranco_benign_proxy,0,0.9386822503494164,1
tranco_benign_proxy,0,0.1986551963758397,0
tranco_benign_proxy,0,0.026324703648893347,0
tranco_benign_proxy,0,0.14391289706299004,0
tranco_benign_proxy,0,0.08566387547260174,0
tranco_benign_proxy,0,0.03415458873226532,0
tranco_benign_proxy,0,0.3242088573279461,0
tranco_benign_proxy,0,0.26447133046455507,0
tranco_benign_proxy,0,0.12612357282000594,0
phishtank,1,0.9708009570628405,1
tranco_benign_proxy,0,0.7057170155661946,1
phishtank,1,0.9971693595316347,1
tranco_benign_proxy,0,0.38244310158532624,0
tranco_benign_proxy,0,0.7968573338417375,1
phishtank,1,0.925763286372698,1
tranco_benign_proxy,0,0.5165130627062283,0
tranco_benign_proxy,0,0.9950131031238311,1
tranco_benign_proxy,0,0.14089674806899805,0
tranco_benign_proxy,0,0.8106854074235543,1
phishtank,1,0.991071170436968,1
tranco_benign_proxy,0,0.8320726144027654,1
phishtank,1,0.9965748424997635,1
phishtank,1,0.9994525210563517,1
phishtank,1,0.9984981548252332,1
phishtank,1,0.944107211293665,1
tranco_benign_proxy,0,0.2827468893445346,0
phishtank,1,0.9967399462433295,1
phishtank,1,0.9783472367434866,1
phishtank,1,0.9997957948687888,1
tranco_benign_proxy,0,0.07903185810353305,0
phishtank,1,0.9984921310240256,1
phishtank,1,0.9553148808751716,1
phishtank,1,0.9814747676761771,1
phishtank,1,0.9991600295081032,1
phishtank,1,0.874368669082897,1
tranco_benign_proxy,0,0.24938790715158213,0
phishtank,1,0.8613784127313376,1
phishtank,1,0.9985900897852622,1
tranco_benign_proxy,0,0.3262587324385194,0
tranco_benign_proxy,0,0.5701897930003919,0
phishtank,1,0.999688892173153,1
phishtank,1,0.9836470602643145,1
phishtank,1,0.8443925930219774,1
phishtank,1,0.9368407828789207,1
phishtank,1,0.9999844855716786,1
phishtank,1,0.7864907238706813,1
tranco_benign_proxy,0,0.07282163579773591,0
tranco_benign_proxy,0,0.05038051811676381,0
phishtank,1,0.9993450588678999,1
tranco_benign_proxy,0,0.9886649303307652,1
phishtank,1,0.803000169011839,1
phishtank,1,0.998418516316843,1
tranco_benign_proxy,0,0.5957722210551232,0
tranco_benign_proxy,0,0.10373332968221502,0
tranco_benign_proxy,0,0.02899463086978736,0
tranco_benign_proxy,0,0.08164616844208876,0
tranco_benign_proxy,0,0.9429133939915336,1
tranco_benign_proxy,0,0.09643046763636783,0
phishtank,1,0.966773558803594,1
tranco_benign_proxy,0,0.1721166243354463,0
tranco_benign_proxy,0,0.7973217514026825,1
phishtank,1,0.9998541238110488,1
phishtank,1,0.9929116092125826,1
phishtank,1,0.9987344353496787,1
tranco_benign_proxy,0,0.4235388259761817,0
tranco_benign_proxy,0,0.3675938747559331,0
phishtank,1,0.9820300809677741,1
tranco_benign_proxy,0,0.17372586681392055,0
tranco_benign_proxy,0,0.2424268432456155,0
phishtank,1,0.9942894150313688,1
phishtank,1,0.969582458442947,1
tranco_benign_proxy,0,0.00430651943802188,0
phishtank,1,0.9960238610690166,1
tranco_benign_proxy,0,0.7478488572631269,1
phishtank,1,0.8805673158029782,1
phishtank,1,0.9964097700205333,1
tranco_benign_proxy,0,0.5451318779344143,0
phishtank,1,0.9918340961711967,1
phishtank,1,0.9031170554718857,1
tranco_benign_proxy,0,0.013152440236808734,0
phishtank,1,0.9899363822996485,1
tranco_benign_proxy,0,0.9426615053317849,1
phishtank,1,0.9583879039920961,1
phishtank,1,0.9924962123821374,1
phishtank,1,0.9756941879185366,1
phishtank,1,0.9758035364046707,1
phishtank,1,0.9541643781016433,1
phishtank,1,0.8603432790112652,1
tranco_benign_proxy,0,0.23789038503024149,0
phishtank,1,0.9991661291805474,1
tranco_benign_proxy,0,0.13297154148494078,0
tranco_benign_proxy,0,0.09083409918671309,0
phishtank,1,0.9690088890112547,1
phishtank,1,0.4580431795998055,0
tranco_benign_proxy,0,0.09225136807368069,0
tranco_benign_proxy,0,0.12135678022298657,0
phishtank,1,0.9879815279907711,1
phishtank,1,0.9756714607474798,1
phishtank,1,0.9996054979320688,1
tranco_benign_proxy,0,0.7813331748493085,1
tranco_benign_proxy,0,0.23702480102880538,0
tranco_benign_proxy,0,0.8626884568968639,1
tranco_benign_proxy,0,0.5524749015992604,0
tranco_benign_proxy,0,0.7025467214511744,1
phishtank,1,0.926580880290142,1
phishtank,1,0.9998990868672881,1
phishtank,1,0.9114599863645179,1
phishtank,1,0.9975464487638435,1
tranco_benign_proxy,0,0.5335036115658857,0
tranco_benign_proxy,0,0.07871084990604048,0
tranco_benign_proxy,0,0.624466618406699,0
tranco_benign_proxy,0,0.19214944707003026,0
phishtank,1,0.9995526308753253,1
phishtank,1,0.9835439812033621,1
phishtank,1,0.9997526708057911,1
tranco_benign_proxy,0,0.27704484845370114,0
phishtank,1,0.9941100679325107,1
tranco_benign_proxy,0,0.11027901938763922,0
tranco_benign_proxy,0,0.7629218790782997,1
phishtank,1,0.25893760536932287,0
phishtank,1,0.9937881552511583,1
phishtank,1,0.9976495974110179,1
phishtank,1,0.977341682169912,1
phishtank,1,0.9830384220391657,1
tranco_benign_proxy,0,0.9745799128966669,1
tranco_benign_proxy,0,0.10284188975387672,0
phishtank,1,0.9981553394624543,1
tranco_benign_proxy,0,0.0015163006744516165,0
phishtank,1,0.8272986014253378,1
tranco_benign_proxy,0,0.3995903106607049,0
tranco_benign_proxy,0,0.6138557809703982,0
tranco_benign_proxy,0,0.1684897125983729,0
phishtank,1,0.9977289756352454,1
tranco_benign_proxy,0,0.2094565451738222,0
phishtank,1,0.9386896811481518,1
tranco_benign_proxy,0,0.0003418378748517032,0
phishtank,1,0.9967337732206126,1
phishtank,1,0.9526324190135731,1
phishtank,1,0.9973291305750553,1
tranco_benign_proxy,0,0.2658646942172604,0
tranco_benign_proxy,0,0.18003763651674493,0
phishtank,1,0.9982999774305211,1
phishtank,1,0.9993875624941042,1
phishtank,1,0.9990632444299234,1
tranco_benign_proxy,0,0.8776248438253501,1
tranco_benign_proxy,0,0.22142974466090024,0
phishtank,1,0.6252893034880568,0
phishtank,1,0.9951325157367223,1
tranco_benign_proxy,0,0.18887893796037297,0
tranco_benign_proxy,0,0.5260115409132934,0
tranco_benign_proxy,0,0.0952604791207073,0
phishtank,1,0.9442826311527919,1
phishtank,1,0.9994245639249691,1
tranco_benign_proxy,0,0.31845447610370353,0
tranco_benign_proxy,0,0.4375931257368134,0
phishtank,1,0.9965459312290118,1
tranco_benign_proxy,0,0.02909536030335837,0
phishtank,1,0.9834335331102829,1
phishtank,1,0.9999548745359451,1
tranco_benign_proxy,0,0.979801254396218,1
phishtank,1,0.9985549510970572,1
phishtank,1,0.993956116615069,1
phishtank,1,0.9808459600473758,1
tranco_benign_proxy,0,0.060367097216908874,0
phishtank,1,0.9186031532867205,1
tranco_benign_proxy,0,0.3688692816448561,0
tranco_benign_proxy,0,0.14668175715423054,0
tranco_benign_proxy,0,0.05231245972047547,0
tranco_benign_proxy,0,0.09752617674069396,0
tranco_benign_proxy,0,0.018860844627885894,0
phishtank,1,0.8978734572774946,1
tranco_benign_proxy,0,0.045792823170812916,0
phishtank,1,0.956303190262626,1
tranco_benign_proxy,0,0.04856228815706157,0
phishtank,1,0.3151092617415619,0
phishtank,1,0.9780538772222273,1
tranco_benign_proxy,0,0.17465991151657168,0
tranco_benign_proxy,0,0.7466037900970425,1
tranco_benign_proxy,0,0.09898313028758281,0
tranco_benign_proxy,0,0.022608609988823976,0
tranco_benign_proxy,0,0.8351793995671691,1
phishtank,1,0.9600264618282404,1
phishtank,1,0.9527812387608573,1
phishtank,1,0.9985590032075126,1
phishtank,1,0.09672972032681161,0
phishtank,1,0.9960653612820956,1
tranco_benign_proxy,0,0.27387602169946795,0
phishtank,1,0.9560859505986771,1
phishtank,1,0.9939919703871449,1
tranco_benign_proxy,0,0.25360226001091674,0
tranco_benign_proxy,0,0.14563475186288183,0
tranco_benign_proxy,0,0.8620163745872796,1
phishtank,1,0.9013490906547843,1
phishtank,1,0.9999912387058146,1
tranco_benign_proxy,0,0.5374600024735425,0
tranco_benign_proxy,0,0.04706191039202568,0
phishtank,1,0.9430504763502489,1
tranco_benign_proxy,0,0.5750836696295606,0
phishtank,1,0.4828671216697226,0
phishtank,1,0.9792017118650429,1
phishtank,1,0.9823984434042726,1
tranco_benign_proxy,0,0.4127837770666089,0
tranco_benign_proxy,0,0.28115514026458915,0
phishtank,1,0.9611597528523601,1
phishtank,1,0.9998426771047969,1
tranco_benign_proxy,0,0.3506083896240574,0
phishtank,1,0.6598978270244236,0
tranco_benign_proxy,0,0.2659226880086663,0
tranco_benign_proxy,0,0.11326786228304869,0
tranco_benign_proxy,0,0.11337401732808487,0
tranco_benign_proxy,0,0.8317796934525182,1
tranco_benign_proxy,0,0.1057971092494624,0
phishtank,1,0.9996223535959267,1
phishtank,1,0.9968637347829347,1
tranco_benign_proxy,0,0.6819543556129907,0
tranco_benign_proxy,0,0.24141734443809823,0
phishtank,1,0.855163141348493,1
tranco_benign_proxy,0,0.40517147060146447,0
tranco_benign_proxy,0,0.11452599125206483,0
tranco_benign_proxy,0,0.5819566019684438,0
tranco_benign_proxy,0,0.16905548500052117,0
tranco_benign_proxy,0,0.028770609092920115,0
tranco_benign_proxy,0,0.7724265196551698,1
tranco_benign_proxy,0,0.03888372698789916,0
phishtank,1,0.9998307127392797,1
phishtank,1,0.9913206634998978,1
phishtank,1,0.5620127983790959,0
tranco_benign_proxy,0,0.5757300792822004,0
phishtank,1,0.8723064695171606,1
phishtank,1,0.9839323549239802,1
phishtank,1,0.9980873694915691,1
phishtank,1,0.9668804162730025,1
phishtank,1,0.9999277360329556,1
phishtank,1,0.8911324030492582,1
tranco_benign_proxy,0,0.09925330090015941,0
tranco_benign_proxy,0,0.13859564066507937,0
tranco_benign_proxy,0,0.8296358778105761,1
phishtank,1,0.9125797879208261,1
tranco_benign_proxy,0,0.46083909286149877,0
phishtank,1,0.6667377416327964,0
phishtank,1,0.6853359094069006,0
tranco_benign_proxy,0,0.5611099331274392,0
phishtank,1,0.9895129928705864,1
tranco_benign_proxy,0,0.04653652138532902,0
phishtank,1,0.9809861234564069,1
tranco_benign_proxy,0,0.6897935359107347,0
tranco_benign_proxy,0,0.07963381782712292,0
tranco_benign_proxy,0,0.0969068974658874,0
tranco_benign_proxy,0,0.6345489060300314,0
phishtank,1,0.9682420451103241,1
phishtank,1,0.9882540015603328,1
phishtank,1,0.7471448645823766,1
phishtank,1,0.9972060408358467,1
phishtank,1,0.9679027012379008,1
phishtank,1,0.9791115733903628,1
tranco_benign_proxy,0,0.8285079380475289,1
phishtank,1,0.9916623689525602,1
phishtank,1,0.9972433079057242,1
phishtank,1,0.9997714561763031,1
phishtank,1,0.18156514167023932,0
phishtank,1,0.22152344422721254,0
phishtank,1,0.9270251089794839,1
tranco_benign_proxy,0,0.2190811922306603,0
tranco_benign_proxy,0,0.7451081384388247,1
tranco_benign_proxy,0,0.35684090602309426,0
tranco_benign_proxy,0,0.17337653598425615,0
phishtank,1,0.9174067008892332,1
phishtank,1,0.9994810015882584,1
tranco_benign_proxy,0,0.06771470444405378,0
tranco_benign_proxy,0,0.1809604026188182,0
phishtank,1,0.9978032062186529,1
phishtank,1,0.9940409622529051,1
phishtank,1,0.7732150084444507,1
phishtank,1,0.9986356677329944,1
phishtank,1,0.8700493581494462,1
tranco_benign_proxy,0,0.8581080486471556,1
phishtank,1,0.9957554365901062,1
tranco_benign_proxy,0,0.11519408649627716,0
phishtank,1,0.9942807302881712,1
phishtank,1,0.9980390969160305,1
tranco_benign_proxy,0,0.44579641814978144,0
phishtank,1,0.8564324183481161,1
tranco_benign_proxy,0,0.15192480458150473,0
phishtank,1,0.9959910718149081,1
tranco_benign_proxy,0,0.8905952743531749,1
phishtank,1,0.9829534990111194,1
tranco_benign_proxy,0,0.546922242883654,0
phishtank,1,0.9860503146733054,1
tranco_benign_proxy,0,0.13861390262333206,0
phishtank,1,0.9971390346335993,1
tranco_benign_proxy,0,0.26007922397497324,0
phishtank,1,0.9923473053469432,1
phishtank,1,0.9315615135425391,1
phishtank,1,0.9669041429952472,1
tranco_benign_proxy,0,0.09690803424468628,0
phishtank,1,0.998348006674538,1
tranco_benign_proxy,0,0.6854715605037929,0
tranco_benign_proxy,0,0.9937320927056996,1
tranco_benign_proxy,0,0.08209103950238822,0
tranco_benign_proxy,0,0.19850574051899414,0
tranco_benign_proxy,0,0.8717373521714469,1
phishtank,1,0.9802039302924249,1
tranco_benign_proxy,0,0.40862502052479377,0
phishtank,1,0.9766318921379811,1
tranco_benign_proxy,0,0.9606167519474982,1
tranco_benign_proxy,0,0.05085799623972224,0
phishtank,1,0.9764462062728708,1
tranco_benign_proxy,0,0.18691714870707382,0
tranco_benign_proxy,0,0.11033080978081242,0
phishtank,1,0.9650185458538797,1
phishtank,1,0.989423637960843,1
phishtank,1,0.9760971377590032,1
phishtank,1,0.961458046847442,1
tranco_benign_proxy,0,0.9833309348396406,1
phishtank,1,0.9978111774972174,1
phishtank,1,0.997580066685788,1
phishtank,1,0.8609334210979194,1
phishtank,1,0.9997036278926728,1
tranco_benign_proxy,0,0.19767162734738059,0
phishtank,1,0.9423143170900926,1
tranco_benign_proxy,0,0.8101310653510402,1
tranco_benign_proxy,0,0.07749099372922925,0
phishtank,1,0.47948823609222374,0
phishtank,1,0.9980079362521523,1
tranco_benign_proxy,0,0.11421085128695291,0
tranco_benign_proxy,0,0.32209421583471076,0
tranco_benign_proxy,0,0.1788357093455691,0
phishtank,1,0.8102527883178763,1
phishtank,1,0.9939421972640002,1
phishtank,1,0.977557232286306,1
phishtank,1,0.9981688510822774,1
phishtank,1,0.9681863652362014,1
phishtank,1,0.9982041712088543,1
tranco_benign_proxy,0,0.7707310076091134,1
tranco_benign_proxy,0,0.15148711895304715,0
tranco_benign_proxy,0,0.36981664742082665,0
phishtank,1,0.7398356134671458,1
phishtank,1,0.9993392119366952,1
tranco_benign_proxy,0,0.03336651501429994,0
phishtank,1,0.9935432383093085,1
phishtank,1,0.9979158142568774,1
tranco_benign_proxy,0,0.10751155244934639,0
phishtank,1,0.9832412941024673,1
phishtank,1,0.9999026353365534,1
tranco_benign_proxy,0,0.007129666381310707,0
phishtank,1,0.9867936687701607,1
phishtank,1,0.9988381460254893,1
tranco_benign_proxy,0,0.3598216415118869,0
phishtank,1,0.9364274620560613,1
tranco_benign_proxy,0,0.18113150987031615,0
phishtank,1,0.996335085887078,1
tranco_benign_proxy,0,0.6303478345251914,0
tranco_benign_proxy,0,0.5933093593795787,0
tranco_benign_proxy,0,0.5337666896141213,0
phishtank,1,0.8011344414362337,1
tranco_benign_proxy,0,0.9842194718168469,1
phishtank,1,0.9586090775995506,1
tranco_benign_proxy,0,0.03532175609924645,0
phishtank,1,0.7946174975842197,1
tranco_benign_proxy,0,0.34687448140625976,0
tranco_benign_proxy,0,0.2118819368937997,0
phishtank,1,0.9630337834230546,1
phishtank,1,0.2914954090895076,0
tranco_benign_proxy,0,0.5059894394040392,0
phishtank,1,0.9707653745575248,1
tranco_benign_proxy,0,0.10275861848820665,0
phishtank,1,0.9639677713660993,1
tranco_benign_proxy,0,0.018594516523174,0
phishtank,1,0.9988665060148865,1
tranco_benign_proxy,0,0.9653380413807798,1
phishtank,1,0.9901488216758778,1
phishtank,1,0.9816963094546249,1
tranco_benign_proxy,0,0.9992565873905065,1
phishtank,1,0.9646538731422529,1
tranco_benign_proxy,0,0.08675292249122582,0
tranco_benign_proxy,0,0.7873033831356939,1
phishtank,1,0.9971430040063809,1
tranco_benign_proxy,0,0.9121262645912942,1
tranco_benign_proxy,0,0.45690508642749467,0
phishtank,1,0.9518309359772524,1
phishtank,1,0.9997972881677907,1
tranco_benign_proxy,0,0.23087800555579052,0
tranco_benign_proxy,0,0.18414777514772274,0
phishtank,1,0.9967642300739249,1
tranco_benign_proxy,0,0.8616047013285526,1
tranco_benign_proxy,0,0.9894128163185834,1
phishtank,1,0.8440363135607847,1
tranco_benign_proxy,0,0.5017441126026456,0
phishtank,1,0.3683922687714845,0
phishtank,1,0.9617431734491899,1
phishtank,1,0.9999502733228062,1
phishtank,1,0.9761106344217472,1
tranco_benign_proxy,0,0.24134451090119785,0
phishtank,1,0.9485721854474252,1
tranco_benign_proxy,0,0.2642862097018425,0
tranco_benign_proxy,0,0.6954748871667672,0
phishtank,1,0.9173060893293925,1
tranco_benign_proxy,0,0.6987613484547978,1
phishtank,1,0.9894752934939317,1
phishtank,1,0.9655749224259235,1
phishtank,1,0.9598505396601277,1
tranco_benign_proxy,0,0.6035611158474745,0
phishtank,1,0.9931094847583118,1
phishtank,1,0.9886883344794278,1
phishtank,1,0.9998934342950537,1
phishtank,1,0.9684680686035383,1
tranco_benign_proxy,0,0.13977215833197434,0
tranco_benign_proxy,0,0.9080877558518745,1
tranco_benign_proxy,0,0.10547367693627115,0
tranco_benign_proxy,0,0.9304873111879705,1
phishtank,1,0.9900425780571577,1
tranco_benign_proxy,0,0.33215800461201567,0
phishtank,1,0.9951030711028344,1
tranco_benign_proxy,0,0.14234301923149997,0
phishtank,1,0.9445303751925973,1
tranco_benign_proxy,0,0.07704026056061886,0
tranco_benign_proxy,0,0.15561323244933206,0
phishtank,1,0.9806555468926047,1
phishtank,1,0.9967664658434532,1
tranco_benign_proxy,0,0.38621454218651086,0
tranco_benign_proxy,0,0.08694092504919403,0
phishtank,1,0.9710474453485364,1
phishtank,1,0.9929217358054973,1
tranco_benign_proxy,0,0.18219293378646392,0
phishtank,1,0.9962776627950791,1
phishtank,1,0.9998286658073012,1
phishtank,1,0.9931741929373273,1
phishtank,1,0.9959132931834768,1
phishtank,1,0.9998408595764141,1
tranco_benign_proxy,0,0.012194152674224346,0
phishtank,1,0.9989676372375926,1
phishtank,1,0.953626306022527,1
tranco_benign_proxy,0,0.9644328627823746,1
tranco_benign_proxy,0,0.04320338838728342,0
phishtank,1,0.8830550227981796,1
phishtank,1,0.9971543369954522,1
tranco_benign_proxy,0,0.42520965290487056,0
tranco_benign_proxy,0,0.13464775329973377,0
tranco_benign_proxy,0,0.03844504884044545,0
tranco_benign_proxy,0,0.7529094751239098,1
tranco_benign_proxy,0,0.14393263580785026,0
tranco_benign_proxy,0,0.07120460628831929,0
tranco_benign_proxy,0,0.052015044482109876,0
tranco_benign_proxy,0,0.21066811879528863,0
tranco_benign_proxy,0,0.15438505016824494,0
phishtank,1,0.9808693068193084,1
phishtank,1,0.9732832299067119,1
phishtank,1,0.9977763745136737,1
tranco_benign_proxy,0,0.364984894056585,0
tranco_benign_proxy,0,0.5455989734120541,0
phishtank,1,0.9988492192068336,1
phishtank,1,0.9979232072334482,1
tranco_benign_proxy,0,0.0688282234121352,0
phishtank,1,0.9999622355670046,1
phishtank,1,0.9765678820739784,1
phishtank,1,0.999632074124493,1
tranco_benign_proxy,0,0.24853503518337908,0
phishtank,1,0.9831923766003251,1
phishtank,1,0.9993131669033365,1
phishtank,1,0.45081371352975896,0
phishtank,1,0.9602420852484975,1
phishtank,1,0.9733196367040166,1
tranco_benign_proxy,0,0.18664869928295091,0
phishtank,1,0.9937270456816747,1
phishtank,1,0.9989728422992509,1
phishtank,1,0.9618843010631201,1
tranco_benign_proxy,0,0.1350050864079748,0
tranco_benign_proxy,0,0.2850611225151957,0
phishtank,1,0.9991233473653994,1
phishtank,1,0.9980804684124425,1
tranco_benign_proxy,0,0.054712614120372864,0
phishtank,1,0.987525003123695,1
tranco_benign_proxy,0,0.18066063281757716,0
tranco_benign_proxy,0,0.05342181065525268,0
tranco_benign_proxy,0,0.7545778882769791,1
phishtank,1,0.9969300413525983,1
phishtank,1,0.9997166722426112,1
phishtank,1,0.25672538492763647,0
tranco_benign_proxy,0,0.52736619544252,0
phishtank,1,0.9999208505391024,1
phishtank,1,0.9600046941802495,1
phishtank,1,0.7252546509680629,1
tranco_benign_proxy,0,0.6296755681563484,0
phishtank,1,0.9999307531384697,1
phishtank,1,0.9970102017829852,1
phishtank,1,0.9945604902645044,1
phishtank,1,0.9593694303865211,1
tranco_benign_proxy,0,0.6579841978691899,0
tranco_benign_proxy,0,0.36131994681134977,0
phishtank,1,0.8232942279328105,1
tranco_benign_proxy,0,0.5368191424645037,0
tranco_benign_proxy,0,0.24067151729267955,0
tranco_benign_proxy,0,0.4449475911533247,0
phishtank,1,0.9987074549979359,1
tranco_benign_proxy,0,0.16224144399186205,0
tranco_benign_proxy,0,0.07924716892936025,0
tranco_benign_proxy,0,0.21043584993055042,0
tranco_benign_proxy,0,0.44526014453810775,0
tranco_benign_proxy,0,0.9305931074142226,1
tranco_benign_proxy,0,0.7991984179009516,1
phishtank,1,0.9844505203969816,1
phishtank,1,0.5154924132460282,0
phishtank,1,0.9986365003506138,1
tranco_benign_proxy,0,0.15197484001888018,0
phishtank,1,0.9996877101706785,1
phishtank,1,0.9974803536578143,1
phishtank,1,0.998695552306274,1
phishtank,1,0.950829303201164,1
tranco_benign_proxy,0,0.9729579761717367,1
tranco_benign_proxy,0,0.9216299615166234,1
phishtank,1,0.9929785545673082,1
phishtank,1,0.9999487288186094,1
phishtank,1,0.9984231857298109,1
phishtank,1,0.9556262919744518,1
tranco_benign_proxy,0,0.917017047141891,1
tranco_benign_proxy,0,0.92925687816622,1
phishtank,1,0.9995864682936196,1
phishtank,1,0.9923893856902953,1
phishtank,1,0.9967220625628805,1
phishtank,1,0.9874865657768814,1
phishtank,1,0.9818616502615388,1
phishtank,1,0.8404915563968878,1
tranco_benign_proxy,0,0.4744251104501359,0
tranco_benign_proxy,0,0.260201924636605,0
tranco_benign_proxy,0,0.21789737832219647,0
phishtank,1,0.9781823614203372,1
phishtank,1,0.9485413643741968,1
tranco_benign_proxy,0,0.00888623990365412,0
phishtank,1,0.9841200281692869,1
phishtank,1,0.9666852925853425,1
phishtank,1,0.9849623837985664,1
phishtank,1,0.9973707231873948,1
tranco_benign_proxy,0,0.42000764317929534,0
phishtank,1,0.9927008849474298,1
phishtank,1,0.9289102189477921,1
phishtank,1,0.9877742506703349,1
phishtank,1,0.9767047790618903,1
phishtank,1,0.9867110675854037,1
tranco_benign_proxy,0,0.4406485354166661,0
tranco_benign_proxy,0,0.9453960622411981,1
tranco_benign_proxy,0,0.07259248162300666,0
phishtank,1,0.9992739178037134,1
tranco_benign_proxy,0,0.6805240338968233,0
tranco_benign_proxy,0,0.13434429594314776,0
phishtank,1,0.9929123544282236,1
tranco_benign_proxy,0,0.13732936314565686,0
tranco_benign_proxy,0,0.25434128485028873,0
tranco_benign_proxy,0,0.37412083253190903,0
tranco_benign_proxy,0,0.15453850777676,0
phishtank,1,0.997453886671062,1
phishtank,1,0.9984152107201862,1
phishtank,1,0.9760114652135443,1
tranco_benign_proxy,0,0.21411969581577472,0
tranco_benign_proxy,0,0.6347501453105332,0
phishtank,1,0.41348798908726736,0
tranco_benign_proxy,0,0.05477517210936298,0
tranco_benign_proxy,0,0.37465162198807744,0
tranco_benign_proxy,0,0.40140764181479227,0
phishtank,1,0.9993475919131652,1
phishtank,1,0.8689808601000071,1
tranco_benign_proxy,0,0.6184519991793614,0
phishtank,1,0.9779357069336531,1
tranco_benign_proxy,0,0.6109231812513622,0
tranco_benign_proxy,0,0.03646803883562716,0
tranco_benign_proxy,0,0.567389961597543,0
phishtank,1,0.9966956340610678,1
tranco_benign_proxy,0,0.506914641645466,0
phishtank,1,0.869721389568871,1
phishtank,1,0.9991315013988917,1
phishtank,1,0.999018640428618,1
tranco_benign_proxy,0,0.029608796096111688,0
tranco_benign_proxy,0,0.3316571448440453,0
tranco_benign_proxy,0,0.03786019809369384,0
tranco_benign_proxy,0,0.18652758393628951,0
tranco_benign_proxy,0,0.8816857323250701,1
phishtank,1,0.966601108523945,1
tranco_benign_proxy,0,0.1169109149319074,0
phishtank,1,0.9999739694683303,1
phishtank,1,0.9873229694165465,1
phishtank,1,0.9248063564352931,1
tranco_benign_proxy,0,0.046928415419676225,0
tranco_benign_proxy,0,0.14992128729310514,0
tranco_benign_proxy,0,0.19536229029466962,0
tranco_benign_proxy,0,0.5407849071137084,0
tranco_benign_proxy,0,0.13716041077611077,0
tranco_benign_proxy,0,0.36174556905903316,0
phishtank,1,0.9990527831375852,1
tranco_benign_proxy,0,0.47195067871120794,0
tranco_benign_proxy,0,0.9499310456873334,1
phishtank,1,0.998272837627404,1
tranco_benign_proxy,0,0.3674797467757557,0
tranco_benign_proxy,0,0.06473512750958826,0
phishtank,1,0.8714081580526347,1
tranco_benign_proxy,0,0.4383083713974969,0
tranco_benign_proxy,0,0.2908167664313306,0
phishtank,1,0.9953248745982903,1
tranco_benign_proxy,0,0.4076904855893597,0
phishtank,1,0.9997298734860192,1
tranco_benign_proxy,0,0.8109942099257773,1
phishtank,1,0.9998586472309399,1
tranco_benign_proxy,0,0.11632309542482902,0
phishtank,1,0.8734896008267653,1
phishtank,1,0.20718569502998044,0
tranco_benign_proxy,0,0.8126070729589294,1
tranco_benign_proxy,0,0.9707250095887132,1
phishtank,1,0.999373365897521,1
phishtank,1,0.9976327251564326,1
tranco_benign_proxy,0,0.025169348679148825,0
phishtank,1,0.9956174996523831,1
tranco_benign_proxy,0,0.05756335541906801,0
phishtank,1,0.9999254623665459,1
tranco_benign_proxy,0,0.5367905682006932,0
phishtank,1,0.998997899240904,1
tranco_benign_proxy,0,0.7738424346215909,1
phishtank,1,0.9959744643049132,1
phishtank,1,0.9349760983275881,1
tranco_benign_proxy,0,0.545105879911743,0
tranco_benign_proxy,0,0.15354749224221675,0
phishtank,1,0.9661223274215138,1
tranco_benign_proxy,0,0.17522372930773372,0
phishtank,1,0.9804566231086403,1
tranco_benign_proxy,0,0.5220035016444864,0
phishtank,1,0.9989961448098211,1
phishtank,1,0.9999909256631452,1
phishtank,1,0.9815928362410051,1
phishtank,1,0.9984021250700861,1
phishtank,1,0.9999580418362236,1
tranco_benign_proxy,0,0.1513719417951631,0
phishtank,1,0.6078056100970246,0
phishtank,1,0.9972669514422892,1
tranco_benign_proxy,0,0.00630017374988892,0
tranco_benign_proxy,0,0.9078993090673827,1
tranco_benign_proxy,0,0.4671853126155075,0
tranco_benign_proxy,0,0.15791017700704615,0
phishtank,1,0.8575670559179623,1
phishtank,1,0.9919663479491486,1
tranco_benign_proxy,0,0.04281963251483126,0
tranco_benign_proxy,0,0.39667088097190745,0
tranco_benign_proxy,0,0.30674395949754846,0
phishtank,1,0.9174920812712277,1
phishtank,1,0.9748362220629062,1
phishtank,1,0.9993445564084245,1
phishtank,1,0.9971427986595801,1
tranco_benign_proxy,0,0.13341832544236804,0
tranco_benign_proxy,0,0.07247158840615316,0
tranco_benign_proxy,0,0.43407150880192574,0
phishtank,1,0.9831433216577555,1
tranco_benign_proxy,0,0.19020721560222856,0
tranco_benign_proxy,0,0.009766668169325567,0
tranco_benign_proxy,0,0.4464010543469147,0
tranco_benign_proxy,0,0.630807904191899,0
tranco_benign_proxy,0,0.5109230459622839,0
tranco_benign_proxy,0,0.9565873995670621,1
tranco_benign_proxy,0,0.36950413760996914,0
tranco_benign_proxy,0,0.044489239984642576,0
tranco_benign_proxy,0,0.0861636378371118,0
phishtank,1,0.9733547380434775,1
phishtank,1,0.9937891801592355,1
phishtank,1,0.9964707434504265,1
tranco_benign_proxy,0,0.05701825221539346,0
tranco_benign_proxy,0,0.8835942935876916,1
tranco_benign_proxy,0,0.7669220755143942,1
phishtank,1,0.5881035874131122,0
tranco_benign_proxy,0,0.3041530721180447,0
phishtank,1,0.989557887761428,1
phishtank,1,0.993368336193959,1
tranco_benign_proxy,0,0.6212929203300054,0
tranco_benign_proxy,0,0.034071125679621485,0
phishtank,1,0.9805751735695004,1
tranco_benign_proxy,0,0.2934859511958747,0
tranco_benign_proxy,0,0.21169673589984675,0
tranco_benign_proxy,0,0.033232448598180704,0
phishtank,1,0.9720729864992823,1
phishtank,1,0.9997989985614941,1
phishtank,1,0.9876437903453774,1
phishtank,1,0.995542798182954,1
tranco_benign_proxy,0,0.2218243837402977,0
phishtank,1,0.9956567349146261,1
tranco_benign_proxy,0,0.48915487480866565,0
tranco_benign_proxy,0,0.3395540982144675,0
tranco_benign_proxy,0,0.050723173492296714,0
tranco_benign_proxy,0,0.27088572887991735,0
tranco_benign_proxy,0,0.004489306209379352,0
phishtank,1,0.9579089140966633,1
tranco_benign_proxy,0,0.45466686736733836,0
phishtank,1,0.9962061836231273,1
phishtank,1,0.9902220637832921,1
phishtank,1,0.9870108927168334,1
phishtank,1,0.9992701622327431,1
tranco_benign_proxy,0,0.8740555634624717,1
tranco_benign_proxy,0,0.05157042919078488,0
phishtank,1,0.9281224820635924,1
phishtank,1,0.07223346429284486,0
phishtank,1,0.999959134950582,1
phishtank,1,0.9911844583155983,1
tranco_benign_proxy,0,0.2372711705962939,0
tranco_benign_proxy,0,0.05529782793940848,0
phishtank,1,0.770339727525975,1
tranco_benign_proxy,0,0.7245081168493608,1
phishtank,1,0.9986343061253661,1
tranco_benign_proxy,0,0.1089933529118367,0
phishtank,1,0.9981365861573489,1
phishtank,1,0.8647936620901074,1
phishtank,1,0.9825239797432987,1
tranco_benign_proxy,0,0.4326681356007499,0
phishtank,1,0.9497691471602484,1
tranco_benign_proxy,0,0.12172228152754226,0
tranco_benign_proxy,0,0.5638830064140966,0
phishtank,1,0.9297372959127452,1
tranco_benign_proxy,0,0.9248801820101894,1
phishtank,1,0.9881163318444006,1
tranco_benign_proxy,0,0.13683285135694556,0
phishtank,1,0.9969726197440217,1
tranco_benign_proxy,0,0.31155287917784513,0
phishtank,1,0.07947061438103546,0
phishtank,1,0.08459860610134548,0
phishtank,1,0.9999379968759892,1
tranco_benign_proxy,0,0.9552875067433387,1
phishtank,1,0.9971214726584693,1
phishtank,1,0.9979646589434721,1
tranco_benign_proxy,0,0.16854022643046404,0
phishtank,1,0.2709149186618378,0
phishtank,1,0.9744261113950843,1
tranco_benign_proxy,0,0.07590904601941505,0
phishtank,1,0.9978318835525114,1
phishtank,1,0.9996264706055255,1
phishtank,1,0.9530150466598474,1
tranco_benign_proxy,0,0.12994713738645508,0
phishtank,1,0.9928927535545742,1
tranco_benign_proxy,0,0.8270734357236033,1
phishtank,1,0.9969202222266089,1
phishtank,1,0.9970197367647274,1
tranco_benign_proxy,0,0.5708765575808815,0
phishtank,1,0.9986738866014355,1
tranco_benign_proxy,0,0.08244200803468939,0
phishtank,1,0.9999271870116647,1
tranco_benign_proxy,0,0.26897183028436933,0
phishtank,1,0.923136607738873,1
phishtank,1,0.9459386532539839,1
tranco_benign_proxy,0,0.315465121595417,0
phishtank,1,0.27869952970248646,0
phishtank,1,0.977818025261075,1
phishtank,1,0.9683495958799853,1
tranco_benign_proxy,0,0.08453172829998354,0
phishtank,1,0.9502709399734847,1
phishtank,1,0.9493695273583093,1
tranco_benign_proxy,0,0.2183570612864956,0
tranco_benign_proxy,0,0.27786539004052085,0
tranco_benign_proxy,0,0.3979023052881392,0
phishtank,1,0.9921914562635412,1
phishtank,1,0.9998633005991757,1
phishtank,1,0.999424832861652,1
tranco_benign_proxy,0,0.8532701789417093,1
tranco_benign_proxy,0,0.11980179588535195,0
phishtank,1,0.9881054457696826,1
phishtank,1,0.9987074375059725,1
tranco_benign_proxy,0,0.10046812615339137,0
tranco_benign_proxy,0,0.17788024640130445,0
phishtank,1,0.9972364389043884,1
tranco_benign_proxy,0,0.16948174281273276,0
phishtank,1,0.9345195662580749,1
tranco_benign_proxy,0,0.05106282880105459,0
tranco_benign_proxy,0,0.08275246517458638,0
phishtank,1,0.9940466350081294,1
tranco_benign_proxy,0,0.7525527861343829,1
tranco_benign_proxy,0,0.7553440179338193,1
tranco_benign_proxy,0,0.1778120195384594,0
tranco_benign_proxy,0,0.582453307662307,0
phishtank,1,0.9980689479074287,1
phishtank,1,0.9997140285437612,1
phishtank,1,0.9992844367568473,1
tranco_benign_proxy,0,0.7582781458114534,1
tranco_benign_proxy,0,0.20200046920151174,0
phishtank,1,0.9758667361309792,1
tranco_benign_proxy,0,0.8597339420977703,1
phishtank,1,0.9954140162657739,1
phishtank,1,0.9951277812856962,1
tranco_benign_proxy,0,0.18635261418844065,0
phishtank,1,0.9911458197422389,1
phishtank,1,0.9988273138617831,1
tranco_benign_proxy,0,0.5599353139087195,0
phishtank,1,0.9996719077959124,1
phishtank,1,0.9638615263022527,1
tranco_benign_proxy,0,0.3670754004296486,0
tranco_benign_proxy,0,0.36002412020759655,0
tranco_benign_proxy,0,0.10591415999773669,0
tranco_benign_proxy,0,0.63968572956117,0
phishtank,1,0.9963847853572054,1
tranco_benign_proxy,0,0.44298016825017145,0
tranco_benign_proxy,0,0.10945586226611193,0
tranco_benign_proxy,0,0.2913243062980466,0
phishtank,1,0.9930263298432659,1
tranco_benign_proxy,0,0.011449054791206283,0
tranco_benign_proxy,0,0.030059165194830408,0
tranco_benign_proxy,0,0.387447508905552,0
tranco_benign_proxy,0,0.4145684109013085,0
tranco_benign_proxy,0,0.9323039880586336,1
phishtank,1,0.9939733261852098,1
tranco_benign_proxy,0,0.3911054826350394,0
tranco_benign_proxy,0,0.48473935228512594,0
phishtank,1,0.9596756850643614,1
tranco_benign_proxy,0,0.1340138482666649,0
tranco_benign_proxy,0,0.24594712529003712,0
phishtank,1,0.9737834582148891,1
phishtank,1,0.9999088788021266,1
tranco_benign_proxy,0,0.11733992211504193,0
phishtank,1,0.8597284195284716,1
tranco_benign_proxy,0,0.4930203370475274,0
phishtank,1,0.9990900142129857,1
phishtank,1,0.9921460454861957,1
tranco_benign_proxy,0,0.18925900259918774,0
phishtank,1,0.984870875042724,1
phishtank,1,0.9696743276548466,1
tranco_benign_proxy,0,0.9373586523678535,1
phishtank,1,0.28842735595621505,0
tranco_benign_proxy,0,0.0480221213522645,0
phishtank,1,0.9911830683979714,1
tranco_benign_proxy,0,0.29838924399564515,0
tranco_benign_proxy,0,0.5771451481203308,0
tranco_benign_proxy,0,0.21855182151740005,0
phishtank,1,0.9995183155377936,1
phishtank,1,0.9865969217371873,1
phishtank,1,0.9944726770015808,1
tranco_benign_proxy,0,0.21437637468969928,0
phishtank,1,0.997733394100775,1
tranco_benign_proxy,0,0.0035176713781294644,0
phishtank,1,0.2231865089558132,0
phishtank,1,0.9968129950685599,1
phishtank,1,0.3565926043112268,0
phishtank,1,0.9997231391588342,1
phishtank,1,0.9998693446554391,1
phishtank,1,0.9838488307414461,1
tranco_benign_proxy,0,0.2927687483843483,0
phishtank,1,0.9894084685962086,1
tranco_benign_proxy,0,0.9890877847766927,1
phishtank,1,0.9928757859327556,1
tranco_benign_proxy,0,0.8930511330303305,1
phishtank,1,0.997441493825744,1
phishtank,1,0.9977247402132071,1
phishtank,1,0.9995811381031421,1
phishtank,1,0.9748191204021829,1
phishtank,1,0.99995621224459,1
tranco_benign_proxy,0,0.35552857881428823,0
phishtank,1,0.9841978074918185,1
phishtank,1,0.1657591430936184,0
phishtank,1,0.9432413386696298,1
tranco_benign_proxy,0,0.08133265286883777,0
phishtank,1,0.9952564140785773,1
tranco_benign_proxy,0,0.9858359194994257,1
phishtank,1,0.5295157869535051,0
tranco_benign_proxy,0,0.9179938893941281,1
tranco_benign_proxy,0,0.34839109535073004,0
phishtank,1,0.9992552404439838,1
phishtank,1,0.9977098989591122,1
tranco_benign_proxy,0,0.9087733511551048,1
tranco_benign_proxy,0,0.067884440331967,0
phishtank,1,0.9344855426916503,1
phishtank,1,0.9994560606877966,1
tranco_benign_proxy,0,0.009085263498489753,0
tranco_benign_proxy,0,0.5065820950755122,0
tranco_benign_proxy,0,0.2040719248879847,0
tranco_benign_proxy,0,0.2969026484434013,0
phishtank,1,0.9365941908417317,1
tranco_benign_proxy,0,0.6659324227593301,0
tranco_benign_proxy,0,0.10376000018728027,0
tranco_benign_proxy,0,0.008547215502469929,0
tranco_benign_proxy,0,0.5086555461517723,0
tranco_benign_proxy,0,0.15782089943841937,0
phishtank,1,0.9999708653430424,1
phishtank,1,0.9519315812469444,1
phishtank,1,0.9982499314956218,1
tranco_benign_proxy,0,0.47560065888121794,0
tranco_benign_proxy,0,0.2980316667066114,0
tranco_benign_proxy,0,0.37130673929096947,0
phishtank,1,0.9764450330741893,1
phishtank,1,0.9226470159890466,1
phishtank,1,0.957436459266883,1
tranco_benign_proxy,0,0.8112864996885063,1
tranco_benign_proxy,0,0.24085101931111572,0
tranco_benign_proxy,0,0.28335789971156683,0
phishtank,1,0.9986621965585787,1
phishtank,1,0.7074803900147755,1
tranco_benign_proxy,0,0.9658912842744429,1
tranco_benign_proxy,0,0.9068446979334308,1
tranco_benign_proxy,0,0.0798913901697234,0
phishtank,1,0.7243246515449345,1
tranco_benign_proxy,0,0.9136732878741628,1
phishtank,1,0.9998884483261794,1
phishtank,1,0.7206874530140635,1
tranco_benign_proxy,0,0.0013010080213835202,0
phishtank,1,0.9755632640227764,1
phishtank,1,0.8942676829884932,1
tranco_benign_proxy,0,0.06378910100931263,0
phishtank,1,0.975683931581211,1
phishtank,1,0.8228430247748176,1
tranco_benign_proxy,0,0.5263451460377128,0
phishtank,1,0.9842452221665233,1
phishtank,1,0.9994858187476651,1
phishtank,1,0.9421829643257145,1
phishtank,1,0.28961064536422376,0
phishtank,1,0.995498120251508,1
tranco_benign_proxy,0,0.29882757584440317,0
phishtank,1,0.9989497685139201,1
phishtank,1,0.9742261658068673,1
phishtank,1,0.999936432301263,1
tranco_benign_proxy,0,0.9641491712761184,1
phishtank,1,0.9999574243174856,1
tranco_benign_proxy,0,0.0410166120129765,0
tranco_benign_proxy,0,0.5907055284762995,0
phishtank,1,0.9271825234467785,1
phishtank,1,0.9991370156478179,1
phishtank,1,0.9956596967899082,1
phishtank,1,0.9983038120859159,1
phishtank,1,0.8676369915995288,1
tranco_benign_proxy,0,0.2339397062823031,0
tranco_benign_proxy,0,0.10705823940836888,0
tranco_benign_proxy,0,0.8358562653238784,1
tranco_benign_proxy,0,0.24629547681701944,0
tranco_benign_proxy,0,0.8057250895624669,1
phishtank,1,0.9249921761326653,1
phishtank,1,0.9966786366880641,1
phishtank,1,0.9924119029780394,1
phishtank,1,0.999698742124362,1
phishtank,1,0.9929238111077016,1
phishtank,1,0.9754997203644784,1
tranco_benign_proxy,0,0.4369872214848969,0
tranco_benign_proxy,0,0.13214472929450785,0
tranco_benign_proxy,0,0.7239017518892793,1
tranco_benign_proxy,0,0.2149867833085972,0
tranco_benign_proxy,0,0.9137498626088255,1
phishtank,1,0.9987553419354259,1
phishtank,1,0.9997577437873663,1
phishtank,1,0.9891070207008785,1
phishtank,1,0.9998483027233017,1
tranco_benign_proxy,0,0.23266452150167316,0
tranco_benign_proxy,0,0.4457041433647052,0
phishtank,1,0.9607113044243445,1
tranco_benign_proxy,0,0.9849661528681738,1
tranco_benign_proxy,0,0.022991309167753778,0
phishtank,1,0.9998063922075751,1
phishtank,1,0.8993151888741541,1
tranco_benign_proxy,0,0.4719113352580454,0
phishtank,1,0.9982021369058123,1
phishtank,1,0.9851957359734592,1
tranco_benign_proxy,0,0.40247920477291066,0
phishtank,1,0.9186254745948749,1
phishtank,1,0.9836431762391238,1
phishtank,1,0.9924569946633753,1
tranco_benign_proxy,0,0.6411376384099613,0
phishtank,1,0.9986620429699277,1
phishtank,1,0.9972618561470318,1
phishtank,1,0.9997019975465117,1
phishtank,1,0.9941787211387643,1
phishtank,1,0.9980792883607175,1
phishtank,1,0.9901424084612407,1
phishtank,1,0.9788736963158969,1
phishtank,1,0.718659708898751,1
phishtank,1,0.9999492512575952,1
tranco_benign_proxy,0,0.10368611258029292,0
tranco_benign_proxy,0,0.9890216068592914,1
tranco_benign_proxy,0,0.5611990470864286,0
phishtank,1,0.9997198327866591,1
phishtank,1,0.9933616664694039,1
tranco_benign_proxy,0,0.05315095251236292,0
phishtank,1,0.9864213924453106,1
phishtank,1,0.9956798394386379,1
phishtank,1,0.9348889759470905,1
tranco_benign_proxy,0,0.23117154117523817,0
phishtank,1,0.9858375553152984,1
tranco_benign_proxy,0,0.34948032556583297,0
tranco_benign_proxy,0,0.36973974535593923,0
phishtank,1,0.9474504840441078,1
phishtank,1,0.024349120167660138,0
phishtank,1,0.9491771068249284,1
tranco_benign_proxy,0,0.5032450740716827,0
phishtank,1,0.978391253577903,1
phishtank,1,0.9987085624970315,1
phishtank,1,0.9895802210242314,1
tranco_benign_proxy,0,0.7570166000359914,1
tranco_benign_proxy,0,0.05849581736418371,0
phishtank,1,0.9998411009227327,1
tranco_benign_proxy,0,0.5911296553918646,0
phishtank,1,0.85070211093078,1
phishtank,1,0.9992076433610408,1
tranco_benign_proxy,0,0.012972785768498555,0
tranco_benign_proxy,0,0.04990813336218278,0
phishtank,1,0.9975497067746011,1
phishtank,1,0.9647782318008703,1
phishtank,1,0.9982553894695502,1
tranco_benign_proxy,0,0.228384279157143,0
tranco_benign_proxy,0,0.046129437423206056,0
phishtank,1,0.983891525655701,1
phishtank,1,0.7828731525913732,1
phishtank,1,0.9977393396674985,1
phishtank,1,0.8361860849082747,1
tranco_benign_proxy,0,0.35859183342668427,0
tranco_benign_proxy,0,0.8631664996796179,1
tranco_benign_proxy,0,0.6526717956227566,0
phishtank,1,0.9996684259492896,1
tranco_benign_proxy,0,0.20142408059735503,0
phishtank,1,0.9952317554047548,1
phishtank,1,0.9950430273011399,1
tranco_benign_proxy,0,0.721162191250648,1
phishtank,1,0.9994911742269844,1
tranco_benign_proxy,0,0.9091788536107596,1
phishtank,1,0.9606830247521514,1
tranco_benign_proxy,0,0.09843881999080671,0
tranco_benign_proxy,0,0.5336434354401274,0
phishtank,1,0.9984109888731815,1
tranco_benign_proxy,0,0.01380408664983698,0
phishtank,1,0.996333686375029,1
phishtank,1,0.9819880627578152,1
tranco_benign_proxy,0,0.26190530653159705,0
tranco_benign_proxy,0,0.8887740086067246,1
phishtank,1,0.9992701044223221,1
phishtank,1,0.9588226075929138,1
tranco_benign_proxy,0,0.00869125322143428,0
tranco_benign_proxy,0,0.04285300099799491,0
tranco_benign_proxy,0,0.8181617001815145,1
tranco_benign_proxy,0,0.2647126745329962,0
tranco_benign_proxy,0,0.6234316268728267,0
tranco_benign_proxy,0,0.9974804986608159,1
phishtank,1,0.9919335273837652,1
tranco_benign_proxy,0,0.6372317153481015,0
tranco_benign_proxy,0,0.31157791970628157,0
tranco_benign_proxy,0,0.7374180763866925,1
tranco_benign_proxy,0,0.055998402018945494,0
phishtank,1,0.6599748373084726,0
phishtank,1,0.9835272169890579,1
tranco_benign_proxy,0,0.03475204244692853,0
phishtank,1,0.992876297864817,1
tranco_benign_proxy,0,0.8540256626191725,1
tranco_benign_proxy,0,0.07204958083850276,0
phishtank,1,0.9992633348357932,1
phishtank,1,0.9981816576381936,1
phishtank,1,0.9445734228119641,1
tranco_benign_proxy,0,0.48171190201877495,0
tranco_benign_proxy,0,0.16417940577817494,0
phishtank,1,0.999723327674996,1
phishtank,1,0.9988239551882552,1
tranco_benign_proxy,0,0.054714806002489444,0
phishtank,1,0.9985539785078988,1
tranco_benign_proxy,0,0.24891425800526698,0
phishtank,1,0.9996591003923574,1
phishtank,1,0.9690514172896478,1
tranco_benign_proxy,0,0.7085089043562037,1
phishtank,1,0.9996053373517294,1
phishtank,1,0.9824429209502372,1
phishtank,1,0.995947656234203,1
phishtank,1,0.9567825453713398,1
phishtank,1,0.9983174197462701,1
phishtank,1,0.8326460033759238,1
phishtank,1,0.9650929084064627,1
tranco_benign_proxy,0,0.9873718025317755,1
tranco_benign_proxy,0,0.318757291310117,0
tranco_benign_proxy,0,0.7374967222413872,1
phishtank,1,0.9950389662169199,1
tranco_benign_proxy,0,0.3562636135463767,0
phishtank,1,0.33192996636094413,0
tranco_benign_proxy,0,0.02493015232575382,0
tranco_benign_proxy,0,0.9625735754738336,1
phishtank,1,0.9723234387802557,1
tranco_benign_proxy,0,0.2545651550145718,0
tranco_benign_proxy,0,0.052747935646905234,0
phishtank,1,0.9912579844026603,1
phishtank,1,0.9275652258287779,1
phishtank,1,0.9979226698603664,1
phishtank,1,0.19493830754784758,0
tranco_benign_proxy,0,0.14609305330568137,0
phishtank,1,0.999850203217621,1
phishtank,1,0.9345571645631092,1
tranco_benign_proxy,0,0.3068694182907102,0
phishtank,1,0.9848595718311635,1
tranco_benign_proxy,0,0.0014504396124992048,0
tranco_benign_proxy,0,0.6287036598365617,0
tranco_benign_proxy,0,0.870338255623239,1
phishtank,1,0.9983070106379983,1
tranco_benign_proxy,0,0.4640056202082873,0
phishtank,1,0.9972287711690736,1
tranco_benign_proxy,0,0.3233845322906395,0
phishtank,1,0.9969613928642016,1
tranco_benign_proxy,0,0.43695310386045655,0
phishtank,1,0.9926315680810698,1
tranco_benign_proxy,0,0.19170417295437264,0
phishtank,1,0.998177290178155,1
phishtank,1,0.9989795369308807,1
phishtank,1,0.25841420020782946,0
phishtank,1,0.9995724454027758,1
phishtank,1,0.9986902266319883,1
tranco_benign_proxy,0,0.1687778974271296,0
tranco_benign_proxy,0,0.9981592134600729,1
phishtank,1,0.974342487055846,1
tranco_benign_proxy,0,0.23828776805080065,0
tranco_benign_proxy,0,0.23949692952886892,0
phishtank,1,0.9959819428531402,1
phishtank,1,0.6855893012983653,0
tranco_benign_proxy,0,0.5312192190328331,0
phishtank,1,0.5054182354893056,0
tranco_benign_proxy,0,0.1844815019794503,0
phishtank,1,0.9984359431252634,1
phishtank,1,0.3282838477650502,0
phishtank,1,0.996162966371378,1
phishtank,1,0.981198656317365,1
tranco_benign_proxy,0,0.2978307045897872,0
tranco_benign_proxy,0,0.5272768811138123,0
tranco_benign_proxy,0,0.658482768807486,0
phishtank,1,0.9981092886335695,1
tranco_benign_proxy,0,0.012001200401907596,0
phishtank,1,0.9779154942144148,1
phishtank,1,0.9559983628506519,1
phishtank,1,0.9948130351139904,1
tranco_benign_proxy,0,0.21103752979290405,0
tranco_benign_proxy,0,0.40736634489739126,0
tranco_benign_proxy,0,0.4137840019548346,0
phishtank,1,0.9285966474167656,1
tranco_benign_proxy,0,0.03743330652655443,0
phishtank,1,0.9326894288152359,1
phishtank,1,0.9927136071206498,1
tranco_benign_proxy,0,0.6802493926625723,0
phishtank,1,0.9736013987551859,1
tranco_benign_proxy,0,0.011372521109471734,0
phishtank,1,0.9756130527641114,1
tranco_benign_proxy,0,0.6900056078616509,0
phishtank,1,0.2004292927512963,0
tranco_benign_proxy,0,0.005674639766829721,0
phishtank,1,0.9627971352661772,1
phishtank,1,0.9957089094855824,1
phishtank,1,0.9997725451588382,1
phishtank,1,0.9442082427766758,1
phishtank,1,0.9649352368513926,1
phishtank,1,0.2030043567843388,0
phishtank,1,0.9858563246412329,1
tranco_benign_proxy,0,0.16061016956239824,0
phishtank,1,0.8263408670073649,1
phishtank,1,0.35731015904295055,0
tranco_benign_proxy,0,0.14188219045083492,0
tranco_benign_proxy,0,0.10409167824856458,0
phishtank,1,0.9948642441447201,1
phishtank,1,0.9967097092551415,1
phishtank,1,0.9946926599851559,1
tranco_benign_proxy,0,0.6088368633308705,0
phishtank,1,0.9657891174273029,1
tranco_benign_proxy,0,0.09592345869707199,0
tranco_benign_proxy,0,0.049200732406069446,0
tranco_benign_proxy,0,0.05284668235460939,0
phishtank,1,0.967304125746946,1
tranco_benign_proxy,0,0.1411011868681214,0
phishtank,1,0.9904059653155153,1
phishtank,1,0.9996413736285392,1
phishtank,1,0.8189023249135116,1
tranco_benign_proxy,0,0.3676521100496135,0
phishtank,1,0.9980598278889097,1
tranco_benign_proxy,0,0.06990193792179088,0
phishtank,1,0.9610250697137019,1
phishtank,1,0.9979324033608719,1
tranco_benign_proxy,0,0.08666333898477636,0
tranco_benign_proxy,0,0.7762472181706632,1
tranco_benign_proxy,0,0.024314631730574993,0
phishtank,1,0.9979623281404771,1
phishtank,1,0.9566435827892248,1
tranco_benign_proxy,0,0.8729923825979773,1
tranco_benign_proxy,0,0.9745477748917292,1
tranco_benign_proxy,0,0.3528897101443452,0
tranco_benign_proxy,0,0.11938855469926773,0
tranco_benign_proxy,0,0.09976124572603602,0
phishtank,1,0.9993957746254339,1
tranco_benign_proxy,0,0.08531367673501136,0
phishtank,1,0.9984943026700894,1
phishtank,1,0.9989901261405579,1
phishtank,1,0.9885313218457475,1
phishtank,1,0.6360950591971826,0
tranco_benign_proxy,0,0.04573471755288268,0
tranco_benign_proxy,0,0.03904785357437072,0
phishtank,1,0.9626262138178118,1
phishtank,1,0.9856248675445386,1
phishtank,1,0.984985356500393,1
phishtank,1,0.998821942995206,1
tranco_benign_proxy,0,0.6654466397951005,0
tranco_benign_proxy,0,0.07406688364952417,0
phishtank,1,0.9940043169153534,1
tranco_benign_proxy,0,0.003925580444310568,0
tranco_benign_proxy,0,0.3927122632253517,0
tranco_benign_proxy,0,0.08491253749758779,0
phishtank,1,0.8469682074358338,1
phishtank,1,0.8913519695620274,1
tranco_benign_proxy,0,0.28756304875938127,0
phishtank,1,0.9926400713038337,1
tranco_benign_proxy,0,0.2684798644776604,0
phishtank,1,0.5730336495798687,0
phishtank,1,0.9891528696673941,1
tranco_benign_proxy,0,0.6195492463408793,0
tranco_benign_proxy,0,0.36303393944850204,0
phishtank,1,0.9997307094570367,1
phishtank,1,0.9758223078539079,1
phishtank,1,0.9658185049431852,1
phishtank,1,0.999242155140444,1
phishtank,1,0.9993056208065202,1
phishtank,1,0.9932397464423834,1
phishtank,1,0.9194770291122534,1
phishtank,1,0.9627756187575042,1
tranco_benign_proxy,0,0.11931081291822465,0
phishtank,1,0.9970834517389647,1
tranco_benign_proxy,0,0.08674017416930568,0
tranco_benign_proxy,0,0.7802904429124451,1
phishtank,1,0.8106923184703555,1
phishtank,1,0.974316702719182,1
tranco_benign_proxy,0,0.32148190365377843,0
phishtank,1,0.9174135857854789,1
tranco_benign_proxy,0,0.5674706003341649,0
tranco_benign_proxy,0,0.3995061402563321,0
tranco_benign_proxy,0,0.05264777319816185,0
phishtank,1,0.9998334262062681,1
tranco_benign_proxy,0,0.054679315330020344,0
tranco_benign_proxy,0,0.35236841052738394,0
phishtank,1,0.9701608594735298,1
tranco_benign_proxy,0,0.22824476878481406,0
tranco_benign_proxy,0,0.11254485395670981,0
phishtank,1,0.5422225226822036,0
tranco_benign_proxy,0,0.05484141776501653,0
tranco_benign_proxy,0,0.8947158485881999,1
phishtank,1,0.9998833211393818,1
phishtank,1,0.986709843293313,1
tranco_benign_proxy,0,0.006022594071438128,0
phishtank,1,0.999688842291898,1
tranco_benign_proxy,0,0.04752192851522833,0
tranco_benign_proxy,0,0.018654384247090965,0
tranco_benign_proxy,0,0.7939729604725781,1
phishtank,1,0.6253521067360787,0
tranco_benign_proxy,0,0.020789872431287663,0
tranco_benign_proxy,0,0.8562256681215692,1
phishtank,1,0.9930652903393429,1
phishtank,1,0.9997942934097429,1
tranco_benign_proxy,0,0.3694541810439512,0
phishtank,1,0.9601610240006598,1
phishtank,1,0.892297147549722,1
tranco_benign_proxy,0,0.11545521542791633,0
phishtank,1,0.9939195922071052,1
phishtank,1,0.9951686857454001,1
tranco_benign_proxy,0,0.015243904284064917,0
tranco_benign_proxy,0,0.13111470889342294,0
tranco_benign_proxy,0,0.3476007782094611,0
tranco_benign_proxy,0,0.03378143708218273,0
tranco_benign_proxy,0,0.192656582316456,0
tranco_benign_proxy,0,0.47374967431412734,0
tranco_benign_proxy,0,0.2290510699079941,0
phishtank,1,0.73362864546599,1
phishtank,1,0.9723365616121998,1
tranco_benign_proxy,0,0.39010922854807667,0
tranco_benign_proxy,0,0.9777430211130963,1
tranco_benign_proxy,0,0.9133110787136458,1
tranco_benign_proxy,0,0.007505361332418085,0
tranco_benign_proxy,0,0.37866479661690094,0
phishtank,1,0.9932378726081287,1
phishtank,1,0.9731361652725975,1
phishtank,1,0.9979469797124343,1
tranco_benign_proxy,0,0.07846549415304306,0
phishtank,1,0.936124276914192,1
phishtank,1,0.9723715396815524,1
phishtank,1,0.9998106671219479,1
phishtank,1,0.16222394556323774,0
tranco_benign_proxy,0,0.1613979574707248,0
tranco_benign_proxy,0,0.01604241704524012,0
phishtank,1,0.9995541263566998,1
tranco_benign_proxy,0,0.5254440858927858,0
tranco_benign_proxy,0,0.12896599700897643,0
phishtank,1,0.9969190339460661,1
phishtank,1,0.9933234414488702,1
tranco_benign_proxy,0,0.19069829058295862,0
tranco_benign_proxy,0,0.6503623901868651,0
phishtank,1,0.9676034207912088,1
tranco_benign_proxy,0,0.09043001019578001,0
phishtank,1,0.9974111423218082,1
phishtank,1,0.9998960196582749,1
tranco_benign_proxy,0,0.4609586922158567,0
phishtank,1,0.8124194171400555,1
phishtank,1,0.9506610902006,1
phishtank,1,0.9966357307442398,1
phishtank,1,0.9997995411144431,1
phishtank,1,0.38373224910909265,0
tranco_benign_proxy,0,0.06596354897130367,0
phishtank,1,0.9944221100499733,1
phishtank,1,0.9976687494007002,1
phishtank,1,0.2734982705975345,0
phishtank,1,0.9855325998656415,1
phishtank,1,0.9754017399363469,1
tranco_benign_proxy,0,0.02686230431111904,0
tranco_benign_proxy,0,0.8977117600084896,1
tranco_benign_proxy,0,0.518269303190663,0
phishtank,1,0.9828032237986116,1
phishtank,1,0.3981495896373766,0
tranco_benign_proxy,0,0.244288321461771,0
tranco_benign_proxy,0,0.7660904854333344,1
tranco_benign_proxy,0,0.2888742476789302,0
tranco_benign_proxy,0,0.15204957100336058,0
phishtank,1,0.992280110600978,1
tranco_benign_proxy,0,0.2566083727581497,0
phishtank,1,0.9981817129109402,1
tranco_benign_proxy,0,0.8433012654398935,1
tranco_benign_proxy,0,0.11559488282626473,0
phishtank,1,0.9994559796050542,1
phishtank,1,0.9994805593125334,1
phishtank,1,0.99869390162039,1
tranco_benign_proxy,0,0.9993796177041531,1
tranco_benign_proxy,0,0.2761155080048802,0
phishtank,1,0.9878854814274604,1
tranco_benign_proxy,0,0.12284803241960002,0
phishtank,1,0.9998817945009544,1
phishtank,1,0.9933736582713392,1
phishtank,1,0.9676115674116723,1
phishtank,1,0.9994922417709184,1
phishtank,1,0.9717932253841635,1
tranco_benign_proxy,0,0.11754340526452953,0
phishtank,1,0.9947162739420212,1
phishtank,1,0.9999267462623342,1
phishtank,1,0.9987185925161985,1
tranco_benign_proxy,0,0.7214197943486005,1
phishtank,1,0.9995287370474791,1
phishtank,1,0.9936096734185119,1
phishtank,1,0.9722518345863355,1
phishtank,1,0.9986479638451993,1
tranco_benign_proxy,0,0.24829828271143112,0
tranco_benign_proxy,0,0.004400961296747885,0
phishtank,1,0.9976945672342374,1
phishtank,1,0.9999671781238109,1
tranco_benign_proxy,0,0.977885226681553,1
phishtank,1,0.9976570233909293,1
tranco_benign_proxy,0,0.2923157826748136,0
phishtank,1,0.9774427791848469,1
tranco_benign_proxy,0,0.26551420491463934,0
tranco_benign_proxy,0,0.2327625837654394,0
tranco_benign_proxy,0,0.1936710912091988,0
tranco_benign_proxy,0,0.38766063181265875,0
tranco_benign_proxy,0,0.10009705850591202,0
phishtank,1,0.9847658305178232,1
phishtank,1,0.9985154696117791,1
phishtank,1,0.9997290941980781,1
phishtank,1,0.9998685606039768,1
phishtank,1,0.9951798583942647,1
phishtank,1,0.9825396501560477,1
tranco_benign_proxy,0,0.2813371338646512,0
tranco_benign_proxy,0,0.573474021189235,0
phishtank,1,0.9570839336114964,1
tranco_benign_proxy,0,0.0584558286211962,0
phishtank,1,0.9990807579032925,1
phishtank,1,0.8288029776934287,1
tranco_benign_proxy,0,0.6814652739384701,0
phishtank,1,0.9992738916766297,1
tranco_benign_proxy,0,0.31656986823184174,0
phishtank,1,0.9550806131932387,1
phishtank,1,0.9984855857817956,1
phishtank,1,0.7842545133039662,1
tranco_benign_proxy,0,0.6403270190338136,0
tranco_benign_proxy,0,0.4812937671558658,0
tranco_benign_proxy,0,0.24941694889120297,0
phishtank,1,0.9948441652326834,1
tranco_benign_proxy,0,0.620413939517237,0
phishtank,1,0.989068902629031,1
tranco_benign_proxy,0,0.15369552592527685,0
phishtank,1,0.992894191488243,1
tranco_benign_proxy,0,0.2690881126729424,0
phishtank,1,0.9764733688949597,1
tranco_benign_proxy,0,0.08413686290694238,0
phishtank,1,0.9976961975858883,1
tranco_benign_proxy,0,0.1386799058424973,0
phishtank,1,0.9935056252794371,1
tranco_benign_proxy,0,0.1940897501782811,0
tranco_benign_proxy,0,0.6209854071926657,0
tranco_benign_proxy,0,0.20209289199583794,0
phishtank,1,0.9883077956545799,1
phishtank,1,0.9865230887332523,1
phishtank,1,0.20064462039201847,0
phishtank,1,0.9667422642419814,1
phishtank,1,0.9921638451426475,1
tranco_benign_proxy,0,0.3980989794267651,0
phishtank,1,0.955612310479365,1
phishtank,1,0.9946268067378365,1
phishtank,1,0.9997761289433518,1
phishtank,1,0.9986235422501771,1
phishtank,1,0.9939282331732788,1
tranco_benign_proxy,0,0.9052898914091351,1
phishtank,1,0.7010209761302838,1
phishtank,1,0.9116078898618856,1
phishtank,1,0.9370077756608455,1
tranco_benign_proxy,0,0.05139408546294076,0
tranco_benign_proxy,0,0.7990047580929097,1
phishtank,1,0.9387953048439289,1
tranco_benign_proxy,0,0.6159743975691596,0
phishtank,1,0.9861414395989223,1
tranco_benign_proxy,0,0.5396869731474689,0
tranco_benign_proxy,0,0.5444725194685681,0
phishtank,1,0.9987950411243544,1
phishtank,1,0.998061826363853,1
tranco_benign_proxy,0,0.060860413282665296,0
tranco_benign_proxy,0,0.111408941445314,0
tranco_benign_proxy,0,0.7130429086657134,1
tranco_benign_proxy,0,0.09154673408217621,0
tranco_benign_proxy,0,0.1531329348690001,0
phishtank,1,0.9973748506641151,1
tranco_benign_proxy,0,0.6568190918949844,0
phishtank,1,0.7214636029857555,1
tranco_benign_proxy,0,0.3728048586725587,0
phishtank,1,0.9899150160540131,1
tranco_benign_proxy,0,0.9342004674728382,1
phishtank,1,0.976567318832218,1
phishtank,1,0.9993733142865988,1
phishtank,1,0.9981928466318543,1
tranco_benign_proxy,0,0.3473479259594051,0
phishtank,1,0.9999952856617396,1
tranco_benign_proxy,0,0.3471259182730391,0
phishtank,1,0.9762287720800693,1
phishtank,1,0.999987615161484,1
tranco_benign_proxy,0,0.9064360551178536,1
tranco_benign_proxy,0,0.20788585531211612,0
phishtank,1,0.6944018343203185,0
tranco_benign_proxy,0,0.08050843561981094,0
tranco_benign_proxy,0,0.2298617776417555,0
tranco_benign_proxy,0,0.08084312479382313,0
phishtank,1,0.6463709269763265,0
tranco_benign_proxy,0,0.7405359860165138,1
phishtank,1,0.945958384362933,1
phishtank,1,0.9740702667630918,1
tranco_benign_proxy,0,0.022325669238013504,0
phishtank,1,0.9426200139453924,1
tranco_benign_proxy,0,0.05600386474529105,0
phishtank,1,0.998677456148117,1
tranco_benign_proxy,0,0.5392444475150829,0
phishtank,1,0.973194986175098,1
phishtank,1,0.8580360681703068,1
phishtank,1,0.9768104710977448,1
phishtank,1,0.9971486050794909,1
tranco_benign_proxy,0,0.015813175766995383,0
tranco_benign_proxy,0,0.5115788074035535,0
tranco_benign_proxy,0,0.4961829629416801,0
phishtank,1,0.9979081158340428,1
tranco_benign_proxy,0,0.09509996884324645,0
phishtank,1,0.08535265623868828,0
tranco_benign_proxy,0,0.5918868246429635,0
phishtank,1,0.9989702039864368,1
phishtank,1,0.9288477752921044,1
tranco_benign_proxy,0,0.1681987804609903,0
phishtank,1,0.9959947057675101,1
tranco_benign_proxy,0,0.9342505472590578,1
tranco_benign_proxy,0,0.04909876086974451,0
phishtank,1,0.999457056735222,1
tranco_benign_proxy,0,0.15132065648699863,0
phishtank,1,0.9997806721100707,1
tranco_benign_proxy,0,0.3332691262375436,0
tranco_benign_proxy,0,0.4562891687768636,0
phishtank,1,0.9959279915831647,1
tranco_benign_proxy,0,0.22724154078132622,0
tranco_benign_proxy,0,0.21159119229195783,0
phishtank,1,0.9986116871192754,1
tranco_benign_proxy,0,0.10286347909596488,0
tranco_benign_proxy,0,0.27088719624745466,0
tranco_benign_proxy,0,0.587793482306854,0
tranco_benign_proxy,0,0.20962403479772745,0
phishtank,1,0.99353419666108,1
tranco_benign_proxy,0,0.5716000352743846,0
phishtank,1,0.9992941364788367,1
tranco_benign_proxy,0,0.20628102154624184,0
phishtank,1,0.6945110249783027,0
phishtank,1,0.9993673594338792,1
phishtank,1,0.9561464236480492,1
tranco_benign_proxy,0,0.03230150959041405,0
phishtank,1,0.7692613472211254,1
phishtank,1,0.9998215729634615,1
tranco_benign_proxy,0,0.5473787034847416,0
phishtank,1,0.991078472659653,1
phishtank,1,0.9973879617501238,1
tranco_benign_proxy,0,0.15525466511917219,0
phishtank,1,0.99537888375689,1
phishtank,1,0.9497356560952742,1
phishtank,1,0.9997879555765191,1
tranco_benign_proxy,0,0.4960732216433044,0
tranco_benign_proxy,0,0.48918248326068375,0
tranco_benign_proxy,0,0.946503841809288,1
phishtank,1,0.9992526001729939,1
phishtank,1,0.9998750626733208,1
phishtank,1,0.9998962442390419,1
tranco_benign_proxy,0,0.20368336064012496,0
phishtank,1,0.9532297063911835,1
tranco_benign_proxy,0,0.433891765381031,0
tranco_benign_proxy,0,0.3161668213220562,0
phishtank,1,0.9872994149273173,1
tranco_benign_proxy,0,0.547691783469196,0
phishtank,1,0.9973350650589424,1
tranco_benign_proxy,0,0.14557034732015967,0
phishtank,1,0.9958159486384627,1
phishtank,1,0.9995771604087424,1
tranco_benign_proxy,0,0.1888240902015561,0
phishtank,1,0.999666973471804,1
tranco_benign_proxy,0,0.0008365758797791663,0
tranco_benign_proxy,0,0.2329534565579799,0
phishtank,1,0.9994244058325705,1
phishtank,1,0.9998835521939934,1
tranco_benign_proxy,0,0.24836529263678303,0
phishtank,1,0.9989301843860646,1
tranco_benign_proxy,0,0.37769588338426635,0
phishtank,1,0.9809783568630865,1
tranco_benign_proxy,0,0.5502289816968122,0
tranco_benign_proxy,0,0.07299597940621999,0
tranco_benign_proxy,0,0.38184810973514266,0
tranco_benign_proxy,0,0.0487414557048517,0
tranco_benign_proxy,0,0.6615543766343768,0
tranco_benign_proxy,0,0.8895466557542362,1
phishtank,1,0.9112127102023402,1
tranco_benign_proxy,0,0.8836078462880118,1
tranco_benign_proxy,0,0.08548796503074042,0
phishtank,1,0.9970585599004778,1
tranco_benign_proxy,0,0.12126893079577532,0
tranco_benign_proxy,0,0.08371658585010339,0
tranco_benign_proxy,0,0.1570837627637045,0
phishtank,1,0.994301259736871,1
tranco_benign_proxy,0,0.056405861844433525,0
phishtank,1,0.9887061670337648,1
tranco_benign_proxy,0,0.003260682014232989,0
tranco_benign_proxy,0,0.3504048273174007,0
tranco_benign_proxy,0,0.35716101528357347,0
phishtank,1,0.9990802727209757,1
phishtank,1,0.9989652872628849,1
phishtank,1,0.9971673679224481,1
tranco_benign_proxy,0,0.9765177217924673,1
tranco_benign_proxy,0,0.7179649814278157,1
tranco_benign_proxy,0,0.4652932268291851,0
tranco_benign_proxy,0,0.0880041912558578,0
tranco_benign_proxy,0,0.3289551822588168,0
phishtank,1,0.9429299761770494,1
tranco_benign_proxy,0,0.19701894432101563,0
tranco_benign_proxy,0,0.01952338649166823,0
tranco_benign_proxy,0,0.12941545379255368,0
tranco_benign_proxy,0,0.19766912154354876,0
tranco_benign_proxy,0,0.055462208197616,0
tranco_benign_proxy,0,0.3814885209047788,0
phishtank,1,0.9621496533055421,1
tranco_benign_proxy,0,0.0665686606922244,0
phishtank,1,0.9983432803583877,1
tranco_benign_proxy,0,0.21880697935303856,0
tranco_benign_proxy,0,0.4805589606669359,0
tranco_benign_proxy,0,0.779826567706093,1
phishtank,1,0.9943490593977481,1
phishtank,1,0.9190608362771953,1
tranco_benign_proxy,0,0.16368665780293543,0
phishtank,1,0.9974241521563759,1
tranco_benign_proxy,0,0.14215555325943305,0
tranco_benign_proxy,0,0.14853473670519943,0
tranco_benign_proxy,0,0.06848877237985382,0
tranco_benign_proxy,0,0.020880849869176394,0
tranco_benign_proxy,0,0.36615169973656364,0
phishtank,1,0.9974677130691427,1
phishtank,1,0.9703640010080224,1
phishtank,1,0.9997361329239964,1
tranco_benign_proxy,0,0.9970571289348077,1
phishtank,1,0.9925800636448693,1
phishtank,1,0.9828479047150287,1
phishtank,1,0.9519244206558146,1
phishtank,1,0.9968137933780363,1
tranco_benign_proxy,0,0.03445545976882956,0
phishtank,1,0.7002923153575148,1
tranco_benign_proxy,0,0.06461562008634837,0
phishtank,1,0.7067695891261933,1
phishtank,1,0.990603716387901,1
phishtank,1,0.9986242253397639,1
tranco_benign_proxy,0,0.8921988463399367,1
tranco_benign_proxy,0,0.29603316633818,0
phishtank,1,0.99596476941508,1
tranco_benign_proxy,0,0.5742454521998546,0
phishtank,1,0.9787557946895994,1
tranco_benign_proxy,0,0.05489986360591421,0
tranco_benign_proxy,0,0.25762910737945294,0
tranco_benign_proxy,0,0.10204357287584707,0
phishtank,1,0.9787766621970789,1
phishtank,1,0.9886496025607692,1
tranco_benign_proxy,0,0.5658199521042035,0
tranco_benign_proxy,0,0.7291359601433817,1
tranco_benign_proxy,0,0.07900089831240198,0
tranco_benign_proxy,0,0.14943686718809732,0
tranco_benign_proxy,0,0.1615676038985024,0
phishtank,1,0.9658256076921281,1
phishtank,1,0.9999680033116722,1
tranco_benign_proxy,0,0.19733927360414516,0
tranco_benign_proxy,0,0.8454003311283697,1
tranco_benign_proxy,0,0.3277841686543305,0
phishtank,1,0.9998223718102598,1
phishtank,1,0.9889886471782438,1
tranco_benign_proxy,0,0.9550753300581952,1
phishtank,1,0.9959045053087375,1
tranco_benign_proxy,0,0.07862138802843727,0
phishtank,1,0.9998053279787602,1
tranco_benign_proxy,0,0.29434300288376136,0
tranco_benign_proxy,0,0.8261904311067682,1
tranco_benign_proxy,0,0.0777778280314345,0
tranco_benign_proxy,0,0.5797830324266773,0
phishtank,1,0.9978511463507632,1
tranco_benign_proxy,0,0.09236232615218551,0
tranco_benign_proxy,0,0.288152387931471,0
tranco_benign_proxy,0,0.33425679095668775,0
phishtank,1,0.958226716150739,1
phishtank,1,0.7247882180167173,1
tranco_benign_proxy,0,0.013510231844808476,0
phishtank,1,0.8324026417665562,1
tranco_benign_proxy,0,0.9394412737715989,1
phishtank,1,0.8891625698273545,1
tranco_benign_proxy,0,0.1018809917259127,0
phishtank,1,0.9592991211207554,1
phishtank,1,0.9927322807510361,1
phishtank,1,0.984783708375919,1
phishtank,1,0.24856007293350324,0
phishtank,1,0.999911183871309,1
tranco_benign_proxy,0,0.27802906444555225,0
tranco_benign_proxy,0,0.5348772070465739,0
phishtank,1,0.9990920230367031,1
tranco_benign_proxy,0,0.10574830466460686,0
tranco_benign_proxy,0,0.09454291462694717,0
phishtank,1,0.9938914156335396,1
phishtank,1,0.995416710452057,1
phishtank,1,0.9991818523110586,1
tranco_benign_proxy,0,0.1798649383610814,0
phishtank,1,0.9894908219323323,1
tranco_benign_proxy,0,0.6633630011528125,0
phishtank,1,0.972642458726898,1
phishtank,1,0.7711681348476543,1
phishtank,1,0.9993490783563909,1
phishtank,1,0.9964873667652576,1
phishtank,1,0.8403530015394985,1
tranco_benign_proxy,0,0.9800332184860067,1
tranco_benign_proxy,0,0.026598710397811382,0
tranco_benign_proxy,0,0.11318067906872116,0
tranco_benign_proxy,0,0.873235062458972,1
phishtank,1,0.9998506638081872,1
tranco_benign_proxy,0,0.006207826318007707,0
phishtank,1,0.9980132592113421,1
phishtank,1,0.9996588505647298,1
phishtank,1,0.9461249200346775,1
phishtank,1,0.8835846885321517,1
tranco_benign_proxy,0,0.48519957084340437,0
tranco_benign_proxy,0,0.976596951222155,1
phishtank,1,0.9765036211440526,1
phishtank,1,0.8328062909862278,1
phishtank,1,0.998170911032818,1
phishtank,1,0.9947998871756479,1
phishtank,1,0.5067926871751728,0
phishtank,1,0.9987368181932065,1
tranco_benign_proxy,0,0.7341518729629953,1
tranco_benign_proxy,0,0.10406937744149379,0
phishtank,1,0.994291582961245,1
phishtank,1,0.9805173336128332,1
tranco_benign_proxy,0,0.33163468042607946,0
phishtank,1,0.9936470540265515,1
phishtank,1,0.9987439534342523,1
tranco_benign_proxy,0,0.22173145678397654,0
tranco_benign_proxy,0,0.25353829653867843,0
phishtank,1,0.9892040793678846,1
tranco_benign_proxy,0,0.0697673796783207,0
tranco_benign_proxy,0,0.3739342588550707,0
phishtank,1,0.9604446460105012,1
tranco_benign_proxy,0,0.6061142940434922,0
phishtank,1,0.9437947789479056,1
phishtank,1,0.9944541003404906,1
tranco_benign_proxy,0,0.3858850959394113,0
tranco_benign_proxy,0,0.0003319781746406632,0
phishtank,1,0.9970440645756486,1
phishtank,1,0.9985680519816419,1
tranco_benign_proxy,0,0.26783184910754143,0
tranco_benign_proxy,0,0.03911788573270958,0
phishtank,1,0.9997858656928225,1
tranco_benign_proxy,0,0.131984889374055,0
phishtank,1,0.999775575778227,1
phishtank,1,0.9997171944408071,1
phishtank,1,0.9984962043071519,1
phishtank,1,0.9639903930106829,1
phishtank,1,0.9945227538441975,1
tranco_benign_proxy,0,0.09716868991746269,0
tranco_benign_proxy,0,0.044053679111212184,0
tranco_benign_proxy,0,0.16109674000954577,0
tranco_benign_proxy,0,0.6596449206062338,0
tranco_benign_proxy,0,0.0185124753830326,0
tranco_benign_proxy,0,0.6553667757437498,0
phishtank,1,0.9994119228375665,1
phishtank,1,0.9788003920647551,1
phishtank,1,0.6653167091249734,0
phishtank,1,0.8442017389459412,1
phishtank,1,0.9959717866259274,1
phishtank,1,0.972631573883593,1
phishtank,1,0.99994717487536,1
tranco_benign_proxy,0,0.5344876977863826,0
tranco_benign_proxy,0,0.16234727567376286,0
phishtank,1,0.9997193709756932,1
phishtank,1,0.995412822298446,1
tranco_benign_proxy,0,0.4443041491314954,0
phishtank,1,0.9942959542543559,1
phishtank,1,0.9679133772487185,1
tranco_benign_proxy,0,0.12383023293741355,0
tranco_benign_proxy,0,0.7990857234590415,1
phishtank,1,0.9637182062751463,1
tranco_benign_proxy,0,0.7152552787310379,1
phishtank,1,0.9828942111156215,1
tranco_benign_proxy,0,0.05069355561339763,0
phishtank,1,0.9991236783896519,1
phishtank,1,0.9948507998767983,1
tranco_benign_proxy,0,0.13267460643672044,0
phishtank,1,0.9927848135828341,1
tranco_benign_proxy,0,0.21460565624025363,0
tranco_benign_proxy,0,0.4254071800375199,0
tranco_benign_proxy,0,0.1477617012323457,0
tranco_benign_proxy,0,0.8915882959574729,1
phishtank,1,0.8476002754508802,1
tranco_benign_proxy,0,0.9134844827747871,1
phishtank,1,0.9549112644365411,1
tranco_benign_proxy,0,0.07143739056852039,0
phishtank,1,0.8651366595805294,1
tranco_benign_proxy,0,0.9797994173943805,1
tranco_benign_proxy,0,0.9067498217111364,1
tranco_benign_proxy,0,0.6558683783791435,0
phishtank,1,0.9735601817112511,1
tranco_benign_proxy,0,0.47096115409231265,0
tranco_benign_proxy,0,0.1087259259967591,0
tranco_benign_proxy,0,0.028033250958600462,0
tranco_benign_proxy,0,0.7385028698215149,1
phishtank,1,0.998174242811683,1
phishtank,1,0.9988974577653252,1
tranco_benign_proxy,0,0.44931691815971536,0
tranco_benign_proxy,0,0.05848074139661151,0
tranco_benign_proxy,0,0.13996870315342233,0
tranco_benign_proxy,0,0.31617625533504806,0
phishtank,1,0.1392065384216785,0
tranco_benign_proxy,0,0.16799714269923968,0
tranco_benign_proxy,0,0.30446828682781857,0
phishtank,1,0.9949924321614779,1
tranco_benign_proxy,0,0.004105535240669554,0
phishtank,1,0.9502295728437039,1
phishtank,1,0.996709298265433,1
tranco_benign_proxy,0,0.005358336024805396,0
phishtank,1,0.4685770672054917,0
tranco_benign_proxy,0,0.21861729926446608,0
tranco_benign_proxy,0,0.03769348916910497,0
tranco_benign_proxy,0,0.29256612400168047,0
tranco_benign_proxy,0,0.782322074060221,1
phishtank,1,0.9956743936065645,1
tranco_benign_proxy,0,0.4896488670430822,0
phishtank,1,0.5999228027279867,0
tranco_benign_proxy,0,0.7291499566470617,1
phishtank,1,0.9959430670800355,1
tranco_benign_proxy,0,0.005023767152785777,0
tranco_benign_proxy,0,0.015572921916582008,0
phishtank,1,0.9985573786640853,1
tranco_benign_proxy,0,0.5799152203033039,0
phishtank,1,0.9988468935260223,1
tranco_benign_proxy,0,0.13537682009671342,0
phishtank,1,0.9943491720433846,1
phishtank,1,0.9981895517996656,1
phishtank,1,0.9878533544820413,1
tranco_benign_proxy,0,0.08022752375860479,0
phishtank,1,0.997131719130322,1
tranco_benign_proxy,0,0.26213969977186846,0
phishtank,1,0.9996378892265899,1
tranco_benign_proxy,0,0.14690402076762837,0
phishtank,1,0.9191931007928222,1
phishtank,1,0.9995219221786042,1
tranco_benign_proxy,0,0.21352999740457415,0
phishtank,1,0.9987352813015845,1
tranco_benign_proxy,0,0.598357357646192,0
tranco_benign_proxy,0,0.9589053448179562,1
phishtank,1,0.97618096181327,1
phishtank,1,0.9133339019791347,1
phishtank,1,0.9998809039244095,1
phishtank,1,0.9866517903590254,1
tranco_benign_proxy,0,0.0019321100725025202,0
tranco_benign_proxy,0,0.7746466601980845,1
tranco_benign_proxy,0,0.1616899761788986,0
phishtank,1,0.9987072307924775,1
tranco_benign_proxy,0,0.8444829615654815,1
tranco_benign_proxy,0,0.021149417476133452,0
phishtank,1,0.9459609184995414,1
phishtank,1,0.9871995472649907,1
tranco_benign_proxy,0,0.09037215028163682,0
phishtank,1,0.9787806466042946,1
tranco_benign_proxy,0,0.19743474648863615,0
phishtank,1,0.9832961181602068,1
tranco_benign_proxy,0,0.05485302281329712,0
phishtank,1,0.9925990800641584,1
phishtank,1,0.6685502367156039,0
phishtank,1,0.9998063909925164,1
phishtank,1,0.232509527497889,0
phishtank,1,0.9997791893934482,1
phishtank,1,0.9984567089167198,1
tranco_benign_proxy,0,0.9061673043293832,1
phishtank,1,0.9845431519521306,1
tranco_benign_proxy,0,0.29672285783207814,0
phishtank,1,0.9792650220894977,1
phishtank,1,0.9999918087818052,1
phishtank,1,0.45808129276797727,0
phishtank,1,0.9762110436256083,1
phishtank,1,0.9940518738359388,1
phishtank,1,0.8682397185888154,1
phishtank,1,0.9759971808924944,1
tranco_benign_proxy,0,0.13433561893447438,0
tranco_benign_proxy,0,0.06390593398298564,0
phishtank,1,0.9880916151471991,1
phishtank,1,0.9958393473331255,1
tranco_benign_proxy,0,0.2979014144590822,0
phishtank,1,0.9996129389712672,1
phishtank,1,0.30657276389913785,0
tranco_benign_proxy,0,0.5398543713302135,0
phishtank,1,0.9894900780544769,1
phishtank,1,0.933664486901542,1
phishtank,1,0.9965371818398249,1
phishtank,1,0.8280319362809018,1
tranco_benign_proxy,0,0.09936077253623882,0
phishtank,1,0.9974158037325364,1
phishtank,1,0.9995638670994679,1
phishtank,1,0.9970340898501986,1
tranco_benign_proxy,0,0.5561355087489276,0
phishtank,1,0.9569558494621396,1
phishtank,1,0.8867711751088544,1
phishtank,1,0.9862094507895703,1
tranco_benign_proxy,0,0.12177750656645021,0
phishtank,1,0.9918821571458251,1
phishtank,1,0.9574794335714176,1
phishtank,1,0.2804343942821474,0
phishtank,1,0.99663714142846,1
phishtank,1,0.988229052854964,1
tranco_benign_proxy,0,0.22901617338751873,0
tranco_benign_proxy,0,0.1562701332880139,0
phishtank,1,0.9963027447634197,1
phishtank,1,0.98766758871324,1
phishtank,1,0.9954403541209003,1
tranco_benign_proxy,0,0.988499006912455,1
tranco_benign_proxy,0,0.17845981105865766,0
phishtank,1,0.9880896824290818,1
phishtank,1,0.9844958391002012,1
phishtank,1,0.9998336311317739,1
tranco_benign_proxy,0,0.9880468936662696,1
tranco_benign_proxy,0,0.83049877137963,1
phishtank,1,0.47250280230606934,0
phishtank,1,0.9994067758467045,1
tranco_benign_proxy,0,0.1745651568076733,0
phishtank,1,0.9592781955039367,1
tranco_benign_proxy,0,0.8967770651970587,1
tranco_benign_proxy,0,0.1928216290596926,0
tranco_benign_proxy,0,0.057632231953186445,0
phishtank,1,0.9765270587963499,1
phishtank,1,0.9974247081220897,1
phishtank,1,0.7211442497540209,1
tranco_benign_proxy,0,0.06563220750265714,0
tranco_benign_proxy,0,0.8968951559157906,1
tranco_benign_proxy,0,0.4159765620846425,0
phishtank,1,0.9759436270842874,1
tranco_benign_proxy,0,0.1219610466470741,0
phishtank,1,0.9775728515748922,1
phishtank,1,0.9933668543181302,1
tranco_benign_proxy,0,0.9558988178062823,1
tranco_benign_proxy,0,0.07057560965006099,0
tranco_benign_proxy,0,0.5312994962740689,0
tranco_benign_proxy,0,0.18072846089281308,0
phishtank,1,0.9819586360427424,1
phishtank,1,0.9728409372003018,1
phishtank,1,0.9977276260639794,1
tranco_benign_proxy,0,0.1180067836779957,0
tranco_benign_proxy,0,0.25047863742909665,0
tranco_benign_proxy,0,0.14387524509008973,0
tranco_benign_proxy,0,0.8502876926278493,1
phishtank,1,0.9997089798792507,1
tranco_benign_proxy,0,0.4022469028182887,0
tranco_benign_proxy,0,0.2235301189769985,0
tranco_benign_proxy,0,0.9871887428749293,1
tranco_benign_proxy,0,0.19488899636710239,0
tranco_benign_proxy,0,0.2925992293906269,0
tranco_benign_proxy,0,0.9867466099642359,1
phishtank,1,0.9967583820582969,1
phishtank,1,0.9977247033848737,1
tranco_benign_proxy,0,0.447952629461925,0
phishtank,1,0.995524033416575,1
tranco_benign_proxy,0,0.9461061796262424,1
phishtank,1,0.8678927840405404,1
tranco_benign_proxy,0,0.05255294888150733,0
phishtank,1,0.9990935505989594,1
phishtank,1,0.9594297428157973,1
tranco_benign_proxy,0,0.07452124751634856,0
tranco_benign_proxy,0,0.9835143776032159,1
phishtank,1,0.4808104775698937,0
tranco_benign_proxy,0,0.002074308993192786,0
tranco_benign_proxy,0,0.801334666275056,1
tranco_benign_proxy,0,0.5039000455988768,0
tranco_benign_proxy,0,0.30659646289257436,0
phishtank,1,0.5930943359581686,0
tranco_benign_proxy,0,0.5151430266044578,0
tranco_benign_proxy,0,0.28337481783116164,0
phishtank,1,0.9934603978149792,1
phishtank,1,0.9989609637868351,1
phishtank,1,0.9866481281956058,1
phishtank,1,0.8950214842128059,1
phishtank,1,0.9991175120513593,1
tranco_benign_proxy,0,0.2099237444385448,0
tranco_benign_proxy,0,0.11770330425066691,0
phishtank,1,0.9836272110989842,1
phishtank,1,0.9793436725751683,1
tranco_benign_proxy,0,0.3664576501568882,0
tranco_benign_proxy,0,0.8764949259574413,1
phishtank,1,0.9900693803220293,1
tranco_benign_proxy,0,0.3810805332553382,0
phishtank,1,0.9821090920739535,1
phishtank,1,0.9881058983843232,1
phishtank,1,0.9998585971616966,1
phishtank,1,0.9307104720567246,1
phishtank,1,0.9687279990691087,1
phishtank,1,0.9977161862813027,1
phishtank,1,0.999872658110036,1
tranco_benign_proxy,0,0.005798059340500315,0
phishtank,1,0.9732124340372368,1
phishtank,1,0.9523027905338469,1
tranco_benign_proxy,0,0.22820120992706616,0
tranco_benign_proxy,0,0.322383519199672,0
phishtank,1,0.9943678343233914,1
tranco_benign_proxy,0,0.0965465288520759,0
phishtank,1,0.9871643540478866,1
phishtank,1,0.9994812824652523,1
phishtank,1,0.9917848916344694,1
phishtank,1,0.9616771910444124,1
tranco_benign_proxy,0,0.21202867338122608,0
tranco_benign_proxy,0,0.4743511062221872,0
tranco_benign_proxy,0,0.6329348034051204,0
tranco_benign_proxy,0,0.35081370095928116,0
phishtank,1,0.8215368742496675,1
phishtank,1,0.9986885418342228,1
phishtank,1,0.5432269905236483,0
tranco_benign_proxy,0,0.8809537740045922,1
phishtank,1,0.4272486002341524,0
phishtank,1,0.9971720051663168,1
tranco_benign_proxy,0,0.1749931424661207,0
tranco_benign_proxy,0,0.36950308090465595,0
phishtank,1,0.9939907193169067,1
phishtank,1,0.9978871939832046,1
phishtank,1,0.9526478311190071,1
phishtank,1,0.9982727652169072,1
tranco_benign_proxy,0,0.5434140464550753,0
phishtank,1,0.9991552814403203,1
phishtank,1,0.9979826459768922,1
phishtank,1,0.9858069324927348,1
phishtank,1,0.9381139883001741,1
phishtank,1,0.9249973612335307,1
tranco_benign_proxy,0,0.13124137243650666,0
tranco_benign_proxy,0,0.8410740168863311,1
tranco_benign_proxy,0,0.6583175814044546,0
phishtank,1,0.9865545402460417,1
tranco_benign_proxy,0,0.973774469697602,1
tranco_benign_proxy,0,0.8955820212869889,1
tranco_benign_proxy,0,0.08409690109078047,0
phishtank,1,0.9998480959760477,1
phishtank,1,0.9924854433490615,1
tranco_benign_proxy,0,0.7958900948774092,1
phishtank,1,0.9999727692389301,1
tranco_benign_proxy,0,0.9508355918470281,1
tranco_benign_proxy,0,0.41504016987658743,0
phishtank,1,0.9921911510489916,1
phishtank,1,0.991482740791526,1
phishtank,1,0.9988487404699385,1
phishtank,1,0.990306872716961,1
tranco_benign_proxy,0,0.0422982898108023,0
phishtank,1,0.9952640829951477,1
tranco_benign_proxy,0,0.17541449571751536,0
phishtank,1,0.9999606113028897,1
tranco_benign_proxy,0,0.015182845809037879,0
phishtank,1,0.9076432765573124,1
phishtank,1,0.9756558643971672,1
phishtank,1,0.9958172987519265,1
phishtank,1,0.9705979745415894,1
phishtank,1,0.9835671823433484,1
tranco_benign_proxy,0,0.0011644019478077724,0
phishtank,1,0.9697405094109538,1
phishtank,1,0.974084749028388,1
phishtank,1,0.9901550422584376,1
tranco_benign_proxy,0,0.26166225989350805,0
phishtank,1,0.807804283471571,1
phishtank,1,0.9965829651510333,1
tranco_benign_proxy,0,0.4912428479005687,0
tranco_benign_proxy,0,0.17946723947072787,0
tranco_benign_proxy,0,0.019533684876487333,0
phishtank,1,0.9881939019816978,1
phishtank,1,0.9946841554628596,1
phishtank,1,0.9404760900510718,1
tranco_benign_proxy,0,0.33300388450148294,0
phishtank,1,0.999494866022082,1
phishtank,1,0.9676494783538423,1
phishtank,1,0.999815729908235,1
phishtank,1,0.9881468771738922,1
tranco_benign_proxy,0,0.34672886689493393,0
phishtank,1,0.9989755471633567,1
phishtank,1,0.9987788398786306,1
phishtank,1,0.9998615091536683,1
tranco_benign_proxy,0,0.05069405682228246,0
tranco_benign_proxy,0,0.6407802882040472,0
phishtank,1,0.9995712752537789,1
phishtank,1,0.9950422687695456,1
phishtank,1,0.9464289273043658,1
tranco_benign_proxy,0,0.1946524620385486,0
phishtank,1,0.9996536677859867,1
tranco_benign_proxy,0,0.18750033130774887,0
tranco_benign_proxy,0,0.015535628992146604,0
tranco_benign_proxy,0,0.27768422027795264,0
phishtank,1,0.999887405327722,1
phishtank,1,0.9091258097153245,1
phishtank,1,0.17234883017811686,0
phishtank,1,0.9983488996022457,1
tranco_benign_proxy,0,0.9321331256114382,1
phishtank,1,0.9233521607242049,1
phishtank,1,0.9999555533673244,1
phishtank,1,0.9502843881113088,1
phishtank,1,0.9623873350900748,1
phishtank,1,0.998598653761124,1
tranco_benign_proxy,0,0.7930991010295727,1
tranco_benign_proxy,0,0.16883420424464632,0
tranco_benign_proxy,0,0.12015303265374949,0
phishtank,1,0.999934876374325,1
tranco_benign_proxy,0,0.7189613565894689,1
phishtank,1,0.9993008543563554,1
phishtank,1,0.9666572261031322,1
phishtank,1,0.9692481141506942,1
tranco_benign_proxy,0,0.2231141775196263,0
phishtank,1,0.9482756885257756,1
tranco_benign_proxy,0,0.19893851353101047,0
phishtank,1,0.9529173997707931,1
phishtank,1,0.9980823316750024,1
tranco_benign_proxy,0,0.09144837193610317,0
phishtank,1,0.9951696937648673,1
phishtank,1,0.9995712928350947,1
tranco_benign_proxy,0,0.031290304744336334,0
phishtank,1,0.9856783796268538,1
phishtank,1,0.999476681941134,1
phishtank,1,0.9830485198524037,1
tranco_benign_proxy,0,0.2811145047706148,0
phishtank,1,0.9986531291633436,1
phishtank,1,0.9918718007080718,1
phishtank,1,0.9857944596817008,1
phishtank,1,0.8670795499912597,1
phishtank,1,0.9996874243151591,1
tranco_benign_proxy,0,0.07668486403195575,0
tranco_benign_proxy,0,0.7394530917310407,1
phishtank,1,0.9987622323976708,1
tranco_benign_proxy,0,0.08729082554098223,0
phishtank,1,0.9999770303965556,1
phishtank,1,0.9982418562536788,1
phishtank,1,0.9982844127277564,1
phishtank,1,0.9908862287664867,1
tranco_benign_proxy,0,0.40030767721719296,0
phishtank,1,0.9999904222558694,1
phishtank,1,0.9967659995777983,1
tranco_benign_proxy,0,0.050206439033053954,0
tranco_benign_proxy,0,0.882646406640821,1
phishtank,1,0.8244254951281667,1
phishtank,1,0.7171505164414075,1
phishtank,1,0.9502201973740013,1
tranco_benign_proxy,0,0.18657805929682805,0
phishtank,1,0.9247119348587418,1
phishtank,1,0.9998652757677158,1
tranco_benign_proxy,0,0.6568629851024222,0
tranco_benign_proxy,0,0.12876056277335549,0
tranco_benign_proxy,0,0.04554521798758554,0
phishtank,1,0.9999135346648431,1
tranco_benign_proxy,0,0.630354447725552,0
phishtank,1,0.8879839470723668,1
phishtank,1,0.6346503499973716,0
tranco_benign_proxy,0,0.21418609727256474,0
phishtank,1,0.9686180704309855,1
tranco_benign_proxy,0,0.11764350410922968,0
phishtank,1,0.991348830255842,1
phishtank,1,0.8863011488240551,1
phishtank,1,0.9990059386992405,1
tranco_benign_proxy,0,0.10646556606753374,0
tranco_benign_proxy,0,0.6726616455092312,0
tranco_benign_proxy,0,0.7866651370420691,1
tranco_benign_proxy,0,0.08870483053606515,0
tranco_benign_proxy,0,0.2891773985969308,0
phishtank,1,0.9841478302765417,1
tranco_benign_proxy,0,0.048895970164202836,0
phishtank,1,0.9507362855460724,1
phishtank,1,0.9935339988360963,1
phishtank,1,0.9977343888010419,1
tranco_benign_proxy,0,0.8313898962094892,1
phishtank,1,0.980321791518561,1
tranco_benign_proxy,0,0.8115862706768686,1
tranco_benign_proxy,0,0.6966936709117623,0
tranco_benign_proxy,0,0.9913044685865319,1
phishtank,1,0.9980915331137797,1
tranco_benign_proxy,0,0.0850941287310357,0
phishtank,1,0.9971146836792111,1
phishtank,1,0.9978065698406371,1
phishtank,1,0.9739145658849364,1
tranco_benign_proxy,0,0.6002713495782798,0
tranco_benign_proxy,0,0.7830745317363157,1
tranco_benign_proxy,0,0.17437534507677993,0
tranco_benign_proxy,0,0.8703017340493918,1
tranco_benign_proxy,0,0.07290950107651474,0
tranco_benign_proxy,0,0.5505175028953998,0
phishtank,1,0.21328605494811542,0
phishtank,1,0.9998819655184277,1
phishtank,1,0.9490193201459828,1
tranco_benign_proxy,0,0.9989369906168766,1
phishtank,1,0.9450341439248513,1
tranco_benign_proxy,0,0.9558846277545447,1
tranco_benign_proxy,0,0.5459294699386144,0
tranco_benign_proxy,0,0.951432269094251,1
tranco_benign_proxy,0,0.7004580630292238,1
phishtank,1,0.9805978621086785,1
tranco_benign_proxy,0,0.10049242901566426,0
phishtank,1,0.9639517107418335,1
tranco_benign_proxy,0,0.2557794860083751,0
phishtank,1,0.8367423670244653,1
tranco_benign_proxy,0,0.1958100748682727,0
tranco_benign_proxy,0,0.017052764852629798,0
phishtank,1,0.9899099744220445,1
tranco_benign_proxy,0,0.1441698342172123,0
phishtank,1,0.9996785319481695,1
tranco_benign_proxy,0,0.18128325798893205,0
phishtank,1,0.8769900963026442,1
phishtank,1,0.9527042475187111,1
tranco_benign_proxy,0,0.9732865117620901,1
tranco_benign_proxy,0,0.006756423116756399,0
tranco_benign_proxy,0,0.968329739067166,1
phishtank,1,0.9962920021114888,1
tranco_benign_proxy,0,0.04335537600949709,0
phishtank,1,0.9701184416736025,1
tranco_benign_proxy,0,0.6879296068067582,0
tranco_benign_proxy,0,0.5071241535338795,0
tranco_benign_proxy,0,0.15680270805229493,0
tranco_benign_proxy,0,0.1319559770656979,0
tranco_benign_proxy,0,0.7392100998587817,1
phishtank,1,0.9946197836578988,1
tranco_benign_proxy,0,0.18579036389853865,0
phishtank,1,0.997267837776242,1
phishtank,1,0.9945479304966912,1
phishtank,1,0.9942744002428304,1
tranco_benign_proxy,0,0.10889319973130614,0
tranco_benign_proxy,0,0.4206584433426495,0
phishtank,1,0.9594159123917995,1
phishtank,1,0.9997617244265002,1
phishtank,1,0.9960332109478743,1
phishtank,1,0.9498651655115236,1
phishtank,1,0.9950885838085216,1
tranco_benign_proxy,0,0.17923006507681777,0
phishtank,1,0.9694373200683165,1
tranco_benign_proxy,0,0.514178559663533,0
phishtank,1,0.9991534025847476,1
phishtank,1,0.9973681566932344,1
tranco_benign_proxy,0,0.6024196564776094,0
tranco_benign_proxy,0,0.015083788087081879,0
tranco_benign_proxy,0,0.25161067426966094,0
phishtank,1,0.9999813662934188,1
phishtank,1,0.9310821381499359,1
tranco_benign_proxy,0,0.10739601250648378,0
phishtank,1,0.9997949151714514,1
phishtank,1,0.9912376979291868,1
tranco_benign_proxy,0,0.11480809387541173,0
tranco_benign_proxy,0,0.24930213484163233,0
phishtank,1,0.9632577207914337,1
phishtank,1,0.9486699354562949,1
phishtank,1,0.9708931356733763,1
phishtank,1,0.901930395008948,1
phishtank,1,0.989091833648119,1
tranco_benign_proxy,0,0.8221390000919644,1
phishtank,1,0.9990461760543685,1
tranco_benign_proxy,0,0.8453282918570074,1
phishtank,1,0.9941540807331558,1
phishtank,1,0.9998507492047976,1
phishtank,1,0.9962638071331889,1
phishtank,1,0.9926295380487091,1
phishtank,1,0.9985588275831423,1
phishtank,1,0.9989861991454726,1
phishtank,1,0.9961358868663871,1
tranco_benign_proxy,0,0.1109497649386449,0
phishtank,1,0.9996693744981905,1
phishtank,1,0.9996511452944067,1
tranco_benign_proxy,0,0.005105106682693755,0
tranco_benign_proxy,0,0.004346470587719915,0
phishtank,1,0.981004411455199,1
tranco_benign_proxy,0,0.07138959240275389,0
tranco_benign_proxy,0,0.24980123627910167,0
phishtank,1,0.9994201589046398,1
phishtank,1,0.9191835434823236,1
tranco_benign_proxy,0,0.13598008669579553,0
phishtank,1,0.9789589600291727,1
phishtank,1,0.9976451869888551,1
phishtank,1,0.22485868113078258,0
phishtank,1,0.99467908195476,1
phishtank,1,0.9992953248545537,1
tranco_benign_proxy,0,0.2045667352415027,0
tranco_benign_proxy,0,0.28633092366237123,0
tranco_benign_proxy,0,0.0013194318041746351,0
phishtank,1,0.999252287905793,1
tranco_benign_proxy,0,0.5513813452309843,0
tranco_benign_proxy,0,0.2051442949703428,0
tranco_benign_proxy,0,0.49852119095689595,0
phishtank,1,0.9983105883116817,1
phishtank,1,0.5191239938434006,0
tranco_benign_proxy,0,0.5314372652365524,0
phishtank,1,0.9994842878279757,1
phishtank,1,0.9747728825183236,1
phishtank,1,0.990418198653234,1
tranco_benign_proxy,0,0.7318183708449854,1
tranco_benign_proxy,0,0.9933959544773431,1
phishtank,1,0.9495781694366462,1
tranco_benign_proxy,0,0.9569775363618721,1
phishtank,1,0.3785531952415249,0
phishtank,1,0.9120481760407363,1
tranco_benign_proxy,0,0.4230323610165392,0
phishtank,1,0.9997114906792125,1
phishtank,1,0.9033487692988575,1
phishtank,1,0.9553997930836327,1
tranco_benign_proxy,0,0.10822621383429845,0
phishtank,1,0.41705019363290136,0
phishtank,1,0.9480823268436678,1
phishtank,1,0.9804856545974815,1
tranco_benign_proxy,0,0.573100982180925,0
tranco_benign_proxy,0,0.0066764397628617635,0
tranco_benign_proxy,0,0.29750504712189396,0
tranco_benign_proxy,0,0.8352437162163784,1
tranco_benign_proxy,0,0.05406587808954252,0
phishtank,1,0.931508979901155,1
phishtank,1,0.9214377426806097,1
phishtank,1,0.9650413111822238,1
tranco_benign_proxy,0,0.1862326100424273,0
phishtank,1,0.9538787003933658,1
tranco_benign_proxy,0,0.2655165499749239,0
phishtank,1,0.2574014014552247,0
phishtank,1,0.9998067556624365,1
phishtank,1,0.21370936244147415,0
phishtank,1,0.2745926924160435,0
phishtank,1,0.9899548569661076,1
phishtank,1,0.9910249063337548,1
phishtank,1,0.8472275099433014,1
phishtank,1,0.9610367175893789,1
tranco_benign_proxy,0,0.13809175735126528,0
tranco_benign_proxy,0,0.1844983487587409,0
phishtank,1,0.9955340836050998,1
tranco_benign_proxy,0,0.9373356500614972,1
phishtank,1,0.9966898484712831,1
tranco_benign_proxy,0,0.25496738139518144,0
phishtank,1,0.9996661073305161,1
phishtank,1,0.9947837481173246,1
tranco_benign_proxy,0,0.39286460295360526,0
tranco_benign_proxy,0,0.45320255731795733,0
phishtank,1,0.9808012245730594,1
phishtank,1,0.9773170236103107,1
tranco_benign_proxy,0,0.12972906367584627,0
tranco_benign_proxy,0,0.13245656994165017,0
tranco_benign_proxy,0,0.1109573054686714,0
tranco_benign_proxy,0,0.5308882497631314,0
tranco_benign_proxy,0,0.01813828298271177,0
phishtank,1,0.999346030168654,1
tranco_benign_proxy,0,0.05109758936073336,0
tranco_benign_proxy,0,0.11774878033379192,0
phishtank,1,0.9999095447346302,1
tranco_benign_proxy,0,0.9994339743351516,1
phishtank,1,0.983389930092666,1
phishtank,1,0.9699924200654221,1
phishtank,1,0.9791711964656602,1
tranco_benign_proxy,0,0.5512807297414488,0
phishtank,1,0.9897703486747766,1
tranco_benign_proxy,0,0.5981969916187894,0
phishtank,1,0.9333537330991096,1
phishtank,1,0.07197382743541282,0
phishtank,1,0.984404684716636,1
phishtank,1,0.9998126796544359,1
tranco_benign_proxy,0,0.060200865028451025,0
phishtank,1,0.9420619042889239,1
phishtank,1,0.9671053045022127,1
tranco_benign_proxy,0,0.15740461871043376,0
tranco_benign_proxy,0,0.17928953763577538,0
tranco_benign_proxy,0,0.09505298341340004,0
phishtank,1,0.9005175305525027,1
phishtank,1,0.9987367745023593,1
phishtank,1,0.8234630547413969,1
phishtank,1,0.8696443111855179,1
tranco_benign_proxy,0,0.02795710339671434,0
phishtank,1,0.9914953771690003,1
phishtank,1,0.9996062409072316,1
phishtank,1,0.19652695727566616,0
tranco_benign_proxy,0,0.41829643091233015,0
phishtank,1,0.9969800992131272,1
tranco_benign_proxy,0,0.6945387151223663,0
phishtank,1,0.9967148080168747,1
phishtank,1,0.9947850736797116,1
tranco_benign_proxy,0,0.8377206869996933,1
tranco_benign_proxy,0,0.020485641964445838,0
tranco_benign_proxy,0,0.1302095036981661,0
tranco_benign_proxy,0,0.2727423172148403,0
phishtank,1,0.9970957110378205,1
phishtank,1,0.9983472320167862,1
phishtank,1,0.9570060412342258,1
phishtank,1,0.9990331535225518,1
tranco_benign_proxy,0,0.01564427382067373,0
tranco_benign_proxy,0,0.0451041680013795,0
phishtank,1,0.9910051291693384,1
tranco_benign_proxy,0,0.058367647759221666,0
phishtank,1,0.9643798160693112,1
tranco_benign_proxy,0,0.041650465857726054,0
tranco_benign_proxy,0,0.42073670270941776,0
tranco_benign_proxy,0,0.6075800130146086,0
tranco_benign_proxy,0,0.7075290227691617,1
phishtank,1,0.9997873671759512,1
phishtank,1,0.9782889160052045,1
phishtank,1,0.9996538856530013,1
phishtank,1,0.9956144841112107,1
tranco_benign_proxy,0,0.42695724222094994,0
tranco_benign_proxy,0,0.1929466744742114,0
phishtank,1,0.996555081997028,1
phishtank,1,0.9656285798590682,1
tranco_benign_proxy,0,0.2710280432274454,0
tranco_benign_proxy,0,0.23825050365957337,0
phishtank,1,0.9978795182905529,1
phishtank,1,0.999941915061772,1
phishtank,1,0.9990561951522844,1
phishtank,1,0.9998966018924824,1
tranco_benign_proxy,0,0.1634990701658237,0
tranco_benign_proxy,0,0.11105719478867014,0
tranco_benign_proxy,0,0.0057067116532856735,0
phishtank,1,0.9970258940956384,1
phishtank,1,0.9939489390840718,1
tranco_benign_proxy,0,0.9634385235567912,1
tranco_benign_proxy,0,0.7327722202595713,1
phishtank,1,0.8074392595551882,1
phishtank,1,0.9684811258336479,1
phishtank,1,0.9997066445067402,1
tranco_benign_proxy,0,0.24166824188485475,0
tranco_benign_proxy,0,0.1806838413987615,0
tranco_benign_proxy,0,0.15738272591573585,0
tranco_benign_proxy,0,0.05097670638048545,0
phishtank,1,0.09918640186793246,0
phishtank,1,0.9098010853919017,1
phishtank,1,0.9946463238426266,1
phishtank,1,0.9755591903816867,1
tranco_benign_proxy,0,0.9214957661212613,1
phishtank,1,0.9992739797817803,1
phishtank,1,0.9851504828472795,1
tranco_benign_proxy,0,0.24939457951320698,0
phishtank,1,0.8929525430110471,1
phishtank,1,0.9955565338770009,1
tranco_benign_proxy,0,0.008616260241771255,0
tranco_benign_proxy,0,0.37493077987665147,0
phishtank,1,0.7297546309208786,1
tranco_benign_proxy,0,0.02694311739072586,0
tranco_benign_proxy,0,0.7573244334652823,1
phishtank,1,0.9973942092087705,1
tranco_benign_proxy,0,0.19537012626954348,0
tranco_benign_proxy,0,0.2908234795663834,0
phishtank,1,0.860249691491814,1
tranco_benign_proxy,0,0.3261719969141099,0
tranco_benign_proxy,0,0.2047124019749228,0
phishtank,1,0.9645463720812935,1
phishtank,1,0.96803987037756,1
tranco_benign_proxy,0,0.1742088997240442,0
tranco_benign_proxy,0,0.27034979185362545,0
phishtank,1,0.9979892107672614,1
tranco_benign_proxy,0,0.3805093690212165,0
phishtank,1,0.999666633818192,1
tranco_benign_proxy,0,0.3370888346869433,0
phishtank,1,0.6892256692611967,0
tranco_benign_proxy,0,0.8283237563173707,1
phishtank,1,0.29660231731030023,0
phishtank,1,0.996423837053796,1
tranco_benign_proxy,0,0.1912083978232338,0
tranco_benign_proxy,0,0.9466689173498991,1
tranco_benign_proxy,0,0.08650214085584847,0
tranco_benign_proxy,0,0.883525072403481,1
tranco_benign_proxy,0,0.06561463551415084,0
phishtank,1,0.9986774351051875,1
tranco_benign_proxy,0,0.021202393450961976,0
tranco_benign_proxy,0,0.21195940778059816,0
tranco_benign_proxy,0,0.12396196445991209,0
tranco_benign_proxy,0,0.18854304300911173,0
tranco_benign_proxy,0,0.003450441408143998,0
phishtank,1,0.9993836699135072,1
phishtank,1,0.9804292255619119,1
tranco_benign_proxy,0,0.20484605482350343,0
tranco_benign_proxy,0,0.5870870318615868,0
tranco_benign_proxy,0,0.23675737820513076,0
phishtank,1,0.9972226844009803,1
phishtank,1,0.9854631267172123,1
phishtank,1,0.9959577852723688,1
phishtank,1,0.9080763690352509,1
tranco_benign_proxy,0,0.4603031753122906,0
tranco_benign_proxy,0,0.22310811412403567,0
phishtank,1,0.999972540648891,1
tranco_benign_proxy,0,0.07453612794789097,0
tranco_benign_proxy,0,0.7702382465619194,1
phishtank,1,0.9584518034081856,1
tranco_benign_proxy,0,0.7400495859157845,1
phishtank,1,0.9993002228891797,1
phishtank,1,0.9580705310532414,1
phishtank,1,0.9997085105348505,1
tranco_benign_proxy,0,0.7162774823291843,1
tranco_benign_proxy,0,0.1840708987307271,0
tranco_benign_proxy,0,0.4067470394162669,0
tranco_benign_proxy,0,0.9418121805311914,1
tranco_benign_proxy,0,0.9251747057343924,1
tranco_benign_proxy,0,0.4498200417871197,0
phishtank,1,0.9686965299116649,1
tranco_benign_proxy,0,0.9264139584339465,1
phishtank,1,0.990647078441874,1
phishtank,1,0.9932392288882003,1
phishtank,1,0.987416581366765,1
phishtank,1,0.9987322550994784,1
tranco_benign_proxy,0,0.8146722118117585,1
phishtank,1,0.9969614652758496,1
phishtank,1,0.9912710987764705,1
tranco_benign_proxy,0,0.25709478577121553,0
tranco_benign_proxy,0,0.21102065198215963,0
tranco_benign_proxy,0,0.21689910040113156,0
tranco_benign_proxy,0,0.11869548420052502,0
tranco_benign_proxy,0,0.23058089561415632,0
phishtank,1,0.8647062753961019,1
tranco_benign_proxy,0,0.2927383077046655,0
phishtank,1,0.9894427196893177,1
tranco_benign_proxy,0,0.4230816261245398,0
phishtank,1,0.5847358795565094,0
phishtank,1,0.9990352232258812,1
tranco_benign_proxy,0,0.02857635674751588,0
phishtank,1,0.9846304231666658,1
tranco_benign_proxy,0,0.36128759847584807,0
phishtank,1,0.9593794412396074,1
tranco_benign_proxy,0,0.706901615056211,1
phishtank,1,0.9999241586816178,1
phishtank,1,0.9757302883205285,1
tranco_benign_proxy,0,0.13778790216305042,0
tranco_benign_proxy,0,0.6479335320666996,0
tranco_benign_proxy,0,0.12060329921104392,0
tranco_benign_proxy,0,0.10327340872012773,0
tranco_benign_proxy,0,0.1612031829535212,0
tranco_benign_proxy,0,0.7974357534984244,1
phishtank,1,0.9999369869779913,1
tranco_benign_proxy,0,0.3971700788827108,0
phishtank,1,0.9828281100621284,1
tranco_benign_proxy,0,0.41297821297910287,0
tranco_benign_proxy,0,0.2631291660187017,0
tranco_benign_proxy,0,0.026597432231937664,0
tranco_benign_proxy,0,0.07730650678351572,0
phishtank,1,0.9835838142859178,1
tranco_benign_proxy,0,0.20586211128733647,0
tranco_benign_proxy,0,0.07033784935517502,0
tranco_benign_proxy,0,0.17870418278481595,0
tranco_benign_proxy,0,0.8070526578558387,1
tranco_benign_proxy,0,0.02963455259752841,0
phishtank,1,0.9920043050461765,1
phishtank,1,0.9992413835210994,1
tranco_benign_proxy,0,0.40615871935468045,0
phishtank,1,0.32864116335943233,0
phishtank,1,0.9925617076121993,1
tranco_benign_proxy,0,0.03217439730056992,0
tranco_benign_proxy,0,0.3005363099252631,0
phishtank,1,0.9930458317762317,1
tranco_benign_proxy,0,0.003718559437836769,0
phishtank,1,0.999963201344454,1
phishtank,1,0.9999302824059207,1
phishtank,1,0.995191108683014,1
phishtank,1,0.9775601443799519,1
phishtank,1,0.9727757930668911,1
tranco_benign_proxy,0,0.012209303051212797,0
phishtank,1,0.9980981587514183,1
phishtank,1,0.096461298857505,0
tranco_benign_proxy,0,0.7748494775670877,1
phishtank,1,0.9856636173954361,1
phishtank,1,0.9498399549271992,1
phishtank,1,0.9835590760074234,1
tranco_benign_proxy,0,0.23983264484810418,0
phishtank,1,0.9765842438162544,1
phishtank,1,0.9999705492597074,1
tranco_benign_proxy,0,0.028627411434712237,0
tranco_benign_proxy,0,0.19900148991914093,0
tranco_benign_proxy,0,0.20586903617573551,0
phishtank,1,0.9948412722745155,1
tranco_benign_proxy,0,0.001022491075530253,0
phishtank,1,0.22472084797085137,0
tranco_benign_proxy,0,0.6422688104101341,0
tranco_benign_proxy,0,0.07672513348055421,0
tranco_benign_proxy,0,0.2157697151056438,0
tranco_benign_proxy,0,0.31984266592578775,0
phishtank,1,0.9914384158983195,1
tranco_benign_proxy,0,0.6304202280187711,0
phishtank,1,0.9999222629020922,1
phishtank,1,0.9952964988248817,1
phishtank,1,0.9673489278376265,1
tranco_benign_proxy,0,0.028737060851558957,0
phishtank,1,0.9996541209282055,1
tranco_benign_proxy,0,0.1152155449391283,0
phishtank,1,0.6171379652575442,0
phishtank,1,0.9820524325009159,1
phishtank,1,0.6281436256846727,0
phishtank,1,0.9998315164408624,1
tranco_benign_proxy,0,0.09166877046835915,0
tranco_benign_proxy,0,0.9835355246769368,1
phishtank,1,0.9969842854368743,1
tranco_benign_proxy,0,0.8645568778012472,1
phishtank,1,0.997851049357069,1
phishtank,1,0.9798632573426637,1
tranco_benign_proxy,0,0.09987756313143648,0
phishtank,1,0.9924103402797537,1
tranco_benign_proxy,0,0.08434249461412789,0
tranco_benign_proxy,0,0.7344740251831089,1
phishtank,1,0.9997620666118872,1
phishtank,1,0.9998990306497538,1
tranco_benign_proxy,0,0.3628666581164964,0
phishtank,1,0.25084762452523823,0
phishtank,1,0.9999037706238285,1
tranco_benign_proxy,0,0.9846736310357206,1
phishtank,1,0.9999374140223737,1
tranco_benign_proxy,0,0.07022387468592213,0
tranco_benign_proxy,0,0.09323776771390761,0
phishtank,1,0.9916729338808873,1
tranco_benign_proxy,0,0.27021288833706403,0
tranco_benign_proxy,0,0.12981076502391717,0
phishtank,1,0.9887507575546631,1
phishtank,1,0.9989087882932721,1
tranco_benign_proxy,0,0.03758285168176239,0
tranco_benign_proxy,0,0.9612969614018717,1
tranco_benign_proxy,0,0.8854675792811361,1
phishtank,1,0.9976057189318247,1
tranco_benign_proxy,0,0.5620120716132432,0
phishtank,1,0.7812053309706521,1
phishtank,1,0.9407656182630476,1
phishtank,1,0.9998609330498934,1
tranco_benign_proxy,0,0.12657848195145407,0
phishtank,1,0.9999209124256474,1
tranco_benign_proxy,0,0.4295349230427974,0
phishtank,1,0.9558017389083727,1
phishtank,1,0.982300081887084,1
phishtank,1,0.6114464104201739,0
phishtank,1,0.9997894522787864,1
tranco_benign_proxy,0,0.27878881512129566,0
phishtank,1,0.9962052300397017,1
tranco_benign_proxy,0,0.6236586587193673,0
tranco_benign_proxy,0,0.15313230681276652,0
tranco_benign_proxy,0,0.7061104862253788,1
tranco_benign_proxy,0,0.18607271300683875,0
tranco_benign_proxy,0,0.15626083804520347,0
phishtank,1,0.9555868166257875,1
phishtank,1,0.9987728309242434,1
tranco_benign_proxy,0,0.09639477506961003,0
phishtank,1,0.9898590153862008,1
phishtank,1,0.6643842662764718,0
phishtank,1,0.9916985381957203,1
tranco_benign_proxy,0,0.1467517071038175,0
phishtank,1,0.9711662958229439,1
phishtank,1,0.9970542182195042,1
phishtank,1,0.9795844288828534,1
tranco_benign_proxy,0,0.20442292674531462,0
phishtank,1,0.9985512541391138,1
tranco_benign_proxy,0,0.025457130541994572,0
phishtank,1,0.9829548557957611,1
phishtank,1,0.9999927455989274,1
tranco_benign_proxy,0,0.04822695316366997,0
tranco_benign_proxy,0,0.09706502636679235,0
phishtank,1,0.37256159369427905,0
phishtank,1,0.997315999739321,1
tranco_benign_proxy,0,0.004004803068765034,0
tranco_benign_proxy,0,0.14520372423708244,0
phishtank,1,0.8023248022972136,1
phishtank,1,0.7767067289028682,1
tranco_benign_proxy,0,0.4224751737170838,0
tranco_benign_proxy,0,0.20503370305491891,0
tranco_benign_proxy,0,0.9256418382279208,1
phishtank,1,0.9997729849118774,1
tranco_benign_proxy,0,0.0743340618501005,0
tranco_benign_proxy,0,0.049238574667173275,0
tranco_benign_proxy,0,0.13486413292159663,0
tranco_benign_proxy,0,0.04167168310404006,0
phishtank,1,0.817851680223858,1
tranco_benign_proxy,0,0.030709277417670638,0
tranco_benign_proxy,0,0.6955207017441863,0
tranco_benign_proxy,0,0.31564705892351363,0
tranco_benign_proxy,0,0.3406480763313906,0
phishtank,1,0.9831804511274234,1
phishtank,1,0.7991937651817458,1
tranco_benign_proxy,0,0.060238994036573956,0
phishtank,1,0.9923814229931306,1
phishtank,1,0.9048207717520431,1
tranco_benign_proxy,0,0.7667407129218724,1
phishtank,1,0.9710901689575224,1
tranco_benign_proxy,0,0.06782698515182846,0
tranco_benign_proxy,0,0.8177595319518827,1
tranco_benign_proxy,0,0.9885167720942358,1
phishtank,1,0.9950525536109793,1
phishtank,1,0.9974112249497782,1
tranco_benign_proxy,0,0.2929655736979408,0
phishtank,1,0.9811837858198437,1
tranco_benign_proxy,0,0.377858758488012,0
phishtank,1,0.9962590451927525,1
phishtank,1,0.9918970941835111,1
tranco_benign_proxy,0,0.8663749054225588,1
phishtank,1,0.9996929439024397,1
tranco_benign_proxy,0,0.04863462468793047,0
tranco_benign_proxy,0,0.3452466408751702,0
phishtank,1,0.9916645686443744,1
tranco_benign_proxy,0,0.01722204564688984,0
phishtank,1,0.99409350462608,1
phishtank,1,0.984973885105623,1
tranco_benign_proxy,0,0.4296837617363037,0
phishtank,1,0.9995159377823091,1
tranco_benign_proxy,0,0.4574480743158102,0
tranco_benign_proxy,0,0.11489130063088937,0
phishtank,1,0.9986915974673541,1
phishtank,1,0.9964166641467763,1
tranco_benign_proxy,0,0.12135506371388374,0
phishtank,1,0.9915490926752469,1
phishtank,1,0.972234519106051,1
phishtank,1,0.9875668027485964,1
phishtank,1,0.9999020041251929,1
phishtank,1,0.9944381724361657,1
tranco_benign_proxy,0,0.8446799818406204,1
tranco_benign_proxy,0,0.36667245396705483,0
tranco_benign_proxy,0,0.16767753722846895,0
tranco_benign_proxy,0,0.5075991991821289,0
phishtank,1,0.9982866988217102,1
phishtank,1,0.9396287604929874,1
tranco_benign_proxy,0,0.24534499342942379,0
tranco_benign_proxy,0,0.06977128866298697,0
tranco_benign_proxy,0,0.955932190048601,1
phishtank,1,0.9915871574039055,1
tranco_benign_proxy,0,0.13571239366905327,0
phishtank,1,0.2795552924583717,0
phishtank,1,0.9686221598207746,1
tranco_benign_proxy,0,0.19903088337043132,0
tranco_benign_proxy,0,0.4122254943991105,0
phishtank,1,0.8350892543251749,1
tranco_benign_proxy,0,0.582468418583678,0
tranco_benign_proxy,0,0.06867742056205148,0
phishtank,1,0.9645873475105804,1
phishtank,1,0.9852044839801956,1
tranco_benign_proxy,0,0.8492022402186113,1
tranco_benign_proxy,0,0.560482747888327,0
phishtank,1,0.9997068809593498,1
phishtank,1,0.9933646519658454,1
tranco_benign_proxy,0,0.07181351565050116,0
tranco_benign_proxy,0,0.1078020267113801,0
tranco_benign_proxy,0,0.4005259406559298,0
tranco_benign_proxy,0,0.8035162969371378,1
phishtank,1,0.9583580462336747,1
phishtank,1,0.9784648760616584,1
phishtank,1,0.9968854351657477,1
tranco_benign_proxy,0,0.7926611828151304,1
tranco_benign_proxy,0,0.17928829475559718,0
tranco_benign_proxy,0,0.0021310921467260955,0
phishtank,1,0.9990225936957842,1
tranco_benign_proxy,0,0.9668535101445418,1
phishtank,1,0.9813064630193717,1
tranco_benign_proxy,0,0.3219654435665516,0
phishtank,1,0.9994904456203089,1
tranco_benign_proxy,0,0.03165263707788181,0
tranco_benign_proxy,0,0.34163252458602844,0
tranco_benign_proxy,0,0.0592706326013827,0
phishtank,1,0.9619216418789147,1
phishtank,1,0.9984603440200933,1
phishtank,1,0.5196086960750185,0
tranco_benign_proxy,0,0.006060959057467712,0
phishtank,1,0.324362599198745,0
tranco_benign_proxy,0,0.3663759378484198,0
phishtank,1,0.2273462486442667,0
tranco_benign_proxy,0,0.45303667243537854,0
tranco_benign_proxy,0,0.09938943404967789,0
phishtank,1,0.9760830698782796,1
tranco_benign_proxy,0,0.6730867964115399,0
tranco_benign_proxy,0,0.19860707127183846,0
phishtank,1,0.960461011635583,1
tranco_benign_proxy,0,0.25443821755652407,0
phishtank,1,0.9962387102071838,1
phishtank,1,0.9841236290403457,1
phishtank,1,0.9994327504283897,1
phishtank,1,0.9967605963552142,1
tranco_benign_proxy,0,0.9444236750005514,1
phishtank,1,0.26615295291482666,0
phishtank,1,0.9978183458423648,1
phishtank,1,0.7001143990021056,1
phishtank,1,0.9984388679632898,1
phishtank,1,0.9744420215092632,1
phishtank,1,0.988699073389117,1
phishtank,1,0.9992421104501935,1
phishtank,1,0.815061450792982,1
tranco_benign_proxy,0,0.13402471160482066,0
tranco_benign_proxy,0,0.44596488025091396,0
tranco_benign_proxy,0,0.06871426245749938,0
tranco_benign_proxy,0,0.43870970479304283,0
phishtank,1,0.9988346933328892,1
tranco_benign_proxy,0,0.033446203717103905,0
tranco_benign_proxy,0,0.5933699041639647,0
tranco_benign_proxy,0,0.7329320985067307,1
tranco_benign_proxy,0,0.8544136745364131,1
phishtank,1,0.999405122822578,1
tranco_benign_proxy,0,0.7084616735207709,1
tranco_benign_proxy,0,0.9877496775650106,1
phishtank,1,0.9919448436896505,1
phishtank,1,0.9977059275568362,1
tranco_benign_proxy,0,0.2255082292809354,0
tranco_benign_proxy,0,0.8501197172378802,1
phishtank,1,0.99924371557997,1
tranco_benign_proxy,0,0.04687652846872385,0
phishtank,1,0.9992818355916447,1
phishtank,1,0.9880549088232913,1
tranco_benign_proxy,0,0.818926958605264,1
tranco_benign_proxy,0,0.019223707947588688,0
phishtank,1,0.9963940233733157,1
tranco_benign_proxy,0,0.49906553328049685,0
phishtank,1,0.9369425936879552,1
phishtank,1,0.9962508609583761,1
phishtank,1,0.9987141996733464,1
tranco_benign_proxy,0,0.8771963678540187,1
tranco_benign_proxy,0,0.4598323046315408,0
phishtank,1,0.9858356772043886,1
phishtank,1,0.9962449486419637,1
tranco_benign_proxy,0,0.08277639006919972,0
phishtank,1,0.9284916179179961,1
tranco_benign_proxy,0,0.22812794903903152,0
phishtank,1,0.9999810456491857,1
tranco_benign_proxy,0,0.2830996548521602,0
phishtank,1,0.9951198107875028,1
tranco_benign_proxy,0,0.07482142294110189,0
tranco_benign_proxy,0,0.42581272034537054,0
phishtank,1,0.9978867884606658,1
phishtank,1,0.9954137511538675,1
tranco_benign_proxy,0,0.10206613653286717,0
phishtank,1,0.42302524192147384,0
tranco_benign_proxy,0,0.9122554610612453,1
tranco_benign_proxy,0,0.3869679160990205,0
phishtank,1,0.9611837623394942,1
phishtank,1,0.9551749668737071,1
phishtank,1,0.7641134374586507,1
phishtank,1,0.988801608865871,1
phishtank,1,0.999321311331392,1
tranco_benign_proxy,0,0.0693036699310863,0
phishtank,1,0.20942853647606371,0
phishtank,1,0.9643684653981696,1
tranco_benign_proxy,0,0.017209367974113012,0
tranco_benign_proxy,0,0.7385548714260319,1
tranco_benign_proxy,0,0.13202274631802943,0
tranco_benign_proxy,0,0.9107131474109464,1
tranco_benign_proxy,0,0.05872920042636441,0
tranco_benign_proxy,0,0.04350893723637555,0
phishtank,1,0.1814139136151962,0
phishtank,1,0.8539997916815112,1
tranco_benign_proxy,0,0.7229365539189612,1
tranco_benign_proxy,0,0.9146027646198308,1
tranco_benign_proxy,0,0.0010176213826391957,0
phishtank,1,0.9973546611649052,1
tranco_benign_proxy,0,0.3900750855925297,0
tranco_benign_proxy,0,0.7086335879780669,1
phishtank,1,0.9980559148335365,1
tranco_benign_proxy,0,0.9780165717340826,1
tranco_benign_proxy,0,0.3445140711217311,0
phishtank,1,0.8509085162583723,1
phishtank,1,0.473909921209922,0
tranco_benign_proxy,0,0.042311875285946224,0
tranco_benign_proxy,0,0.8457832784439483,1
phishtank,1,0.9849822340412484,1
phishtank,1,0.9891142501094736,1
tranco_benign_proxy,0,0.0031894304401078174,0
phishtank,1,0.9926235673348496,1
phishtank,1,0.9579009290261594,1
phishtank,1,0.41665355156801953,0
tranco_benign_proxy,0,0.6823429293097011,0
tranco_benign_proxy,0,0.154382584072569,0
phishtank,1,0.40089705611004334,0
tranco_benign_proxy,0,0.8883485306835147,1
tranco_benign_proxy,0,0.4239622974662618,0
phishtank,1,0.9876661405317337,1
phishtank,1,0.9993488891599489,1
tranco_benign_proxy,0,0.3515615284365768,0
phishtank,1,0.8979539936276062,1
tranco_benign_proxy,0,0.8215067919283512,1
phishtank,1,0.9915379258190846,1
phishtank,1,0.9802016628025733,1
tranco_benign_proxy,0,0.9535901357223046,1
tranco_benign_proxy,0,0.7606358106784239,1
tranco_benign_proxy,0,0.8898357783449322,1
phishtank,1,0.9944321546566774,1
phishtank,1,0.8999864726105662,1
tranco_benign_proxy,0,0.008806821155667494,0
phishtank,1,0.9821071056464334,1
tranco_benign_proxy,0,0.5720992294717105,0
tranco_benign_proxy,0,0.5773904130990574,0
tranco_benign_proxy,0,0.013077882890932407,0
phishtank,1,0.9542862628235917,1
tranco_benign_proxy,0,0.07003820674606048,0
tranco_benign_proxy,0,0.17888135601082594,0
tranco_benign_proxy,0,0.8082551432666413,1
phishtank,1,0.9593439701258377,1
tranco_benign_proxy,0,0.4018366550740727,0
phishtank,1,0.993386240012401,1
tranco_benign_proxy,0,0.42161928739508886,0
tranco_benign_proxy,0,0.1315363550915259,0
tranco_benign_proxy,0,0.9657340522567763,1
phishtank,1,0.9972021272366173,1
phishtank,1,0.27696443471929444,0
phishtank,1,0.9758421817541231,1
tranco_benign_proxy,0,0.3248935966945736,0
tranco_benign_proxy,0,0.5029591430402587,0
tranco_benign_proxy,0,0.02546605315003091,0
tranco_benign_proxy,0,0.7655490085213473,1
phishtank,1,0.9792842496914751,1
phishtank,1,0.9986115984507378,1
phishtank,1,0.18787752810373834,0
phishtank,1,0.9884451495952616,1
phishtank,1,0.868009278095967,1
phishtank,1,0.9996184818779015,1
phishtank,1,0.5030694419639058,0
tranco_benign_proxy,0,0.004389140859520119,0
tranco_benign_proxy,0,0.160356400951862,0
tranco_benign_proxy,0,0.3370727133029767,0
phishtank,1,0.99162658544895,1
phishtank,1,0.9374380698421544,1
phishtank,1,0.9997014833204741,1
tranco_benign_proxy,0,0.082763992931956,0
phishtank,1,0.9473024226172916,1
tranco_benign_proxy,0,0.620253636031884,0
phishtank,1,0.8441112882303655,1
tranco_benign_proxy,0,0.03430461568079358,0
phishtank,1,0.9984800853296293,1
phishtank,1,0.9994506155029175,1
tranco_benign_proxy,0,0.6872983145208009,0
tranco_benign_proxy,0,0.3131532346486462,0
phishtank,1,0.9999153437341051,1
tranco_benign_proxy,0,0.048082855917202245,0
tranco_benign_proxy,0,0.7424781717269785,1
tranco_benign_proxy,0,0.12336087257397095,0
tranco_benign_proxy,0,0.9360329230607368,1
phishtank,1,0.8661737371634073,1
phishtank,1,0.9984310233961494,1
phishtank,1,0.994167764826733,1
tranco_benign_proxy,0,0.4871037274084927,0
phishtank,1,0.995545805932768,1
tranco_benign_proxy,0,0.04705310702708798,0
tranco_benign_proxy,0,0.950770879628724,1
phishtank,1,0.999977254711842,1
tranco_benign_proxy,0,0.06579363139577793,0
tranco_benign_proxy,0,0.09036900150305023,0
tranco_benign_proxy,0,0.9623062333784904,1
phishtank,1,0.9975388063305335,1
phishtank,1,0.9805778407366921,1
phishtank,1,0.9031558177884171,1
phishtank,1,0.9995553239854648,1
tranco_benign_proxy,0,0.9503823152944181,1
phishtank,1,0.998227871009511,1
tranco_benign_proxy,0,0.29142188558302173,0
tranco_benign_proxy,0,0.008703158225432373,0
phishtank,1,0.9144468130653763,1
tranco_benign_proxy,0,0.9277300750584774,1
phishtank,1,0.997347100667963,1
phishtank,1,0.9985559163248572,1
tranco_benign_proxy,0,0.13210057252677251,0
phishtank,1,0.9994132434527448,1
phishtank,1,0.9809318246786959,1
tranco_benign_proxy,0,0.3734264197029265,0
tranco_benign_proxy,0,0.8351794831315947,1
phishtank,1,0.6158552424254277,0
tranco_benign_proxy,0,0.5883485536853758,0
phishtank,1,0.9962704753816704,1
phishtank,1,0.8930127771845211,1
phishtank,1,0.9790132355646685,1
tranco_benign_proxy,0,0.954610338221289,1
tranco_benign_proxy,0,0.5389605122871644,0
tranco_benign_proxy,0,0.07330670136831056,0
tranco_benign_proxy,0,0.9804570548133713,1
phishtank,1,0.9204003794265797,1
phishtank,1,0.9994982362811612,1
tranco_benign_proxy,0,0.13583084737726306,0
phishtank,1,0.9723272874344897,1
tranco_benign_proxy,0,0.8027543744598407,1
phishtank,1,0.9512942516730666,1
phishtank,1,0.4525530100698675,0
tranco_benign_proxy,0,0.7390734296803961,1
tranco_benign_proxy,0,0.12350128647259183,0
phishtank,1,0.9948996579431575,1
phishtank,1,0.9925957028094776,1
tranco_benign_proxy,0,0.4925472256443167,0
tranco_benign_proxy,0,0.049515320494421144,0
tranco_benign_proxy,0,0.01370695848778617,0
phishtank,1,0.9475197674932161,1
phishtank,1,0.9999679774752249,1
phishtank,1,0.9819409450381849,1
phishtank,1,0.99955757683904,1
phishtank,1,0.9998232260561534,1
tranco_benign_proxy,0,0.28213673853171806,0
phishtank,1,0.9785741322268775,1
tranco_benign_proxy,0,0.8565982433560654,1
tranco_benign_proxy,0,0.9764985724718881,1
phishtank,1,0.9747894965372468,1
tranco_benign_proxy,0,0.7210487864767857,1
tranco_benign_proxy,0,0.29204666133596374,0
phishtank,1,0.9962688439734309,1
tranco_benign_proxy,0,0.31858133366026165,0
phishtank,1,0.96347643735115,1
tranco_benign_proxy,0,0.07843384184079844,0
phishtank,1,0.936005659002993,1
phishtank,1,0.9775942856722665,1
tranco_benign_proxy,0,0.15960666150087355,0
phishtank,1,0.9879735752033294,1
tranco_benign_proxy,0,0.35915746036146157,0
phishtank,1,0.9482648080731024,1
tranco_benign_proxy,0,0.7733330850104542,1
tranco_benign_proxy,0,0.9143688394965125,1
phishtank,1,0.9585379935401305,1
phishtank,1,0.9992077391673232,1
tranco_benign_proxy,0,0.13324783189819023,0
phishtank,1,0.9995235803384473,1
phishtank,1,0.9837805973648044,1
tranco_benign_proxy,0,0.4366752261485219,0
tranco_benign_proxy,0,0.12655765812630998,0
phishtank,1,0.9915716398649543,1
tranco_benign_proxy,0,0.07691330407847,0
tranco_benign_proxy,0,0.001255527140152421,0
tranco_benign_proxy,0,0.20237290341824352,0
phishtank,1,0.9707291223042427,1
tranco_benign_proxy,0,0.002143354454496714,0
tranco_benign_proxy,0,0.7492081174763455,1
phishtank,1,0.999929608837167,1
tranco_benign_proxy,0,0.13517769104031424,0
phishtank,1,0.9904734383206604,1
tranco_benign_proxy,0,0.43457384953660416,0
phishtank,1,0.6663667283674982,0
phishtank,1,0.9987862166389028,1
phishtank,1,0.9972428468616663,1
tranco_benign_proxy,0,0.6296872359930945,0
tranco_benign_proxy,0,0.10214269420661395,0
phishtank,1,0.9214825262189585,1
phishtank,1,0.980022506061756,1
tranco_benign_proxy,0,0.26070615895480453,0
phishtank,1,0.9941075772182174,1
tranco_benign_proxy,0,0.12007923435547067,0
phishtank,1,0.9964549921596649,1
phishtank,1,0.9997245768324329,1
phishtank,1,0.9982072552408049,1
phishtank,1,0.8623730014605535,1
tranco_benign_proxy,0,0.15709025879978936,0
tranco_benign_proxy,0,0.7470882220219682,1
tranco_benign_proxy,0,0.1248568247812363,0
tranco_benign_proxy,0,0.4510348455265031,0
phishtank,1,0.9994844857925675,1
phishtank,1,0.9899675647676324,1
tranco_benign_proxy,0,0.36417316317075166,0
tranco_benign_proxy,0,0.07587648978628844,0
phishtank,1,0.9674100751006721,1
tranco_benign_proxy,0,0.05475211180159215,0
phishtank,1,0.9519196950961322,1
phishtank,1,0.9972846225388434,1
tranco_benign_proxy,0,0.5095162825803932,0
tranco_benign_proxy,0,0.654382177997917,0
tranco_benign_proxy,0,0.061427876278877996,0
tranco_benign_proxy,0,0.5265940025595459,0
phishtank,1,0.9984535508558126,1
tranco_benign_proxy,0,0.1311737937856731,0
phishtank,1,0.9656977747661555,1
phishtank,1,0.98257205806182,1
tranco_benign_proxy,0,0.19216628104515296,0
tranco_benign_proxy,0,0.01799364273353405,0
tranco_benign_proxy,0,0.14616840971922387,0
phishtank,1,0.9914757997135191,1
tranco_benign_proxy,0,0.35854052649585494,0
phishtank,1,0.9812609165553747,1
phishtank,1,0.8333936203906753,1
phishtank,1,0.9741185181304717,1
tranco_benign_proxy,0,0.4028928600657804,0
tranco_benign_proxy,0,0.12251765944608203,0
tranco_benign_proxy,0,0.46513106532485277,0
phishtank,1,0.911665396482643,1
tranco_benign_proxy,0,0.7540387679524676,1
phishtank,1,0.5212447613125067,0
tranco_benign_proxy,0,0.08908846719461438,0
tranco_benign_proxy,0,0.3735064344137707,0
phishtank,1,0.9085053838906032,1
tranco_benign_proxy,0,0.778769017981036,1
phishtank,1,0.9534487260235803,1
tranco_benign_proxy,0,0.13410842022461172,0
tranco_benign_proxy,0,0.20811046980449702,0
tranco_benign_proxy,0,0.946848471476158,1
tranco_benign_proxy,0,0.2409314470935592,0
tranco_benign_proxy,0,0.06944521505894097,0
phishtank,1,0.9977214330125481,1
phishtank,1,0.9994473789484692,1
tranco_benign_proxy,0,0.8890346241665447,1
phishtank,1,0.9938962567393882,1
phishtank,1,0.9999915305142806,1
tranco_benign_proxy,0,0.2644394582785015,0
phishtank,1,0.9999403160647925,1
tranco_benign_proxy,0,0.7938106576373709,1
phishtank,1,0.9839781785352424,1
phishtank,1,0.965712279758565,1
tranco_benign_proxy,0,0.996466042504588,1
tranco_benign_proxy,0,0.22803845850669344,0
phishtank,1,0.9415178200224488,1
tranco_benign_proxy,0,0.09048161380545613,0
tranco_benign_proxy,0,0.7380932351591875,1
tranco_benign_proxy,0,0.04947110571123751,0
phishtank,1,0.995204889863808,1
tranco_benign_proxy,0,0.1767813816413547,0
phishtank,1,0.3236116170716536,0
phishtank,1,0.9746292682140448,1
phishtank,1,0.9975769249715274,1
phishtank,1,0.9609843261556159,1
phishtank,1,0.28297779519125615,0
phishtank,1,0.9923499770663631,1
tranco_benign_proxy,0,0.21769182709936755,0
phishtank,1,0.9496730176872527,1
phishtank,1,0.9999921390578496,1
phishtank,1,0.9994652506715805,1
phishtank,1,0.9982964466134903,1
phishtank,1,0.9704202116721957,1
tranco_benign_proxy,0,0.6048327677877616,0
tranco_benign_proxy,0,0.21808681971124028,0
phishtank,1,0.23466882864183186,0
tranco_benign_proxy,0,0.7729652038618364,1
phishtank,1,0.7588753118441537,1
phishtank,1,0.6791046294363587,0
phishtank,1,0.9962178448321803,1
tranco_benign_proxy,0,0.19712339003940502,0
tranco_benign_proxy,0,0.2505781722407453,0
tranco_benign_proxy,0,0.867148433850024,1
phishtank,1,0.999877096657773,1
tranco_benign_proxy,0,0.6331274449891521,0
tranco_benign_proxy,0,0.24706766623862533,0
phishtank,1,0.9675659135372829,1
tranco_benign_proxy,0,0.04238524906634015,0
tranco_benign_proxy,0,0.0012242810406152712,0
phishtank,1,0.9999949438671096,1
phishtank,1,0.9983948605115258,1
phishtank,1,0.9998344008774879,1
tranco_benign_proxy,0,0.0036280218004081043,0
phishtank,1,0.9758769519797298,1
phishtank,1,0.9368368995550014,1
phishtank,1,0.9194898862597586,1
phishtank,1,0.8565085624632408,1
phishtank,1,0.7434194061369817,1
phishtank,1,0.9886491055546924,1
phishtank,1,0.9395779544422683,1
tranco_benign_proxy,0,0.16148327972296436,0
tranco_benign_proxy,0,0.28906329839185174,0
phishtank,1,0.9788858371211396,1
tranco_benign_proxy,0,0.2677936044867045,0
phishtank,1,0.9969122678635908,1
tranco_benign_proxy,0,0.14877444092240277,0
tranco_benign_proxy,0,0.15471254396198342,0
phishtank,1,0.5222307616871935,0
phishtank,1,0.9990608676184288,1
tranco_benign_proxy,0,0.11445917666599917,0
tranco_benign_proxy,0,0.0721827415344432,0
tranco_benign_proxy,0,0.07881671590252842,0
phishtank,1,0.9944379872655429,1
tranco_benign_proxy,0,0.8510928265500265,1
phishtank,1,0.9920938944602792,1
tranco_benign_proxy,0,0.42087689224399744,0
phishtank,1,0.9996605281392039,1
tranco_benign_proxy,0,0.8304016146955763,1
tranco_benign_proxy,0,0.2972917899523569,0
phishtank,1,0.9581702125295738,1
tranco_benign_proxy,0,0.38704918082223466,0
phishtank,1,0.9379330618810593,1
phishtank,1,0.9777212191615963,1
tranco_benign_proxy,0,0.19122453706468706,0
phishtank,1,0.993027116185439,1
phishtank,1,0.9871944735093281,1
tranco_benign_proxy,0,0.018157973192488058,0
phishtank,1,0.9992919218149846,1
phishtank,1,0.8383029981609397,1
tranco_benign_proxy,0,0.8790014256793831,1
phishtank,1,0.6625278918313211,0
phishtank,1,0.9929812128057417,1
tranco_benign_proxy,0,0.035313626915665995,0
phishtank,1,0.9636662954614472,1
tranco_benign_proxy,0,0.7063941924073095,1
phishtank,1,0.9559115468818317,1
tranco_benign_proxy,0,0.07706488212025486,0
phishtank,1,0.9985448475973997,1
phishtank,1,0.9534938867100184,1
phishtank,1,0.9999124276950114,1
phishtank,1,0.8927684470711943,1
tranco_benign_proxy,0,0.5703876823317915,0
phishtank,1,0.9967987775519784,1
phishtank,1,0.9708484736968148,1
tranco_benign_proxy,0,0.08275649283183736,0
phishtank,1,0.9976273520898842,1
tranco_benign_proxy,0,0.013873626940311846,0
tranco_benign_proxy,0,0.03891177614489625,0
phishtank,1,0.977019819871205,1
phishtank,1,0.9773998161352856,1
phishtank,1,0.9888973471937302,1
phishtank,1,0.9760352124339328,1
tranco_benign_proxy,0,0.23072565255019772,0
tranco_benign_proxy,0,0.2686863415684259,0
phishtank,1,0.9988477566000887,1
tranco_benign_proxy,0,0.7469104480561115,1
phishtank,1,0.9393565322314177,1
tranco_benign_proxy,0,0.026776826417593547,0
phishtank,1,0.6868907512329637,0
tranco_benign_proxy,0,0.9392820548221736,1
phishtank,1,0.9970612217422644,1
tranco_benign_proxy,0,0.09594279889119867,0
tranco_benign_proxy,0,0.21697085804434296,0
tranco_benign_proxy,0,0.12752466362437034,0
phishtank,1,0.9996247625305881,1
phishtank,1,0.9747125889960532,1
phishtank,1,0.9709410506648983,1
tranco_benign_proxy,0,0.22148559862528297,0
phishtank,1,0.9970595921838779,1
phishtank,1,0.9000708123795313,1
phishtank,1,0.9966456852990647,1
phishtank,1,0.9993385792868256,1
phishtank,1,0.9999424463047629,1
tranco_benign_proxy,0,0.3429471440881798,0
tranco_benign_proxy,0,0.23723831012619515,0
tranco_benign_proxy,0,0.19150221951873117,0
tranco_benign_proxy,0,0.5020928880738337,0
phishtank,1,0.956584894452604,1
tranco_benign_proxy,0,0.09590643477915463,0
tranco_benign_proxy,0,0.16749690513722296,0
phishtank,1,0.999650844512796,1
phishtank,1,0.9613756633627658,1
phishtank,1,0.949211039898484,1
tranco_benign_proxy,0,0.06526725977722685,0
tranco_benign_proxy,0,0.36775569342578324,0
tranco_benign_proxy,0,0.0017936938922154884,0
tranco_benign_proxy,0,0.1598848792687943,0
tranco_benign_proxy,0,0.5369130245360082,0
tranco_benign_proxy,0,0.3514128950433248,0
phishtank,1,0.6857201253799452,0
phishtank,1,0.9772017056529319,1
tranco_benign_proxy,0,0.005152390536261769,0
phishtank,1,0.8302919810816605,1
tranco_benign_proxy,0,0.936018145369578,1
phishtank,1,0.9620285984819155,1
phishtank,1,0.9523276798452014,1
tranco_benign_proxy,0,0.8009397013619947,1
phishtank,1,0.9791628413559764,1
tranco_benign_proxy,0,0.14762963126691395,0
phishtank,1,0.9998038093260356,1
phishtank,1,0.9938823739168466,1
tranco_benign_proxy,0,0.25123487559868984,0
phishtank,1,0.9842629011281029,1
tranco_benign_proxy,0,0.13773624672145984,0
phishtank,1,0.9970678622886091,1
tranco_benign_proxy,0,0.29713078640079943,0
tranco_benign_proxy,0,0.5223617384469182,0
phishtank,1,0.9513304319914991,1
phishtank,1,0.9999226674888685,1
tranco_benign_proxy,0,0.5825061770292433,0
tranco_benign_proxy,0,0.203875614989349,0
phishtank,1,0.9993697674518586,1
phishtank,1,0.97733007081437,1
tranco_benign_proxy,0,0.49248111337474326,0
phishtank,1,0.9968741607240049,1
phishtank,1,0.9181698166823988,1
phishtank,1,0.9992324837468257,1
phishtank,1,0.9968457483984983,1
tranco_benign_proxy,0,0.052027299863717964,0
phishtank,1,0.9910018104602549,1
phishtank,1,0.9868914106847766,1
tranco_benign_proxy,0,0.01882726599323786,0
phishtank,1,0.9772906301369878,1
phishtank,1,0.9999753938428839,1
phishtank,1,0.9358615751028884,1
tranco_benign_proxy,0,0.17091166811893002,0
tranco_benign_proxy,0,0.22506006953767213,0
phishtank,1,0.999274810829541,1
phishtank,1,0.14349292965123062,0
tranco_benign_proxy,0,0.9878010456191816,1
phishtank,1,0.9910556801602888,1
phishtank,1,0.9916519786756492,1
tranco_benign_proxy,0,0.08624432832460557,0
phishtank,1,0.9871800094151143,1
tranco_benign_proxy,0,0.20186279627202613,0
phishtank,1,0.9987822136411294,1
tranco_benign_proxy,0,0.13857234116964512,0
tranco_benign_proxy,0,0.8173435479490074,1
phishtank,1,0.9811405430874054,1
phishtank,1,0.9986399578982746,1
tranco_benign_proxy,0,0.7457719000734254,1
tranco_benign_proxy,0,0.20873495988657947,0
tranco_benign_proxy,0,0.1188141308827087,0
tranco_benign_proxy,0,0.0037473219959562876,0
tranco_benign_proxy,0,0.6376597303698107,0
phishtank,1,0.9999547367817224,1
tranco_benign_proxy,0,0.9707639963182263,1
tranco_benign_proxy,0,0.7894181663629768,1
phishtank,1,0.9984091030267912,1
tranco_benign_proxy,0,0.06448993489122398,0
tranco_benign_proxy,0,0.7490043112753885,1
tranco_benign_proxy,0,0.01238639983597389,0
phishtank,1,0.9750680812417811,1
phishtank,1,0.9998787553621773,1
phishtank,1,0.9967192280426069,1
phishtank,1,0.9915514100946398,1
phishtank,1,0.9964327850580358,1
tranco_benign_proxy,0,0.11257779952545206,0
phishtank,1,0.9985305184504444,1
phishtank,1,0.9988867122109573,1
phishtank,1,0.8861954038460166,1
tranco_benign_proxy,0,0.1621628726905031,0
phishtank,1,0.9886560445430316,1
tranco_benign_proxy,0,0.40863299051434876,0
phishtank,1,0.9871351566321911,1
phishtank,1,0.9533274877173071,1
tranco_benign_proxy,0,0.2686253792319417,0
phishtank,1,0.9986098042597819,1
tranco_benign_proxy,0,0.9519397673065295,1
phishtank,1,0.9986365865246912,1
phishtank,1,0.9997424861557113,1
tranco_benign_proxy,0,0.20654476364042781,0
tranco_benign_proxy,0,0.08502030262699584,0
phishtank,1,0.9942306085086708,1
tranco_benign_proxy,0,0.19797572923196127,0
tranco_benign_proxy,0,0.21352606816899627,0
phishtank,1,0.9757275348319403,1
tranco_benign_proxy,0,0.5139504583084865,0
tranco_benign_proxy,0,0.3016552958326387,0
phishtank,1,0.9981481495722899,1
tranco_benign_proxy,0,0.6539886475709785,0
phishtank,1,0.9881919876314322,1
tranco_benign_proxy,0,0.2595635880693639,0
tranco_benign_proxy,0,0.10027200582419013,0
phishtank,1,0.9997198422788764,1
phishtank,1,0.9917927024571414,1
phishtank,1,0.830167189668753,1
tranco_benign_proxy,0,0.6406656590883196,0
phishtank,1,0.9691583418634586,1
tranco_benign_proxy,0,0.49515400463898507,0
phishtank,1,0.32800942843959485,0
phishtank,1,0.9880563016837808,1
tranco_benign_proxy,0,0.3298161118003466,0
phishtank,1,0.9904231815567739,1
tranco_benign_proxy,0,0.6696011979382713,0
phishtank,1,0.97299535631808,1
tranco_benign_proxy,0,0.07771701614581243,0
phishtank,1,0.9715011447276624,1
tranco_benign_proxy,0,0.08344111756318712,0
tranco_benign_proxy,0,0.09827273269890913,0
tranco_benign_proxy,0,0.2574134938044726,0
tranco_benign_proxy,0,0.7492682422408333,1
tranco_benign_proxy,0,0.8379594283416215,1
tranco_benign_proxy,0,0.9613095799006561,1
tranco_benign_proxy,0,0.010242295579374621,0
phishtank,1,0.9803146206398774,1
tranco_benign_proxy,0,0.10412456044105822,0
phishtank,1,0.9816481486650843,1
phishtank,1,0.9890617293730254,1
tranco_benign_proxy,0,0.4221439984636388,0
phishtank,1,0.9732673229484271,1
phishtank,1,0.9912420319611208,1
tranco_benign_proxy,0,0.5995628983627653,0
tranco_benign_proxy,0,0.13551899324447703,0
phishtank,1,0.9878034172543755,1
tranco_benign_proxy,0,0.7443903603785527,1
tranco_benign_proxy,0,0.13953889993266785,0
phishtank,1,0.9675594872501747,1
tranco_benign_proxy,0,0.2816023542781731,0
tranco_benign_proxy,0,0.1436486928606389,0
phishtank,1,0.9565617708239309,1
phishtank,1,0.9444453337309756,1
tranco_benign_proxy,0,0.1842880254815307,0
phishtank,1,0.9903038328900714,1
phishtank,1,0.9973179996140908,1
phishtank,1,0.9420272783345899,1
tranco_benign_proxy,0,0.17611605723316354,0
tranco_benign_proxy,0,0.3170362197269732,0
tranco_benign_proxy,0,0.03192690056157521,0
tranco_benign_proxy,0,0.4975240179848144,0
phishtank,1,0.9898966780659234,1
tranco_benign_proxy,0,0.1300491173276098,0
phishtank,1,0.9233399678721693,1
tranco_benign_proxy,0,0.021125712388295654,0
phishtank,1,0.9999575233814058,1
phishtank,1,0.9969263878273338,1
tranco_benign_proxy,0,0.03564005270766339,0
phishtank,1,0.997921409392991,1
tranco_benign_proxy,0,0.5941102056120203,0
phishtank,1,0.9869221172929957,1
tranco_benign_proxy,0,0.3066600923723806,0
phishtank,1,0.9766351398763294,1
tranco_benign_proxy,0,0.046076565102683625,0
tranco_benign_proxy,0,0.7640472114499154,1
tranco_benign_proxy,0,0.27816518497875337,0
tranco_benign_proxy,0,0.20728475445953903,0
tranco_benign_proxy,0,0.30953905887059424,0
phishtank,1,0.9717282594755682,1
phishtank,1,0.5225671763851902,0
phishtank,1,0.9986593143373746,1
phishtank,1,0.9989265838964292,1
phishtank,1,0.9999746301059615,1
phishtank,1,0.987887579388695,1
tranco_benign_proxy,0,0.9233433903113478,1
tranco_benign_proxy,0,0.9335985411324984,1
tranco_benign_proxy,0,0.7691002301530457,1
tranco_benign_proxy,0,0.3160046005452556,0
phishtank,1,0.9835506581573767,1
tranco_benign_proxy,0,0.21593220815697586,0
tranco_benign_proxy,0,0.004436472693771748,0
tranco_benign_proxy,0,0.22628014028676383,0
tranco_benign_proxy,0,0.6447888180468719,0
phishtank,1,0.9925452808491985,1
phishtank,1,0.7636087979123164,1
tranco_benign_proxy,0,0.8098177185399915,1
phishtank,1,0.9885805038166693,1
tranco_benign_proxy,0,0.5112727573288326,0
tranco_benign_proxy,0,0.17300488674544,0
phishtank,1,0.9722900505321818,1
phishtank,1,0.9995193329759936,1
phishtank,1,0.9984452498258309,1
tranco_benign_proxy,0,0.6274631287424138,0
phishtank,1,0.9673379699075045,1
tranco_benign_proxy,0,0.1183051953713965,0
phishtank,1,0.990966559037464,1
tranco_benign_proxy,0,0.18902390007367276,0
phishtank,1,0.9572015351613409,1
tranco_benign_proxy,0,0.060776794427863746,0
tranco_benign_proxy,0,0.26221558293124075,0
tranco_benign_proxy,0,0.32281189903588053,0
phishtank,1,0.9999439253530105,1
tranco_benign_proxy,0,0.24671648172077462,0
phishtank,1,0.999175644939833,1
tranco_benign_proxy,0,0.3647169663579094,0
phishtank,1,0.9990079057809967,1
tranco_benign_proxy,0,0.11887419842984191,0
phishtank,1,0.9991337633724472,1
tranco_benign_proxy,0,0.36104112403696315,0
phishtank,1,0.9427072546740222,1
phishtank,1,0.9698726238594693,1
phishtank,1,0.9748551247222184,1
phishtank,1,0.9808128607046531,1
tranco_benign_proxy,0,0.43745771644523535,0
phishtank,1,0.9846170671954722,1
tranco_benign_proxy,0,0.056110919431771995,0
phishtank,1,0.9930563975329606,1
phishtank,1,0.5617867880185128,0
phishtank,1,0.9982041057050007,1
phishtank,1,0.9432652957496042,1
phishtank,1,0.9932133953247704,1
phishtank,1,0.7932419453043272,1
phishtank,1,0.9964793871838427,1
phishtank,1,0.996979042316056,1
tranco_benign_proxy,0,0.03253387666848663,0
phishtank,1,0.9959067223605551,1
tranco_benign_proxy,0,0.1491840911578288,0
phishtank,1,0.9838046824659209,1
tranco_benign_proxy,0,0.19388855299318786,0
tranco_benign_proxy,0,0.5081191170492331,0
phishtank,1,0.6867956069292298,0
phishtank,1,0.9790770530309961,1
tranco_benign_proxy,0,0.5020169385649934,0
phishtank,1,0.9993798171221732,1
phishtank,1,0.998426958104184,1
phishtank,1,0.9993364272111717,1
tranco_benign_proxy,0,0.9763258624606613,1
tranco_benign_proxy,0,0.2893411485978521,0
phishtank,1,0.9427938660105536,1
tranco_benign_proxy,0,0.9714188919720229,1
tranco_benign_proxy,0,0.9062890107177494,1
tranco_benign_proxy,0,0.005381943622266599,0
tranco_benign_proxy,0,0.9684102480668826,1
phishtank,1,0.9946421868072702,1
phishtank,1,0.9991325213482461,1
phishtank,1,0.990951283763647,1
tranco_benign_proxy,0,0.13987453219809204,0
tranco_benign_proxy,0,0.19574746248929878,0
phishtank,1,0.9991754348730163,1
phishtank,1,0.9784315298111098,1
phishtank,1,0.994985313040415,1
tranco_benign_proxy,0,0.16443138222381506,0
tranco_benign_proxy,0,0.3563382525433712,0
phishtank,1,0.9608257573274989,1
phishtank,1,0.9708366877032416,1
tranco_benign_proxy,0,0.01437967072541823,0
tranco_benign_proxy,0,0.4090908293530189,0
tranco_benign_proxy,0,0.5479009270172019,0
phishtank,1,0.6849475390681521,0
tranco_benign_proxy,0,0.1349149938575328,0
phishtank,1,0.9929869208764485,1
phishtank,1,0.9986614579976185,1
phishtank,1,0.9927754088446767,1
phishtank,1,0.9994215856320716,1
phishtank,1,0.9999273896148336,1
phishtank,1,0.9924055844229465,1
phishtank,1,0.998767895838485,1
phishtank,1,0.7468848707847647,1
tranco_benign_proxy,0,0.2896115022171693,0
tranco_benign_proxy,0,0.04484747013234549,0
tranco_benign_proxy,0,0.28427842897560923,0
phishtank,1,0.8010910771888253,1
tranco_benign_proxy,0,0.15294748886704906,0
phishtank,1,0.9499903740024843,1
tranco_benign_proxy,0,0.06159182959232629,0
tranco_benign_proxy,0,0.539761327745261,0
phishtank,1,0.9919455913878111,1
tranco_benign_proxy,0,0.2812497729499923,0
phishtank,1,0.9977436165743612,1
phishtank,1,0.9714601825515365,1
tranco_benign_proxy,0,0.07554892625480474,0
tranco_benign_proxy,0,0.9875671909880877,1
phishtank,1,0.9551180041776727,1
tranco_benign_proxy,0,0.2457855049144171,0
phishtank,1,0.9999128878852516,1
tranco_benign_proxy,0,0.03507099970406037,0
phishtank,1,0.9997606765820058,1
tranco_benign_proxy,0,0.8061948269860244,1
tranco_benign_proxy,0,0.7518920182302007,1
tranco_benign_proxy,0,0.7418312311102692,1
tranco_benign_proxy,0,0.014320255521328804,0
phishtank,1,0.9997303522085922,1
phishtank,1,0.9870918848516677,1
tranco_benign_proxy,0,0.11633867465741014,0
tranco_benign_proxy,0,0.605961680967145,0
tranco_benign_proxy,0,0.7465160979010442,1
phishtank,1,0.9870040846693079,1
phishtank,1,0.8916785203934279,1
phishtank,1,0.3331343073826628,0
phishtank,1,0.8151112560037046,1
tranco_benign_proxy,0,0.025569461623144316,0
tranco_benign_proxy,0,0.4735082374417658,0
phishtank,1,0.9771764560488477,1
phishtank,1,0.9995576478831265,1
tranco_benign_proxy,0,0.11918971681038788,0
tranco_benign_proxy,0,0.002334373067093375,0
tranco_benign_proxy,0,0.04882228249804801,0
tranco_benign_proxy,0,0.09311573802720707,0
tranco_benign_proxy,0,0.32586820737938405,0
phishtank,1,0.9999198465761973,1
phishtank,1,0.33947615162810435,0
tranco_benign_proxy,0,0.029199632293849993,0
tranco_benign_proxy,0,0.2364953701147386,0
phishtank,1,0.999233661402306,1
phishtank,1,0.9989524498509813,1
tranco_benign_proxy,0,0.07278398035250881,0
tranco_benign_proxy,0,0.9401839340790964,1
phishtank,1,0.6261960470115926,0
phishtank,1,0.057154990115290925,0
phishtank,1,0.9956743207862497,1
tranco_benign_proxy,0,0.27377559144181673,0
phishtank,1,0.9999288910319768,1
phishtank,1,0.9993157970042572,1
phishtank,1,0.9961028764019011,1
tranco_benign_proxy,0,0.963899733148342,1
phishtank,1,0.9986804896449741,1
tranco_benign_proxy,0,0.7925367670531137,1
tranco_benign_proxy,0,0.5049595700610414,0
phishtank,1,0.9643344680042977,1
phishtank,1,0.9999444353777338,1
phishtank,1,0.9575545621095842,1
phishtank,1,0.9933659886823505,1
phishtank,1,0.9994248525734725,1
phishtank,1,0.9959439111969033,1
phishtank,1,0.9495832460049337,1
phishtank,1,0.9999636412631037,1
tranco_benign_proxy,0,0.5613957001344076,0
tranco_benign_proxy,0,0.7556783484046045,1
tranco_benign_proxy,0,0.07393389787418031,0
tranco_benign_proxy,0,0.2779273440104871,0
phishtank,1,0.9923062159418371,1
phishtank,1,0.9768690276870298,1
tranco_benign_proxy,0,0.149197169571111,0
tranco_benign_proxy,0,0.037396418206296966,0
tranco_benign_proxy,0,0.16188142485703266,0
tranco_benign_proxy,0,0.7913701678410408,1
tranco_benign_proxy,0,0.16814029829549712,0
phishtank,1,0.9725013174428119,1
tranco_benign_proxy,0,0.7397953262991036,1
tranco_benign_proxy,0,0.1534347348519664,0
phishtank,1,0.9972291190457632,1
tranco_benign_proxy,0,0.8570211790777339,1
tranco_benign_proxy,0,0.8586766054983671,1
phishtank,1,0.9918063090138899,1
phishtank,1,0.9993197013047301,1
tranco_benign_proxy,0,0.16507715502514667,0
phishtank,1,0.9998704447816783,1
phishtank,1,0.9675624786199764,1
phishtank,1,0.9967509559909877,1
phishtank,1,0.9982780765009447,1
tranco_benign_proxy,0,0.09836839341411122,0
phishtank,1,0.9415959496855707,1
phishtank,1,0.9978827272408332,1
tranco_benign_proxy,0,0.0909135984469819,0
phishtank,1,0.9980088273515896,1
phishtank,1,0.9714715976359419,1
phishtank,1,0.9995208169352642,1
tranco_benign_proxy,0,0.9219343993590302,1
phishtank,1,0.906935370289674,1
phishtank,1,0.9917449939511844,1
phishtank,1,0.9936368157328871,1
tranco_benign_proxy,0,0.06481878551518458,0
tranco_benign_proxy,0,0.6177569269976325,0
tranco_benign_proxy,0,0.09214432049630863,0
phishtank,1,0.9941176874133238,1
phishtank,1,0.9981775531935856,1
phishtank,1,0.9911173991244141,1
phishtank,1,0.9358029553156816,1
tranco_benign_proxy,0,0.8457037973871042,1
phishtank,1,0.9960832255830047,1
tranco_benign_proxy,0,0.2779196657286913,0
tranco_benign_proxy,0,0.3180922692059018,0
tranco_benign_proxy,0,0.14050107330450134,0
tranco_benign_proxy,0,0.1184330363863127,0
tranco_benign_proxy,0,0.8264510760701667,1
tranco_benign_proxy,0,0.6264795917074614,0
phishtank,1,0.9999258452818359,1
phishtank,1,0.931371826853217,1
tranco_benign_proxy,0,0.3062465561036508,0
tranco_benign_proxy,0,0.5701679802486994,0
phishtank,1,0.7134756613091032,1
phishtank,1,0.999881834297422,1
tranco_benign_proxy,0,0.25848332748734837,0
phishtank,1,0.9999535017833376,1
tranco_benign_proxy,0,0.6796274945053279,0
phishtank,1,0.538781998529534,0
tranco_benign_proxy,0,0.7609774496783439,1
phishtank,1,0.8822130205652253,1
tranco_benign_proxy,0,0.6270117087157224,0
phishtank,1,0.9123564781160091,1
tranco_benign_proxy,0,0.4774474994945136,0
phishtank,1,0.9365071774799405,1
phishtank,1,0.9812405487122416,1
tranco_benign_proxy,0,0.6719621605886757,0
tranco_benign_proxy,0,0.15125486183973774,0
tranco_benign_proxy,0,0.007784693824359453,0
tranco_benign_proxy,0,0.8974268358892595,1
tranco_benign_proxy,0,0.22547974453988212,0
phishtank,1,0.7986364972813879,1
phishtank,1,0.9928033463047544,1
tranco_benign_proxy,0,0.04650742132016677,0
tranco_benign_proxy,0,0.8435449271816731,1
phishtank,1,0.9915801600843833,1
tranco_benign_proxy,0,0.1490862297835617,0
phishtank,1,0.9830010353284515,1
tranco_benign_proxy,0,0.20680203649800466,0
phishtank,1,0.9774326587011599,1
tranco_benign_proxy,0,0.4288623412141751,0
phishtank,1,0.9971320051104624,1
tranco_benign_proxy,0,0.9270638757992287,1
phishtank,1,0.9959936255243895,1
tranco_benign_proxy,0,0.008815713937858984,0
phishtank,1,0.9999116925217896,1
phishtank,1,0.9786639300866705,1
tranco_benign_proxy,0,0.018755955005416738,0
tranco_benign_proxy,0,0.05088443099447956,0
phishtank,1,0.9999495155062829,1
tranco_benign_proxy,0,0.009669718981150356,0
tranco_benign_proxy,0,0.11716066172224417,0
phishtank,1,0.9990953119766613,1
phishtank,1,0.9998459664168804,1
phishtank,1,0.9934610413572732,1
tranco_benign_proxy,0,0.9866406904984494,1
tranco_benign_proxy,0,0.10091518074475637,0
tranco_benign_proxy,0,0.6326741573235943,0
phishtank,1,0.8948651326257078,1
phishtank,1,0.969976372534769,1
phishtank,1,0.9982732388878659,1
tranco_benign_proxy,0,0.07620259246527028,0
tranco_benign_proxy,0,0.18821092749804857,0
tranco_benign_proxy,0,0.06036493423666486,0
phishtank,1,0.9984838899374144,1
phishtank,1,0.9993562507016835,1
tranco_benign_proxy,0,0.5388586017270525,0
phishtank,1,0.9999450777982067,1
tranco_benign_proxy,0,0.9392542696630276,1
tranco_benign_proxy,0,0.08599671317032875,0
phishtank,1,0.9948286012489814,1
phishtank,1,0.9446945077813224,1
tranco_benign_proxy,0,0.40915140948008405,0
phishtank,1,0.9997615527322137,1
phishtank,1,0.9857651283860001,1
phishtank,1,0.9911067296209713,1
tranco_benign_proxy,0,0.6670627022044622,0
phishtank,1,0.9994918129017497,1
phishtank,1,0.9867535048911663,1
tranco_benign_proxy,0,0.03716096337439079,0
tranco_benign_proxy,0,0.48876131229832603,0
tranco_benign_proxy,0,0.13193429951391172,0
phishtank,1,0.9936012345567321,1
phishtank,1,0.9245674598864589,1
phishtank,1,0.7012112192099517,1
tranco_benign_proxy,0,0.3351746653585607,0
tranco_benign_proxy,0,0.005572373495942191,0
phishtank,1,0.7361211045768382,1
phishtank,1,0.9923134942506823,1
phishtank,1,0.9969497895874911,1
tranco_benign_proxy,0,0.3828975626818425,0
tranco_benign_proxy,0,0.0803455430984422,0
phishtank,1,0.9992119134281943,1
phishtank,1,0.9997800390999211,1
tranco_benign_proxy,0,0.17104058740935926,0
phishtank,1,0.9987631829072418,1
tranco_benign_proxy,0,0.9719154842011267,1
tranco_benign_proxy,0,0.7442824917222757,1
phishtank,1,0.9775313545800614,1
phishtank,1,0.9584057324037163,1
tranco_benign_proxy,0,0.08013306794411995,0
phishtank,1,0.9473983707466174,1
phishtank,1,0.9935321102329187,1
tranco_benign_proxy,0,0.2426746467484369,0
tranco_benign_proxy,0,0.18712056475250602,0
phishtank,1,0.9913735780944926,1
phishtank,1,0.9818336856719652,1
phishtank,1,0.9328179577305595,1
tranco_benign_proxy,0,0.50657027723811,0
tranco_benign_proxy,0,0.17833540677775628,0
phishtank,1,0.9790121869937892,1
tranco_benign_proxy,0,0.9498034651181743,1
phishtank,1,0.9970310140057639,1
tranco_benign_proxy,0,0.655485204136934,0
tranco_benign_proxy,0,0.16285870829657775,0
tranco_benign_proxy,0,0.6283776876606292,0
phishtank,1,0.9986800185149527,1
tranco_benign_proxy,0,0.11199196968732823,0
phishtank,1,0.8049278030348654,1
phishtank,1,0.9303601369058183,1
phishtank,1,0.9843661159781978,1
phishtank,1,0.9946949291670738,1
phishtank,1,0.9970183678497434,1
phishtank,1,0.9983459501808212,1
phishtank,1,0.9988867363357988,1
phishtank,1,0.9785181073021288,1
phishtank,1,0.9968584473599997,1
tranco_benign_proxy,0,0.9359306695761196,1
phishtank,1,0.9999042112780657,1
tranco_benign_proxy,0,0.016207056161182818,0
phishtank,1,0.9994470025384554,1
tranco_benign_proxy,0,0.5189084647766495,0
phishtank,1,0.9958926702783801,1
tranco_benign_proxy,0,0.04131684201140961,0
tranco_benign_proxy,0,0.36137226308386533,0
tranco_benign_proxy,0,0.32527343342177734,0
tranco_benign_proxy,0,0.07346141231152521,0
phishtank,1,0.9240923775702373,1
phishtank,1,0.9896550457379786,1
tranco_benign_proxy,0,0.8732596380835249,1
phishtank,1,0.9990586379254895,1
tranco_benign_proxy,0,0.17327801922519037,0
tranco_benign_proxy,0,0.30570114234140855,0
phishtank,1,0.9998472773314233,1
phishtank,1,0.2715873972200065,0
tranco_benign_proxy,0,0.06871877315977792,0
phishtank,1,0.9751155010400006,1
phishtank,1,0.9987218683016733,1
phishtank,1,0.9406438691955115,1
phishtank,1,0.9975356793704602,1
phishtank,1,0.7224403560209248,1
tranco_benign_proxy,0,0.27863571701064377,0
phishtank,1,0.9586469745282422,1
phishtank,1,0.9395208262702343,1
phishtank,1,0.9988840400026082,1
phishtank,1,0.9965279103973897,1
phishtank,1,0.9747520053546638,1
phishtank,1,0.9662759999771466,1
phishtank,1,0.9999044100809182,1
tranco_benign_proxy,0,0.21144366594417324,0
tranco_benign_proxy,0,0.37222512476993685,0
tranco_benign_proxy,0,0.1732581898570732,0
tranco_benign_proxy,0,0.0030467530259053206,0
phishtank,1,0.24844347030616484,0
tranco_benign_proxy,0,0.367770314595775,0
tranco_benign_proxy,0,0.6422595582645512,0
tranco_benign_proxy,0,0.144883065616307,0
tranco_benign_proxy,0,0.9367381204372942,1
phishtank,1,0.9721888235038636,1
phishtank,1,0.9999771345152558,1
tranco_benign_proxy,0,0.5948323301338353,0
phishtank,1,0.94499977838441,1
tranco_benign_proxy,0,0.3625489797097973,0
phishtank,1,0.9950591335685859,1
tranco_benign_proxy,0,0.37693537737550104,0
phishtank,1,0.8715222207982684,1
tranco_benign_proxy,0,0.03550643711028807,0
tranco_benign_proxy,0,0.1718869927790104,0
tranco_benign_proxy,0,0.25201246919436826,0
tranco_benign_proxy,0,0.9813939125210815,1
tranco_benign_proxy,0,0.1714620537167644,0
phishtank,1,0.9466613159134386,1
tranco_benign_proxy,0,0.981570281026979,1
phishtank,1,0.98302882998363,1
tranco_benign_proxy,0,0.9440792057076881,1
phishtank,1,0.9938891630727633,1
tranco_benign_proxy,0,0.42410819139435896,0
tranco_benign_proxy,0,0.08581001773966442,0
tranco_benign_proxy,0,0.17153703478897214,0
tranco_benign_proxy,0,0.37936068264178874,0
phishtank,1,0.373056801383104,0
phishtank,1,0.9999278421211351,1
phishtank,1,0.9975915142673182,1
tranco_benign_proxy,0,0.09473234179496813,0
phishtank,1,0.9999895053214412,1
tranco_benign_proxy,0,0.5160604662647679,0
phishtank,1,0.9901246062300275,1
phishtank,1,0.9978084197271172,1
tranco_benign_proxy,0,0.2786556211997697,0
tranco_benign_proxy,0,0.1911593409788585,0
phishtank,1,0.9415179872997892,1
tranco_benign_proxy,0,0.18928331579193547,0
tranco_benign_proxy,0,0.25649980814823936,0
phishtank,1,0.9820807508210307,1
tranco_benign_proxy,0,0.2716990671550896,0
phishtank,1,0.9921325747737278,1
tranco_benign_proxy,0,0.7047623447000856,1
phishtank,1,0.9772778695970302,1
tranco_benign_proxy,0,0.1917459184211394,0
tranco_benign_proxy,0,0.6404759369584425,0
tranco_benign_proxy,0,0.11956122597914992,0
tranco_benign_proxy,0,0.34977961327889695,0
phishtank,1,0.9502338037763055,1
tranco_benign_proxy,0,0.0073866587140343646,0
phishtank,1,0.996360643830901,1
phishtank,1,0.991523505087263,1
tranco_benign_proxy,0,0.3211183326372641,0
tranco_benign_proxy,0,0.09472025531879484,0
tranco_benign_proxy,0,0.014621339837780186,0
phishtank,1,0.9564305998565855,1
phishtank,1,0.9403855741549346,1
phishtank,1,0.999117906705977,1
phishtank,1,0.9066925343459484,1
tranco_benign_proxy,0,0.9810376722963732,1
tranco_benign_proxy,0,0.014303746956587345,0
tranco_benign_proxy,0,0.11662384837195015,0
tranco_benign_proxy,0,0.16773608948676416,0
phishtank,1,0.9916632753345749,1
phishtank,1,0.9810346075072565,1
phishtank,1,0.8116193722559945,1
phishtank,1,0.9946430066814482,1
phishtank,1,0.226110296875452,0
phishtank,1,0.95390128943559,1
tranco_benign_proxy,0,0.4684402806517895,0
phishtank,1,0.9938362209608026,1
phishtank,1,0.9821006202686096,1
tranco_benign_proxy,0,0.004528167454948669,0
tranco_benign_proxy,0,0.5778770094005884,0
tranco_benign_proxy,0,0.9738505453995939,1
tranco_benign_proxy,0,0.908115629464777,1
phishtank,1,0.8569444248071141,1
phishtank,1,0.9452344020984539,1
tranco_benign_proxy,0,0.9568667940717104,1
phishtank,1,0.980383243707433,1
phishtank,1,0.9978631913385291,1
phishtank,1,0.9635107629474892,1
phishtank,1,0.9779758580636002,1
phishtank,1,0.9343322534295999,1
tranco_benign_proxy,0,0.3748309204705959,0
tranco_benign_proxy,0,0.29163338979952635,0
tranco_benign_proxy,0,0.0025415589883547537,0
tranco_benign_proxy,0,0.1320155011019824,0
phishtank,1,0.9941496355157804,1
tranco_benign_proxy,0,0.001415488255091132,0
tranco_benign_proxy,0,0.09496471202132345,0
phishtank,1,0.923238942756707,1
tranco_benign_proxy,0,0.004254511263231352,0
phishtank,1,0.9923612775740748,1
tranco_benign_proxy,0,0.22852068644632378,0
phishtank,1,0.9933933547760729,1
tranco_benign_proxy,0,0.6931533480429399,0
phishtank,1,0.9744065997253785,1
tranco_benign_proxy,0,0.8396374664867698,1
tranco_benign_proxy,0,0.02569790055449426,0
phishtank,1,0.9999816953513642,1
phishtank,1,0.9381320464281103,1
phishtank,1,0.999671856614731,1
phishtank,1,0.9982246329763097,1
phishtank,1,0.9758621014006384,1
phishtank,1,0.999917888549219,1
phishtank,1,0.9991585869452203,1
phishtank,1,0.9911245356059775,1
tranco_benign_proxy,0,0.8776842641584471,1
tranco_benign_proxy,0,0.0844308391404907,0
tranco_benign_proxy,0,0.38590273856773744,0
phishtank,1,0.9988627906638979,1
phishtank,1,0.9984667618583255,1
phishtank,1,0.9606384973128822,1
tranco_benign_proxy,0,0.030638044113754634,0
phishtank,1,0.8183864315204645,1
phishtank,1,0.9851044870658385,1
phishtank,1,0.9906869558084294,1
tranco_benign_proxy,0,0.035363526538506836,0
tranco_benign_proxy,0,0.1157513793315781,0
tranco_benign_proxy,0,0.1668471328214657,0
phishtank,1,0.9997913139469212,1
phishtank,1,0.9965367203270665,1
tranco_benign_proxy,0,0.011694800115908406,0
phishtank,1,0.9979108890627534,1
tranco_benign_proxy,0,0.014590569309419254,0
phishtank,1,0.9814252236846592,1
tranco_benign_proxy,0,0.3091510109325035,0
tranco_benign_proxy,0,0.7491419410648863,1
phishtank,1,0.9895825748162687,1
phishtank,1,0.9920220315740789,1
phishtank,1,0.9870081623577844,1
phishtank,1,0.9990017959824538,1
phishtank,1,0.9974928866821339,1
tranco_benign_proxy,0,0.5416296508840948,0
phishtank,1,0.9996981411504541,1
phishtank,1,0.9811454717638308,1
tranco_benign_proxy,0,0.1734928552841743,0
phishtank,1,0.999815613022337,1
tranco_benign_proxy,0,0.09174921548757992,0
phishtank,1,0.9915341639728609,1
phishtank,1,0.9737686796851175,1
tranco_benign_proxy,0,0.3880582770611573,0
tranco_benign_proxy,0,0.05769691891783742,0
tranco_benign_proxy,0,0.9601107520891319,1
tranco_benign_proxy,0,0.8622391548881028,1
phishtank,1,0.7910429521684863,1
tranco_benign_proxy,0,0.3197904896647714,0
phishtank,1,0.5671239775376372,0
phishtank,1,0.9979635704049584,1
phishtank,1,0.9345580710987006,1
tranco_benign_proxy,0,0.7379577180171116,1
phishtank,1,0.9990272210197981,1
phishtank,1,0.9999050817492314,1
tranco_benign_proxy,0,0.14391210916041902,0
tranco_benign_proxy,0,0.16209854299873327,0
phishtank,1,0.9764184978181057,1
phishtank,1,0.999984322878649,1
tranco_benign_proxy,0,0.2149700002354637,0
tranco_benign_proxy,0,0.10462420386220705,0
tranco_benign_proxy,0,0.8278266497153994,1
phishtank,1,0.9997288795878673,1
tranco_benign_proxy,0,0.22852161331976248,0
phishtank,1,0.9958577104364239,1
tranco_benign_proxy,0,0.1357621401005573,0
phishtank,1,0.9993002192190755,1
tranco_benign_proxy,0,0.44710995687000826,0
tranco_benign_proxy,0,0.10593784799484211,0
tranco_benign_proxy,0,0.14856512944190428,0
phishtank,1,0.7783137382616122,1
phishtank,1,0.963769819759152,1
phishtank,1,0.9990625450331442,1
phishtank,1,0.9981238533097114,1
tranco_benign_proxy,0,0.46170089438080325,0
tranco_benign_proxy,0,0.9910651132726755,1
tranco_benign_proxy,0,0.4466688700226581,0
phishtank,1,0.29552442153878244,0
tranco_benign_proxy,0,0.21933589040757293,0
phishtank,1,0.9999017956659243,1
tranco_benign_proxy,0,0.2459481556328808,0
phishtank,1,0.9990555831438765,1
phishtank,1,0.9239234390121677,1
phishtank,1,0.9891124849824096,1
tranco_benign_proxy,0,0.21104053432757885,0
phishtank,1,0.993662022483521,1
tranco_benign_proxy,0,0.16951851649738994,0
phishtank,1,0.5516688057274862,0
tranco_benign_proxy,0,0.0191434524941454,0
phishtank,1,0.8090860502248234,1
phishtank,1,0.9947916871994822,1
phishtank,1,0.7264949561171273,1
tranco_benign_proxy,0,0.05403675263100136,0
tranco_benign_proxy,0,0.3881044131417397,0
phishtank,1,0.9950655646460219,1
phishtank,1,0.9999494907195321,1
phishtank,1,0.7703898150058662,1
phishtank,1,0.9980191459669658,1
phishtank,1,0.9941439309632295,1
tranco_benign_proxy,0,0.21724400452992096,0
tranco_benign_proxy,0,0.024737564790603236,0
tranco_benign_proxy,0,0.34064494694641967,0
phishtank,1,0.9734410740333843,1
phishtank,1,0.9887749720605615,1
phishtank,1,0.9965144755474225,1
tranco_benign_proxy,0,0.4096890128741412,0
tranco_benign_proxy,0,0.9242020038257448,1
tranco_benign_proxy,0,0.06644319422510678,0
phishtank,1,0.987512491559241,1
tranco_benign_proxy,0,0.276137829356684,0
tranco_benign_proxy,0,0.5802649525972038,0
tranco_benign_proxy,0,0.1177906789884965,0
phishtank,1,0.9911295710678981,1
phishtank,1,0.9990903713782463,1
tranco_benign_proxy,0,0.09379049854099256,0
phishtank,1,0.46033654389882617,0
tranco_benign_proxy,0,0.6764265674273992,0
tranco_benign_proxy,0,0.41905420834005697,0
phishtank,1,0.8386758213710359,1
phishtank,1,0.9973500375672978,1
phishtank,1,0.97665939607293,1
phishtank,1,0.3603076599091024,0
tranco_benign_proxy,0,0.1386409767848394,0
phishtank,1,0.9996164850145172,1
tranco_benign_proxy,0,0.9528532266987664,1
phishtank,1,0.9952871340649061,1
tranco_benign_proxy,0,0.5268509943069576,0
phishtank,1,0.8991740054518436,1
phishtank,1,0.6393078586323189,0
tranco_benign_proxy,0,0.4521806524880552,0
phishtank,1,0.9959659234315112,1
phishtank,1,0.9902074937212563,1
phishtank,1,0.9975426045462119,1
tranco_benign_proxy,0,0.03231939879417794,0
tranco_benign_proxy,0,0.12607252849031733,0
tranco_benign_proxy,0,0.28058539232779406,0
phishtank,1,0.9761418145217994,1
tranco_benign_proxy,0,0.1484211207408695,0
phishtank,1,0.6183861460765575,0
phishtank,1,0.9609943477881898,1
phishtank,1,0.9675285039793801,1
phishtank,1,0.9896736579400174,1
tranco_benign_proxy,0,0.9642427785315055,1
phishtank,1,0.9444487981088018,1
phishtank,1,0.8156459939433253,1
tranco_benign_proxy,0,0.03826028371425402,0
phishtank,1,0.9858758171964651,1
tranco_benign_proxy,0,0.8908521172691067,1
tranco_benign_proxy,0,0.33324779457008186,0
phishtank,1,0.9570048801871863,1
tranco_benign_proxy,0,0.9014583309913367,1
phishtank,1,0.802032886466939,1
tranco_benign_proxy,0,0.16872299127759868,0
tranco_benign_proxy,0,0.2554774270653866,0
tranco_benign_proxy,0,0.9176542707714045,1
tranco_benign_proxy,0,0.1559077561590432,0
tranco_benign_proxy,0,0.368001188369918,0
phishtank,1,0.9917544010315157,1
phishtank,1,0.9990530622077102,1
tranco_benign_proxy,0,0.33696928561721134,0
tranco_benign_proxy,0,0.6290922892909077,0
phishtank,1,0.9872454813660152,1
tranco_benign_proxy,0,0.4373079373587572,0
tranco_benign_proxy,0,0.6648755729549589,0
tranco_benign_proxy,0,0.6280625207250982,0
phishtank,1,0.9937426053189728,1
tranco_benign_proxy,0,0.15137399048292385,0
phishtank,1,0.99753308589429,1
tranco_benign_proxy,0,0.021487993956874698,0
phishtank,1,0.9882286661126439,1
phishtank,1,0.6988149565907137,1
tranco_benign_proxy,0,0.20677985719141162,0
tranco_benign_proxy,0,0.3177550416929335,0
tranco_benign_proxy,0,0.4689266740313317,0
phishtank,1,0.9781463746253903,1
tranco_benign_proxy,0,0.0948554201702173,0
phishtank,1,0.9769769279061636,1
tranco_benign_proxy,0,0.36365270055781423,0
phishtank,1,0.9986845406604171,1
phishtank,1,0.6771675000118011,0
phishtank,1,0.998759697481758,1
tranco_benign_proxy,0,0.7084964736622645,1
phishtank,1,0.8259559971618363,1
phishtank,1,0.9963623740377979,1
tranco_benign_proxy,0,0.12881431312203945,0
tranco_benign_proxy,0,0.06942003439041305,0
tranco_benign_proxy,0,0.031680138767776006,0
tranco_benign_proxy,0,0.3985545321249435,0
tranco_benign_proxy,0,0.6614459226374584,0
tranco_benign_proxy,0,0.7311534850666691,1
tranco_benign_proxy,0,0.04739431948023963,0
tranco_benign_proxy,0,0.23914974977349743,0
tranco_benign_proxy,0,0.07128362255115858,0
phishtank,1,0.9853650289775238,1
tranco_benign_proxy,0,0.13255513013802261,0
phishtank,1,0.9999651159048768,1
tranco_benign_proxy,0,0.19900360655381488,0
phishtank,1,0.998646205635765,1
tranco_benign_proxy,0,0.8370873170724905,1
tranco_benign_proxy,0,0.4038938312035569,0
phishtank,1,0.9971028935696495,1
phishtank,1,0.9973890905683863,1
tranco_benign_proxy,0,0.10213552699241352,0
phishtank,1,0.9978933123816494,1
phishtank,1,0.9755269658853339,1
tranco_benign_proxy,0,0.14911509837393394,0
phishtank,1,0.7573451174256917,1
tranco_benign_proxy,0,0.11962113146330561,0
phishtank,1,0.9970553563315616,1
phishtank,1,0.9866213873691398,1
phishtank,1,0.9001744489302642,1
tranco_benign_proxy,0,0.12472155459815688,0
phishtank,1,0.9866236507111017,1
tranco_benign_proxy,0,0.004658967502474745,0
tranco_benign_proxy,0,0.05817275988566611,0
phishtank,1,0.9342606795139209,1
tranco_benign_proxy,0,0.7832992392632854,1
tranco_benign_proxy,0,0.18134363364823838,0
tranco_benign_proxy,0,0.13177853670432438,0
phishtank,1,0.9978262565098204,1
tranco_benign_proxy,0,0.032006446939447014,0
tranco_benign_proxy,0,0.06061017620090304,0
phishtank,1,0.9791108976622862,1
tranco_benign_proxy,0,0.0358062609296297,0
tranco_benign_proxy,0,0.3144123076906548,0
phishtank,1,0.9997649878978264,1
tranco_benign_proxy,0,0.31447061897820017,0
tranco_benign_proxy,0,0.012308735599477972,0
tranco_benign_proxy,0,0.21239836751810284,0
phishtank,1,0.9604347130015195,1
tranco_benign_proxy,0,0.2161468907039126,0
tranco_benign_proxy,0,0.1068084430794405,0
phishtank,1,0.22203521959349204,0
tranco_benign_proxy,0,0.059085644629727,0
phishtank,1,0.9683631436632061,1
phishtank,1,0.9771864706606093,1
phishtank,1,0.9977130734873878,1
tranco_benign_proxy,0,0.37778664182869537,0
tranco_benign_proxy,0,0.21046996694588005,0
phishtank,1,0.997732368764979,1
tranco_benign_proxy,0,0.4594152677484272,0
tranco_benign_proxy,0,0.1170368683425891,0
tranco_benign_proxy,0,0.8763048584142183,1
phishtank,1,0.17945310749319293,0
phishtank,1,0.9344009818870148,1
tranco_benign_proxy,0,0.7491942935905982,1
phishtank,1,0.9052914466526505,1
tranco_benign_proxy,0,0.6154418394242075,0
phishtank,1,0.9751623453354564,1
tranco_benign_proxy,0,0.1094169900284471,0
tranco_benign_proxy,0,0.6086914904118111,0
phishtank,1,0.9929961180303042,1
phishtank,1,0.9413300280277934,1
tranco_benign_proxy,0,0.4801355571884261,0
tranco_benign_proxy,0,0.025310575366789347,0
tranco_benign_proxy,0,0.3185184752663574,0
phishtank,1,0.9614597383988991,1
tranco_benign_proxy,0,0.11946327441521394,0
phishtank,1,0.9936457401641601,1
tranco_benign_proxy,0,0.10605489797042346,0
tranco_benign_proxy,0,0.9568177322100354,1
tranco_benign_proxy,0,0.03213460516489027,0
phishtank,1,0.9997304883412427,1
tranco_benign_proxy,0,0.22017432268920678,0
phishtank,1,0.9988912260849954,1
phishtank,1,0.9866525039231513,1
phishtank,1,0.9654880540313822,1
phishtank,1,0.9928987184543727,1
phishtank,1,0.9856811550050318,1
tranco_benign_proxy,0,0.22863909507407032,0
phishtank,1,0.9998927627693472,1
tranco_benign_proxy,0,0.2572105935731643,0
tranco_benign_proxy,0,0.050039106262348386,0
phishtank,1,0.980921031826537,1
tranco_benign_proxy,0,0.10274214503631021,0
phishtank,1,0.7388961570506523,1
phishtank,1,0.9998050698347751,1
tranco_benign_proxy,0,0.918372587691144,1
tranco_benign_proxy,0,0.07741449925721576,0
tranco_benign_proxy,0,0.17460319193490492,0
phishtank,1,0.9772637265631348,1
tranco_benign_proxy,0,0.19842940336771359,0
phishtank,1,0.9996021150455366,1
phishtank,1,0.999476510211161,1
tranco_benign_proxy,0,0.23680159421953362,0
tranco_benign_proxy,0,0.9153067794133777,1
phishtank,1,0.9998169125487332,1
phishtank,1,0.9057644563198297,1
phishtank,1,0.9998411322372684,1
phishtank,1,0.9788865416552907,1
tranco_benign_proxy,0,0.15438198288798244,0
tranco_benign_proxy,0,0.9525582982694377,1
tranco_benign_proxy,0,0.12473430450376304,0
tranco_benign_proxy,0,0.6704141464539536,0
phishtank,1,0.9996164298142373,1
phishtank,1,0.995951983698799,1
tranco_benign_proxy,0,0.04228100853285081,0
phishtank,1,0.9999642006750608,1
tranco_benign_proxy,0,0.09881550515923025,0
phishtank,1,0.9893994186597422,1
phishtank,1,0.997775330947684,1
tranco_benign_proxy,0,0.9631756533322592,1
phishtank,1,0.9934663594124643,1
tranco_benign_proxy,0,0.3017719649206194,0
tranco_benign_proxy,0,0.37792915710627495,0
tranco_benign_proxy,0,0.21031799057356643,0
phishtank,1,0.99846214461772,1
phishtank,1,0.9836278172039459,1
phishtank,1,0.9917244797666818,1
tranco_benign_proxy,0,0.4389136787830323,0
tranco_benign_proxy,0,0.4653826439570446,0
phishtank,1,0.9884445706724441,1
tranco_benign_proxy,0,0.04962637360746268,0
phishtank,1,0.9612851911544389,1
tranco_benign_proxy,0,0.19739692524809807,0
phishtank,1,0.8843032599089965,1
phishtank,1,0.793997171735406,1
tranco_benign_proxy,0,0.7789279346366588,1
phishtank,1,0.08973741253168775,0
phishtank,1,0.9981247563536413,1
tranco_benign_proxy,0,0.17876661883132097,0
phishtank,1,0.9938114181271843,1
tranco_benign_proxy,0,0.47778563714359246,0
tranco_benign_proxy,0,0.03370918178432933,0
phishtank,1,0.9999804989710348,1
tranco_benign_proxy,0,0.058501189089911546,0
tranco_benign_proxy,0,0.46029230397180054,0
phishtank,1,0.9704908996630444,1
tranco_benign_proxy,0,0.6469269583587296,0
tranco_benign_proxy,0,0.07415397174840449,0
tranco_benign_proxy,0,0.5098059142672944,0
tranco_benign_proxy,0,0.1762837817071781,0
tranco_benign_proxy,0,0.5473494681651963,0
phishtank,1,0.991738783876449,1
tranco_benign_proxy,0,0.3076631956084163,0
phishtank,1,0.9993918651586993,1
tranco_benign_proxy,0,0.8275839370798339,1
phishtank,1,0.9959856378016253,1
phishtank,1,0.9819297807152406,1
phishtank,1,0.9916204106543774,1
tranco_benign_proxy,0,0.2618804319915111,0
tranco_benign_proxy,0,0.768443598424005,1
phishtank,1,0.9847968407398315,1
tranco_benign_proxy,0,0.22328007898473565,0
tranco_benign_proxy,0,0.11689505968607336,0
phishtank,1,0.9909750850289928,1
tranco_benign_proxy,0,0.10845132973047543,0
tranco_benign_proxy,0,0.18813439946755994,0
tranco_benign_proxy,0,0.23631368106255685,0
phishtank,1,0.9730738402043774,1
phishtank,1,0.5911085954022444,0
phishtank,1,0.9961369452605988,1
tranco_benign_proxy,0,0.8314893765771089,1
phishtank,1,0.9282789253259264,1
tranco_benign_proxy,0,0.19489681015537186,0
phishtank,1,0.9975090876328391,1
phishtank,1,0.9291848365799085,1
phishtank,1,0.9998981672598007,1
tranco_benign_proxy,0,0.011275822755213176,0
tranco_benign_proxy,0,0.3696728938846604,0
phishtank,1,0.994537653440731,1
phishtank,1,0.9988381634466973,1
phishtank,1,0.9815851668707156,1
phishtank,1,0.9921529036077678,1
tranco_benign_proxy,0,0.9680178430804757,1
tranco_benign_proxy,0,0.13100810252697592,0
phishtank,1,0.9962829987689236,1
tranco_benign_proxy,0,0.03657236598635136,0
tranco_benign_proxy,0,0.2322004679802136,0
phishtank,1,0.9424286218992656,1
phishtank,1,0.30595089569955736,0
phishtank,1,0.9998622223502761,1
phishtank,1,0.9936279129837849,1
tranco_benign_proxy,0,0.7569452593470039,1
tranco_benign_proxy,0,0.25819834233567457,0
phishtank,1,0.6821935679055812,0
tranco_benign_proxy,0,0.15208711411770576,0
tranco_benign_proxy,0,0.6888531971220596,0
phishtank,1,0.9992576529856122,1
tranco_benign_proxy,0,0.3034637832544499,0
phishtank,1,0.9985399283219868,1
phishtank,1,0.9783428552633185,1
phishtank,1,0.9941055169740688,1
phishtank,1,0.9977828564093503,1
tranco_benign_proxy,0,0.4029532541623266,0
tranco_benign_proxy,0,0.12167152385883263,0
tranco_benign_proxy,0,0.734045599065265,1
phishtank,1,0.9976459836189332,1
tranco_benign_proxy,0,0.3207385681087861,0
tranco_benign_proxy,0,0.14947599892375207,0
phishtank,1,0.9998970508858868,1
phishtank,1,0.9994511045635164,1
phishtank,1,0.9702752069479292,1
phishtank,1,0.9540296451101711,1
tranco_benign_proxy,0,0.22686223996551988,0
tranco_benign_proxy,0,0.5647844578280095,0
tranco_benign_proxy,0,0.2516725306288013,0
tranco_benign_proxy,0,0.299114952164242,0
tranco_benign_proxy,0,0.3318811870501286,0
phishtank,1,0.9954069532059231,1
tranco_benign_proxy,0,0.3230727290652608,0
tranco_benign_proxy,0,0.7840326855555632,1
tranco_benign_proxy,0,0.6797479372923617,0
tranco_benign_proxy,0,0.903589652911578,1
phishtank,1,0.9999883405914073,1
tranco_benign_proxy,0,0.8414501597140724,1
phishtank,1,0.9993551098984526,1
tranco_benign_proxy,0,0.39370686939498206,0
phishtank,1,0.943027321420998,1
tranco_benign_proxy,0,0.16810881882477263,0
tranco_benign_proxy,0,0.5719562911485708,0
tranco_benign_proxy,0,0.1448613553514592,0
tranco_benign_proxy,0,0.9334701311378764,1
phishtank,1,0.9820903184300342,1
phishtank,1,0.998984870158351,1
tranco_benign_proxy,0,0.6566212784833568,0
phishtank,1,0.44288860152554976,0
tranco_benign_proxy,0,0.8507914344185306,1
tranco_benign_proxy,0,0.06940404849862787,0
phishtank,1,0.9758423089646611,1
tranco_benign_proxy,0,0.03917530248132651,0
phishtank,1,0.9971649448530847,1
tranco_benign_proxy,0,0.3101181148919947,0
phishtank,1,0.9736531071750961,1
tranco_benign_proxy,0,0.11937443473640451,0
phishtank,1,0.993412939215416,1
phishtank,1,0.9999744095338222,1
tranco_benign_proxy,0,0.004519334724989182,0
phishtank,1,0.9841420662635633,1
phishtank,1,0.9973278916664012,1
phishtank,1,0.52731820027392,0
tranco_benign_proxy,0,0.08233230126614352,0
tranco_benign_proxy,0,0.8226198520818215,1
phishtank,1,0.9972069258116865,1
phishtank,1,0.9981574131516329,1
phishtank,1,0.46673708512000706,0
phishtank,1,0.96210554483081,1
phishtank,1,0.9872225401065423,1
phishtank,1,0.981370703981034,1
tranco_benign_proxy,0,0.22635100168635697,0
tranco_benign_proxy,0,0.22479214629884978,0
phishtank,1,0.984161259488188,1
tranco_benign_proxy,0,0.12922910194418866,0
phishtank,1,0.9907231883409602,1
tranco_benign_proxy,0,0.04221827747354515,0
phishtank,1,0.16237439957990676,0
tranco_benign_proxy,0,0.6955483745920584,0
tranco_benign_proxy,0,0.3147173633941282,0
phishtank,1,0.998017808143895,1
phishtank,1,0.9973592355938967,1
tranco_benign_proxy,0,0.11142122056667077,0
phishtank,1,0.9615084582913693,1
tranco_benign_proxy,0,0.6989343042701168,1
tranco_benign_proxy,0,0.6618025442028517,0
tranco_benign_proxy,0,0.22804700204773098,0
tranco_benign_proxy,0,0.8154800203860555,1
tranco_benign_proxy,0,0.7619895478716614,1
phishtank,1,0.9672347502251772,1
tranco_benign_proxy,0,0.05680236639828476,0
tranco_benign_proxy,0,0.3359084878680344,0
phishtank,1,0.999413773647666,1
tranco_benign_proxy,0,0.0867579166856123,0
phishtank,1,0.995885249150714,1
phishtank,1,0.9785738483997138,1
tranco_benign_proxy,0,0.14001170425139517,0
tranco_benign_proxy,0,0.22944324991159434,0
tranco_benign_proxy,0,0.12442159777512397,0
phishtank,1,0.999200945999358,1
phishtank,1,0.9799216212326848,1
tranco_benign_proxy,0,0.9834507927335087,1
phishtank,1,0.9998240334472774,1
phishtank,1,0.797397845571216,1
tranco_benign_proxy,0,0.19775278647090974,0
tranco_benign_proxy,0,0.0728815384779019,0
phishtank,1,0.9580093921757566,1
phishtank,1,0.9592299134612438,1
tranco_benign_proxy,0,0.10937246903246574,0
tranco_benign_proxy,0,0.507822655966835,0
phishtank,1,0.9669708865144457,1
tranco_benign_proxy,0,0.022308928980606716,0
tranco_benign_proxy,0,0.4661898297845711,0
tranco_benign_proxy,0,0.960188466400285,1
tranco_benign_proxy,0,0.13397915805376873,0
tranco_benign_proxy,0,0.9805197838870116,1
tranco_benign_proxy,0,0.006049956810982205,0
tranco_benign_proxy,0,0.22809724606126525,0
phishtank,1,0.9986434663620221,1
phishtank,1,0.9999256947649326,1
phishtank,1,0.9993111325380168,1
tranco_benign_proxy,0,0.17710188159286405,0
phishtank,1,0.995333090195979,1
phishtank,1,0.9979608972430813,1
phishtank,1,0.8762079987491952,1
tranco_benign_proxy,0,0.3882942633173508,0
tranco_benign_proxy,0,0.09792009564941492,0
phishtank,1,0.9997317708700572,1
phishtank,1,0.9857675882915194,1
phishtank,1,0.997589509118451,1
tranco_benign_proxy,0,0.2572402887855286,0
tranco_benign_proxy,0,0.4994866443946671,0
phishtank,1,0.9794743183139631,1
tranco_benign_proxy,0,0.03309053631659953,0
tranco_benign_proxy,0,0.200485666026752,0
phishtank,1,0.9994403199800748,1
phishtank,1,0.9955523625158369,1
tranco_benign_proxy,0,0.40110850987102453,0
phishtank,1,0.7945490354123295,1
tranco_benign_proxy,0,0.09800084887487735,0
tranco_benign_proxy,0,0.8561848488984144,1
tranco_benign_proxy,0,0.20642412188560638,0
tranco_benign_proxy,0,0.9539699256410201,1
phishtank,1,0.9844342096688821,1
phishtank,1,0.9794477343682173,1
tranco_benign_proxy,0,0.18146054292794403,0
phishtank,1,0.8358543631152434,1
phishtank,1,0.7815798157979865,1
tranco_benign_proxy,0,0.12164376569878109,0
tranco_benign_proxy,0,0.5217969292646121,0
tranco_benign_proxy,0,0.4370572063691156,0
phishtank,1,0.10555303590401498,0
tranco_benign_proxy,0,0.29123100474574315,0
phishtank,1,0.9823847190559724,1
phishtank,1,0.9997256397590826,1
phishtank,1,0.9971039210432419,1
phishtank,1,0.9707472625623317,1
tranco_benign_proxy,0,0.07526918979802087,0
phishtank,1,0.9999685570531298,1
tranco_benign_proxy,0,0.43802009071499687,0
phishtank,1,0.9952947892638286,1
tranco_benign_proxy,0,0.02020921549285366,0
phishtank,1,0.9976372050302165,1
phishtank,1,0.9997195621479092,1
phishtank,1,0.9643167980531824,1
tranco_benign_proxy,0,0.8612601553132831,1
phishtank,1,0.9931616452971204,1
tranco_benign_proxy,0,0.9752657698798493,1
tranco_benign_proxy,0,0.031361651810716526,0
phishtank,1,0.999679857684946,1
tranco_benign_proxy,0,0.08102076002737539,0
phishtank,1,0.9832491906567974,1
tranco_benign_proxy,0,0.40237911721526987,0
tranco_benign_proxy,0,0.16896882207292366,0
tranco_benign_proxy,0,0.24972508330474977,0
phishtank,1,0.9471931231399425,1
tranco_benign_proxy,0,0.7343421071969978,1
phishtank,1,0.9987230276047379,1
phishtank,1,0.9960157987802215,1
tranco_benign_proxy,0,0.05821061407381265,0
phishtank,1,0.9883976496436672,1
phishtank,1,0.9999295649503899,1
tranco_benign_proxy,0,0.8694251065994121,1
tranco_benign_proxy,0,0.07645533887693871,0
tranco_benign_proxy,0,0.06007378757501306,0
tranco_benign_proxy,0,0.41607281234717974,0
phishtank,1,0.9753528562128688,1
phishtank,1,0.9998792188596235,1
tranco_benign_proxy,0,0.025497612528280176,0
phishtank,1,0.9847370631185881,1
phishtank,1,0.8241616033533629,1
phishtank,1,0.9956013253794505,1
tranco_benign_proxy,0,0.38187944597716206,0
tranco_benign_proxy,0,0.14952840241632104,0
phishtank,1,0.9838061044327004,1
tranco_benign_proxy,0,0.19659750840757978,0
phishtank,1,0.9755627203703199,1
tranco_benign_proxy,0,0.07351124755429356,0
tranco_benign_proxy,0,0.9280718944914419,1
tranco_benign_proxy,0,0.9877091435040618,1
phishtank,1,0.9959243710768891,1
tranco_benign_proxy,0,0.5589404397778445,0
phishtank,1,0.9501182849003273,1
tranco_benign_proxy,0,0.09698347294612755,0
tranco_benign_proxy,0,0.028378253631590914,0
tranco_benign_proxy,0,0.3532637439268396,0
tranco_benign_proxy,0,0.10577132025338956,0
tranco_benign_proxy,0,0.07987375626997818,0
tranco_benign_proxy,0,0.14990110553177324,0
tranco_benign_proxy,0,0.02349490066847364,0
tranco_benign_proxy,0,0.10006886232181751,0
phishtank,1,0.9825440030463135,1
phishtank,1,0.9869769617272178,1
tranco_benign_proxy,0,0.4278657402785035,0
phishtank,1,0.9758729902591523,1
phishtank,1,0.3713661881463675,0
tranco_benign_proxy,0,0.13105294850499968,0
tranco_benign_proxy,0,0.23579109780930016,0
tranco_benign_proxy,0,0.019730594607560156,0
phishtank,1,0.6624438211108782,0
phishtank,1,0.9746610023416691,1
tranco_benign_proxy,0,0.7413075430922634,1
phishtank,1,0.9840255324432673,1
tranco_benign_proxy,0,0.6288676635484606,0
phishtank,1,0.9961154064131355,1
tranco_benign_proxy,0,0.8953771434035359,1
phishtank,1,0.9989581900452609,1
tranco_benign_proxy,0,0.7907818811994015,1
phishtank,1,0.9507315038399684,1
phishtank,1,0.9950337943144082,1
phishtank,1,0.9896165571173374,1
phishtank,1,0.9999570013355642,1
tranco_benign_proxy,0,0.07296681022670654,0
tranco_benign_proxy,0,0.08424617821798042,0
tranco_benign_proxy,0,0.06483487434218924,0
tranco_benign_proxy,0,0.12797147281107937,0
phishtank,1,0.9579713695417965,1
phishtank,1,0.98909355792889,1
phishtank,1,0.9860193522814862,1
phishtank,1,0.9354231764137846,1
tranco_benign_proxy,0,0.1073087584264188,0
tranco_benign_proxy,0,0.46324918602137144,0
tranco_benign_proxy,0,0.07468911816664861,0
tranco_benign_proxy,0,0.7402903150531965,1
tranco_benign_proxy,0,0.17075021190635967,0
phishtank,1,0.15090787443367082,0
phishtank,1,0.998817716622353,1
tranco_benign_proxy,0,0.4933389826198773,0
phishtank,1,0.9993861729423816,1
tranco_benign_proxy,0,0.2644123969264543,0
phishtank,1,0.9885316971989935,1
tranco_benign_proxy,0,0.3508814448883895,0
tranco_benign_proxy,0,0.1967164771922974,0
phishtank,1,0.9925009217036618,1
tranco_benign_proxy,0,0.4679580232922508,0
phishtank,1,0.9994514399680522,1
tranco_benign_proxy,0,0.11560925681835137,0
phishtank,1,0.9993081050185996,1
tranco_benign_proxy,0,0.5723076784373032,0
tranco_benign_proxy,0,0.20361367411224957,0
tranco_benign_proxy,0,0.984961452168338,1
phishtank,1,0.9997269885135894,1
phishtank,1,0.9569455857279279,1
tranco_benign_proxy,0,0.6398717284737445,0
phishtank,1,0.9147650362110671,1
phishtank,1,0.9998938600362267,1
tranco_benign_proxy,0,0.1996549267142315,0
tranco_benign_proxy,0,0.21878878141726252,0
tranco_benign_proxy,0,0.3422006976249727,0
phishtank,1,0.9991828066657544,1
tranco_benign_proxy,0,0.20973326259296227,0
phishtank,1,0.9620427403117054,1
tranco_benign_proxy,0,0.1657414521329188,0
tranco_benign_proxy,0,0.9587059472041046,1
phishtank,1,0.9997492136490338,1
tranco_benign_proxy,0,0.03320603908935183,0
tranco_benign_proxy,0,0.1281567750780024,0
phishtank,1,0.9964115646439788,1
tranco_benign_proxy,0,0.5588323956739432,0
phishtank,1,0.10857178633141536,0
tranco_benign_proxy,0,0.7947514055979447,1
tranco_benign_proxy,0,0.1188571451727244,0
tranco_benign_proxy,0,0.5821109498306868,0
tranco_benign_proxy,0,0.4180937334522769,0
phishtank,1,0.9991722162391686,1
phishtank,1,0.9998749259891618,1
phishtank,1,0.9988189798086169,1
tranco_benign_proxy,0,0.3085052129144739,0
tranco_benign_proxy,0,0.3474582141309369,0
phishtank,1,0.9613140629343451,1
tranco_benign_proxy,0,0.060035014770898155,0
tranco_benign_proxy,0,0.13950326679353695,0
tranco_benign_proxy,0,0.7565622196800379,1
phishtank,1,0.9937679574491403,1
phishtank,1,0.9999878917680879,1
phishtank,1,0.9891516366173496,1
tranco_benign_proxy,0,0.41845311099965005,0
phishtank,1,0.9999463460169608,1
phishtank,1,0.9945892615859969,1
phishtank,1,0.8854527314724995,1
phishtank,1,0.9919947321799562,1
phishtank,1,0.9927897075789518,1
tranco_benign_proxy,0,0.5026842679995875,0
phishtank,1,0.9950991329056476,1
phishtank,1,0.8483572509191236,1
phishtank,1,0.947884859547396,1
phishtank,1,0.9557792363386389,1
phishtank,1,0.9193423002428012,1
phishtank,1,0.9971773401309,1
tranco_benign_proxy,0,0.4107162352443721,0
tranco_benign_proxy,0,0.07049349630791474,0
tranco_benign_proxy,0,0.4964976143677921,0
phishtank,1,0.9997702267757583,1
tranco_benign_proxy,0,0.4438184774397732,0
tranco_benign_proxy,0,0.00972469775189652,0
tranco_benign_proxy,0,0.8238582519307878,1
phishtank,1,0.9992827832812965,1
phishtank,1,0.9994955475745946,1
tranco_benign_proxy,0,0.05462868569122722,0
phishtank,1,0.9948034090394595,1
phishtank,1,0.9793443711919507,1
tranco_benign_proxy,0,0.028981515625344283,0
tranco_benign_proxy,0,0.0020666184829864335,0
tranco_benign_proxy,0,0.5598134858571606,0
tranco_benign_proxy,0,0.3650617385237564,0
phishtank,1,0.9991172771668817,1
phishtank,1,0.9927559281727774,1
phishtank,1,0.998465616841288,1
tranco_benign_proxy,0,0.8206619274658479,1
tranco_benign_proxy,0,0.7642956940693527,1
tranco_benign_proxy,0,0.2638518971103245,0
phishtank,1,0.8325560134351901,1
tranco_benign_proxy,0,0.24105474513921207,0
tranco_benign_proxy,0,0.050312933312326696,0
phishtank,1,0.9590808839612159,1
phishtank,1,0.9675967634391482,1
phishtank,1,0.9995262784721366,1
phishtank,1,0.9664915991664852,1
phishtank,1,0.9941822637544907,1
tranco_benign_proxy,0,0.2107562285086915,0
tranco_benign_proxy,0,0.06577509936513111,0
phishtank,1,0.9909824566186524,1
tranco_benign_proxy,0,0.013369999865694092,0
tranco_benign_proxy,0,0.14645048887097487,0
phishtank,1,0.9998341632847013,1
phishtank,1,0.9988417399245568,1
tranco_benign_proxy,0,0.8047339393167271,1
phishtank,1,0.06960749397733632,0
tranco_benign_proxy,0,0.3269214741388784,0
tranco_benign_proxy,0,0.4334421219214419,0
phishtank,1,0.9059199417002787,1
tranco_benign_proxy,0,0.5321303574372976,0
tranco_benign_proxy,0,0.18171126415038347,0
tranco_benign_proxy,0,0.39536079094811216,0
phishtank,1,0.9990087140166535,1
tranco_benign_proxy,0,0.7558821557618188,1
tranco_benign_proxy,0,0.19482757252609753,0
phishtank,1,0.9978944871047064,1
tranco_benign_proxy,0,0.14716603148525412,0
phishtank,1,0.9979655735985107,1
phishtank,1,0.998321008831901,1
tranco_benign_proxy,0,0.47725055189659216,0
phishtank,1,0.420560225435198,0
phishtank,1,0.9805039512816988,1
phishtank,1,0.9865002018357893,1
tranco_benign_proxy,0,0.6382628197654755,0
phishtank,1,0.9654641486527225,1
tranco_benign_proxy,0,0.29478934673747514,0
tranco_benign_proxy,0,0.3995375051078449,0
phishtank,1,0.9947973219524026,1
phishtank,1,0.9992775011824859,1
tranco_benign_proxy,0,0.2996356822935024,0
phishtank,1,0.9458181116888612,1
phishtank,1,0.9832301573370014,1
tranco_benign_proxy,0,0.6597211703950064,0
phishtank,1,0.9979956014649812,1
phishtank,1,0.9983175114514833,1
phishtank,1,0.9823483488388871,1
phishtank,1,0.6761870628664731,0
phishtank,1,0.8817534237094703,1
tranco_benign_proxy,0,0.019219821527354925,0
phishtank,1,0.6892665681220578,0
phishtank,1,0.9582717974690858,1
tranco_benign_proxy,0,0.6933931598600108,0
phishtank,1,0.9859633118707507,1
phishtank,1,0.9887842070074796,1
tranco_benign_proxy,0,0.596768506621486,0
phishtank,1,0.9856198835301163,1
phishtank,1,0.9703474725124416,1
tranco_benign_proxy,0,0.06946478842858916,0
tranco_benign_proxy,0,0.24358019125604694,0
phishtank,1,0.9993955867842179,1
phishtank,1,0.7028886543704713,1
tranco_benign_proxy,0,0.050193139853536684,0
phishtank,1,0.9404762997571379,1
tranco_benign_proxy,0,0.07982190065667508,0
tranco_benign_proxy,0,0.5519378448875188,0
tranco_benign_proxy,0,0.38647406714487076,0
tranco_benign_proxy,0,0.018455928894302014,0
phishtank,1,0.9963607764528107,1
phishtank,1,0.9848491580327458,1
phishtank,1,0.9998058590305643,1
tranco_benign_proxy,0,0.2694041862513938,0
phishtank,1,0.9961671497881142,1
phishtank,1,0.9997897401066616,1
phishtank,1,0.9997352794923312,1
phishtank,1,0.9983723439969081,1
tranco_benign_proxy,0,0.22492474938664417,0
phishtank,1,0.99923989395297,1
phishtank,1,0.9979548676384541,1
phishtank,1,0.997452100465005,1
tranco_benign_proxy,0,0.508264736501465,0
tranco_benign_proxy,0,0.8681240585867817,1
tranco_benign_proxy,0,0.26297759046542196,0
tranco_benign_proxy,0,0.6445574749733752,0
phishtank,1,0.9999542764321077,1
phishtank,1,0.9998845374066738,1
phishtank,1,0.9982950387192444,1
tranco_benign_proxy,0,0.8713631927986988,1
tranco_benign_proxy,0,0.1158165886570384,0
phishtank,1,0.9771046796360526,1
phishtank,1,0.16110177772241321,0
tranco_benign_proxy,0,0.94190272486152,1
phishtank,1,0.8997780097094071,1
tranco_benign_proxy,0,0.1953827988552073,0
phishtank,1,0.9604854763454,1
phishtank,1,0.9999085465127742,1
phishtank,1,0.9151777921573265,1
phishtank,1,0.9986430150627726,1
phishtank,1,0.9720306793821216,1
phishtank,1,0.978176440438462,1
tranco_benign_proxy,0,0.3733817704637032,0
phishtank,1,0.31964703870933925,0
tranco_benign_proxy,0,0.7965482264268494,1
tranco_benign_proxy,0,0.13946672766407803,0
tranco_benign_proxy,0,0.5953089185455537,0
phishtank,1,0.9991392404052812,1
phishtank,1,0.9088193983570608,1
phishtank,1,0.9261625249971557,1
phishtank,1,0.9967152642918454,1
tranco_benign_proxy,0,0.6096060405073641,0
tranco_benign_proxy,0,0.2359062162053446,0
phishtank,1,0.977883673462239,1
tranco_benign_proxy,0,0.5162154024642135,0
tranco_benign_proxy,0,0.7218689513564196,1
tranco_benign_proxy,0,0.159294325549485,0
phishtank,1,0.9996691317850459,1
phishtank,1,0.9989682263142373,1
tranco_benign_proxy,0,0.595586162291549,0
tranco_benign_proxy,0,0.21601852707142782,0
phishtank,1,0.9881879184731474,1
tranco_benign_proxy,0,0.18143974199548704,0
phishtank,1,0.9965923562801846,1
phishtank,1,0.9936978832370965,1
tranco_benign_proxy,0,0.0458942505804703,0
phishtank,1,0.9465446088928027,1
phishtank,1,0.9973234566504051,1
tranco_benign_proxy,0,0.4632816047631323,0
tranco_benign_proxy,0,0.9128888950613216,1
tranco_benign_proxy,0,0.07564913020002556,0
tranco_benign_proxy,0,0.04699493624803187,0
tranco_benign_proxy,0,0.15981079822580635,0
phishtank,1,0.9997306661713281,1
tranco_benign_proxy,0,0.749408541500522,1
phishtank,1,0.9953028502460887,1
tranco_benign_proxy,0,0.16892870016457792,0
tranco_benign_proxy,0,0.9463225485951673,1
tranco_benign_proxy,0,0.19558494684397335,0
phishtank,1,0.9799646498456438,1
tranco_benign_proxy,0,0.3130047422391105,0
phishtank,1,0.9999277150200974,1
tranco_benign_proxy,0,0.5376263495896414,0
tranco_benign_proxy,0,0.17746956353720528,0
phishtank,1,0.9815782631234506,1
phishtank,1,0.9837858455546485,1
phishtank,1,0.9742347598368716,1
phishtank,1,0.9998981982210833,1
tranco_benign_proxy,0,0.9109046540003606,1
phishtank,1,0.6745476669368277,0
tranco_benign_proxy,0,0.1393671025441258,0
tranco_benign_proxy,0,0.5788770587499179,0
phishtank,1,0.9884379952974446,1
phishtank,1,0.5327602239481206,0
tranco_benign_proxy,0,0.218048055711052,0
phishtank,1,0.8537845420232795,1
phishtank,1,0.9842422388528199,1
tranco_benign_proxy,0,0.07222934699234179,0
tranco_benign_proxy,0,0.025087903451191464,0
tranco_benign_proxy,0,0.426282409164236,0
phishtank,1,0.9935916805893675,1
tranco_benign_proxy,0,0.509891189586106,0
phishtank,1,0.9986297317084382,1
phishtank,1,0.18897337699860955,0
tranco_benign_proxy,0,0.8183006992790418,1
tranco_benign_proxy,0,0.2794913003692304,0
phishtank,1,0.336878049335075,0
phishtank,1,0.993242905773848,1
tranco_benign_proxy,0,0.7729798115933159,1
tranco_benign_proxy,0,0.39047305119293185,0
phishtank,1,0.9987895401902883,1
phishtank,1,0.6684957858929621,0
tranco_benign_proxy,0,0.8404562533612655,1
phishtank,1,0.9651196888419088,1
tranco_benign_proxy,0,0.38083286951937256,0
tranco_benign_proxy,0,0.7039941091384303,1
phishtank,1,0.9620882970549365,1
tranco_benign_proxy,0,0.002462423197980845,0
tranco_benign_proxy,0,0.018544936037867027,0
tranco_benign_proxy,0,0.7509925075014708,1
tranco_benign_proxy,0,0.9779104851827447,1
tranco_benign_proxy,0,0.22950593111880296,0
tranco_benign_proxy,0,0.7425919491682974,1
tranco_benign_proxy,0,0.045077263376251335,0
phishtank,1,0.9961675104915934,1
phishtank,1,0.9980425271628236,1
tranco_benign_proxy,0,0.06886539767613915,0
tranco_benign_proxy,0,0.7092843152202633,1
phishtank,1,0.3733675137863791,0
tranco_benign_proxy,0,0.07190241750466032,0
phishtank,1,0.9999796792136995,1
tranco_benign_proxy,0,0.9114762544347961,1
phishtank,1,0.9938052709732549,1
phishtank,1,0.9999248195207523,1
tranco_benign_proxy,0,0.8711330780247069,1
phishtank,1,0.9997093723804416,1
tranco_benign_proxy,0,0.2581674334834423,0
tranco_benign_proxy,0,0.5831162193538932,0
tranco_benign_proxy,0,0.4674462353779254,0
tranco_benign_proxy,0,0.04546461949627776,0
tranco_benign_proxy,0,0.18803150979174013,0
phishtank,1,0.9629441958400909,1
phishtank,1,0.9821067403667842,1
tranco_benign_proxy,0,0.9153430362700156,1
tranco_benign_proxy,0,0.06370394649753253,0
phishtank,1,0.9930977355534201,1
tranco_benign_proxy,0,0.005362869337957029,0
phishtank,1,0.9996194306316988,1
tranco_benign_proxy,0,0.643792623702938,0
phishtank,1,0.9654092703765622,1
tranco_benign_proxy,0,0.07747190326603517,0
tranco_benign_proxy,0,0.6189640689869343,0
tranco_benign_proxy,0,0.9505256162681321,1
phishtank,1,0.8426477971466604,1
phishtank,1,0.999562869788714,1
tranco_benign_proxy,0,0.4887999854978594,0
phishtank,1,0.9999226815816895,1
phishtank,1,0.9996554921268389,1
phishtank,1,0.9983754531289069,1
tranco_benign_proxy,0,0.1590942635982913,0
tranco_benign_proxy,0,0.02329369059422663,0
phishtank,1,0.9990714652182263,1
phishtank,1,0.9992326256482738,1
tranco_benign_proxy,0,0.014292941454704734,0
phishtank,1,0.9945663916442316,1
phishtank,1,0.9999787718360812,1
phishtank,1,0.9618588200240893,1
tranco_benign_proxy,0,0.9718668450131236,1
phishtank,1,0.9969851500882714,1
tranco_benign_proxy,0,0.4150993694847473,0
phishtank,1,0.9959608865079997,1
phishtank,1,0.9971572178044974,1
phishtank,1,0.9977443917807077,1
phishtank,1,0.9953258521846604,1
tranco_benign_proxy,0,0.2842781107826962,0
phishtank,1,0.9984780491990006,1
phishtank,1,0.9982648875192969,1
tranco_benign_proxy,0,0.20227486460121194,0
tranco_benign_proxy,0,0.45397383610306935,0
tranco_benign_proxy,0,0.28022731262836764,0
phishtank,1,0.9998520293983203,1
phishtank,1,0.9505734579924705,1
phishtank,1,0.997906266040115,1
phishtank,1,0.947640751585672,1
phishtank,1,0.9737347125492734,1
phishtank,1,0.9955733823480952,1
phishtank,1,0.6667787847382823,0
tranco_benign_proxy,0,0.5042933158680573,0
tranco_benign_proxy,0,0.3559897991414088,0
tranco_benign_proxy,0,0.14317541723814098,0
tranco_benign_proxy,0,0.1599408266476908,0
phishtank,1,0.9722998841369355,1
tranco_benign_proxy,0,0.06257453192808257,0
phishtank,1,0.998742789882619,1
tranco_benign_proxy,0,0.1571146941766916,0
tranco_benign_proxy,0,0.4548428915518379,0
phishtank,1,0.9919363557526047,1
tranco_benign_proxy,0,0.7431908375535615,1
phishtank,1,0.9999549331882605,1
phishtank,1,0.9622578597638926,1
phishtank,1,0.9996498423332617,1
phishtank,1,0.9976145544933316,1
tranco_benign_proxy,0,0.14977241580761633,0
tranco_benign_proxy,0,0.20789341266160402,0
tranco_benign_proxy,0,0.42025290855617614,0
phishtank,1,0.9533319374926286,1
tranco_benign_proxy,0,0.046486584631983185,0
phishtank,1,0.9705810379422124,1
phishtank,1,0.7676328661148493,1
tranco_benign_proxy,0,0.13057679021194302,0
tranco_benign_proxy,0,0.03536157024584998,0
phishtank,1,0.9860298847591832,1
tranco_benign_proxy,0,0.5055414482059472,0
tranco_benign_proxy,0,0.6851252414423666,0
tranco_benign_proxy,0,0.11729507572443969,0
phishtank,1,0.6241934644615761,0
phishtank,1,0.9895060050253772,1
phishtank,1,0.6108400605052481,0
tranco_benign_proxy,0,0.23243863088292624,0
tranco_benign_proxy,0,0.21709081054368154,0
tranco_benign_proxy,0,0.11603934537093397,0
tranco_benign_proxy,0,0.062192304596720524,0
tranco_benign_proxy,0,0.13022422928333333,0
phishtank,1,0.9999467143895339,1
phishtank,1,0.9626800143738794,1
tranco_benign_proxy,0,0.34298833741876633,0
tranco_benign_proxy,0,0.11520403492022856,0
tranco_benign_proxy,0,0.17037288582295124,0
phishtank,1,0.7632604344271668,1
tranco_benign_proxy,0,0.053703682645425556,0
tranco_benign_proxy,0,0.2672492113501259,0
tranco_benign_proxy,0,0.8964188025578712,1
phishtank,1,0.7645558969743425,1
tranco_benign_proxy,0,0.738089266666631,1
phishtank,1,0.9888300394873483,1
phishtank,1,0.9986165627432166,1
tranco_benign_proxy,0,0.03351643024482766,0
tranco_benign_proxy,0,0.9708467332052426,1
tranco_benign_proxy,0,0.06598764407008387,0
tranco_benign_proxy,0,0.11770850135155309,0
phishtank,1,0.9596194605400769,1
phishtank,1,0.9948978131136402,1
tranco_benign_proxy,0,0.004350073732679011,0
phishtank,1,0.9861901332355936,1
tranco_benign_proxy,0,0.05185414962399664,0
phishtank,1,0.9994578500900344,1
tranco_benign_proxy,0,0.7100138563599727,1
phishtank,1,0.995539502687019,1
tranco_benign_proxy,0,0.3014188814058472,0
tranco_benign_proxy,0,0.1661909960294906,0
tranco_benign_proxy,0,0.09173265307130209,0
tranco_benign_proxy,0,0.1624222682643733,0
tranco_benign_proxy,0,0.9663046844863228,1
tranco_benign_proxy,0,0.19483323468717126,0
phishtank,1,0.9977359287237242,1
tranco_benign_proxy,0,0.7279244267993795,1
phishtank,1,0.9920079496669939,1
tranco_benign_proxy,0,0.08582380648414753,0
tranco_benign_proxy,0,0.4555613102066731,0
tranco_benign_proxy,0,0.6405536749488185,0
tranco_benign_proxy,0,0.008733739261910395,0
phishtank,1,0.9600987477395079,1
phishtank,1,0.928274164171596,1
phishtank,1,0.9956334037018285,1
phishtank,1,0.9896339680964885,1
tranco_benign_proxy,0,0.8680582307790872,1
phishtank,1,0.9418884025617124,1
phishtank,1,0.9998992551397645,1
tranco_benign_proxy,0,0.5816056167404084,0
phishtank,1,0.9999632117194113,1
phishtank,1,0.999400578081711,1
tranco_benign_proxy,0,0.053449415314089206,0
phishtank,1,0.9905290447481585,1
tranco_benign_proxy,0,0.6143675803992088,0
phishtank,1,0.9785832801016334,1
phishtank,1,0.979717413042278,1
phishtank,1,0.9940485938305847,1
phishtank,1,0.4374378161788496,0
tranco_benign_proxy,0,0.11084369079518898,0
tranco_benign_proxy,0,0.07453592745080449,0
phishtank,1,0.9893778848374633,1
phishtank,1,0.9954591601964885,1
phishtank,1,0.9987191281729754,1
tranco_benign_proxy,0,0.29153178047835693,0
phishtank,1,0.4496860103072458,0
tranco_benign_proxy,0,0.08460384528875434,0
phishtank,1,0.9986566108564097,1
phishtank,1,0.9995264252385766,1
phishtank,1,0.9697368566584998,1
phishtank,1,0.9905297415697946,1
phishtank,1,0.9986899248652346,1
phishtank,1,0.9992299033458759,1
phishtank,1,0.7278846445203864,1
phishtank,1,0.9750660003681852,1
tranco_benign_proxy,0,0.0034043604957505005,0
phishtank,1,0.9353205321812303,1
tranco_benign_proxy,0,0.04645009147784085,0
phishtank,1,0.9937743963981835,1
phishtank,1,0.9979955727795453,1
tranco_benign_proxy,0,0.33742143187393947,0
phishtank,1,0.9664657527344873,1
phishtank,1,0.9999487043961558,1
phishtank,1,0.8273555640955104,1
phishtank,1,0.8900533126810336,1
phishtank,1,0.9999520095849866,1
tranco_benign_proxy,0,0.3239611662310973,0
phishtank,1,0.9911030296558684,1
phishtank,1,0.9998243052992947,1
tranco_benign_proxy,0,0.3844633919532851,0
phishtank,1,0.9987979785319684,1
tranco_benign_proxy,0,0.8049506657698997,1
tranco_benign_proxy,0,0.076648473918218,0
phishtank,1,0.9634529348463159,1
phishtank,1,0.9990445375652117,1
phishtank,1,0.999640630208265,1
tranco_benign_proxy,0,0.16327447884904495,0
tranco_benign_proxy,0,0.8849993884256944,1
phishtank,1,0.9997022873941188,1
phishtank,1,0.9985334260249251,1
tranco_benign_proxy,0,0.46661374552464335,0
tranco_benign_proxy,0,0.9683267950579315,1
phishtank,1,0.9365231564697774,1
phishtank,1,0.9733426024024653,1
phishtank,1,0.9994670852303589,1
tranco_benign_proxy,0,0.05999177855583537,0
tranco_benign_proxy,0,0.06011688961198279,0
phishtank,1,0.9999033999552684,1
tranco_benign_proxy,0,0.7694008556035862,1
tranco_benign_proxy,0,0.03571134048752392,0
phishtank,1,0.9745482297392041,1
phishtank,1,0.9577247481685036,1
phishtank,1,0.9995643597673118,1
tranco_benign_proxy,0,0.07159679318948277,0
phishtank,1,0.13299896562991928,0
tranco_benign_proxy,0,0.0058055344962351894,0
phishtank,1,0.9999595844284392,1
tranco_benign_proxy,0,0.12065708851752854,0
tranco_benign_proxy,0,0.25391629411534666,0
tranco_benign_proxy,0,0.9829166928466019,1
phishtank,1,0.8877286699734567,1
tranco_benign_proxy,0,0.6244667213290257,0
phishtank,1,0.9536835642396615,1
tranco_benign_proxy,0,0.2821258833021949,0
phishtank,1,0.9970901267960733,1
tranco_benign_proxy,0,0.1600396733828957,0
phishtank,1,0.9999713278792596,1
tranco_benign_proxy,0,0.8516891513163821,1
phishtank,1,0.9870050965130485,1
tranco_benign_proxy,0,0.007706041538201293,0
phishtank,1,0.0798096999623279,0
phishtank,1,0.9588362308707107,1
phishtank,1,0.9980549794841825,1
phishtank,1,0.9993077544390139,1
phishtank,1,0.9926177607027211,1
tranco_benign_proxy,0,0.5345017557571022,0
phishtank,1,0.9927489721440708,1
tranco_benign_proxy,0,0.10312667528838589,0
tranco_benign_proxy,0,0.7407754865556879,1
tranco_benign_proxy,0,0.1120192845338063,0
phishtank,1,0.9998398960688138,1
phishtank,1,0.8513734647377846,1
phishtank,1,0.9957851871453735,1
phishtank,1,0.9997641441152653,1
tranco_benign_proxy,0,0.23929400855582428,0
phishtank,1,0.9207803555842115,1
tranco_benign_proxy,0,0.29616360763767136,0
tranco_benign_proxy,0,0.4238340246631211,0
phishtank,1,0.7987993992749829,1
tranco_benign_proxy,0,0.9670361273187046,1
phishtank,1,0.8354568316237904,1
phishtank,1,0.9973256579836084,1
phishtank,1,0.7554904862173215,1
phishtank,1,0.9926551144984388,1
tranco_benign_proxy,0,0.23193267506940718,0
phishtank,1,0.16512388827857025,0
phishtank,1,0.9605479230797696,1
phishtank,1,0.9971819644687093,1
tranco_benign_proxy,0,0.1038696841475862,0
tranco_benign_proxy,0,0.4062130690542437,0
tranco_benign_proxy,0,0.40499198225142063,0
tranco_benign_proxy,0,0.2128791880314281,0
tranco_benign_proxy,0,0.8642284510587318,1
tranco_benign_proxy,0,0.2951666187311419,0
phishtank,1,0.9805077799682128,1
tranco_benign_proxy,0,0.059099077677449416,0
phishtank,1,0.996235196439352,1
tranco_benign_proxy,0,0.6897827729290189,0
tranco_benign_proxy,0,0.2888049735825174,0
phishtank,1,0.9961001819520375,1
phishtank,1,0.9926800187269297,1
tranco_benign_proxy,0,0.5037245550602325,0
tranco_benign_proxy,0,0.04764267448663668,0
tranco_benign_proxy,0,0.07244161299383976,0
tranco_benign_proxy,0,0.335232771454426,0
phishtank,1,0.9951403981220321,1
tranco_benign_proxy,0,0.19745600101281555,0
phishtank,1,0.9475528759194635,1
tranco_benign_proxy,0,0.18516657549623092,0
phishtank,1,0.9946134829325564,1
tranco_benign_proxy,0,0.017739144087828927,0
tranco_benign_proxy,0,0.9236043134891099,1
phishtank,1,0.9891371897651653,1
phishtank,1,0.3254200124290899,0
phishtank,1,0.5540876087360938,0
phishtank,1,0.9138319993071234,1
tranco_benign_proxy,0,0.6518084690447545,0
tranco_benign_proxy,0,0.9097071427750254,1
phishtank,1,0.9990884988248271,1
phishtank,1,0.638381589905358,0
tranco_benign_proxy,0,0.21469121280577733,0
tranco_benign_proxy,0,0.38454753486043847,0
tranco_benign_proxy,0,0.1388154580273249,0
phishtank,1,0.9980084524176572,1
phishtank,1,0.9989864382038353,1
tranco_benign_proxy,0,0.1519317786480948,0
phishtank,1,0.9993776033167321,1
phishtank,1,0.9287634781952032,1
phishtank,1,0.9935400354383921,1
tranco_benign_proxy,0,0.9714758926122145,1
tranco_benign_proxy,0,0.10579579541368536,0
phishtank,1,0.9993205126239187,1
tranco_benign_proxy,0,0.181536588666931,0
phishtank,1,0.7985894667910179,1
phishtank,1,0.9997899201944805,1
phishtank,1,0.9658989024730735,1
tranco_benign_proxy,0,0.510787193327167,0
phishtank,1,0.955888899150476,1
phishtank,1,0.9998992215305537,1
phishtank,1,0.22360304877322543,0
tranco_benign_proxy,0,0.32808984257075396,0
phishtank,1,0.9954915220745426,1
tranco_benign_proxy,0,0.5207504189526413,0
tranco_benign_proxy,0,0.848688331874505,1
tranco_benign_proxy,0,0.08246812405381734,0
phishtank,1,0.9921497806892342,1
tranco_benign_proxy,0,0.1239064070983548,0
phishtank,1,0.9987945278275688,1
tranco_benign_proxy,0,0.5904088607538494,0
phishtank,1,0.999908389221499,1
tranco_benign_proxy,0,0.47343010831464494,0
tranco_benign_proxy,0,0.08919442274873274,0
phishtank,1,0.9615878506419083,1
tranco_benign_proxy,0,0.07164162505962687,0
phishtank,1,0.7332031716373685,1
phishtank,1,0.9863499195297957,1
tranco_benign_proxy,0,0.2791775158180774,0
tranco_benign_proxy,0,0.002944440736486067,0
phishtank,1,0.9947065069612856,1
phishtank,1,0.9928995630437172,1
phishtank,1,0.9988757640212216,1
phishtank,1,0.9640270920818413,1
phishtank,1,0.9960070687456918,1
phishtank,1,0.9997779788553633,1
phishtank,1,0.9890685510403675,1
tranco_benign_proxy,0,0.1396530480818417,0
phishtank,1,0.9979352581428848,1
phishtank,1,0.29838937644188346,0
tranco_benign_proxy,0,0.11820909810275791,0
tranco_benign_proxy,0,0.08612259427166219,0
tranco_benign_proxy,0,0.05978813461824504,0
tranco_benign_proxy,0,0.6882499528627672,0
phishtank,1,0.9278336122189114,1
tranco_benign_proxy,0,0.15268811984121372,0
tranco_benign_proxy,0,0.8456427330636407,1
tranco_benign_proxy,0,0.10502497037533594,0
tranco_benign_proxy,0,0.3506108129999833,0
phishtank,1,0.9982469861714066,1
tranco_benign_proxy,0,0.10555482096872267,0
tranco_benign_proxy,0,0.7699276063162914,1
tranco_benign_proxy,0,0.331330172128228,0
phishtank,1,0.9921847795261644,1
tranco_benign_proxy,0,0.12415798045433053,0
tranco_benign_proxy,0,0.5792965657691779,0
phishtank,1,0.995228314358701,1
tranco_benign_proxy,0,0.5275899137763339,0
phishtank,1,0.8295323235733548,1
tranco_benign_proxy,0,0.9775695902568944,1
phishtank,1,0.965717044796402,1
tranco_benign_proxy,0,0.9708738487221945,1
phishtank,1,0.8385276815751386,1
phishtank,1,0.9984056237498001,1
tranco_benign_proxy,0,0.402967544694915,0
tranco_benign_proxy,0,0.0637612548762068,0
phishtank,1,0.9893585946227136,1
phishtank,1,0.9993950294142411,1
phishtank,1,0.9231431954865975,1
phishtank,1,0.9993723367012666,1
tranco_benign_proxy,0,0.3871204191361694,0
phishtank,1,0.9999370863931893,1
phishtank,1,0.9634875566171243,1
tranco_benign_proxy,0,0.10581482165143116,0
phishtank,1,0.9969356577194348,1
tranco_benign_proxy,0,0.23494648954600456,0
phishtank,1,0.9908581186216019,1
tranco_benign_proxy,0,0.2537353108420897,0
phishtank,1,0.9986404054984617,1
phishtank,1,0.06906329158693712,0
tranco_benign_proxy,0,0.03724321419094393,0
phishtank,1,0.8367341256034551,1
tranco_benign_proxy,0,0.03657720889014761,0
phishtank,1,0.9898825193863505,1
phishtank,1,0.9986695070868956,1
tranco_benign_proxy,0,0.20518621456877664,0
tranco_benign_proxy,0,0.1633629366565757,0
phishtank,1,0.9986207249782433,1
phishtank,1,0.7845637239685442,1
phishtank,1,0.4819587382668863,0
phishtank,1,0.9826157151532857,1
phishtank,1,0.9597562270147023,1
phishtank,1,0.9141576256578464,1
tranco_benign_proxy,0,0.3402296498062514,0
phishtank,1,0.939110621132322,1
tranco_benign_proxy,0,0.387116374044836,0
phishtank,1,0.9922500824925103,1
tranco_benign_proxy,0,0.06908869021111617,0
phishtank,1,0.9956229567278623,1
tranco_benign_proxy,0,0.514814837437186,0
phishtank,1,0.9603423818410298,1
phishtank,1,0.9927170449050502,1
phishtank,1,0.9862692650702478,1
phishtank,1,0.999597048782493,1
phishtank,1,0.974270959642112,1
tranco_benign_proxy,0,0.8248465175985358,1
tranco_benign_proxy,0,0.12615266696824562,0
phishtank,1,0.9999435307104109,1
phishtank,1,0.9984073645146645,1
tranco_benign_proxy,0,0.18016020987083853,0
tranco_benign_proxy,0,0.13033523524015056,0
tranco_benign_proxy,0,0.45350775070220173,0
phishtank,1,0.9994559797869927,1
phishtank,1,0.9754382537122179,1
tranco_benign_proxy,0,0.3491984471041776,0
tranco_benign_proxy,0,0.028322282091417517,0
phishtank,1,0.9021938870847508,1
phishtank,1,0.20160974594803566,0
phishtank,1,0.9414817408990553,1
phishtank,1,0.6816208364914521,0
tranco_benign_proxy,0,0.9243761846807157,1
phishtank,1,0.9935168306394746,1
tranco_benign_proxy,0,0.09430733740022451,0
tranco_benign_proxy,0,0.3439481882702827,0
phishtank,1,0.9997014483576813,1
tranco_benign_proxy,0,0.15209811938023604,0
phishtank,1,0.996948156082508,1
phishtank,1,0.8995050880660573,1
tranco_benign_proxy,0,0.5218383669165839,0
phishtank,1,0.999812812826609,1
tranco_benign_proxy,0,0.8697324825641043,1
tranco_benign_proxy,0,0.9875748635708927,1
tranco_benign_proxy,0,0.11369040605359464,0
tranco_benign_proxy,0,0.11185852206465906,0
phishtank,1,0.5810158511554524,0
phishtank,1,0.9509134201880297,1
tranco_benign_proxy,0,0.03798656079012208,0
tranco_benign_proxy,0,0.029416854430679797,0
tranco_benign_proxy,0,0.08869314752025327,0
phishtank,1,0.9647734159588526,1
phishtank,1,0.807141575697606,1
phishtank,1,0.9960477875562556,1
phishtank,1,0.9686869769561426,1
tranco_benign_proxy,0,0.13831462393889252,0
tranco_benign_proxy,0,0.08848624936796623,0
tranco_benign_proxy,0,0.663944899015981,0
tranco_benign_proxy,0,0.011047848866806279,0
phishtank,1,0.9926281227402509,1
tranco_benign_proxy,0,0.3923976519829636,0
phishtank,1,0.9966587925706759,1
tranco_benign_proxy,0,0.1125392516586316,0
tranco_benign_proxy,0,0.42815659298065134,0
phishtank,1,0.9947626048016435,1
tranco_benign_proxy,0,0.9478015297264326,1
phishtank,1,0.9984271712730644,1
phishtank,1,0.9879429153881909,1
tranco_benign_proxy,0,0.21903992527068408,0
phishtank,1,0.9193081621797974,1
phishtank,1,0.9990266646221835,1
phishtank,1,0.9877761397586704,1
tranco_benign_proxy,0,0.20960332949145347,0
phishtank,1,0.9990054351365872,1
phishtank,1,0.11633087438898085,0
tranco_benign_proxy,0,0.1908057864180294,0
phishtank,1,0.9945572075934552,1
phishtank,1,0.12847319982945266,0
tranco_benign_proxy,0,0.37643579985963677,0
tranco_benign_proxy,0,0.3824665236334682,0
phishtank,1,0.9954500924127696,1
tranco_benign_proxy,0,0.8424946832476682,1
phishtank,1,0.9983722920199446,1
phishtank,1,0.9987072409679079,1
phishtank,1,0.976838550939592,1
phishtank,1,0.9950152521208415,1
tranco_benign_proxy,0,0.32228314009127007,0
tranco_benign_proxy,0,0.9337384199166764,1
phishtank,1,0.9664495735026795,1
phishtank,1,0.9995858903700956,1
tranco_benign_proxy,0,0.13114642120622552,0
tranco_benign_proxy,0,0.3878309163283164,0
phishtank,1,0.9909653844334039,1
phishtank,1,0.9998713431071132,1
tranco_benign_proxy,0,0.054710366498379154,0
phishtank,1,0.40703353501460016,0
phishtank,1,0.9978599153383304,1
tranco_benign_proxy,0,0.38841506732979797,0
phishtank,1,0.9983776944482697,1
phishtank,1,0.9384216045851915,1
phishtank,1,0.9984302622409088,1
tranco_benign_proxy,0,0.5967262478244764,0
phishtank,1,0.9759055551525528,1
phishtank,1,0.7532343450591763,1
tranco_benign_proxy,0,0.2973492162537433,0
phishtank,1,0.997780195453753,1
phishtank,1,0.9334240203601409,1
tranco_benign_proxy,0,0.33262776361358115,0
tranco_benign_proxy,0,0.824403110976384,1
tranco_benign_proxy,0,0.26757132357174696,0
tranco_benign_proxy,0,0.2885894844723355,0
tranco_benign_proxy,0,0.9230579152075707,1
phishtank,1,0.9796608140917268,1
tranco_benign_proxy,0,0.008109518361629542,0
tranco_benign_proxy,0,0.10137493382559844,0
tranco_benign_proxy,0,0.7322609657360516,1
tranco_benign_proxy,0,0.49455771645369084,0
phishtank,1,0.9724224316418133,1
phishtank,1,0.9974969240454794,1
tranco_benign_proxy,0,0.534699733053327,0
phishtank,1,0.9993861190812211,1
tranco_benign_proxy,0,0.11975568857905015,0
phishtank,1,0.9329831467402776,1
tranco_benign_proxy,0,0.18234294257365263,0
tranco_benign_proxy,0,0.41539872534904565,0
tranco_benign_proxy,0,0.6593840612270618,0
phishtank,1,0.9971990074363558,1
phishtank,1,0.9987365879167913,1
tranco_benign_proxy,0,0.2501925496112977,0
tranco_benign_proxy,0,0.20116595166976844,0
tranco_benign_proxy,0,0.9449296017873091,1
phishtank,1,0.9874370591723485,1
phishtank,1,0.9902460206685754,1
phishtank,1,0.9550642000382175,1
tranco_benign_proxy,0,0.2924080197752262,0
phishtank,1,0.9983856705597484,1
tranco_benign_proxy,0,0.32009953149965475,0
tranco_benign_proxy,0,0.6003846574824082,0
tranco_benign_proxy,0,0.8708009811222958,1
tranco_benign_proxy,0,0.38908394024039894,0
phishtank,1,0.9997132355359415,1
phishtank,1,0.6582718354432648,0
phishtank,1,0.9853920397713845,1
tranco_benign_proxy,0,0.11200307253226388,0
tranco_benign_proxy,0,0.31990407923358904,0
tranco_benign_proxy,0,0.04252598579802322,0
phishtank,1,0.9985791410870938,1
tranco_benign_proxy,0,0.23292902676640212,0
tranco_benign_proxy,0,0.7417776019631044,1
phishtank,1,0.9811519515690942,1
tranco_benign_proxy,0,0.09052751510898584,0
phishtank,1,0.49376859600958567,0
phishtank,1,0.9999850277385105,1
phishtank,1,0.9980053756012643,1
tranco_benign_proxy,0,0.12327122777238024,0
tranco_benign_proxy,0,0.33469430682253876,0
phishtank,1,0.9822247696120604,1
tranco_benign_proxy,0,0.03737649596875049,0
tranco_benign_proxy,0,0.43565894724272186,0
phishtank,1,0.9509463982142238,1
tranco_benign_proxy,0,0.04580180808177122,0
tranco_benign_proxy,0,0.019422648992624785,0
tranco_benign_proxy,0,0.4623344108066125,0
tranco_benign_proxy,0,0.09664150468064622,0
tranco_benign_proxy,0,0.3501571176142363,0
tranco_benign_proxy,0,0.16178382282179066,0
tranco_benign_proxy,0,0.002556994262294906,0
tranco_benign_proxy,0,0.7262747784896829,1
tranco_benign_proxy,0,0.21182934579301443,0
tranco_benign_proxy,0,0.42240865871770045,0
tranco_benign_proxy,0,0.010940292259701079,0
tranco_benign_proxy,0,0.5565544687519458,0
tranco_benign_proxy,0,0.24484108728976683,0
phishtank,1,0.9951120192444975,1
phishtank,1,0.9969591927654715,1
tranco_benign_proxy,0,0.1997594192822164,0
tranco_benign_proxy,0,0.11477304350515512,0
tranco_benign_proxy,0,0.3152022632079251,0
tranco_benign_proxy,0,0.10034331631868024,0
tranco_benign_proxy,0,0.7413785556807009,1
phishtank,1,0.9999298116888009,1
phishtank,1,0.9993759977896477,1
tranco_benign_proxy,0,0.11420290188166449,0
phishtank,1,0.9765297662262297,1
phishtank,1,0.9841411340964578,1
tranco_benign_proxy,0,0.29065552702338193,0
tranco_benign_proxy,0,0.10411150952609739,0
tranco_benign_proxy,0,0.17442996821030865,0
phishtank,1,0.7026724764431302,1
tranco_benign_proxy,0,0.48748879550524876,0
tranco_benign_proxy,0,0.18905430296954898,0
tranco_benign_proxy,0,0.0764744228467559,0
phishtank,1,0.9962880693436835,1
phishtank,1,0.9999720658749025,1
phishtank,1,0.9206661611615747,1
tranco_benign_proxy,0,0.13356310248567477,0
phishtank,1,0.9562445120285407,1
phishtank,1,0.4697382507333711,0
tranco_benign_proxy,0,0.3257509085913631,0
tranco_benign_proxy,0,0.6690548688276191,0
tranco_benign_proxy,0,0.2143610306767392,0
tranco_benign_proxy,0,0.09831875621438668,0
tranco_benign_proxy,0,0.47019736629169456,0
phishtank,1,0.9826147174168657,1
phishtank,1,0.9979960030819829,1
phishtank,1,0.9991675012238618,1
phishtank,1,0.8984388474072333,1
tranco_benign_proxy,0,0.17225432022744855,0
phishtank,1,0.9886773744243533,1
tranco_benign_proxy,0,0.3762832388118327,0
phishtank,1,0.9801975870070356,1
phishtank,1,0.9575674921234446,1
phishtank,1,0.996079028888585,1
tranco_benign_proxy,0,0.18997721686936722,0
phishtank,1,0.9972859788138734,1
phishtank,1,0.9692730944491807,1
tranco_benign_proxy,0,0.14359920464768566,0
phishtank,1,0.9329640610549913,1
phishtank,1,0.9918161101316496,1
phishtank,1,0.9991346648056146,1
phishtank,1,0.9986955711206414,1
phishtank,1,0.9989500204688155,1
tranco_benign_proxy,0,0.08224880931795975,0
tranco_benign_proxy,0,0.16499355993767822,0
phishtank,1,0.9347176603874295,1
tranco_benign_proxy,0,0.375952071939755,0
tranco_benign_proxy,0,0.31767058888104655,0
phishtank,1,0.9984796145839984,1
tranco_benign_proxy,0,0.3394318425052833,0
tranco_benign_proxy,0,0.9798714544688399,1
tranco_benign_proxy,0,0.18954996788210693,0
tranco_benign_proxy,0,0.8671198646029998,1
phishtank,1,0.8607907265123896,1
tranco_benign_proxy,0,0.026405766741294422,0
tranco_benign_proxy,0,0.2467481097006607,0
tranco_benign_proxy,0,0.8354137796267453,1
phishtank,1,0.9999220895119946,1
tranco_benign_proxy,0,0.053369259176541665,0
tranco_benign_proxy,0,0.02323812999084645,0
tranco_benign_proxy,0,0.3294326422280299,0
phishtank,1,0.932916459172186,1
phishtank,1,0.9978249056177411,1
tranco_benign_proxy,0,0.7964448792362602,1
phishtank,1,0.9941945622124334,1
tranco_benign_proxy,0,0.2741812634784844,0
phishtank,1,0.8993483997136908,1
tranco_benign_proxy,0,0.29350144226566705,0
phishtank,1,0.9998697681287652,1
phishtank,1,0.9986019659487883,1
phishtank,1,0.9640854598475319,1
phishtank,1,0.9892323591150348,1
tranco_benign_proxy,0,0.7244327682130947,1
tranco_benign_proxy,0,0.4630234588425733,0
tranco_benign_proxy,0,0.21064678420084734,0
tranco_benign_proxy,0,0.870271899993046,1
phishtank,1,0.2544725770263337,0
phishtank,1,0.9911056695302033,1
phishtank,1,0.9741719588057682,1
phishtank,1,0.9579585339538916,1
phishtank,1,0.9878969081168977,1
phishtank,1,0.999135370055058,1
phishtank,1,0.9982502625967332,1
phishtank,1,0.9922715134949345,1
tranco_benign_proxy,0,0.8864089801974141,1
tranco_benign_proxy,0,0.9135596759030883,1
phishtank,1,0.15940680950972055,0
phishtank,1,0.9975541977659838,1
tranco_benign_proxy,0,0.17988977590419591,0
tranco_benign_proxy,0,0.6850746683769716,0
tranco_benign_proxy,0,0.36929688506611,0
phishtank,1,0.6239258991134052,0
tranco_benign_proxy,0,0.07840618405955284,0
tranco_benign_proxy,0,0.9180100876814348,1
tranco_benign_proxy,0,0.9244771849411391,1
phishtank,1,0.9711803610660052,1
phishtank,1,0.9988223052669943,1
tranco_benign_proxy,0,0.27873730829276533,0
tranco_benign_proxy,0,0.06500455551409015,0
tranco_benign_proxy,0,0.4198170490514548,0
tranco_benign_proxy,0,0.42220464792970164,0
phishtank,1,0.9981926466502536,1
tranco_benign_proxy,0,0.5649221069373428,0
phishtank,1,0.9946896736932439,1
phishtank,1,0.9734732941997755,1
tranco_benign_proxy,0,0.11890509425574808,0
tranco_benign_proxy,0,0.10467328285283765,0
tranco_benign_proxy,0,0.01868678353096047,0
phishtank,1,0.9972676642155163,1
phishtank,1,0.9976401291918023,1
tranco_benign_proxy,0,0.7988266320180918,1
tranco_benign_proxy,0,0.639430795810459,0
tranco_benign_proxy,0,0.2686620756759348,0
phishtank,1,0.9684666229770618,1
tranco_benign_proxy,0,0.1273330843387684,0
phishtank,1,0.9999584180851546,1
phishtank,1,0.9997059422790756,1
tranco_benign_proxy,0,0.18464749835093847,0
tranco_benign_proxy,0,0.0026993993613615825,0
tranco_benign_proxy,0,0.7778317951724137,1
phishtank,1,0.9304240296867547,1
phishtank,1,0.9999660597760833,1
tranco_benign_proxy,0,0.2811496353436084,0
phishtank,1,0.9965984935475298,1
tranco_benign_proxy,0,0.006033837955374594,0
tranco_benign_proxy,0,0.11372419126297909,0
phishtank,1,0.9907754017894413,1
phishtank,1,0.9939582897362699,1
phishtank,1,0.9767555446007784,1
tranco_benign_proxy,0,0.1240216432778467,0
tranco_benign_proxy,0,0.3152209548309097,0
phishtank,1,0.9870274157498821,1
phishtank,1,0.9982010515669062,1
phishtank,1,0.9969937974510286,1
phishtank,1,0.9694787638016836,1
phishtank,1,0.954645830268195,1
phishtank,1,0.997269826300603,1
tranco_benign_proxy,0,0.5771047831580082,0
phishtank,1,0.9255784709528214,1
phishtank,1,0.9947560334838549,1
tranco_benign_proxy,0,0.38549157508618764,0
tranco_benign_proxy,0,0.29678876239770374,0
tranco_benign_proxy,0,0.3589696585270498,0
tranco_benign_proxy,0,0.09272039177203152,0
phishtank,1,0.9997108089143608,1
tranco_benign_proxy,0,0.8458809578029979,1
phishtank,1,0.9728728003058028,1
phishtank,1,0.9957466685313693,1
phishtank,1,0.9700004138028219,1
phishtank,1,0.9869269630087782,1
tranco_benign_proxy,0,0.3148763189155132,0
phishtank,1,0.9987615745156992,1
tranco_benign_proxy,0,0.43976312450163413,0
phishtank,1,0.802429275907801,1
tranco_benign_proxy,0,0.5461104438832243,0
tranco_benign_proxy,0,0.9189903432317711,1
tranco_benign_proxy,0,0.5386000162128266,0
phishtank,1,0.9999443261368528,1
tranco_benign_proxy,0,0.7196136647891075,1
phishtank,1,0.17980256029726993,0
phishtank,1,0.6854702831212391,0
tranco_benign_proxy,0,0.38728232791237294,0
phishtank,1,0.9976249031072064,1
phishtank,1,0.9943757759488915,1
tranco_benign_proxy,0,0.15207411746611854,0
tranco_benign_proxy,0,0.7997481531716357,1
tranco_benign_proxy,0,0.9796036277377879,1
tranco_benign_proxy,0,0.10633452734075877,0
tranco_benign_proxy,0,0.12093444135125345,0
tranco_benign_proxy,0,0.7094147856119355,1
tranco_benign_proxy,0,0.9397577236636321,1
tranco_benign_proxy,0,0.9479334258061294,1
phishtank,1,0.9882913735146547,1
tranco_benign_proxy,0,0.10097449029534979,0
phishtank,1,0.9985443454967416,1
tranco_benign_proxy,0,0.7746878269368821,1
phishtank,1,0.9999370505609042,1
tranco_benign_proxy,0,0.13292632142126265,0
phishtank,1,0.998518314832978,1
phishtank,1,0.962429499652826,1
phishtank,1,0.9931592165048406,1
tranco_benign_proxy,0,0.8750496789094339,1
phishtank,1,0.9980248944135238,1
phishtank,1,0.9943800720373226,1
phishtank,1,0.9742750146513013,1
phishtank,1,0.7618385461838012,1
phishtank,1,0.9828418023547612,1
phishtank,1,0.983686367011629,1
tranco_benign_proxy,0,0.6037747045420293,0
phishtank,1,0.9953526101254744,1
tranco_benign_proxy,0,0.04646379122396868,0
phishtank,1,0.9948258254067368,1
tranco_benign_proxy,0,0.3288801263445163,0
phishtank,1,0.9995504505383748,1
phishtank,1,0.996670522058459,1
tranco_benign_proxy,0,0.03134582412805712,0
tranco_benign_proxy,0,0.016965166417566294,0
tranco_benign_proxy,0,0.24641054581733318,0
phishtank,1,0.9970865312108611,1
phishtank,1,0.9956528333747273,1
phishtank,1,0.9230572157630437,1
tranco_benign_proxy,0,0.45611836099441033,0
phishtank,1,0.2714142851691323,0
phishtank,1,0.9986053764842284,1
tranco_benign_proxy,0,0.2240854495769846,0
phishtank,1,0.9349601854554128,1
tranco_benign_proxy,0,0.2685247497262767,0
tranco_benign_proxy,0,0.3587814599592262,0
phishtank,1,0.9791496700322394,1
tranco_benign_proxy,0,0.11283405399854543,0
phishtank,1,0.9999569524212897,1
tranco_benign_proxy,0,0.023646525348806815,0
tranco_benign_proxy,0,0.15556290084785798,0
tranco_benign_proxy,0,0.08468708043320518,0
tranco_benign_proxy,0,0.30069742741803795,0
phishtank,1,0.9931851894352935,1
phishtank,1,0.912633439884667,1
phishtank,1,0.999476194679887,1
phishtank,1,0.998582266125077,1
tranco_benign_proxy,0,0.4591464638381635,0
tranco_benign_proxy,0,0.3889298760169453,0
tranco_benign_proxy,0,0.21728087435100976,0
phishtank,1,0.9995605682879356,1
phishtank,1,0.9983684687111037,1
tranco_benign_proxy,0,0.9117617830899432,1
phishtank,1,0.9880656941788475,1
phishtank,1,0.9981306435204854,1
phishtank,1,0.9951937352784777,1
phishtank,1,0.9986465714495519,1
tranco_benign_proxy,0,0.7417843153133892,1
phishtank,1,0.9998767794980427,1
tranco_benign_proxy,0,0.17410386402246683,0
phishtank,1,0.9892623155576116,1
phishtank,1,0.892268688784368,1
tranco_benign_proxy,0,0.33713727217337075,0
phishtank,1,0.9787770326158483,1
tranco_benign_proxy,0,0.1752469158040966,0
phishtank,1,0.9997948569048652,1
tranco_benign_proxy,0,0.002547562545430603,0
tranco_benign_proxy,0,0.1942815968171317,0
tranco_benign_proxy,0,0.14658215281091005,0
phishtank,1,0.8927055478061318,1
tranco_benign_proxy,0,0.3280105068611981,0
phishtank,1,0.8883821660515661,1
tranco_benign_proxy,0,0.9502599051296448,1
tranco_benign_proxy,0,0.5082812910541502,0
phishtank,1,0.9996152432813823,1
phishtank,1,0.9767895656305432,1
phishtank,1,0.9123571964182553,1
tranco_benign_proxy,0,0.12824614564797682,0
phishtank,1,0.9989751435101822,1
phishtank,1,0.9140638099436353,1
tranco_benign_proxy,0,0.08127320343908194,0
phishtank,1,0.9993561138481998,1
phishtank,1,0.9979492860342396,1
tranco_benign_proxy,0,0.18440177273618705,0
phishtank,1,0.7284159409136454,1
phishtank,1,0.9955535820744273,1
phishtank,1,0.9624889426007432,1
tranco_benign_proxy,0,0.15076285454150556,0
tranco_benign_proxy,0,0.035144575037918506,0
phishtank,1,0.9464490289801105,1
phishtank,1,0.9956698005385718,1
tranco_benign_proxy,0,0.3144833525881648,0
phishtank,1,0.3498400745922833,0
tranco_benign_proxy,0,0.18260281193146854,0
phishtank,1,0.999969539646021,1
tranco_benign_proxy,0,0.06981583385485925,0
tranco_benign_proxy,0,0.7712362091308257,1
tranco_benign_proxy,0,0.30918780073903224,0
phishtank,1,0.98738014443869,1
phishtank,1,0.6918976025935116,0
phishtank,1,0.6504590527765112,0
phishtank,1,0.9534519715982086,1
tranco_benign_proxy,0,0.2630334734845746,0
phishtank,1,0.9894249834790159,1
phishtank,1,0.9928694658347402,1
tranco_benign_proxy,0,0.762523089721694,1
phishtank,1,0.345871967890187,0
tranco_benign_proxy,0,0.15182163879287103,0
phishtank,1,0.9934016619497845,1
tranco_benign_proxy,0,0.3845973149938736,0
tranco_benign_proxy,0,0.4458492772284913,0
tranco_benign_proxy,0,0.0519770594135527,0
tranco_benign_proxy,0,0.1218524946150796,0
tranco_benign_proxy,0,0.7547334884119853,1
tranco_benign_proxy,0,0.6352912087058895,0
tranco_benign_proxy,0,0.7662268304026084,1
phishtank,1,0.9484606612591582,1
tranco_benign_proxy,0,0.152836442558019,0
tranco_benign_proxy,0,0.4782560065709624,0
tranco_benign_proxy,0,0.8116905449065941,1
tranco_benign_proxy,0,0.17245280825575002,0
phishtank,1,0.7395152204185121,1
tranco_benign_proxy,0,0.2942121114383568,0
phishtank,1,0.9970170098105607,1
tranco_benign_proxy,0,0.16941426965788128,0
tranco_benign_proxy,0,0.3626523105277201,0
tranco_benign_proxy,0,0.10630651696325172,0
phishtank,1,0.9822305527760743,1
tranco_benign_proxy,0,0.8611031484437902,1
phishtank,1,0.9959411895547471,1
tranco_benign_proxy,0,0.28326524216185067,0
tranco_benign_proxy,0,0.08464170872978215,0
phishtank,1,0.9230324571799274,1
tranco_benign_proxy,0,0.08364510036759076,0
tranco_benign_proxy,0,0.6160930387712686,0
phishtank,1,0.9673815165746789,1
phishtank,1,0.9813517849494073,1
tranco_benign_proxy,0,0.9705327371833251,1
tranco_benign_proxy,0,0.9674911692541182,1
phishtank,1,0.992936848218172,1
tranco_benign_proxy,0,0.012368125855763738,0
phishtank,1,0.9588137967784696,1
phishtank,1,0.976142344351057,1
phishtank,1,0.972391463727125,1
tranco_benign_proxy,0,0.7256309974812568,1
tranco_benign_proxy,0,0.9057222735668808,1
phishtank,1,0.2476468364712336,0
tranco_benign_proxy,0,0.018311652198541695,0
phishtank,1,0.0911388556004639,0
tranco_benign_proxy,0,0.39575807071080144,0
phishtank,1,0.9973459209798657,1
phishtank,1,0.99995693487893,1
tranco_benign_proxy,0,0.11959258390812477,0
tranco_benign_proxy,0,0.2763488605407283,0
tranco_benign_proxy,0,0.11471170442331335,0
phishtank,1,0.9758722939656256,1
phishtank,1,0.8042584608022421,1
tranco_benign_proxy,0,0.0741183601327195,0
phishtank,1,0.9821826257341797,1
tranco_benign_proxy,0,0.23160367357459252,0
phishtank,1,0.03749672243379571,0
phishtank,1,0.9997038611037022,1
phishtank,1,0.36298751416926167,0
phishtank,1,0.9945511792994629,1
tranco_benign_proxy,0,0.5044859412183814,0
phishtank,1,0.9993814190819821,1
phishtank,1,0.9992874946669383,1
tranco_benign_proxy,0,0.1080798229043872,0
tranco_benign_proxy,0,0.19942905062130947,0
tranco_benign_proxy,0,0.6875758412090182,0
phishtank,1,0.9224920911108647,1
phishtank,1,0.9999927532567457,1
tranco_benign_proxy,0,0.008216148483306027,0
phishtank,1,0.9973747159294953,1
tranco_benign_proxy,0,0.05054331000644909,0
phishtank,1,0.9750366552335987,1
phishtank,1,0.9594811064501692,1
tranco_benign_proxy,0,0.650388190440302,0
phishtank,1,0.9999774739936896,1
tranco_benign_proxy,0,0.15955448485906576,0
phishtank,1,0.9994210603666136,1
tranco_benign_proxy,0,0.14903429914052296,0
phishtank,1,0.9864805499932523,1
tranco_benign_proxy,0,0.25870793994091223,0
tranco_benign_proxy,0,0.33994943221294643,0
tranco_benign_proxy,0,0.12441015115616658,0
tranco_benign_proxy,0,0.5700948169678943,0
tranco_benign_proxy,0,0.002724404190153396,0
tranco_benign_proxy,0,0.3253648475595611,0
phishtank,1,0.06459456371672438,0
tranco_benign_proxy,0,0.9229950648712397,1
phishtank,1,0.9892719755422202,1
tranco_benign_proxy,0,0.41814879937863053,0
tranco_benign_proxy,0,0.09500897668845588,0
phishtank,1,0.9969442617923049,1
phishtank,1,0.9740496839250863,1
tranco_benign_proxy,0,0.0514264912404655,0
phishtank,1,0.9653646195890776,1
tranco_benign_proxy,0,0.06916227715693726,0
tranco_benign_proxy,0,0.3161029022187383,0
phishtank,1,0.9835655222822995,1
phishtank,1,0.9977954516899428,1
tranco_benign_proxy,0,0.9396289944373135,1
tranco_benign_proxy,0,0.8810165973960956,1
tranco_benign_proxy,0,0.4864661752163963,0
phishtank,1,0.9997471933882803,1
phishtank,1,0.883830515636834,1
tranco_benign_proxy,0,0.006343137838720417,0
tranco_benign_proxy,0,0.6994276659314829,1
tranco_benign_proxy,0,0.2958817174212269,0
phishtank,1,0.9990635957981414,1
phishtank,1,0.9989972206146074,1
phishtank,1,0.999610170654501,1
tranco_benign_proxy,0,0.4011342673493632,0
phishtank,1,0.9231961006111792,1
phishtank,1,0.8875409445541667,1
tranco_benign_proxy,0,0.19257036075855952,0
tranco_benign_proxy,0,0.030412057939012062,0
phishtank,1,0.9354963865327274,1
phishtank,1,0.998035373158396,1
phishtank,1,0.9434327475725673,1
tranco_benign_proxy,0,0.1742487425116707,0
tranco_benign_proxy,0,0.20462750325644283,0
phishtank,1,0.9696042891615552,1
phishtank,1,0.9926096493471869,1
phishtank,1,0.9998592864974739,1
phishtank,1,0.9962513522962774,1
phishtank,1,0.9981487198243663,1
tranco_benign_proxy,0,0.3699894538487778,0
tranco_benign_proxy,0,0.6072038133722064,0
phishtank,1,0.9698076233676349,1
phishtank,1,0.9476624420398652,1
tranco_benign_proxy,0,0.08908673174852377,0
phishtank,1,0.998067478574041,1
phishtank,1,0.2554733335673453,0
tranco_benign_proxy,0,0.253050446361042,0
tranco_benign_proxy,0,0.047766107213580086,0
phishtank,1,0.32168500396996763,0
phishtank,1,0.8510963573886153,1
phishtank,1,0.9999652146628322,1
phishtank,1,0.9980238760455621,1
tranco_benign_proxy,0,0.6619038295290877,0
tranco_benign_proxy,0,0.5051244838188442,0
tranco_benign_proxy,0,0.5622826557869602,0
phishtank,1,0.8349967188822833,1
phishtank,1,0.9908154612724712,1
phishtank,1,0.9998019104147488,1
phishtank,1,0.9983476318748074,1
tranco_benign_proxy,0,0.12510988618072832,0
tranco_benign_proxy,0,0.4876099597913018,0
tranco_benign_proxy,0,0.0754550580612504,0
phishtank,1,0.9436753877896742,1
tranco_benign_proxy,0,0.7517062249734981,1
tranco_benign_proxy,0,0.009003030065194807,0
tranco_benign_proxy,0,0.023633243666266054,0
phishtank,1,0.9997604808258789,1
phishtank,1,0.9772130333861698,1
tranco_benign_proxy,0,0.08729174997167904,0
phishtank,1,0.9611825090383357,1
tranco_benign_proxy,0,0.19851472723602012,0
tranco_benign_proxy,0,0.05325266337880217,0
tranco_benign_proxy,0,0.7562671220368706,1
tranco_benign_proxy,0,0.1785043816857566,0
phishtank,1,0.9802496624395082,1
tranco_benign_proxy,0,0.02265727681669571,0
tranco_benign_proxy,0,0.1286333253357024,0
phishtank,1,0.999894116862368,1
tranco_benign_proxy,0,0.048414327753425405,0
phishtank,1,0.8904851153107987,1
tranco_benign_proxy,0,0.11235073594212859,0
phishtank,1,0.9996442617898935,1
phishtank,1,0.4233668071823455,0
tranco_benign_proxy,0,0.33090431438029133,0
phishtank,1,0.9271446030521047,1
phishtank,1,0.9862242567566253,1
phishtank,1,0.9988711029915305,1
tranco_benign_proxy,0,0.07367664674552304,0
tranco_benign_proxy,0,0.03348963576693424,0
phishtank,1,0.9998258677214494,1
tranco_benign_proxy,0,0.023369039639081223,0
phishtank,1,0.9966075144408717,1
tranco_benign_proxy,0,0.10459350283576496,0
tranco_benign_proxy,0,0.7025661313722802,1
tranco_benign_proxy,0,0.19783225296075854,0
tranco_benign_proxy,0,0.4998233377408508,0
tranco_benign_proxy,0,0.84109742119271,1
tranco_benign_proxy,0,0.04548689930933964,0
phishtank,1,0.978846789008801,1
tranco_benign_proxy,0,0.5286961533123374,0
tranco_benign_proxy,0,0.14644309275515838,0
tranco_benign_proxy,0,0.46487559653792004,0
tranco_benign_proxy,0,0.4693689692669954,0
tranco_benign_proxy,0,0.1036927143081546,0
tranco_benign_proxy,0,0.38314377563223173,0
phishtank,1,0.6275578495859376,0
phishtank,1,0.994693626305073,1
tranco_benign_proxy,0,0.117080633254764,0
phishtank,1,0.9570948439780861,1
phishtank,1,0.9941026455231543,1
phishtank,1,0.9986609971160756,1
phishtank,1,0.9999229651510747,1
tranco_benign_proxy,0,0.5065360016062759,0
tranco_benign_proxy,0,0.07796248522175397,0
phishtank,1,0.9777093629727794,1
tranco_benign_proxy,0,0.09019437697447848,0
tranco_benign_proxy,0,0.33414561153064226,0
tranco_benign_proxy,0,0.7606205643848968,1
phishtank,1,0.9771890623582887,1
tranco_benign_proxy,0,0.7183115167122553,1
tranco_benign_proxy,0,0.4032171561302429,0
tranco_benign_proxy,0,0.11033536313684085,0
tranco_benign_proxy,0,0.09089337961001298,0
tranco_benign_proxy,0,0.4087814764807854,0
tranco_benign_proxy,0,0.31192530296519233,0
tranco_benign_proxy,0,0.5210519962141499,0
phishtank,1,0.9697720411954921,1
tranco_benign_proxy,0,0.04265908113443842,0
tranco_benign_proxy,0,0.0031876130616300667,0
tranco_benign_proxy,0,0.08855629144449725,0
tranco_benign_proxy,0,0.16180102946935787,0
tranco_benign_proxy,0,0.7862110942039786,1
tranco_benign_proxy,0,0.33523151472588786,0
phishtank,1,0.9930894607111717,1
phishtank,1,0.9988512988537811,1
tranco_benign_proxy,0,0.6499721097813465,0
phishtank,1,0.9999270636707225,1
tranco_benign_proxy,0,0.188991350091734,0
tranco_benign_proxy,0,0.942996968315886,1
tranco_benign_proxy,0,0.05171058585134261,0
tranco_benign_proxy,0,0.032620753758882626,0
phishtank,1,0.24290528729927494,0
phishtank,1,0.991193930546333,1
phishtank,1,0.7211466594091116,1
tranco_benign_proxy,0,0.18836135356755648,0
tranco_benign_proxy,0,0.14078284927718657,0
phishtank,1,0.9841673494819959,1
phishtank,1,0.9983401585152157,1
tranco_benign_proxy,0,0.06867092862644936,0
phishtank,1,0.997506359990166,1
phishtank,1,0.9626121942176297,1
phishtank,1,0.9432817870082975,1
tranco_benign_proxy,0,0.2899544857071967,0
phishtank,1,0.9895579360733371,1
tranco_benign_proxy,0,0.9929237796170619,1
phishtank,1,0.999766592280681,1
phishtank,1,0.9868245212926797,1
tranco_benign_proxy,0,0.25586554296896136,0
tranco_benign_proxy,0,0.8620544565543012,1
tranco_benign_proxy,0,0.14965659850307186,0
tranco_benign_proxy,0,0.05654235481903622,0
phishtank,1,0.8929237060656171,1
tranco_benign_proxy,0,0.2970560216405877,0
tranco_benign_proxy,0,0.25819412613134074,0
tranco_benign_proxy,0,0.5043560707842257,0
phishtank,1,0.8315056026856911,1
tranco_benign_proxy,0,0.2645943817818718,0
phishtank,1,0.9365420546878046,1
phishtank,1,0.9998952988354711,1
tranco_benign_proxy,0,0.05287186580609993,0
tranco_benign_proxy,0,0.187201135470334,0
tranco_benign_proxy,0,0.14851723428501412,0
tranco_benign_proxy,0,0.07608405421547729,0
tranco_benign_proxy,0,0.27939825873220087,0
tranco_benign_proxy,0,0.8511010195053622,1
phishtank,1,0.9057175338222456,1
tranco_benign_proxy,0,0.8023508677992126,1
tranco_benign_proxy,0,0.7907076300183671,1
phishtank,1,0.9636693040025883,1
tranco_benign_proxy,0,0.902705934844641,1
phishtank,1,0.9228126636380484,1
phishtank,1,0.9960999736058672,1
tranco_benign_proxy,0,0.7804681170011045,1
tranco_benign_proxy,0,0.23775626539290248,0
phishtank,1,0.9580903166322744,1
phishtank,1,0.9965445616152668,1
phishtank,1,0.9992537960332184,1
phishtank,1,0.9979366681167411,1
tranco_benign_proxy,0,0.9066145577853674,1
tranco_benign_proxy,0,0.20407749952945256,0
phishtank,1,0.9760712896377685,1
phishtank,1,0.7471083906329943,1
phishtank,1,0.9582309067038535,1
tranco_benign_proxy,0,0.06828082795278853,0
phishtank,1,0.9939528168954408,1
phishtank,1,0.9993464791940059,1
phishtank,1,0.9925836063892377,1
tranco_benign_proxy,0,0.07177178763037986,0
phishtank,1,0.9991914974951814,1
phishtank,1,0.9369997545372416,1
phishtank,1,0.9996194824097105,1
tranco_benign_proxy,0,0.40584724974862413,0
tranco_benign_proxy,0,0.5262718612188886,0
tranco_benign_proxy,0,0.22489696998871195,0
phishtank,1,0.5832711953850566,0
phishtank,1,0.9799393339725065,1
tranco_benign_proxy,0,0.9413432696744197,1
phishtank,1,0.9999467983430992,1
tranco_benign_proxy,0,0.943480457395662,1
tranco_benign_proxy,0,0.45699753132665905,0
phishtank,1,0.9625376321357837,1
phishtank,1,0.999683000341882,1
phishtank,1,0.9448888053113687,1
tranco_benign_proxy,0,0.01845339205865519,0
tranco_benign_proxy,0,0.14261285960155687,0
tranco_benign_proxy,0,0.3520719605594381,0
tranco_benign_proxy,0,0.9089401931087807,1
tranco_benign_proxy,0,0.3126710768047434,0
phishtank,1,0.9965602046292955,1
phishtank,1,0.9824367371779585,1
tranco_benign_proxy,0,0.24455310027718644,0
phishtank,1,0.9986936288990598,1
tranco_benign_proxy,0,0.29937365418553386,0
phishtank,1,0.93376818697328,1
phishtank,1,0.999939694187776,1
phishtank,1,0.929571406281042,1
tranco_benign_proxy,0,0.39731259378293093,0
phishtank,1,0.9926609136537728,1
phishtank,1,0.9984875302158321,1
phishtank,1,0.9761700289535222,1
phishtank,1,0.995734354508944,1
tranco_benign_proxy,0,0.37564952288483505,0
phishtank,1,0.9985049367369296,1
phishtank,1,0.9996115822915836,1
phishtank,1,0.999825338871992,1
tranco_benign_proxy,0,0.5851838620280041,0
phishtank,1,0.9781933032300286,1
tranco_benign_proxy,0,0.11517496248798201,0
phishtank,1,0.9943906126529698,1
phishtank,1,0.9876450736324356,1
tranco_benign_proxy,0,0.2507525894876015,0
phishtank,1,0.9987461039501103,1
phishtank,1,0.9998624763163497,1
tranco_benign_proxy,0,0.10635462045467287,0
tranco_benign_proxy,0,0.49188553426480486,0
phishtank,1,0.9997756154230291,1
phishtank,1,0.9778977663007732,1
phishtank,1,0.9963901227122768,1
phishtank,1,0.9659054393559651,1
phishtank,1,0.9999217720330063,1
tranco_benign_proxy,0,0.47323954619883934,0
tranco_benign_proxy,0,0.32264605950448966,0
phishtank,1,0.9964555140991974,1
phishtank,1,0.6672253265041216,0
tranco_benign_proxy,0,0.12569423433031385,0
tranco_benign_proxy,0,0.8016166283076797,1
phishtank,1,0.9839472768264176,1
tranco_benign_proxy,0,0.8952563033725739,1
tranco_benign_proxy,0,0.18454598983160295,0
phishtank,1,0.9509617576080367,1
phishtank,1,0.9961205675861444,1
tranco_benign_proxy,0,0.11784681296276987,0
phishtank,1,0.30207078453988967,0
tranco_benign_proxy,0,0.08201547121898072,0
phishtank,1,0.997010684653723,1
tranco_benign_proxy,0,0.07313404319323513,0
tranco_benign_proxy,0,0.055261323380552535,0
phishtank,1,0.9885064899419809,1
phishtank,1,0.9960641374842524,1
phishtank,1,0.9995118904906123,1
phishtank,1,0.998971583563252,1
tranco_benign_proxy,0,0.6467723350551651,0
phishtank,1,0.9683853228820034,1
phishtank,1,0.9857557620920979,1
phishtank,1,0.4645742574890219,0
tranco_benign_proxy,0,0.11471695230056522,0
tranco_benign_proxy,0,0.832477420960698,1
tranco_benign_proxy,0,0.022192825295180713,0
tranco_benign_proxy,0,0.05332657184855838,0
tranco_benign_proxy,0,0.3894480644442536,0
phishtank,1,0.9668718846033958,1
tranco_benign_proxy,0,0.7724259120735516,1
phishtank,1,0.9971485181309473,1
phishtank,1,0.9981642675676798,1
phishtank,1,0.9996993172626093,1
tranco_benign_proxy,0,0.13872787964460195,0
phishtank,1,0.9863742017623687,1
phishtank,1,0.3765834887468755,0
tranco_benign_proxy,0,0.6174006953630756,0
tranco_benign_proxy,0,0.048661100570695164,0
tranco_benign_proxy,0,0.10915854630686905,0
tranco_benign_proxy,0,0.038960110353334985,0
tranco_benign_proxy,0,0.2691167297515658,0
tranco_benign_proxy,0,0.18911719626369738,0
tranco_benign_proxy,0,0.04413618667737045,0
phishtank,1,0.9708429432299248,1
phishtank,1,0.9689548649113404,1
tranco_benign_proxy,0,0.04707814652786334,0
tranco_benign_proxy,0,0.2927264043650426,0
phishtank,1,0.9655418942829153,1
phishtank,1,0.9982967185693598,1
tranco_benign_proxy,0,0.9699431088436425,1
phishtank,1,0.9950052619922969,1
tranco_benign_proxy,0,0.0552239448290564,0
phishtank,1,0.9969757479253946,1
phishtank,1,0.9843514591835842,1
phishtank,1,0.9914110005081639,1
phishtank,1,0.9938354703777444,1
tranco_benign_proxy,0,0.8981790828262135,1
phishtank,1,0.9999095554480147,1
tranco_benign_proxy,0,0.03281500043531259,0
tranco_benign_proxy,0,0.2656140015496398,0
phishtank,1,0.9804230261034274,1
phishtank,1,0.9669211831881941,1
tranco_benign_proxy,0,0.08213480559770317,0
phishtank,1,0.7223579793417116,1
phishtank,1,0.9195780099602241,1
tranco_benign_proxy,0,0.6755468325534887,0
phishtank,1,0.9997731840803165,1
tranco_benign_proxy,0,0.5481584814703184,0
tranco_benign_proxy,0,0.31889118541609235,0
phishtank,1,0.9993371583421966,1
tranco_benign_proxy,0,0.01235274019407909,0
tranco_benign_proxy,0,0.10773426035526108,0
phishtank,1,0.9248088733775041,1
tranco_benign_proxy,0,0.2991108592677515,0
phishtank,1,0.36377155479945994,0
phishtank,1,0.9892126715787154,1
phishtank,1,0.9509964516232114,1
phishtank,1,0.9802397168422076,1
phishtank,1,0.9820235096264639,1
tranco_benign_proxy,0,0.10109944664663288,0
phishtank,1,0.9984062152699903,1
phishtank,1,0.9673529682428386,1
phishtank,1,0.9794285217544559,1
phishtank,1,0.9991281558951959,1
phishtank,1,0.9963241332233476,1
phishtank,1,0.9888328525414772,1
phishtank,1,0.9996188885672861,1
tranco_benign_proxy,0,0.17649474376572905,0
tranco_benign_proxy,0,0.09041811150636161,0
phishtank,1,0.999748935475407,1
phishtank,1,0.9983370106485214,1
tranco_benign_proxy,0,0.6875197789817553,0
phishtank,1,0.6468213379697381,0
phishtank,1,0.9965369146463741,1
phishtank,1,0.9989326473573015,1
phishtank,1,0.9969249264275576,1
tranco_benign_proxy,0,0.06237175848339004,0
tranco_benign_proxy,0,0.17775772806013548,0
tranco_benign_proxy,0,0.4937029576224243,0
phishtank,1,0.9593063402088243,1
tranco_benign_proxy,0,0.4655153461251727,0
tranco_benign_proxy,0,0.1949001632989573,0
tranco_benign_proxy,0,0.055110053862281794,0
phishtank,1,0.9965245441851869,1
tranco_benign_proxy,0,0.5307682951960584,0
phishtank,1,0.9984652380674659,1
phishtank,1,0.9940014872780597,1
tranco_benign_proxy,0,0.030569702606240052,0
phishtank,1,0.9221373958529487,1
phishtank,1,0.9973073078491654,1
phishtank,1,0.9965311618249295,1
tranco_benign_proxy,0,0.24062483089165276,0
tranco_benign_proxy,0,0.2531772302748019,0
phishtank,1,0.9999096333740066,1
phishtank,1,0.9927960880213342,1
tranco_benign_proxy,0,0.6310849984668923,0
phishtank,1,0.9855690736686438,1
phishtank,1,0.9992533284049729,1
phishtank,1,0.9077779477727973,1
phishtank,1,0.9536100372202927,1
tranco_benign_proxy,0,0.04728907935521772,0
phishtank,1,0.9652575824692677,1
phishtank,1,0.9979361829371046,1
tranco_benign_proxy,0,0.1319058941803244,0
tranco_benign_proxy,0,0.38306532000766064,0
tranco_benign_proxy,0,0.307261164866634,0
phishtank,1,0.9999055473165386,1
tranco_benign_proxy,0,0.17408841870798575,0
tranco_benign_proxy,0,0.371536340108555,0
tranco_benign_proxy,0,0.6066214729716848,0
phishtank,1,0.9928879837937545,1
tranco_benign_proxy,0,0.1561945325773651,0
phishtank,1,0.9952331369313896,1
tranco_benign_proxy,0,0.011278536670346917,0
tranco_benign_proxy,0,0.08969183460291229,0
phishtank,1,0.9982591037873892,1
tranco_benign_proxy,0,0.26244127753668756,0
tranco_benign_proxy,0,0.8326579656730397,1
tranco_benign_proxy,0,0.19511605053116934,0
phishtank,1,0.9939507898935845,1
tranco_benign_proxy,0,0.2323659912909053,0
tranco_benign_proxy,0,0.9956093402310374,1
tranco_benign_proxy,0,0.2919957851446763,0
phishtank,1,0.9887676316321943,1
phishtank,1,0.999511934671533,1
tranco_benign_proxy,0,0.20383472088225826,0
tranco_benign_proxy,0,0.06312810697027323,0
tranco_benign_proxy,0,0.35262093249077625,0
phishtank,1,0.33566914573108575,0
tranco_benign_proxy,0,0.06856840633993987,0
phishtank,1,0.8458681756989522,1
phishtank,1,0.985290176407764,1
phishtank,1,0.9720442369252015,1
tranco_benign_proxy,0,0.06293115988564772,0
tranco_benign_proxy,0,0.10031183235454863,0
tranco_benign_proxy,0,0.3750716143915628,0
phishtank,1,0.9885700981115133,1
tranco_benign_proxy,0,0.009909545329578011,0
phishtank,1,0.9881992549009254,1
phishtank,1,0.9727047863283935,1
phishtank,1,0.9883382338074929,1
phishtank,1,0.08256735081755093,0
tranco_benign_proxy,0,0.7195671210136209,1
tranco_benign_proxy,0,0.3888642304009272,0
tranco_benign_proxy,0,0.1289674415775429,0
tranco_benign_proxy,0,0.4893370344664298,0
phishtank,1,0.9984730677057063,1
phishtank,1,0.9995327689872001,1
phishtank,1,0.997962453371238,1
tranco_benign_proxy,0,0.13488262226103406,0
tranco_benign_proxy,0,0.5017103221855708,0
phishtank,1,0.9866661510683296,1
tranco_benign_proxy,0,0.9137394687931178,1
phishtank,1,0.9613619350602297,1
tranco_benign_proxy,0,0.2731790589684341,0
phishtank,1,0.8652724914237034,1
tranco_benign_proxy,0,0.22724168453607516,0
tranco_benign_proxy,0,0.8800714357807885,1
phishtank,1,0.9999115475032735,1
phishtank,1,0.9990541788922155,1
phishtank,1,0.9901479329135212,1
tranco_benign_proxy,0,0.17174039425371668,0
phishtank,1,0.9999240408074382,1
phishtank,1,0.860434158670357,1
phishtank,1,0.8587549328277181,1
phishtank,1,0.9412597128600579,1
tranco_benign_proxy,0,0.9809219059496861,1
phishtank,1,0.9964311903763751,1
phishtank,1,0.9965111666147622,1
phishtank,1,0.9951391419726586,1
phishtank,1,0.9963436886422845,1
tranco_benign_proxy,0,0.3031696983030122,0
tranco_benign_proxy,0,0.5729823104801396,0
tranco_benign_proxy,0,0.02782406764107273,0
phishtank,1,0.9975917452815979,1
tranco_benign_proxy,0,0.25338690322376406,0
phishtank,1,0.9421484627516477,1
phishtank,1,0.9954062988821345,1
tranco_benign_proxy,0,0.06201403049706948,0
tranco_benign_proxy,0,0.44462995244107806,0
tranco_benign_proxy,0,0.356219228998056,0
phishtank,1,0.12940087790972102,0
tranco_benign_proxy,0,0.1035211679799947,0
tranco_benign_proxy,0,0.00039340254136245925,0
phishtank,1,0.994402435552982,1
phishtank,1,0.9973172772200143,1
phishtank,1,0.9575241511563788,1
tranco_benign_proxy,0,0.10745413482246705,0
phishtank,1,0.9994163518439141,1
tranco_benign_proxy,0,0.9598699244062696,1
tranco_benign_proxy,0,0.3728896918021237,0
tranco_benign_proxy,0,0.3591400787090901,0
tranco_benign_proxy,0,0.14018747007119645,0
tranco_benign_proxy,0,0.6761121607724944,0
tranco_benign_proxy,0,0.7512001998556714,1
phishtank,1,0.9996465027152751,1
tranco_benign_proxy,0,0.48048172291683605,0
tranco_benign_proxy,0,0.13948933750464482,0
phishtank,1,0.9939204063346405,1
phishtank,1,0.9756689461150346,1
phishtank,1,0.8043026001008139,1
phishtank,1,0.9285476082591865,1
tranco_benign_proxy,0,0.05790492728424218,0
phishtank,1,0.9942436720557299,1
tranco_benign_proxy,0,0.053124514698859746,0
phishtank,1,0.981058783453351,1
tranco_benign_proxy,0,0.1910448032673412,0
tranco_benign_proxy,0,0.8306469061299832,1
phishtank,1,0.9924926962809983,1
phishtank,1,0.996627966217557,1
phishtank,1,0.9997599946915297,1
phishtank,1,0.9975994285763045,1
phishtank,1,0.9029835653092372,1
phishtank,1,0.9999570767580283,1
phishtank,1,0.9382809320106549,1
tranco_benign_proxy,0,0.8087700341128177,1
tranco_benign_proxy,0,0.05975370435693207,0
tranco_benign_proxy,0,0.9687940974342388,1
tranco_benign_proxy,0,0.019840656980118696,0
phishtank,1,0.9924355222707556,1
phishtank,1,0.9988251026776883,1
phishtank,1,0.9998997133650829,1
tranco_benign_proxy,0,0.789869457743442,1
phishtank,1,0.9998293987905897,1
phishtank,1,0.9993269021410086,1
phishtank,1,0.9976370638275593,1
phishtank,1,0.999049798636399,1
tranco_benign_proxy,0,0.33368205146709984,0
phishtank,1,0.9996375520020496,1
phishtank,1,0.9868272742355956,1
phishtank,1,0.9764327727014094,1
phishtank,1,0.6346933006474158,0
phishtank,1,0.998573170828762,1
phishtank,1,0.9974995643225539,1
tranco_benign_proxy,0,0.05539010362572031,0
tranco_benign_proxy,0,0.1745527674390305,0
phishtank,1,0.12228984384185224,0
tranco_benign_proxy,0,0.02436808476776572,0
tranco_benign_proxy,0,0.113429488057178,0
phishtank,1,0.9674486321835722,1
phishtank,1,0.9980557148458921,1
tranco_benign_proxy,0,0.021017266205045345,0
phishtank,1,0.9051773860884208,1
tranco_benign_proxy,0,0.11355846374034338,0
tranco_benign_proxy,0,0.002336563432514973,0
tranco_benign_proxy,0,0.31835758050119906,0
phishtank,1,0.9756661164081813,1
tranco_benign_proxy,0,0.06952667975859342,0
phishtank,1,0.9986632619889595,1
tranco_benign_proxy,0,0.642627673022355,0
tranco_benign_proxy,0,0.05260462864464995,0
tranco_benign_proxy,0,0.4831668351770157,0
phishtank,1,0.9972451164028132,1
tranco_benign_proxy,0,0.9338678091068986,1
phishtank,1,0.9942270790510663,1
tranco_benign_proxy,0,0.45253096081985317,0
phishtank,1,0.9943306509019246,1
tranco_benign_proxy,0,0.4716836466119806,0
phishtank,1,0.9982064945747179,1
tranco_benign_proxy,0,0.5532574336471071,0
phishtank,1,0.998219313130288,1
tranco_benign_proxy,0,0.048338927074401565,0
phishtank,1,0.9982815034887035,1
phishtank,1,0.972212883612142,1
tranco_benign_proxy,0,0.4011042675813755,0
tranco_benign_proxy,0,0.43935708793688666,0
phishtank,1,0.9846143606154877,1
tranco_benign_proxy,0,0.4472196884171665,0
tranco_benign_proxy,0,0.08967393674410522,0
phishtank,1,0.9844887833388263,1
tranco_benign_proxy,0,0.4633530793923781,0
phishtank,1,0.8971411973272941,1
phishtank,1,0.9714638815465132,1
tranco_benign_proxy,0,0.8388794171040705,1
phishtank,1,0.9892336519292226,1
phishtank,1,0.9988727238518299,1
phishtank,1,0.945242481233918,1
tranco_benign_proxy,0,0.3709640532928633,0
phishtank,1,0.2807061851922885,0
tranco_benign_proxy,0,0.3563566503205115,0
tranco_benign_proxy,0,0.5999993298260362,0
phishtank,1,0.9019434019205395,1
phishtank,1,0.1333196089244918,0
tranco_benign_proxy,0,0.4840484816338252,0
phishtank,1,0.9901176447086908,1
tranco_benign_proxy,0,0.93391479879529,1
tranco_benign_proxy,0,0.21774004434586075,0
phishtank,1,0.9963487567641538,1
tranco_benign_proxy,0,0.8495555095875463,1
tranco_benign_proxy,0,0.9897498618473347,1
tranco_benign_proxy,0,0.9179740768183691,1
phishtank,1,0.9986394884766245,1
phishtank,1,0.5998035207674438,0
tranco_benign_proxy,0,0.10894687237164564,0
tranco_benign_proxy,0,0.9864957618850523,1
phishtank,1,0.3545940261054972,0
tranco_benign_proxy,0,0.1240582506017732,0
phishtank,1,0.7600937554798364,1
phishtank,1,0.9995060913879661,1
phishtank,1,0.9652496926948985,1
phishtank,1,0.6795029765730646,0
phishtank,1,0.73199158421683,1
phishtank,1,0.9503762291058246,1
phishtank,1,0.9917909456946794,1
phishtank,1,0.9633367747654172,1
phishtank,1,0.9433764918279118,1
phishtank,1,0.9843397658190054,1
phishtank,1,0.9978145616610277,1
phishtank,1,0.9529449322424832,1
phishtank,1,0.9918472362456782,1
phishtank,1,0.9982475994809674,1
tranco_benign_proxy,0,0.6162273506042331,0
phishtank,1,0.997965016092016,1
tranco_benign_proxy,0,0.06919780079084917,0
phishtank,1,0.7043970358922829,1
phishtank,1,0.9999789818757576,1
tranco_benign_proxy,0,0.18705211980036393,0
phishtank,1,0.9587049211428296,1
tranco_benign_proxy,0,0.10029010049431838,0
phishtank,1,0.9986804780671715,1
phishtank,1,0.999927416114719,1
phishtank,1,0.9936561923056105,1
tranco_benign_proxy,0,0.8631323472302915,1
tranco_benign_proxy,0,0.43874709021136027,0
phishtank,1,0.9912364175975275,1
phishtank,1,0.9829042944117274,1
tranco_benign_proxy,0,0.16894164074737317,0
tranco_benign_proxy,0,0.026565328364546205,0
phishtank,1,0.9978646490552427,1
tranco_benign_proxy,0,0.14043983963728646,0
tranco_benign_proxy,0,0.11033061437916436,0
tranco_benign_proxy,0,0.3248602070264574,0
tranco_benign_proxy,0,0.03416258893728853,0
tranco_benign_proxy,0,0.3356122023547231,0
phishtank,1,0.9936540551015549,1
tranco_benign_proxy,0,0.0037914196471965523,0
phishtank,1,0.9987021853728204,1
phishtank,1,0.9951183504487043,1
phishtank,1,0.9954350097470485,1
phishtank,1,0.9996493978048668,1
tranco_benign_proxy,0,0.004366275693589952,0
tranco_benign_proxy,0,0.06072617346825188,0
phishtank,1,0.9999041475558218,1
phishtank,1,0.9992294983459055,1
tranco_benign_proxy,0,0.5681349051887923,0
phishtank,1,0.8357801219255618,1
phishtank,1,0.9995268410461243,1
phishtank,1,0.9625351553274386,1
tranco_benign_proxy,0,0.0901389318614528,0
tranco_benign_proxy,0,0.08352647173267408,0
phishtank,1,0.9976830260637818,1
tranco_benign_proxy,0,0.17109064449491895,0
tranco_benign_proxy,0,0.09792479702198688,0
phishtank,1,0.9998654915389276,1
phishtank,1,0.9463477616261498,1
phishtank,1,0.9815390226531985,1
tranco_benign_proxy,0,0.28034509924183454,0
phishtank,1,0.9998574995485461,1
phishtank,1,0.9647077210735909,1
tranco_benign_proxy,0,0.299863695402511,0
phishtank,1,0.9998920569997926,1
tranco_benign_proxy,0,0.19042501341550813,0
tranco_benign_proxy,0,0.1420504711013809,0
phishtank,1,0.9984419873205957,1
tranco_benign_proxy,0,0.3085348710502558,0
phishtank,1,0.9961990747215701,1
tranco_benign_proxy,0,0.10836332791516864,0
tranco_benign_proxy,0,0.24798833600828488,0
tranco_benign_proxy,0,0.5647823500056779,0
phishtank,1,0.9982936617333299,1
phishtank,1,0.9999045658783865,1
phishtank,1,0.9803670582538229,1
phishtank,1,0.8486562035493076,1
phishtank,1,0.9765943532714313,1
tranco_benign_proxy,0,0.39119409873502786,0
phishtank,1,0.8764501870162917,1
tranco_benign_proxy,0,0.6547241635319734,0
tranco_benign_proxy,0,0.5935977575796504,0
tranco_benign_proxy,0,0.5526090142422555,0
phishtank,1,0.9976994816384213,1
tranco_benign_proxy,0,0.15702951767725132,0
phishtank,1,0.9572419311804222,1
phishtank,1,0.9973694368840177,1
phishtank,1,0.9975177608891853,1
phishtank,1,0.9874907580715162,1
tranco_benign_proxy,0,0.03837165504408484,0
phishtank,1,0.9364972380768216,1
phishtank,1,0.9784841243619478,1
tranco_benign_proxy,0,0.38593462831260045,0
tranco_benign_proxy,0,0.7036253852710591,1
phishtank,1,0.9990653491469588,1
phishtank,1,0.987235786247653,1
tranco_benign_proxy,0,0.08280962501034209,0
tranco_benign_proxy,0,0.1499576861895499,0
phishtank,1,0.9942261577101971,1
tranco_benign_proxy,0,0.9465427114190682,1
tranco_benign_proxy,0,0.2206134004409753,0
tranco_benign_proxy,0,0.12703041312085323,0
phishtank,1,0.9489864811570856,1
phishtank,1,0.9996119776286282,1
tranco_benign_proxy,0,0.17139573157207033,0
phishtank,1,0.9946187525676831,1
tranco_benign_proxy,0,0.12473010934284241,0
phishtank,1,0.9993846299332931,1
tranco_benign_proxy,0,0.06238047410197638,0
phishtank,1,0.9934047269794726,1
tranco_benign_proxy,0,0.0704232331125197,0
phishtank,1,0.9098686637864832,1
phishtank,1,0.9913900989061448,1
tranco_benign_proxy,0,0.2972268177420055,0
phishtank,1,0.9747393456650089,1
phishtank,1,0.9959362311624984,1
tranco_benign_proxy,0,0.504566189754245,0
tranco_benign_proxy,0,0.8505651448707304,1
phishtank,1,0.9991819878893766,1
phishtank,1,0.9929467357635644,1
phishtank,1,0.9994677108041349,1
phishtank,1,0.8822532758061539,1
phishtank,1,0.9998147777511807,1
tranco_benign_proxy,0,0.12759869010154917,0
phishtank,1,0.9543552327119201,1
phishtank,1,0.9998552644200015,1
tranco_benign_proxy,0,0.0942381249084736,0
tranco_benign_proxy,0,0.9539374757705195,1
tranco_benign_proxy,0,0.004960743022764057,0
tranco_benign_proxy,0,0.2312270780980135,0
tranco_benign_proxy,0,0.12441284377111059,0
tranco_benign_proxy,0,0.07516757654378314,0
phishtank,1,0.9446397025508921,1
phishtank,1,0.9430105955508306,1
tranco_benign_proxy,0,0.4436152584144139,0
tranco_benign_proxy,0,0.01408480793883781,0
phishtank,1,0.9836328793300546,1
tranco_benign_proxy,0,0.2457713505169138,0
tranco_benign_proxy,0,0.11417618541993468,0
phishtank,1,0.9974375956200857,1
tranco_benign_proxy,0,0.18960499894947982,0
phishtank,1,0.9737715119533054,1
tranco_benign_proxy,0,0.564250049424405,0
tranco_benign_proxy,0,0.07746291017253192,0
tranco_benign_proxy,0,0.027222436234481916,0
phishtank,1,0.9905254691710488,1
tranco_benign_proxy,0,0.23648623099497088,0
phishtank,1,0.9935240554016458,1
tranco_benign_proxy,0,0.7402321265810695,1
phishtank,1,0.9975827590127009,1
phishtank,1,0.9998030132889406,1
tranco_benign_proxy,0,0.9774811856547917,1
phishtank,1,0.9066319296028313,1
tranco_benign_proxy,0,0.014382490940315103,0
phishtank,1,0.953244396216334,1
tranco_benign_proxy,0,0.19526756101747555,0
tranco_benign_proxy,0,0.16481434786532206,0
phishtank,1,0.9513363562142686,1
phishtank,1,0.9935130094728061,1
tranco_benign_proxy,0,0.3224939736550482,0
tranco_benign_proxy,0,0.1007113642575826,0
tranco_benign_proxy,0,0.08700582551752334,0
tranco_benign_proxy,0,0.16240168265268012,0
tranco_benign_proxy,0,0.062165203983847235,0
tranco_benign_proxy,0,0.14268521691369793,0
tranco_benign_proxy,0,0.38193011726251164,0
tranco_benign_proxy,0,0.1366595808725518,0
tranco_benign_proxy,0,0.08016172292378615,0
phishtank,1,0.9996951255089628,1
phishtank,1,0.997304778149393,1
tranco_benign_proxy,0,0.9584332086202408,1
phishtank,1,0.9921412639166937,1
phishtank,1,0.9711105329461185,1
phishtank,1,0.9997478133029423,1
phishtank,1,0.9994912850274782,1
phishtank,1,0.9918084502428487,1
phishtank,1,0.9918750219822807,1
phishtank,1,0.9924226632323189,1
tranco_benign_proxy,0,0.08268088545674544,0
tranco_benign_proxy,0,0.4813736524914853,0
phishtank,1,0.9996021247454435,1
tranco_benign_proxy,0,0.38252481486920104,0
phishtank,1,0.07067669149911864,0
phishtank,1,0.9996027535137136,1
tranco_benign_proxy,0,0.23181769441800554,0
phishtank,1,0.9948596858120945,1
tranco_benign_proxy,0,0.14308323782112484,0
phishtank,1,0.9997750534467432,1
tranco_benign_proxy,0,0.1790975640274548,0
phishtank,1,0.9978156803008734,1
tranco_benign_proxy,0,0.111813870320864,0
tranco_benign_proxy,0,0.19295870265657625,0
phishtank,1,0.6891474718491393,0
phishtank,1,0.9853521820061388,1
tranco_benign_proxy,0,0.060569400234242246,0
phishtank,1,0.9916108120666428,1
tranco_benign_proxy,0,0.8682712329657056,1
tranco_benign_proxy,0,0.7619027548240506,1
tranco_benign_proxy,0,0.8390446205642758,1
tranco_benign_proxy,0,0.3086238203505933,0
tranco_benign_proxy,0,0.9744205765621344,1
tranco_benign_proxy,0,0.9876802883115157,1
phishtank,1,0.4650241775068575,0
tranco_benign_proxy,0,0.3059767962363272,0
tranco_benign_proxy,0,0.8889106851429436,1
phishtank,1,0.999790838350872,1
phishtank,1,0.9927353576056858,1
phishtank,1,0.9995769692268538,1
phishtank,1,0.982942090450346,1
phishtank,1,0.9692446187795195,1
tranco_benign_proxy,0,0.2525166043245473,0
phishtank,1,0.9793710698456147,1
phishtank,1,0.9921417709849764,1
phishtank,1,0.9467931621046329,1
phishtank,1,0.9991657829434154,1
phishtank,1,0.326135261328585,0
phishtank,1,0.9809549094119493,1
phishtank,1,0.9887616329102654,1
phishtank,1,0.9958607408632795,1
tranco_benign_proxy,0,0.0065534377243301545,0
tranco_benign_proxy,0,0.3029493317225375,0
phishtank,1,0.9347705937992213,1
tranco_benign_proxy,0,0.3772378309179127,0
tranco_benign_proxy,0,0.3060453972917066,0
phishtank,1,0.9893172540496714,1
phishtank,1,0.8581468160052652,1
tranco_benign_proxy,0,0.35447098827590945,0
phishtank,1,0.9781617710775519,1
tranco_benign_proxy,0,0.02141098803810314,0
phishtank,1,0.8783767904420975,1
tranco_benign_proxy,0,0.16613341173151802,0
phishtank,1,0.9722581114873251,1
phishtank,1,0.9936141470780211,1
tranco_benign_proxy,0,0.06465373517087497,0
tranco_benign_proxy,0,0.9302028680761709,1
phishtank,1,0.9996655259120689,1
phishtank,1,0.9877873963708838,1
tranco_benign_proxy,0,0.18347255830156248,0
phishtank,1,0.24119929910238927,0
tranco_benign_proxy,0,0.10536271215550583,0
phishtank,1,0.9780844182735889,1
phishtank,1,0.9997846910754675,1
phishtank,1,0.466036096216876,0
tranco_benign_proxy,0,0.0908456594799427,0
tranco_benign_proxy,0,0.13562894509585738,0
tranco_benign_proxy,0,0.12762597505393042,0
phishtank,1,0.9712738441914062,1
phishtank,1,0.9705230027255435,1
tranco_benign_proxy,0,0.08615510703653516,0
tranco_benign_proxy,0,0.9491024244806481,1
tranco_benign_proxy,0,0.2719376742953313,0
phishtank,1,0.9930475689010801,1
phishtank,1,0.9163957621767451,1
tranco_benign_proxy,0,0.11484224286555604,0
tranco_benign_proxy,0,0.06370656177485912,0
phishtank,1,0.9899634066942896,1
tranco_benign_proxy,0,0.6710400370732369,0
phishtank,1,0.7360718085048993,1
phishtank,1,0.9974054489949097,1
tranco_benign_proxy,0,0.21439535630446283,0
tranco_benign_proxy,0,0.05653717153583595,0
tranco_benign_proxy,0,0.05521038946402996,0
phishtank,1,0.9977296694202616,1
tranco_benign_proxy,0,0.2518275124417795,0
tranco_benign_proxy,0,0.8430865366295189,1
tranco_benign_proxy,0,0.23318563904887296,0
phishtank,1,0.9925168635807904,1
phishtank,1,0.9971767202672199,1
phishtank,1,0.9944848804238778,1
tranco_benign_proxy,0,0.21639336383581345,0
tranco_benign_proxy,0,0.12369757462635708,0
tranco_benign_proxy,0,0.07035527679741023,0
tranco_benign_proxy,0,0.03432464823036828,0
tranco_benign_proxy,0,0.9004065904393105,1
tranco_benign_proxy,0,0.21303936075089394,0
phishtank,1,0.9212724672699013,1
tranco_benign_proxy,0,0.036286565370230506,0
tranco_benign_proxy,0,0.0339217263260705,0
tranco_benign_proxy,0,0.9617212802590311,1
phishtank,1,0.9651196998505507,1
phishtank,1,0.9999981273729113,1
tranco_benign_proxy,0,0.09334176620390977,0
tranco_benign_proxy,0,0.10204900824382543,0
tranco_benign_proxy,0,0.49987154392196775,0
phishtank,1,0.9998105888926174,1
tranco_benign_proxy,0,0.10952218569521714,0
tranco_benign_proxy,0,0.136179380538624,0
phishtank,1,0.9433733919792212,1
phishtank,1,0.9816444378368282,1
phishtank,1,0.8862691591364013,1
phishtank,1,0.9996983255671325,1
tranco_benign_proxy,0,0.9803054939834533,1
phishtank,1,0.10955287038686498,0
tranco_benign_proxy,0,0.010549615492086337,0
phishtank,1,0.4927736270452241,0
phishtank,1,0.9982559444731891,1
tranco_benign_proxy,0,0.8355253924065543,1
tranco_benign_proxy,0,0.04779958772419695,0
phishtank,1,0.9912641593456619,1
phishtank,1,0.9983176399076075,1
phishtank,1,0.9941613812217012,1
tranco_benign_proxy,0,0.16021185787614112,0
tranco_benign_proxy,0,0.9492088284209381,1
phishtank,1,0.9955989041119332,1
tranco_benign_proxy,0,0.4084436332040843,0
tranco_benign_proxy,0,0.2845067365277687,0
phishtank,1,0.9303944191880513,1
phishtank,1,0.9996886130892014,1
tranco_benign_proxy,0,0.13925565319456648,0
phishtank,1,0.9999407704742942,1
phishtank,1,0.9630921284406088,1
phishtank,1,0.9999456212393296,1
phishtank,1,0.9925617534949903,1
phishtank,1,0.9091287289578248,1
phishtank,1,0.9407773202987019,1
phishtank,1,0.9944147551731404,1
tranco_benign_proxy,0,0.6930262644236147,0
tranco_benign_proxy,0,0.0020774086658223653,0
phishtank,1,0.9998882112120642,1
phishtank,1,0.9990949499283059,1
phishtank,1,0.9821032407713391,1
tranco_benign_proxy,0,0.6596198796179632,0
phishtank,1,0.9929640601148075,1
tranco_benign_proxy,0,0.03899303315044674,0
tranco_benign_proxy,0,0.12452572239707735,0
phishtank,1,0.21028040911430065,0
phishtank,1,0.8730769102938781,1
tranco_benign_proxy,0,0.14797596210468075,0
tranco_benign_proxy,0,0.6682046877130883,0
tranco_benign_proxy,0,0.7615871067552693,1
phishtank,1,0.9999017355310696,1
tranco_benign_proxy,0,0.1821131084751928,0
phishtank,1,0.9999150965190168,1
phishtank,1,0.9943132256338161,1
tranco_benign_proxy,0,0.14110129401090893,0
phishtank,1,0.9914987256645813,1
phishtank,1,0.825098734602963,1
phishtank,1,0.9832204919764035,1
phishtank,1,0.9987064727857478,1
tranco_benign_proxy,0,0.331526804259986,0
phishtank,1,0.99721607986795,1
tranco_benign_proxy,0,0.0516613206828789,0
tranco_benign_proxy,0,0.8435117554782062,1
tranco_benign_proxy,0,0.04400329861431308,0
tranco_benign_proxy,0,0.02396640213886527,0
phishtank,1,0.996930295821637,1
tranco_benign_proxy,0,0.20223688354988698,0
phishtank,1,0.356134187151991,0
tranco_benign_proxy,0,0.8537083560624297,1
phishtank,1,0.2390890834844608,0
tranco_benign_proxy,0,0.029417340867468236,0
phishtank,1,0.9837619399143992,1
phishtank,1,0.9982171095350897,1
phishtank,1,0.9992862379008088,1
tranco_benign_proxy,0,0.16158674677203677,0
phishtank,1,0.9996254150309267,1
phishtank,1,0.9794482254041111,1
tranco_benign_proxy,0,0.019406864407497823,0
tranco_benign_proxy,0,0.1545437748610113,0
tranco_benign_proxy,0,0.5666500653896431,0
phishtank,1,0.8458436197184979,1
phishtank,1,0.9999346837979408,1
tranco_benign_proxy,0,0.1954629738327227,0
tranco_benign_proxy,0,0.8826637900153019,1
phishtank,1,0.9950205230852877,1
phishtank,1,0.9999867648544516,1
phishtank,1,0.9839942005935334,1
tranco_benign_proxy,0,0.46507920748268516,0
phishtank,1,0.9989007075780757,1
phishtank,1,0.9725945150850509,1
phishtank,1,0.9777411113799389,1
phishtank,1,0.9829379687190265,1
phishtank,1,0.7606917950255776,1
tranco_benign_proxy,0,0.1810841366235866,0
phishtank,1,0.999995173863154,1
phishtank,1,0.9988170374430756,1
phishtank,1,0.9855984141721988,1
tranco_benign_proxy,0,0.06797740834152696,0
tranco_benign_proxy,0,0.02205090119372964,0
tranco_benign_proxy,0,0.00912351640390338,0
phishtank,1,0.9981930648955639,1
tranco_benign_proxy,0,0.08625083778379046,0
tranco_benign_proxy,0,0.8311738666678677,1
phishtank,1,0.9996481080697275,1
phishtank,1,0.7933561914312676,1
phishtank,1,0.9999953127839528,1
phishtank,1,0.9999411257742115,1
phishtank,1,0.9994624365618167,1
tranco_benign_proxy,0,0.503168408983265,0
tranco_benign_proxy,0,0.8139321543301516,1
tranco_benign_proxy,0,0.03848523351018798,0
tranco_benign_proxy,0,0.10039720977758097,0
phishtank,1,0.9827997790476667,1
tranco_benign_proxy,0,0.1608798335191096,0
tranco_benign_proxy,0,0.302483026020468,0
phishtank,1,0.9721408593805585,1
phishtank,1,0.9833130092727081,1
phishtank,1,0.9682194142052563,1
phishtank,1,0.9981839485701074,1
phishtank,1,0.1053268847210117,0
tranco_benign_proxy,0,0.21162793126437024,0
tranco_benign_proxy,0,0.9945571012396102,1
phishtank,1,0.9850292181545216,1
tranco_benign_proxy,0,0.13560663845844306,0
phishtank,1,0.9075971280857096,1
tranco_benign_proxy,0,0.030057321458194612,0
tranco_benign_proxy,0,0.052789193220631796,0
phishtank,1,0.9960860162842013,1
tranco_benign_proxy,0,0.03635032979236582,0
tranco_benign_proxy,0,0.9324560646446581,1
phishtank,1,0.9982316344560813,1
phishtank,1,0.8952865446822627,1
phishtank,1,0.8568553819562681,1
tranco_benign_proxy,0,0.7763544826835529,1
phishtank,1,0.998244322988935,1
phishtank,1,0.9996166381893701,1
tranco_benign_proxy,0,0.026598828543524782,0
tranco_benign_proxy,0,0.8711664015805632,1
tranco_benign_proxy,0,0.214466306678323,0
tranco_benign_proxy,0,0.24272384093899183,0
phishtank,1,0.9943675704185196,1
phishtank,1,0.9996266154724616,1
tranco_benign_proxy,0,0.08428375458375474,0
phishtank,1,0.9930588042255294,1
tranco_benign_proxy,0,0.3334393235687743,0
tranco_benign_proxy,0,0.8405895155345869,1
tranco_benign_proxy,0,0.049763799150427085,0
phishtank,1,0.9978300935953726,1
phishtank,1,0.9748212241746977,1
phishtank,1,0.9990196614844159,1
phishtank,1,0.9998807292260178,1
tranco_benign_proxy,0,0.12426321197184047,0
tranco_benign_proxy,0,0.49445272362718,0
tranco_benign_proxy,0,0.006262224809357145,0
tranco_benign_proxy,0,0.7674539376246391,1
tranco_benign_proxy,0,0.5711622476607208,0
tranco_benign_proxy,0,0.03208950880339249,0
tranco_benign_proxy,0,0.07066599306264458,0
phishtank,1,0.9600629737890692,1
phishtank,1,0.9940140487325622,1
tranco_benign_proxy,0,0.17871941626330065,0
phishtank,1,0.9893015520844815,1
tranco_benign_proxy,0,0.6741627308792764,0
phishtank,1,0.9925025096899743,1
tranco_benign_proxy,0,0.4041512600193803,0
tranco_benign_proxy,0,0.028903189204578135,0
phishtank,1,0.9909940989823777,1
phishtank,1,0.36441984318999515,0
tranco_benign_proxy,0,0.5905052276485516,0
phishtank,1,0.9849498580022851,1
tranco_benign_proxy,0,0.3696483866498931,0
tranco_benign_proxy,0,0.16274169421105475,0
phishtank,1,0.9987695202654926,1
phishtank,1,0.9991891885168237,1
phishtank,1,0.9979359151248688,1
tranco_benign_proxy,0,0.5468559096766599,0
tranco_benign_proxy,0,0.736366182176285,1
tranco_benign_proxy,0,0.3963560297184451,0
tranco_benign_proxy,0,0.3096088030766337,0
phishtank,1,0.9997321684525158,1
phishtank,1,0.374788978469196,0
tranco_benign_proxy,0,0.11954831449834698,0
tranco_benign_proxy,0,0.02276157177415689,0
phishtank,1,0.9180377003565081,1
phishtank,1,0.9611163062698191,1
tranco_benign_proxy,0,0.43172885665768596,0
tranco_benign_proxy,0,0.4005341273672991,0
tranco_benign_proxy,0,0.07726924422574788,0
tranco_benign_proxy,0,0.2602839743862227,0
phishtank,1,0.9525083083823759,1
phishtank,1,0.9978357271898735,1
tranco_benign_proxy,0,0.787991721917915,1
phishtank,1,0.9990736272910773,1
phishtank,1,0.9933206260118069,1
phishtank,1,0.9703340246787305,1
tranco_benign_proxy,0,0.9923995862135429,1
tranco_benign_proxy,0,0.5062389372623923,0
tranco_benign_proxy,0,0.010499568209073782,0
phishtank,1,0.891453404883774,1
phishtank,1,0.9944355676638085,1
tranco_benign_proxy,0,0.34633029554481276,0
tranco_benign_proxy,0,0.11033020436741553,0
phishtank,1,0.9339473141017395,1
tranco_benign_proxy,0,0.018734882906921234,0
tranco_benign_proxy,0,0.8250291384384608,1
tranco_benign_proxy,0,0.15440875605526103,0
phishtank,1,0.8887290411917225,1
tranco_benign_proxy,0,0.047054331700775165,0
phishtank,1,0.9953091641569309,1
phishtank,1,0.9596326389114822,1
tranco_benign_proxy,0,0.10969489520081044,0
phishtank,1,0.9920567265922006,1
tranco_benign_proxy,0,0.17761158748091316,0
tranco_benign_proxy,0,0.14893884064161234,0
phishtank,1,0.9853465952052594,1
phishtank,1,0.9986096541742017,1
tranco_benign_proxy,0,0.011426827107151186,0
tranco_benign_proxy,0,0.838446628143999,1
phishtank,1,0.9775528625861734,1
phishtank,1,0.9997517245427189,1
phishtank,1,0.9715909544530819,1
tranco_benign_proxy,0,0.4042060615104459,0
tranco_benign_proxy,0,0.3693638383959682,0
tranco_benign_proxy,0,0.0944913214195793,0
tranco_benign_proxy,0,0.21467597607060207,0
tranco_benign_proxy,0,0.034427821371535494,0
phishtank,1,0.8755312772075606,1
phishtank,1,0.9997571617585966,1
tranco_benign_proxy,0,0.036241575343703654,0
tranco_benign_proxy,0,0.3576793438115047,0
phishtank,1,0.9816615313400578,1
phishtank,1,0.9707330853734711,1
phishtank,1,0.9561020743951681,1
tranco_benign_proxy,0,0.1466843061394263,0
phishtank,1,0.9987122776245776,1
phishtank,1,0.9901517113255472,1
tranco_benign_proxy,0,0.12445542313783463,0
tranco_benign_proxy,0,0.07517437165202544,0
tranco_benign_proxy,0,0.3876944702343379,0
phishtank,1,0.9853196694373897,1
phishtank,1,0.9860369593695026,1
phishtank,1,0.9639986175641994,1
phishtank,1,0.9964838277191612,1
tranco_benign_proxy,0,0.09231392045069159,0
tranco_benign_proxy,0,0.32653234722572666,0
phishtank,1,0.9957821129978739,1
tranco_benign_proxy,0,0.5997704361666957,0
tranco_benign_proxy,0,0.3190369596108729,0
phishtank,1,0.9998191228032637,1
phishtank,1,0.9652244130795951,1
tranco_benign_proxy,0,0.061324837942395585,0
phishtank,1,0.9994530810324889,1
phishtank,1,0.9913843240025083,1
phishtank,1,0.985670631633396,1
phishtank,1,0.972857721210261,1
phishtank,1,0.6270644915837862,0
phishtank,1,0.990990103210461,1
tranco_benign_proxy,0,0.8159549348185005,1
tranco_benign_proxy,0,0.592470917210438,0
tranco_benign_proxy,0,0.17057455607248354,0
tranco_benign_proxy,0,0.7116026628151952,1
phishtank,1,0.990293872124462,1
tranco_benign_proxy,0,0.14225778240151224,0
tranco_benign_proxy,0,0.8476694262362736,1
tranco_benign_proxy,0,0.5788811565268662,0
tranco_benign_proxy,0,0.24929438004093502,0
tranco_benign_proxy,0,0.17512407581525144,0
phishtank,1,0.9917226598799308,1
tranco_benign_proxy,0,0.4220803412497714,0
tranco_benign_proxy,0,0.04449660637205457,0
phishtank,1,0.991535194359544,1
phishtank,1,0.9997494345775716,1
tranco_benign_proxy,0,0.824166366613897,1
tranco_benign_proxy,0,0.6051560311522363,0
tranco_benign_proxy,0,0.10086636676038165,0
phishtank,1,0.9904134899590411,1
tranco_benign_proxy,0,0.4930503978554645,0
tranco_benign_proxy,0,0.15835089394043628,0
phishtank,1,0.9579809813569783,1
tranco_benign_proxy,0,0.09987085229543818,0
tranco_benign_proxy,0,0.9099622800430985,1
tranco_benign_proxy,0,0.19567646609288,0
phishtank,1,0.9650842469627094,1
phishtank,1,0.3395029734620784,0
phishtank,1,0.9994398365352796,1
tranco_benign_proxy,0,0.25798808872218904,0
tranco_benign_proxy,0,0.17959381060488114,0
phishtank,1,0.6244598176158748,0
tranco_benign_proxy,0,0.4290293203474822,0
phishtank,1,0.979137968303061,1
tranco_benign_proxy,0,0.035822417553410625,0
phishtank,1,0.9556094853221575,1
phishtank,1,0.9999691591910992,1
phishtank,1,0.9839809099596293,1
tranco_benign_proxy,0,0.3712332429330549,0
tranco_benign_proxy,0,0.37072485301366703,0
phishtank,1,0.9250520033656804,1
tranco_benign_proxy,0,0.22500623999106834,0
tranco_benign_proxy,0,0.010430478348283147,0
tranco_benign_proxy,0,0.8052209658192273,1
tranco_benign_proxy,0,0.9698655157548084,1
tranco_benign_proxy,0,0.3629771089039288,0
phishtank,1,0.991667822173009,1
tranco_benign_proxy,0,0.9046890241987248,1
phishtank,1,0.9742719590394178,1
tranco_benign_proxy,0,0.06686812445706594,0
phishtank,1,0.9992812255636987,1
phishtank,1,0.986448649151281,1
tranco_benign_proxy,0,0.09065015594143333,0
phishtank,1,0.8515410462748193,1
tranco_benign_proxy,0,0.2733115241876928,0
tranco_benign_proxy,0,0.06877326616740274,0
phishtank,1,0.9981411916660705,1
tranco_benign_proxy,0,0.3695776122294367,0
phishtank,1,0.8626203941064406,1
phishtank,1,0.9955186804103061,1
phishtank,1,0.999812971436551,1
phishtank,1,0.9255090309321281,1
phishtank,1,0.9807550673900435,1
tranco_benign_proxy,0,0.611684459937299,0
tranco_benign_proxy,0,0.8847555163992713,1
tranco_benign_proxy,0,0.45284211782764433,0
tranco_benign_proxy,0,0.1928345949591336,0
phishtank,1,0.984055946260551,1
tranco_benign_proxy,0,0.8535879695713006,1
tranco_benign_proxy,0,0.7704340338802583,1
tranco_benign_proxy,0,0.13357106830150314,0
tranco_benign_proxy,0,0.08456291209995838,0
tranco_benign_proxy,0,0.07373866639385794,0
tranco_benign_proxy,0,0.4279299787902646,0
tranco_benign_proxy,0,0.9179795116396672,1
tranco_benign_proxy,0,0.5612137593348874,0
tranco_benign_proxy,0,0.8660989670462221,1
phishtank,1,0.9997381540345287,1
tranco_benign_proxy,0,0.013635754892126775,0
tranco_benign_proxy,0,0.6008358180754747,0
phishtank,1,0.98388727250542,1
tranco_benign_proxy,0,0.1113232164093151,0
tranco_benign_proxy,0,0.004021546995340186,0
tranco_benign_proxy,0,0.26385085135103964,0
phishtank,1,0.9966541836430519,1
tranco_benign_proxy,0,0.9310219704258422,1
tranco_benign_proxy,0,0.12416468904750824,0
phishtank,1,0.7285058873191327,1
phishtank,1,0.9998326222633876,1
tranco_benign_proxy,0,0.9125160659667032,1
tranco_benign_proxy,0,0.986476856374098,1
tranco_benign_proxy,0,0.1326948127163132,0
phishtank,1,0.17674517558961766,0
phishtank,1,0.9845417722121276,1
phishtank,1,0.6119271018016702,0
tranco_benign_proxy,0,0.0034886250962671873,0
phishtank,1,0.9943980620897681,1
phishtank,1,0.9482162028176945,1
phishtank,1,0.957097737277844,1
tranco_benign_proxy,0,0.257495304481936,0
phishtank,1,0.9764434106635923,1
phishtank,1,0.9992570544603283,1
phishtank,1,0.9926497055555699,1
tranco_benign_proxy,0,0.12569759069210196,0
tranco_benign_proxy,0,0.15792372566811794,0
tranco_benign_proxy,0,0.9054637116675797,1
tranco_benign_proxy,0,0.421803431362531,0
tranco_benign_proxy,0,0.3003007211077791,0
phishtank,1,0.9972498039756625,1
phishtank,1,0.999977628560659,1
tranco_benign_proxy,0,0.7274179242007315,1
tranco_benign_proxy,0,0.15634183171591967,0
tranco_benign_proxy,0,0.49466362073958803,0
tranco_benign_proxy,0,0.07776226708935209,0
phishtank,1,0.9994200020277412,1
tranco_benign_proxy,0,0.4253971030848112,0
phishtank,1,0.9994204246418843,1
tranco_benign_proxy,0,0.300737722153196,0
phishtank,1,0.9795033916290179,1
phishtank,1,0.98078818395191,1
phishtank,1,0.30170916627904265,0
phishtank,1,0.9984769825042464,1
phishtank,1,0.9964262459161897,1
tranco_benign_proxy,0,0.06430091372384639,0
phishtank,1,0.9997573155610173,1
tranco_benign_proxy,0,0.8248264871735937,1
phishtank,1,0.9819658730324891,1
tranco_benign_proxy,0,0.8642845067241394,1
phishtank,1,0.9997975888806377,1
phishtank,1,0.9755959082908346,1
tranco_benign_proxy,0,0.3512652505969621,0
tranco_benign_proxy,0,0.13065033011534372,0
tranco_benign_proxy,0,0.47679973881126486,0
tranco_benign_proxy,0,0.7145132763559958,1
phishtank,1,0.9989759010924004,1
tranco_benign_proxy,0,0.06774513269684833,0
phishtank,1,0.9997873881269299,1
phishtank,1,0.9948546773171848,1
tranco_benign_proxy,0,0.07190001785137326,0
tranco_benign_proxy,0,0.012387360987778968,0
tranco_benign_proxy,0,0.5190720003749121,0
phishtank,1,0.9998555598448973,1
tranco_benign_proxy,0,0.06708835500725653,0
phishtank,1,0.9878685751404687,1
phishtank,1,0.9956652469471515,1
tranco_benign_proxy,0,0.285283465729555,0
tranco_benign_proxy,0,0.17201438113011888,0
phishtank,1,0.9997505431356026,1
phishtank,1,0.5628475021622563,0
phishtank,1,0.9989400344917099,1
phishtank,1,0.9571051884795237,1
tranco_benign_proxy,0,0.06185952780599955,0
tranco_benign_proxy,0,0.1245030598761734,0
phishtank,1,0.9927184031212476,1
phishtank,1,0.9654386669335655,1
tranco_benign_proxy,0,0.0534450994790144,0
phishtank,1,0.9980614138018487,1
phishtank,1,0.9988716696946713,1
tranco_benign_proxy,0,0.851568476306711,1
phishtank,1,0.9640925987919259,1
phishtank,1,0.912096206144691,1
phishtank,1,0.9996824819093774,1
phishtank,1,0.9991674370499483,1
phishtank,1,0.969849745219981,1
phishtank,1,0.8940371886376756,1
tranco_benign_proxy,0,0.1371353061449096,0
tranco_benign_proxy,0,0.7654090632441527,1
phishtank,1,0.9977465242703388,1
phishtank,1,0.9999777555200186,1
tranco_benign_proxy,0,0.054355147705779386,0
tranco_benign_proxy,0,0.43716259357708986,0
tranco_benign_proxy,0,0.15208923498231103,0
tranco_benign_proxy,0,0.23275746942577658,0
phishtank,1,0.9999526890921182,1
phishtank,1,0.9232627465515896,1
phishtank,1,0.9240507842203992,1
tranco_benign_proxy,0,0.07675913586904567,0
tranco_benign_proxy,0,0.05892906099767984,0
tranco_benign_proxy,0,0.04597480422203804,0
tranco_benign_proxy,0,0.0037140507095339468,0
tranco_benign_proxy,0,0.036555133620200665,0
phishtank,1,0.9944741970282673,1
tranco_benign_proxy,0,0.7724239524839589,1
phishtank,1,0.9887765284562592,1
phishtank,1,0.9963739228191121,1
phishtank,1,0.9924585261531559,1
phishtank,1,0.9946960519102863,1
tranco_benign_proxy,0,0.6495386606330187,0
phishtank,1,0.9949022616850178,1
phishtank,1,0.9909233861423571,1
tranco_benign_proxy,0,0.1215189959180992,0
phishtank,1,0.9963443844832419,1
phishtank,1,0.999381004194537,1
tranco_benign_proxy,0,0.2484896026547281,0
phishtank,1,0.39414723539455987,0
tranco_benign_proxy,0,0.8399895388469252,1
tranco_benign_proxy,0,0.16318627361738466,0
phishtank,1,0.9337374279064472,1
tranco_benign_proxy,0,0.06957215298890673,0
tranco_benign_proxy,0,0.2114010916679172,0
tranco_benign_proxy,0,0.31813613399914276,0
phishtank,1,0.99740543841572,1
phishtank,1,0.9940304916535648,1
phishtank,1,0.9994815342055055,1
phishtank,1,0.8393788257073435,1
tranco_benign_proxy,0,0.11062293372515328,0
phishtank,1,0.998433838257572,1
tranco_benign_proxy,0,0.01170205581403408,0
phishtank,1,0.9987625835353949,1
phishtank,1,0.9934536377634896,1
phishtank,1,0.9610479160595361,1
tranco_benign_proxy,0,0.21012213703838856,0
tranco_benign_proxy,0,0.05899684357917501,0
tranco_benign_proxy,0,0.5962483285026977,0
phishtank,1,0.8738858542122415,1
phishtank,1,0.9948716306368707,1
phishtank,1,0.999668330754429,1
tranco_benign_proxy,0,0.0752810884759086,0
tranco_benign_proxy,0,0.6137445894808051,0
tranco_benign_proxy,0,0.21820829984901355,0
tranco_benign_proxy,0,0.17413830774626554,0
phishtank,1,0.9996930897298636,1
phishtank,1,0.9989107915984877,1
tranco_benign_proxy,0,0.3528812899971398,0
phishtank,1,0.9983515372672973,1
phishtank,1,0.9929013015164944,1
tranco_benign_proxy,0,0.4497043970604699,0
tranco_benign_proxy,0,0.2630288816241943,0
tranco_benign_proxy,0,0.38398825487775784,0
tranco_benign_proxy,0,0.20025759041098798,0
tranco_benign_proxy,0,0.13862064150634032,0
phishtank,1,0.9929866103011331,1
tranco_benign_proxy,0,0.41125544561878913,0
phishtank,1,0.8808711177380131,1
phishtank,1,0.9740856618935331,1
tranco_benign_proxy,0,0.07464130219402144,0
phishtank,1,0.9799998855138463,1
phishtank,1,0.9708203201003219,1
tranco_benign_proxy,0,0.6865292827216155,0
tranco_benign_proxy,0,0.2044073422215845,0
tranco_benign_proxy,0,0.34152128117979635,0
tranco_benign_proxy,0,0.20472653213445088,0
tranco_benign_proxy,0,0.06653654609268515,0
phishtank,1,0.9214075877434218,1
phishtank,1,0.9978864320927155,1
phishtank,1,0.9831769244466213,1
tranco_benign_proxy,0,0.05947106668104371,0
phishtank,1,0.9998301005276511,1
tranco_benign_proxy,0,0.334919303928041,0
phishtank,1,0.9720729122748303,1
tranco_benign_proxy,0,0.35708396885091676,0
tranco_benign_proxy,0,0.08115146787675018,0
tranco_benign_proxy,0,0.9276885302243674,1
phishtank,1,0.9739050439745649,1
tranco_benign_proxy,0,0.3725334255504239,0
phishtank,1,0.9996746739094244,1
phishtank,1,0.9969531396656781,1
phishtank,1,0.9307212085591504,1
tranco_benign_proxy,0,0.3749949276785262,0
tranco_benign_proxy,0,0.9648200371009841,1
phishtank,1,0.9916007566101365,1
tranco_benign_proxy,0,0.3559248642099523,0
tranco_benign_proxy,0,0.09300813987341895,0
phishtank,1,0.9993239700555612,1
tranco_benign_proxy,0,0.20098233899040174,0
phishtank,1,0.9886891245126376,1
tranco_benign_proxy,0,0.22627317897123223,0
phishtank,1,0.9480200916140628,1
phishtank,1,0.9999076054238373,1
tranco_benign_proxy,0,0.04749155446397388,0
tranco_benign_proxy,0,0.6159127304691425,0
phishtank,1,0.9972446079525717,1
tranco_benign_proxy,0,0.1543673645317457,0
phishtank,1,0.9635589820257853,1
tranco_benign_proxy,0,0.12688603980304575,0
tranco_benign_proxy,0,0.08553742076984513,0
phishtank,1,0.997942362118879,1
phishtank,1,0.9559203421242608,1
phishtank,1,0.9973289282743396,1
tranco_benign_proxy,0,0.03781572551314732,0
phishtank,1,0.9998071254041905,1
tranco_benign_proxy,0,0.1673804562089697,0
phishtank,1,0.19110389387494658,0
tranco_benign_proxy,0,0.44507813945414293,0
tranco_benign_proxy,0,0.21838223074190535,0
tranco_benign_proxy,0,0.210839360216621,0
tranco_benign_proxy,0,0.8033301847813602,1
tranco_benign_proxy,0,0.1649307222309191,0
phishtank,1,0.20984731226427164,0
tranco_benign_proxy,0,0.9301950315147527,1
tranco_benign_proxy,0,0.005283905586384549,0
phishtank,1,0.8375462498439987,1
phishtank,1,0.9952637658825142,1
phishtank,1,0.8203043372470067,1
phishtank,1,0.9988272283212898,1
phishtank,1,0.9993926515036851,1
tranco_benign_proxy,0,0.1087196647309283,0
tranco_benign_proxy,0,0.6303462224711373,0
tranco_benign_proxy,0,0.8541937897837989,1
tranco_benign_proxy,0,0.14571022836889966,0
tranco_benign_proxy,0,0.3637640632851424,0
phishtank,1,0.8979033925063101,1
phishtank,1,0.9963203888326736,1
tranco_benign_proxy,0,0.32019951899863186,0
phishtank,1,0.998512354482179,1
tranco_benign_proxy,0,0.20657518758933952,0
phishtank,1,0.9956567391668348,1
phishtank,1,0.9551765456326325,1
tranco_benign_proxy,0,0.13669696380470495,0
phishtank,1,0.9697153204906022,1
phishtank,1,0.9929580522313629,1
phishtank,1,0.9805017571098628,1
tranco_benign_proxy,0,0.4447587653219641,0
phishtank,1,0.9104073323855424,1
tranco_benign_proxy,0,0.0317159844656037,0
phishtank,1,0.9852576401436027,1
tranco_benign_proxy,0,0.4422955791579414,0
phishtank,1,0.9973527581784438,1
phishtank,1,0.9945564197743274,1
phishtank,1,0.9979516316222278,1
phishtank,1,0.9985684920982787,1
phishtank,1,0.9875363858185088,1
phishtank,1,0.9978565209198051,1
phishtank,1,0.9754163278852421,1
tranco_benign_proxy,0,0.9905646583542443,1
tranco_benign_proxy,0,0.8732936946591355,1
tranco_benign_proxy,0,0.7410905050779474,1
phishtank,1,0.9646260452866143,1
phishtank,1,0.9627162484871523,1
phishtank,1,0.9789380874591928,1
phishtank,1,0.9938118610726662,1
tranco_benign_proxy,0,0.16821136806902834,0
tranco_benign_proxy,0,0.31740642872434505,0
tranco_benign_proxy,0,0.5185427136137924,0
phishtank,1,0.983024675261805,1
phishtank,1,0.9595940337174653,1
phishtank,1,0.9901604465614476,1
tranco_benign_proxy,0,0.037540899565957575,0
phishtank,1,0.9999162514692298,1
phishtank,1,0.9706576320573072,1
phishtank,1,0.9737255299087069,1
phishtank,1,0.9213123397641996,1
phishtank,1,0.9987766607676977,1
phishtank,1,0.08774746037651891,0
tranco_benign_proxy,0,0.8306436157276131,1
phishtank,1,0.9999958005173296,1
tranco_benign_proxy,0,0.0792488496739853,0
tranco_benign_proxy,0,0.2864960639095359,0
phishtank,1,0.9971961281669269,1
tranco_benign_proxy,0,0.18763697090108059,0
tranco_benign_proxy,0,0.1543604237927971,0
phishtank,1,0.9892436416565601,1
tranco_benign_proxy,0,0.8757229974948474,1
phishtank,1,0.9995808019365142,1
phishtank,1,0.9998399607919412,1
tranco_benign_proxy,0,0.8617698631666517,1
tranco_benign_proxy,0,0.1189200041266274,0
tranco_benign_proxy,0,0.09292755704837871,0
phishtank,1,0.8978282928936803,1
phishtank,1,0.9550667929406854,1
tranco_benign_proxy,0,0.0985163184469143,0
tranco_benign_proxy,0,0.09211582822293118,0
phishtank,1,0.8599524645668524,1
phishtank,1,0.14058174620203764,0
tranco_benign_proxy,0,0.20646837817220112,0
phishtank,1,0.9999923774107663,1
tranco_benign_proxy,0,0.1819406644564087,0
phishtank,1,0.9414015535820642,1
phishtank,1,0.9999801380899105,1
tranco_benign_proxy,0,0.8776131663725493,1
tranco_benign_proxy,0,0.783680407832215,1
tranco_benign_proxy,0,0.6653180596545138,0
tranco_benign_proxy,0,0.9433899586837601,1
tranco_benign_proxy,0,0.32953406462943524,0
tranco_benign_proxy,0,0.8885554529424123,1
phishtank,1,0.996529065756477,1
phishtank,1,0.9995647710441633,1
tranco_benign_proxy,0,0.6989119995708768,1
phishtank,1,0.999975020467619,1
phishtank,1,0.9714316221470622,1
phishtank,1,0.8439945954888612,1
tranco_benign_proxy,0,0.34526404513848047,0
phishtank,1,0.9624501860826481,1
phishtank,1,0.980569818926441,1
phishtank,1,0.9973011579260898,1
tranco_benign_proxy,0,0.36958260202715065,0
phishtank,1,0.039287910649285586,0
tranco_benign_proxy,0,0.6938203935818877,0
phishtank,1,0.9985401499307869,1
phishtank,1,0.9826753646499101,1
tranco_benign_proxy,0,0.16902724649109052,0
phishtank,1,0.9999425687134813,1
phishtank,1,0.8873619968195863,1
tranco_benign_proxy,0,0.3125628334120095,0
tranco_benign_proxy,0,0.041342413444054774,0
tranco_benign_proxy,0,0.6558441608766863,0
tranco_benign_proxy,0,0.1948668793395446,0
tranco_benign_proxy,0,0.3380029709126281,0
tranco_benign_proxy,0,0.05791359849515823,0
tranco_benign_proxy,0,0.4445881368717219,0
tranco_benign_proxy,0,0.1012673014267779,0
tranco_benign_proxy,0,0.22640708325358014,0
tranco_benign_proxy,0,0.18580139249023483,0
tranco_benign_proxy,0,0.8530423185066596,1
tranco_benign_proxy,0,0.17757995006070745,0
phishtank,1,0.9967006062731345,1
tranco_benign_proxy,0,0.7219467731084515,1
tranco_benign_proxy,0,0.9261937709685076,1
tranco_benign_proxy,0,0.019142504334666074,0
phishtank,1,0.9993106544387582,1
phishtank,1,0.980724961513543,1
phishtank,1,0.9992940292661314,1
tranco_benign_proxy,0,0.7448180950763009,1
tranco_benign_proxy,0,0.09848608357652089,0
phishtank,1,0.9967009932424868,1
tranco_benign_proxy,0,0.009467397747495866,0
phishtank,1,0.9950847028121074,1
phishtank,1,0.9995290107672568,1
tranco_benign_proxy,0,0.027871746843166123,0
phishtank,1,0.9998230560761087,1
tranco_benign_proxy,0,0.43796823480019687,0
phishtank,1,0.9724400586867227,1
tranco_benign_proxy,0,0.6206454670393192,0
tranco_benign_proxy,0,0.7808035960728618,1
phishtank,1,0.9946914063234698,1
tranco_benign_proxy,0,0.6579597755462089,0
tranco_benign_proxy,0,0.6792752043060685,0
tranco_benign_proxy,0,0.1963876994056071,0
tranco_benign_proxy,0,0.7052844182150465,1
phishtank,1,0.9840832075778867,1
phishtank,1,0.9991065084701395,1
tranco_benign_proxy,0,0.040586509490274425,0
tranco_benign_proxy,0,0.13146092258988426,0
tranco_benign_proxy,0,0.7861497309121387,1
tranco_benign_proxy,0,0.10527088409729102,0
phishtank,1,0.831827574667308,1
phishtank,1,0.9825049239741073,1
phishtank,1,0.9961287521422273,1
phishtank,1,0.9996597985740693,1
phishtank,1,0.995177646846397,1
tranco_benign_proxy,0,0.5905486590481352,0
phishtank,1,0.998230156384504,1
phishtank,1,0.9675671253169439,1
tranco_benign_proxy,0,0.2824500864012199,0
tranco_benign_proxy,0,0.2163071925807605,0
tranco_benign_proxy,0,0.8845037902100392,1
phishtank,1,0.9996724547001072,1
phishtank,1,0.997769389701821,1
phishtank,1,0.9994508361694424,1
phishtank,1,0.9929510934432387,1
tranco_benign_proxy,0,0.12343181330629735,0
tranco_benign_proxy,0,0.3850599803851937,0
phishtank,1,0.5393458767261837,0
phishtank,1,0.9994980989522116,1
tranco_benign_proxy,0,0.07683948343148124,0
tranco_benign_proxy,0,0.9851012893804315,1
phishtank,1,0.9989590722137741,1
phishtank,1,0.9912788064930715,1
tranco_benign_proxy,0,0.8321470605613344,1
tranco_benign_proxy,0,0.02358097199167013,0
phishtank,1,0.9826164960359378,1
tranco_benign_proxy,0,0.5901887455004218,0
phishtank,1,0.9859433127037509,1
phishtank,1,0.9905386555446336,1
phishtank,1,0.9999047822229519,1
phishtank,1,0.9947187892660949,1
phishtank,1,0.9968705945331728,1
tranco_benign_proxy,0,0.23897150539125014,0
tranco_benign_proxy,0,0.03749261180815236,0
phishtank,1,0.9554274940488406,1
phishtank,1,0.9967765346106272,1
tranco_benign_proxy,0,0.7533035532453116,1
tranco_benign_proxy,0,0.7040393224097281,1
tranco_benign_proxy,0,0.21995666303319683,0
tranco_benign_proxy,0,0.8587314179417068,1
phishtank,1,0.04803407113494187,0
tranco_benign_proxy,0,0.6321049612443754,0
tranco_benign_proxy,0,0.014245141142678936,0
phishtank,1,0.9909940673991608,1
tranco_benign_proxy,0,0.22944114206475932,0
tranco_benign_proxy,0,0.03434072198216748,0
phishtank,1,0.9905979101524975,1
tranco_benign_proxy,0,0.276241165642047,0
phishtank,1,0.9911897139705387,1
phishtank,1,0.7866270211501538,1
tranco_benign_proxy,0,0.7515136546415654,1
phishtank,1,0.9697514291590099,1
phishtank,1,0.9986928341450841,1
phishtank,1,0.8959041939985183,1
phishtank,1,0.24858418322999715,0
tranco_benign_proxy,0,0.43791861238730556,0
phishtank,1,0.9975574840396902,1
phishtank,1,0.9957835623750567,1
tranco_benign_proxy,0,0.5089760922444284,0
phishtank,1,0.9956858838193947,1
tranco_benign_proxy,0,0.04219652802269724,0
phishtank,1,0.9739358172681983,1
phishtank,1,0.07781107835410199,0
tranco_benign_proxy,0,0.5679185462566125,0
tranco_benign_proxy,0,0.06655464895562685,0
phishtank,1,0.9749111223705724,1
tranco_benign_proxy,0,0.1150874362978121,0
phishtank,1,0.9932279507471912,1
tranco_benign_proxy,0,0.01783044485161902,0
tranco_benign_proxy,0,0.14316187291293092,0
tranco_benign_proxy,0,0.14786304666007719,0
phishtank,1,0.9995366637569025,1
tranco_benign_proxy,0,0.08804114628387734,0
phishtank,1,0.9372602884513278,1
phishtank,1,0.9431502075252153,1
phishtank,1,0.9790996570450173,1
tranco_benign_proxy,0,0.597671108060116,0
tranco_benign_proxy,0,0.9529324388525042,1
phishtank,1,0.7954395875148247,1
tranco_benign_proxy,0,0.318562523774774,0
tranco_benign_proxy,0,0.7091015530486949,1
tranco_benign_proxy,0,0.9718958372830653,1
phishtank,1,0.9967362374971119,1
phishtank,1,0.9483424676885058,1
tranco_benign_proxy,0,0.4664530713185949,0
phishtank,1,0.9467479323699008,1
tranco_benign_proxy,0,0.09508416917256404,0
tranco_benign_proxy,0,0.49010982409856185,0
phishtank,1,0.981345738880929,1
tranco_benign_proxy,0,0.03737111824400277,0
tranco_benign_proxy,0,0.3180541221701969,0
tranco_benign_proxy,0,0.7128507557457361,1
phishtank,1,0.9976574008456806,1
phishtank,1,0.9744979452732709,1
tranco_benign_proxy,0,0.10821142652955446,0
tranco_benign_proxy,0,0.1934517440947723,0
tranco_benign_proxy,0,0.16202396553763015,0
tranco_benign_proxy,0,0.036419076976913066,0
tranco_benign_proxy,0,0.8046186866560195,1
phishtank,1,0.974355755851941,1
phishtank,1,0.9441892940332408,1
tranco_benign_proxy,0,0.024513216980135925,0
phishtank,1,0.9558435308278767,1
phishtank,1,0.9722049260714523,1
phishtank,1,0.9992946062401019,1
tranco_benign_proxy,0,0.6574065939214921,0
phishtank,1,0.980472720943389,1
phishtank,1,0.9870460370086019,1
tranco_benign_proxy,0,0.008803953249188666,0
tranco_benign_proxy,0,0.6310541195437912,0
tranco_benign_proxy,0,0.9725051269325581,1
phishtank,1,0.9991349440923175,1
phishtank,1,0.9935503163553874,1
phishtank,1,0.9752090405603041,1
tranco_benign_proxy,0,0.3059263275724545,0
phishtank,1,0.8686459637052981,1
phishtank,1,0.9832563333933088,1
phishtank,1,0.9860986425363565,1
tranco_benign_proxy,0,0.09001336026547152,0
phishtank,1,0.9969295155390877,1
phishtank,1,0.9970294488852693,1
tranco_benign_proxy,0,0.5910079922927727,0
tranco_benign_proxy,0,0.30840372373317726,0
phishtank,1,0.9761574041123701,1
tranco_benign_proxy,0,0.2950546638769195,0
tranco_benign_proxy,0,0.1182383180525701,0
phishtank,1,0.9947592969196822,1
tranco_benign_proxy,0,0.24069830067568945,0
phishtank,1,0.9995050432682715,1
phishtank,1,0.9073529309444528,1
tranco_benign_proxy,0,0.18615711236831134,0
phishtank,1,0.9758113561576083,1
phishtank,1,0.9906285304535147,1
tranco_benign_proxy,0,0.3993658310324387,0
phishtank,1,0.9805815146686451,1
phishtank,1,0.9889636988032443,1
phishtank,1,0.7838429058205544,1
tranco_benign_proxy,0,0.18046177388785248,0
phishtank,1,0.9957245066521986,1
tranco_benign_proxy,0,0.06199562428523787,0
phishtank,1,0.9739198550581878,1
tranco_benign_proxy,0,0.23658520893541152,0
tranco_benign_proxy,0,0.3933201818333931,0
tranco_benign_proxy,0,0.7606782361198254,1
tranco_benign_proxy,0,0.03707352295350894,0
phishtank,1,0.9246273552365942,1
tranco_benign_proxy,0,0.5194496167894074,0
tranco_benign_proxy,0,0.09632130302684493,0
tranco_benign_proxy,0,0.22550339483561094,0
phishtank,1,0.9868738105257931,1
tranco_benign_proxy,0,0.22602270591661572,0
phishtank,1,0.9974114153489566,1
tranco_benign_proxy,0,0.1341532772335365,0
tranco_benign_proxy,0,0.2999816138749491,0
tranco_benign_proxy,0,0.9986158726288172,1
tranco_benign_proxy,0,0.4956587989149541,0
tranco_benign_proxy,0,0.2829862642466375,0
tranco_benign_proxy,0,0.05973774848128601,0
phishtank,1,0.9786869548762777,1
phishtank,1,0.9980611146460362,1
phishtank,1,0.8964673700432834,1
phishtank,1,0.9756932800408544,1
phishtank,1,0.9961372796762196,1
phishtank,1,0.9997107295930199,1
phishtank,1,0.9973759461648477,1
phishtank,1,0.9998700455067691,1
tranco_benign_proxy,0,0.2116469645207126,0
tranco_benign_proxy,0,0.38434409327622565,0
tranco_benign_proxy,0,0.32680431305239427,0
tranco_benign_proxy,0,0.06518385808461252,0
tranco_benign_proxy,0,0.3260627005013496,0
phishtank,1,0.9959297186269752,1
tranco_benign_proxy,0,0.2648894938504172,0
phishtank,1,0.9745622714939648,1
tranco_benign_proxy,0,0.4934236358642046,0
phishtank,1,0.9917581011656201,1
phishtank,1,0.9792618810343151,1
phishtank,1,0.9957571857005993,1
phishtank,1,0.9469045347784795,1
phishtank,1,0.9731535099477486,1
tranco_benign_proxy,0,0.04332830212680313,0
tranco_benign_proxy,0,0.06328059277996233,0
phishtank,1,0.9997386618340144,1
phishtank,1,0.9988922204839195,1
tranco_benign_proxy,0,0.02434084483793376,0
phishtank,1,0.9916471846966255,1
phishtank,1,0.20855076446549262,0
tranco_benign_proxy,0,0.3650795875314979,0
tranco_benign_proxy,0,0.4258286574132421,0
phishtank,1,0.9999923759762954,1
tranco_benign_proxy,0,0.04230033578863157,0
phishtank,1,0.9999074040732806,1
tranco_benign_proxy,0,0.35501343868513024,0
tranco_benign_proxy,0,0.25568476694241976,0
tranco_benign_proxy,0,0.0729045457036872,0
phishtank,1,0.9233950129944695,1
tranco_benign_proxy,0,0.08753103662439354,0
tranco_benign_proxy,0,0.8745696097118754,1
tranco_benign_proxy,0,0.48434064571591096,0
phishtank,1,0.9725522474360312,1
phishtank,1,0.9780587079429618,1
tranco_benign_proxy,0,0.02162392354735984,0
phishtank,1,0.9851810377458161,1
phishtank,1,0.9999716300685814,1
tranco_benign_proxy,0,0.21964139747333705,0
tranco_benign_proxy,0,0.11103321484573891,0
phishtank,1,0.9846012307525093,1
phishtank,1,0.9996440648396094,1
tranco_benign_proxy,0,0.6260985687697596,0
tranco_benign_proxy,0,0.5322208984433584,0
phishtank,1,0.9792151908811106,1
phishtank,1,0.9855459501219418,1
phishtank,1,0.9848172602857551,1
phishtank,1,0.9709776597013782,1
phishtank,1,0.9996236718330475,1
phishtank,1,0.9988588705672253,1
phishtank,1,0.995441236613905,1
tranco_benign_proxy,0,0.09415276102364205,0
tranco_benign_proxy,0,0.5437229941673667,0
phishtank,1,0.982954732455924,1
tranco_benign_proxy,0,0.15185090563475628,0
tranco_benign_proxy,0,0.4006804883523469,0
phishtank,1,0.9897038092530425,1
phishtank,1,0.7193009083240394,1
tranco_benign_proxy,0,0.35455597248476983,0
phishtank,1,0.9367843160939059,1
tranco_benign_proxy,0,0.18692162968212517,0
tranco_benign_proxy,0,0.12490038384815359,0
tranco_benign_proxy,0,0.09677360461867696,0
phishtank,1,0.9897143590870561,1
tranco_benign_proxy,0,0.26415543845151335,0
phishtank,1,0.9701215346974759,1
tranco_benign_proxy,0,0.6777617243288326,0
tranco_benign_proxy,0,0.41148702036824775,0
phishtank,1,0.9809551518029047,1
phishtank,1,0.9996002347260066,1
tranco_benign_proxy,0,0.22910679689668234,0
phishtank,1,0.999512456866323,1
tranco_benign_proxy,0,0.7525049365812464,1
phishtank,1,0.978985649439038,1
phishtank,1,0.9753182861902073,1
tranco_benign_proxy,0,0.03760851654933875,0
tranco_benign_proxy,0,0.7678310036330791,1
tranco_benign_proxy,0,0.9926754163306932,1
phishtank,1,0.9960388628622988,1
phishtank,1,0.9995957456397283,1
phishtank,1,0.6710968397985116,0
phishtank,1,0.9999927623992841,1
phishtank,1,0.9733928312247502,1
phishtank,1,0.9983316934722053,1
phishtank,1,0.9942096719371598,1
tranco_benign_proxy,0,0.08706967841164971,0
phishtank,1,0.9741061192115167,1
phishtank,1,0.9901629935233484,1
tranco_benign_proxy,0,0.9940702051522178,1
tranco_benign_proxy,0,0.9808029582578123,1
phishtank,1,0.995895108610441,1
phishtank,1,0.9985019183977826,1
tranco_benign_proxy,0,0.3523467159959044,0
tranco_benign_proxy,0,0.002827646008105316,0
tranco_benign_proxy,0,0.2633103363264519,0
phishtank,1,0.9995368793343153,1
phishtank,1,0.998680741681951,1
tranco_benign_proxy,0,0.6414733534937982,0
tranco_benign_proxy,0,0.9683094326789202,1
tranco_benign_proxy,0,0.003465541997958577,0
phishtank,1,0.3611745389048315,0
phishtank,1,0.998792798364776,1
tranco_benign_proxy,0,0.8217074628489399,1
phishtank,1,0.9996617176915987,1
phishtank,1,0.9411058625669382,1
phishtank,1,0.9998347566138455,1
phishtank,1,0.9996978695001999,1
phishtank,1,0.9972435759295958,1
phishtank,1,0.9985112082489749,1
phishtank,1,0.9992333751924606,1
tranco_benign_proxy,0,0.046244936128307,0
phishtank,1,0.9993027311961817,1
tranco_benign_proxy,0,0.002192910350195633,0
tranco_benign_proxy,0,0.6107468711903256,0
phishtank,1,0.9975206515119186,1
phishtank,1,0.9874094685909437,1
tranco_benign_proxy,0,0.13309856410881632,0
phishtank,1,0.968026458674749,1
tranco_benign_proxy,0,0.31374623846418065,0
tranco_benign_proxy,0,0.4826709994314083,0
tranco_benign_proxy,0,0.17830853584692308,0
phishtank,1,0.9982238771542826,1
phishtank,1,0.9881500379316048,1
tranco_benign_proxy,0,0.23802387941273462,0
tranco_benign_proxy,0,0.23615547024689157,0
phishtank,1,0.990770730874271,1
tranco_benign_proxy,0,0.9707902022448948,1
phishtank,1,0.9946976044235543,1
phishtank,1,0.5573418579160709,0
phishtank,1,0.9681229500146866,1
tranco_benign_proxy,0,0.9487625861539974,1
phishtank,1,0.977005547334657,1
phishtank,1,0.9710652543871309,1
phishtank,1,0.968076894093232,1
tranco_benign_proxy,0,0.3523550752985171,0
phishtank,1,0.9999494057843937,1
phishtank,1,0.9530115013387392,1
phishtank,1,0.1433971272588672,0
tranco_benign_proxy,0,0.917266541099823,1
phishtank,1,0.9213719510619574,1
tranco_benign_proxy,0,0.032060054104040156,0
phishtank,1,0.996468898005294,1
phishtank,1,0.9966373827874779,1
tranco_benign_proxy,0,0.38698964333709684,0
phishtank,1,0.9474067585719739,1
tranco_benign_proxy,0,0.6576844999586638,0
phishtank,1,0.99976120883119,1
tranco_benign_proxy,0,0.9068021664633693,1
phishtank,1,0.9891956289051237,1
phishtank,1,0.9639032281565387,1
tranco_benign_proxy,0,0.14676602999578534,0
tranco_benign_proxy,0,0.8212608555803451,1
tranco_benign_proxy,0,0.8996141367108808,1
tranco_benign_proxy,0,0.9984650916156635,1
tranco_benign_proxy,0,0.09479787172671233,0
tranco_benign_proxy,0,0.29664753027934343,0
phishtank,1,0.9472483338806924,1
phishtank,1,0.9936074864312848,1
tranco_benign_proxy,0,0.13792049734826659,0
phishtank,1,0.9869594257679507,1
tranco_benign_proxy,0,0.1839602827879595,0
tranco_benign_proxy,0,0.20549358759465985,0
phishtank,1,0.9980759872958074,1
tranco_benign_proxy,0,0.7452845421874055,1
phishtank,1,0.9866799469995392,1
phishtank,1,0.9970784723853509,1
tranco_benign_proxy,0,0.6961577461840788,0
tranco_benign_proxy,0,0.9595300462142454,1
tranco_benign_proxy,0,0.034851080621244035,0
phishtank,1,0.995966452028541,1
phishtank,1,0.9854357169760639,1
phishtank,1,0.9999482268496623,1
phishtank,1,0.9964189420816952,1
phishtank,1,0.9981866966125525,1
phishtank,1,0.9998162395791086,1
phishtank,1,0.9838414784638547,1
phishtank,1,0.9340025081683753,1
phishtank,1,0.9661499616999707,1
phishtank,1,0.9900739676975632,1
phishtank,1,0.9979884672006282,1
phishtank,1,0.999792993292367,1
tranco_benign_proxy,0,0.7849764950874263,1
phishtank,1,0.9528693734485856,1
tranco_benign_proxy,0,0.07473180632103688,0
tranco_benign_proxy,0,0.5656291760487735,0
phishtank,1,0.9990513170240094,1
tranco_benign_proxy,0,0.14517141046872303,0
phishtank,1,0.9967769564758492,1
tranco_benign_proxy,0,0.08858722132228869,0
tranco_benign_proxy,0,0.925795301417402,1
tranco_benign_proxy,0,0.8227267360311326,1
tranco_benign_proxy,0,0.02620988691776646,0
tranco_benign_proxy,0,0.5572514173536091,0
tranco_benign_proxy,0,0.09384291229587147,0
tranco_benign_proxy,0,0.2122252574656685,0
tranco_benign_proxy,0,0.1776372761241988,0
phishtank,1,0.974086018604987,1
tranco_benign_proxy,0,0.29320854143071734,0
tranco_benign_proxy,0,0.8427698268524875,1
phishtank,1,0.9819986966533142,1
phishtank,1,0.9958652661337108,1
phishtank,1,0.9966644359019441,1
phishtank,1,0.9992771606336233,1
tranco_benign_proxy,0,0.19738559899552444,0
phishtank,1,0.9962317395436574,1
phishtank,1,0.1981593619312766,0
tranco_benign_proxy,0,0.11897901755027501,0
phishtank,1,0.9975239140089841,1
tranco_benign_proxy,0,0.010897533146091399,0
tranco_benign_proxy,0,0.14970369017672536,0
phishtank,1,0.7191238670009704,1
phishtank,1,0.9892497130016806,1
tranco_benign_proxy,0,0.03488276149764326,0
tranco_benign_proxy,0,0.12850159962845553,0
phishtank,1,0.45400555221632904,0
phishtank,1,0.9992070009743376,1
tranco_benign_proxy,0,0.09946738384046228,0
tranco_benign_proxy,0,0.10330680761179936,0
tranco_benign_proxy,0,0.4313354554844047,0
phishtank,1,0.9998364179516392,1
phishtank,1,0.9994946148920344,1
phishtank,1,0.9257407157240929,1
tranco_benign_proxy,0,0.018698045920701494,0
phishtank,1,0.9983113447209463,1
tranco_benign_proxy,0,0.9258072845865806,1
phishtank,1,0.9990875910742603,1
tranco_benign_proxy,0,0.19072573424591638,0
tranco_benign_proxy,0,0.947391911596069,1
phishtank,1,0.9998071182010851,1
tranco_benign_proxy,0,0.07759953877606776,0
tranco_benign_proxy,0,0.12428978097880483,0
tranco_benign_proxy,0,0.2600073077138559,0
tranco_benign_proxy,0,0.21120282213665462,0
tranco_benign_proxy,0,0.9735352826228554,1
tranco_benign_proxy,0,0.00875657506916154,0
phishtank,1,0.9995851620372374,1
tranco_benign_proxy,0,0.5199620785969771,0
tranco_benign_proxy,0,0.17618803291566432,0
phishtank,1,0.8301522561803572,1
phishtank,1,0.8925230497042635,1
phishtank,1,0.938931770816783,1
phishtank,1,0.9270605022607723,1
tranco_benign_proxy,0,0.4816603064753694,0
tranco_benign_proxy,0,0.2967627264023186,0
tranco_benign_proxy,0,0.09598915976838933,0
tranco_benign_proxy,0,0.031286771192188575,0
tranco_benign_proxy,0,0.5583405553277473,0
tranco_benign_proxy,0,0.4526048457314123,0
phishtank,1,0.9977167980489872,1
phishtank,1,0.9817099194004367,1
tranco_benign_proxy,0,0.0819282349063377,0
phishtank,1,0.9970290214447415,1
phishtank,1,0.9021325783142027,1
tranco_benign_proxy,0,0.6939226382629764,0
phishtank,1,0.8093807134553986,1
phishtank,1,0.9937860911841728,1
phishtank,1,0.9930830913725116,1
tranco_benign_proxy,0,0.5722044079761065,0
phishtank,1,0.8963004371961518,1
tranco_benign_proxy,0,0.23358095586707917,0
phishtank,1,0.6300748519101065,0
tranco_benign_proxy,0,0.006017656241644443,0
tranco_benign_proxy,0,0.8186525633653503,1
tranco_benign_proxy,0,0.8592952217947847,1
phishtank,1,0.9751842989741517,1
tranco_benign_proxy,0,0.1132774314462911,0
phishtank,1,0.9999400807820586,1
tranco_benign_proxy,0,0.8601043648439259,1
phishtank,1,0.9882611947637594,1
tranco_benign_proxy,0,0.16150745635593733,0
tranco_benign_proxy,0,0.09099525089732226,0
tranco_benign_proxy,0,0.07092635910880973,0
tranco_benign_proxy,0,0.04622657062577316,0
tranco_benign_proxy,0,0.37501570530078,0
phishtank,1,0.8697699401995833,1
phishtank,1,0.9611722193783121,1
phishtank,1,0.9737692951636184,1
tranco_benign_proxy,0,0.44425167219407474,0
phishtank,1,0.8595421291184523,1
phishtank,1,0.999275565445499,1
phishtank,1,0.8685997115869617,1
tranco_benign_proxy,0,0.18602944419407308,0
tranco_benign_proxy,0,0.06687177672422533,0
tranco_benign_proxy,0,0.05808090904273433,0
tranco_benign_proxy,0,0.13804485301207597,0
tranco_benign_proxy,0,0.027709477405267215,0
tranco_benign_proxy,0,0.4293652684152703,0
phishtank,1,0.9912275156399654,1
tranco_benign_proxy,0,0.05222936029476474,0
tranco_benign_proxy,0,0.010901830652056842,0
phishtank,1,0.9999803624550213,1
phishtank,1,0.9987544632636801,1
phishtank,1,0.9807206710594699,1
tranco_benign_proxy,0,0.6305723813331433,0
phishtank,1,0.7495544635220236,1
phishtank,1,0.9998561237994431,1
phishtank,1,0.9998615725215523,1
phishtank,1,0.9816683102785013,1
tranco_benign_proxy,0,0.26491329877459674,0
phishtank,1,0.9961237429808628,1
tranco_benign_proxy,0,0.591261306340619,0
tranco_benign_proxy,0,0.07266807706827892,0
tranco_benign_proxy,0,0.5222604203803606,0
phishtank,1,0.9991644237197741,1
phishtank,1,0.9926447896291756,1
tranco_benign_proxy,0,0.25524547914253637,0
tranco_benign_proxy,0,0.42399137772262374,0
tranco_benign_proxy,0,0.730636780281183,1
phishtank,1,0.971899867413386,1
tranco_benign_proxy,0,0.006512253304696814,0
phishtank,1,0.7894534364004989,1
phishtank,1,0.9927502959274161,1
phishtank,1,0.9988266918276759,1
tranco_benign_proxy,0,0.08001164580054418,0
tranco_benign_proxy,0,0.3408122681365499,0
phishtank,1,0.9991383208814291,1
tranco_benign_proxy,0,0.1497833998262045,0
phishtank,1,0.6704140109504847,0
tranco_benign_proxy,0,0.13886958317723191,0
phishtank,1,0.9989390763627465,1
tranco_benign_proxy,0,0.22023429199472735,0
tranco_benign_proxy,0,0.32024384558975866,0
tranco_benign_proxy,0,0.011339012288893698,0
phishtank,1,0.9911057787002968,1
tranco_benign_proxy,0,0.22506357436479435,0
phishtank,1,0.5703401198050331,0
phishtank,1,0.9306524282516793,1
phishtank,1,0.9838482317412423,1
tranco_benign_proxy,0,0.1799553100319877,0
tranco_benign_proxy,0,0.8192425613767247,1
phishtank,1,0.9899004790392341,1
phishtank,1,0.9957393432367841,1
tranco_benign_proxy,0,0.41332083009552384,0
phishtank,1,0.9945722784754587,1
phishtank,1,0.9839194203620951,1
phishtank,1,0.8522860329763965,1
tranco_benign_proxy,0,0.037713363158095155,0
phishtank,1,0.9948526306131652,1
tranco_benign_proxy,0,0.25589852601556684,0
tranco_benign_proxy,0,0.791920881638149,1
phishtank,1,0.9474141299564052,1
phishtank,1,0.858252422950697,1
tranco_benign_proxy,0,0.8981979299561264,1
phishtank,1,0.9962493766068441,1
tranco_benign_proxy,0,0.2701881504843369,0
tranco_benign_proxy,0,0.10081283704684488,0
phishtank,1,0.9936365949278961,1
phishtank,1,0.9962562609615065,1
tranco_benign_proxy,0,0.08470704303812575,0
tranco_benign_proxy,0,0.6092074313217255,0
phishtank,1,0.992888517288093,1
tranco_benign_proxy,0,0.46141805117028734,0
phishtank,1,0.9842884408158044,1
tranco_benign_proxy,0,0.44614347752007105,0
tranco_benign_proxy,0,0.0021868164631899207,0
phishtank,1,0.990251858232969,1
tranco_benign_proxy,0,0.586186460602166,0
tranco_benign_proxy,0,0.26083260718478823,0
tranco_benign_proxy,0,0.13672025980333843,0
tranco_benign_proxy,0,0.3016168487347976,0
tranco_benign_proxy,0,0.8259318701640145,1
tranco_benign_proxy,0,0.9011299025989278,1
phishtank,1,0.9911857895522052,1
tranco_benign_proxy,0,0.1319321260546331,0
tranco_benign_proxy,0,0.03196378417904141,0
tranco_benign_proxy,0,0.6052601689013619,0
phishtank,1,0.9881220082027786,1
phishtank,1,0.9999060431171807,1
phishtank,1,0.9608242411091404,1
phishtank,1,0.980891308187698,1
phishtank,1,0.9999377827285721,1
phishtank,1,0.9568758659030032,1
phishtank,1,0.9902061255654603,1
phishtank,1,0.9849025362967481,1
phishtank,1,0.22624502434990285,0
phishtank,1,0.41090893409533613,0
phishtank,1,0.334421593956798,0
tranco_benign_proxy,0,0.0790163528592005,0
tranco_benign_proxy,0,0.00745209787456302,0
tranco_benign_proxy,0,0.18604510799699236,0
phishtank,1,0.9999997724796217,1
tranco_benign_proxy,0,0.6213115057888673,0
tranco_benign_proxy,0,0.9869706993150951,1
tranco_benign_proxy,0,0.17324066245314468,0
tranco_benign_proxy,0,0.029306376950659387,0
phishtank,1,0.9959340478020526,1
tranco_benign_proxy,0,0.24130803914051602,0
tranco_benign_proxy,0,0.04915607857230904,0
tranco_benign_proxy,0,0.42566374907751414,0
tranco_benign_proxy,0,0.39914846163815815,0
tranco_benign_proxy,0,0.8221117464082951,1
tranco_benign_proxy,0,0.08779644437888218,0
phishtank,1,0.9999371715506057,1
tranco_benign_proxy,0,0.05933327039942608,0
phishtank,1,0.9882141119971168,1
phishtank,1,0.955955282658723,1
tranco_benign_proxy,0,0.2860886153951374,0
phishtank,1,0.9989543855510006,1
tranco_benign_proxy,0,0.70461186100935,1
tranco_benign_proxy,0,0.4430392786012387,0
tranco_benign_proxy,0,0.10215291578243371,0
phishtank,1,0.9998343264413035,1
phishtank,1,0.9998874307876933,1
tranco_benign_proxy,0,0.2677828652965183,0
phishtank,1,0.9994338731384167,1
phishtank,1,0.9818992303296168,1
phishtank,1,0.9964975331354498,1
phishtank,1,0.8968775557890178,1
tranco_benign_proxy,0,0.18658716695703767,0
phishtank,1,0.9991576254983852,1
phishtank,1,0.9998922347540288,1
phishtank,1,0.9997628506583548,1
phishtank,1,0.7990585359361153,1
phishtank,1,0.9955289263315232,1
tranco_benign_proxy,0,0.8368908094146598,1
tranco_benign_proxy,0,0.8661394112294597,1
tranco_benign_proxy,0,0.9789338785313149,1
tranco_benign_proxy,0,0.23404678387378017,0
tranco_benign_proxy,0,0.006850322859676213,0
phishtank,1,0.9785844662897786,1
tranco_benign_proxy,0,0.04957726079473618,0
phishtank,1,0.9995209533237754,1
tranco_benign_proxy,0,0.12823262207027772,0
tranco_benign_proxy,0,0.04552387334084788,0
tranco_benign_proxy,0,0.4149438315040489,0
phishtank,1,0.982381072009302,1
phishtank,1,0.9807300666116312,1
tranco_benign_proxy,0,0.14356305044071238,0
tranco_benign_proxy,0,0.135202751200837,0
tranco_benign_proxy,0,0.4368849364666425,0
tranco_benign_proxy,0,0.060431889925960304,0
phishtank,1,0.9424537550990197,1
phishtank,1,0.9698309498319981,1
tranco_benign_proxy,0,0.5442573907009733,0
phishtank,1,0.9991500944785303,1
tranco_benign_proxy,0,0.26145636952334805,0
phishtank,1,0.9939666405038828,1
tranco_benign_proxy,0,0.9850807223248075,1
phishtank,1,0.6393999252084174,0
phishtank,1,0.994315930403074,1
tranco_benign_proxy,0,0.1492832351249922,0
tranco_benign_proxy,0,0.18042584757484134,0
phishtank,1,0.8702879215871882,1
phishtank,1,0.7971283051994683,1
tranco_benign_proxy,0,0.299519738776823,0
tranco_benign_proxy,0,0.7136908589955038,1
phishtank,1,0.9914492612090501,1
tranco_benign_proxy,0,0.022813063162015146,0
phishtank,1,0.8788819381474566,1
tranco_benign_proxy,0,0.36223457104432466,0
tranco_benign_proxy,0,0.032816346478916354,0
phishtank,1,0.9964759751581401,1
phishtank,1,0.9569850363387781,1
tranco_benign_proxy,0,0.540023858238194,0
phishtank,1,0.9373146285856774,1
phishtank,1,0.9999589887122463,1
phishtank,1,0.9797640308087158,1
phishtank,1,0.7893116454341205,1
tranco_benign_proxy,0,0.8965589340234089,1
phishtank,1,0.9990668258188405,1
tranco_benign_proxy,0,0.06653833228582773,0
tranco_benign_proxy,0,0.6757565395858759,0
tranco_benign_proxy,0,0.9581244859708781,1
phishtank,1,0.9838338819291322,1
phishtank,1,0.9970427593967341,1
tranco_benign_proxy,0,0.36134885969422453,0
tranco_benign_proxy,0,0.009853884041842034,0
phishtank,1,0.7451346156888388,1
phishtank,1,0.9926533251707741,1
phishtank,1,0.9965631218418257,1
tranco_benign_proxy,0,0.10279431632850904,0
tranco_benign_proxy,0,0.2818447060033436,0
tranco_benign_proxy,0,0.4338108340764536,0
tranco_benign_proxy,0,0.7629282247159802,1
tranco_benign_proxy,0,0.5146872120682661,0
tranco_benign_proxy,0,0.5911651794359208,0
tranco_benign_proxy,0,0.27200063738142854,0
phishtank,1,0.5231350501837408,0
phishtank,1,0.9560532824408798,1
phishtank,1,0.9969400775595516,1
phishtank,1,0.9734534267101635,1
tranco_benign_proxy,0,0.006188601674835376,0
tranco_benign_proxy,0,0.7220300750608942,1
phishtank,1,0.9970805038305499,1
tranco_benign_proxy,0,0.14239043053507303,0
phishtank,1,0.9449065906883546,1
tranco_benign_proxy,0,0.8690030228653476,1
tranco_benign_proxy,0,0.06621889361219116,0
tranco_benign_proxy,0,0.13636887814236706,0
tranco_benign_proxy,0,0.4614604117077047,0
tranco_benign_proxy,0,0.015602467688665814,0
tranco_benign_proxy,0,0.29837992331048985,0
tranco_benign_proxy,0,0.026333287328586995,0
tranco_benign_proxy,0,0.026429446953746515,0
phishtank,1,0.9773501625754737,1
tranco_benign_proxy,0,0.3540709347857432,0
tranco_benign_proxy,0,0.1068880659585657,0
tranco_benign_proxy,0,0.3161161211596671,0
phishtank,1,0.9507737049529165,1
phishtank,1,0.9873383238948492,1
phishtank,1,0.9980096037733772,1
tranco_benign_proxy,0,0.032130059971142405,0
phishtank,1,0.04826695901013208,0
phishtank,1,0.9989505194610813,1
tranco_benign_proxy,0,0.2038365955169423,0
tranco_benign_proxy,0,0.06926540980656541,0
phishtank,1,0.9196791200233224,1
tranco_benign_proxy,0,0.16678185320896166,0
phishtank,1,0.9989134468450307,1
phishtank,1,0.9997598446100027,1
phishtank,1,0.6013094879241061,0
tranco_benign_proxy,0,0.8967563768889172,1
tranco_benign_proxy,0,0.5670376618781908,0
tranco_benign_proxy,0,0.10816441980940678,0
tranco_benign_proxy,0,0.17428397125968262,0
tranco_benign_proxy,0,0.15106415669034468,0
phishtank,1,0.9071851329165004,1
tranco_benign_proxy,0,0.06056024328793607,0
phishtank,1,0.9374382558267542,1
tranco_benign_proxy,0,0.0791254684440667,0
phishtank,1,0.9837838470475282,1
tranco_benign_proxy,0,0.10332246177687056,0
tranco_benign_proxy,0,0.2289609592419108,0
tranco_benign_proxy,0,0.12155551264440911,0
tranco_benign_proxy,0,0.6241384687810956,0
tranco_benign_proxy,0,0.05047992628369714,0
tranco_benign_proxy,0,0.6525316396456666,0
tranco_benign_proxy,0,0.08716475646833895,0
phishtank,1,0.8379943966022907,1
tranco_benign_proxy,0,0.6298479132396971,0
tranco_benign_proxy,0,0.6213406492381005,0
tranco_benign_proxy,0,0.17082775483991594,0
phishtank,1,0.760669239103434,1
tranco_benign_proxy,0,0.41261367026526397,0
phishtank,1,0.9998105214190042,1
tranco_benign_proxy,0,0.043535677302671626,0
tranco_benign_proxy,0,0.6830228079953808,0
phishtank,1,0.9987249328126584,1
phishtank,1,0.4956985307666578,0
tranco_benign_proxy,0,0.13140104141056347,0
tranco_benign_proxy,0,0.5320044343759018,0
tranco_benign_proxy,0,0.5590636189537822,0
phishtank,1,0.9890419364679858,1
phishtank,1,0.9991566617904988,1
phishtank,1,0.9778493179571475,1
phishtank,1,0.9422962197323351,1
tranco_benign_proxy,0,0.003505470304586074,0
phishtank,1,0.9906798489520972,1
tranco_benign_proxy,0,0.37496646694227637,0
phishtank,1,0.9858160688356374,1
tranco_benign_proxy,0,0.49913494572999295,0
tranco_benign_proxy,0,0.37276271810582207,0
tranco_benign_proxy,0,0.3161878236699633,0
tranco_benign_proxy,0,0.08786968043528225,0
phishtank,1,0.9996588208185145,1
tranco_benign_proxy,0,0.8595340809339341,1
tranco_benign_proxy,0,0.21821927834404417,0
tranco_benign_proxy,0,0.18168482361582594,0
phishtank,1,0.9978176564523915,1
tranco_benign_proxy,0,0.2185736794408612,0
phishtank,1,0.24973357556464287,0
phishtank,1,0.9800816250355361,1
phishtank,1,0.9998493634325255,1
phishtank,1,0.9996210356738283,1
phishtank,1,0.39127819684969256,0
tranco_benign_proxy,0,0.2815108952984109,0
phishtank,1,0.9999286000214932,1
phishtank,1,0.9974448957154638,1
phishtank,1,0.8423483837443217,1
tranco_benign_proxy,0,0.0015240451947740135,0
phishtank,1,0.44289924708834466,0
phishtank,1,0.9975028323146243,1
tranco_benign_proxy,0,0.024277266355476626,0
phishtank,1,0.9915252941893249,1
phishtank,1,0.9993425980625172,1
phishtank,1,0.9995908989103991,1
phishtank,1,0.9845124967581385,1
phishtank,1,0.9682877105097732,1
tranco_benign_proxy,0,0.2528104113070202,0
tranco_benign_proxy,0,0.18048200265073686,0
phishtank,1,0.14151730101981552,0
tranco_benign_proxy,0,0.7540290050922432,1
tranco_benign_proxy,0,0.013107824719957528,0
phishtank,1,0.9978159107345304,1
tranco_benign_proxy,0,0.14749130461505444,0
phishtank,1,0.9883590512232304,1
tranco_benign_proxy,0,0.18517878630733153,0
tranco_benign_proxy,0,0.016362646569193,0
phishtank,1,0.9955919561245109,1
tranco_benign_proxy,0,0.24424876083778246,0
phishtank,1,0.992894354020833,1
tranco_benign_proxy,0,0.21779078860857728,0
phishtank,1,0.9978134506898436,1
tranco_benign_proxy,0,0.42747556752799737,0
phishtank,1,0.9653597407146783,1
phishtank,1,0.9964611218780614,1
tranco_benign_proxy,0,0.04352968282989533,0
tranco_benign_proxy,0,0.6656760217309675,0
phishtank,1,0.9969069582463431,1
phishtank,1,0.999012980850412,1
phishtank,1,0.9997632587011114,1
tranco_benign_proxy,0,0.04847084707986184,0
tranco_benign_proxy,0,0.4428596057355949,0
phishtank,1,0.8601459051481554,1
tranco_benign_proxy,0,0.19997374138485172,0
phishtank,1,0.9993759145399407,1
tranco_benign_proxy,0,0.024129337619029346,0
phishtank,1,0.9999596112985316,1
phishtank,1,0.9979496463121005,1
phishtank,1,0.9985580517761989,1
phishtank,1,0.9949059481383402,1
tranco_benign_proxy,0,0.0009472944936404475,0
phishtank,1,0.998713867493629,1
phishtank,1,0.6460581872847495,0
phishtank,1,0.999787302537205,1
tranco_benign_proxy,0,0.7386356173504436,1
phishtank,1,0.9999132569736703,1
tranco_benign_proxy,0,0.3263665339826825,0
tranco_benign_proxy,0,0.5653669609539732,0
tranco_benign_proxy,0,0.467386522258548,0
phishtank,1,0.9996376490013519,1
phishtank,1,0.9896503023630342,1
phishtank,1,0.9895050339106365,1
tranco_benign_proxy,0,0.038841770294895175,0
phishtank,1,0.9999123096236371,1
tranco_benign_proxy,0,0.8645380960514039,1
phishtank,1,0.954578551625022,1
tranco_benign_proxy,0,0.3814396280677614,0
tranco_benign_proxy,0,0.35555644766281325,0
tranco_benign_proxy,0,0.002146927728235377,0
tranco_benign_proxy,0,0.7943788015826976,1
phishtank,1,0.9975527042657986,1
tranco_benign_proxy,0,0.08005469964218705,0
tranco_benign_proxy,0,0.9819489355364776,1
tranco_benign_proxy,0,0.03155386700771331,0
tranco_benign_proxy,0,0.15287782620375187,0
tranco_benign_proxy,0,0.05776334235995411,0
phishtank,1,0.20267847846716322,0
phishtank,1,0.8910014819831596,1
phishtank,1,0.9997551603088345,1
phishtank,1,0.9997285442795055,1
phishtank,1,0.996683734910266,1
phishtank,1,0.9277070159346463,1
phishtank,1,0.9367802246329318,1
tranco_benign_proxy,0,0.10463080552204497,0
tranco_benign_proxy,0,0.9626255114996509,1
tranco_benign_proxy,0,0.15436910699511516,0
phishtank,1,0.9979709549810845,1
phishtank,1,0.9956178076270877,1
tranco_benign_proxy,0,0.42385917095916886,0
tranco_benign_proxy,0,0.14532919066488767,0
tranco_benign_proxy,0,0.767880302678956,1
tranco_benign_proxy,0,0.488775879072469,0
phishtank,1,0.9988855569099622,1
phishtank,1,0.9738598290209478,1
tranco_benign_proxy,0,0.1993544639099232,0
tranco_benign_proxy,0,0.3071343359245793,0
tranco_benign_proxy,0,0.17756709081661443,0
tranco_benign_proxy,0,0.3542419513803086,0
tranco_benign_proxy,0,0.0016494956273429555,0
tranco_benign_proxy,0,0.008243926658051591,0
tranco_benign_proxy,0,0.06584975242703585,0
phishtank,1,0.9988130478075241,1
phishtank,1,0.9853865510047863,1
tranco_benign_proxy,0,0.15125195451362625,0
tranco_benign_proxy,0,0.3768326943903699,0
tranco_benign_proxy,0,0.19600526711599997,0
tranco_benign_proxy,0,0.15419193017805838,0
phishtank,1,0.9964604310375388,1
tranco_benign_proxy,0,0.6006502360886227,0
phishtank,1,0.9998645643862568,1
phishtank,1,0.9912252246159702,1
tranco_benign_proxy,0,0.09568986281421282,0
tranco_benign_proxy,0,0.8183906319084718,1
tranco_benign_proxy,0,0.5486914661098755,0
tranco_benign_proxy,0,0.03663836792786053,0
tranco_benign_proxy,0,0.052032175089695765,0
phishtank,1,0.9923493840643547,1
tranco_benign_proxy,0,0.07526336845563915,0
tranco_benign_proxy,0,0.07274867334241611,0
phishtank,1,0.895454983302612,1
tranco_benign_proxy,0,0.8039170380901589,1
tranco_benign_proxy,0,0.43889386261876817,0
phishtank,1,0.9397351381331686,1
phishtank,1,0.3719022216292352,0
phishtank,1,0.9960007041572707,1
tranco_benign_proxy,0,0.8181027864945419,1
tranco_benign_proxy,0,0.9586687356656598,1
tranco_benign_proxy,0,0.01493342007967875,0
tranco_benign_proxy,0,0.24668412064392892,0
phishtank,1,0.974301035594574,1
phishtank,1,0.9983371226289217,1
phishtank,1,0.3338932685666743,0
tranco_benign_proxy,0,0.9767127888331011,1
phishtank,1,0.9933769407098786,1
tranco_benign_proxy,0,0.5088050495569327,0
tranco_benign_proxy,0,0.8860251097326975,1
tranco_benign_proxy,0,0.09061301533163689,0
phishtank,1,0.9989494612154538,1
tranco_benign_proxy,0,0.44192581122227637,0
phishtank,1,0.9794108974929875,1
tranco_benign_proxy,0,0.18346923251932007,0
tranco_benign_proxy,0,0.20091722243169086,0
tranco_benign_proxy,0,0.5490472403147963,0
tranco_benign_proxy,0,0.06338001535498053,0
phishtank,1,0.9516142254525402,1
phishtank,1,0.9945003624674891,1
tranco_benign_proxy,0,0.7757317784727512,1
tranco_benign_proxy,0,0.4468095901133066,0
phishtank,1,0.9655673846323316,1
phishtank,1,0.9994939053403202,1
phishtank,1,0.989951490419911,1
tranco_benign_proxy,0,0.26718496029244454,0
tranco_benign_proxy,0,0.9701072294042663,1
phishtank,1,0.9190278433503476,1
phishtank,1,0.9350395409148189,1
tranco_benign_proxy,0,0.40754266875413553,0
phishtank,1,0.9939768843651563,1
phishtank,1,0.9957242315471991,1
phishtank,1,0.9915461418326881,1
phishtank,1,0.9980040166497677,1
phishtank,1,0.8736548664153189,1
phishtank,1,0.9908613431098735,1
phishtank,1,0.9982198872967555,1
tranco_benign_proxy,0,0.8921795422020774,1
tranco_benign_proxy,0,0.011706239796420713,0
tranco_benign_proxy,0,0.1820087866289751,0
phishtank,1,0.997562782387808,1
phishtank,1,0.9804734391572426,1
phishtank,1,0.9653130491958298,1
tranco_benign_proxy,0,0.11659134926475695,0
tranco_benign_proxy,0,0.3966486055616155,0
phishtank,1,0.9986623596105936,1
phishtank,1,0.8777326341725243,1
tranco_benign_proxy,0,0.3204219684474546,0
tranco_benign_proxy,0,0.11360387409695889,0
tranco_benign_proxy,0,0.2788193297898967,0
phishtank,1,0.9997058432620266,1
phishtank,1,0.999861668707466,1
tranco_benign_proxy,0,0.0457683265273873,0
phishtank,1,0.9869766433298007,1
tranco_benign_proxy,0,0.072246730529606,0
phishtank,1,0.9728542293608813,1
tranco_benign_proxy,0,0.9903068559809679,1
phishtank,1,0.5073624557730313,0
phishtank,1,0.9993906859285243,1
phishtank,1,0.9518466246361378,1
tranco_benign_proxy,0,0.31015897005923015,0
tranco_benign_proxy,0,0.003167743363577548,0
tranco_benign_proxy,0,0.01404744256370883,0
tranco_benign_proxy,0,0.8918679857930529,1
phishtank,1,0.9387751003505428,1
tranco_benign_proxy,0,0.13295313380522578,0
phishtank,1,0.9954232448063088,1
phishtank,1,0.9982905465054904,1
tranco_benign_proxy,0,0.060003762213561296,0
phishtank,1,0.9599847355243062,1
phishtank,1,0.9787479281924325,1
phishtank,1,0.999367488917114,1
tranco_benign_proxy,0,0.16861764964685538,0
phishtank,1,0.9440640628957957,1
tranco_benign_proxy,0,0.1056111206047535,0
tranco_benign_proxy,0,0.7779443708799235,1
phishtank,1,0.9599510126401828,1
tranco_benign_proxy,0,0.1987558294589978,0
phishtank,1,0.34595518078473053,0
phishtank,1,0.9437587537458171,1
tranco_benign_proxy,0,0.11965085088225848,0
tranco_benign_proxy,0,0.3333516817885982,0
tranco_benign_proxy,0,0.2281975527755217,0
phishtank,1,0.999007520500884,1
tranco_benign_proxy,0,0.5627301357227829,0
tranco_benign_proxy,0,0.16753921393029086,0
tranco_benign_proxy,0,0.09965428941224988,0
phishtank,1,0.9719807415203356,1
phishtank,1,0.9892963260100194,1
tranco_benign_proxy,0,0.0878529547300041,0
phishtank,1,0.9891737315033096,1
phishtank,1,0.994589674728854,1
phishtank,1,0.9891213290925674,1
tranco_benign_proxy,0,0.19194405595288938,0
phishtank,1,0.885965273265306,1
phishtank,1,0.9305998044473689,1
phishtank,1,0.9974444671151017,1
tranco_benign_proxy,0,0.4293014629158777,0
phishtank,1,0.9875730585388193,1
tranco_benign_proxy,0,0.21343095602584722,0
phishtank,1,0.9997545497663521,1
phishtank,1,0.9438207286251066,1
phishtank,1,0.9985780981406939,1
phishtank,1,0.9819876976405485,1
tranco_benign_proxy,0,0.14276564085800994,0
phishtank,1,0.9986116968274659,1
phishtank,1,0.9760481954355013,1
tranco_benign_proxy,0,0.015639905571777805,0
tranco_benign_proxy,0,0.004313156759587293,0
phishtank,1,0.8204845513451725,1
phishtank,1,0.9999646245211465,1
phishtank,1,0.9785843316368329,1
tranco_benign_proxy,0,0.945049390864199,1
tranco_benign_proxy,0,0.012868268087794454,0
phishtank,1,0.9263632145307963,1
phishtank,1,0.9047307010573897,1
phishtank,1,0.9995148495325759,1
tranco_benign_proxy,0,0.04212803279476834,0
phishtank,1,0.9636167195816806,1
phishtank,1,0.9993439000594678,1
tranco_benign_proxy,0,0.4957010453356951,0
tranco_benign_proxy,0,0.9858960069880961,1
phishtank,1,0.9864346749731377,1
phishtank,1,0.994190957116155,1
phishtank,1,0.9770982311002565,1
phishtank,1,0.12952087694776235,0
phishtank,1,0.9869154579033133,1
phishtank,1,0.8710389656189941,1
phishtank,1,0.9814906886646543,1
phishtank,1,0.9999358666035385,1
phishtank,1,0.8337935067953514,1
phishtank,1,0.9979927757916588,1
tranco_benign_proxy,0,0.8984044384048565,1
phishtank,1,0.9987442837697643,1
phishtank,1,0.9986610593132652,1
phishtank,1,0.981212587234148,1
phishtank,1,0.9988101551727937,1
tranco_benign_proxy,0,0.4460905013524596,0
tranco_benign_proxy,0,0.5000948181966282,0
phishtank,1,0.9985794917595691,1
phishtank,1,0.9975876386664477,1
tranco_benign_proxy,0,0.027212346961210925,0
tranco_benign_proxy,0,0.9653876020304494,1
phishtank,1,0.9870200812592564,1
tranco_benign_proxy,0,0.3579255128025455,0
tranco_benign_proxy,0,0.8541069378392081,1
tranco_benign_proxy,0,0.8803217201687558,1
tranco_benign_proxy,0,0.6933317697845207,0
phishtank,1,0.9937080588758146,1
phishtank,1,0.9997570836530896,1
tranco_benign_proxy,0,0.24465820884662356,0
phishtank,1,0.7938930342525586,1
tranco_benign_proxy,0,0.1845080814236972,0
phishtank,1,0.9973469104863871,1
tranco_benign_proxy,0,0.7987192611862431,1
tranco_benign_proxy,0,0.5661259711571759,0
phishtank,1,0.9740286023401199,1
tranco_benign_proxy,0,0.9620270674410816,1
tranco_benign_proxy,0,0.2952192697328643,0
phishtank,1,0.9982608632023531,1
phishtank,1,0.8425264852733613,1
phishtank,1,0.9985101551898008,1
tranco_benign_proxy,0,0.25583282807408114,0
tranco_benign_proxy,0,0.1467992208009073,0
phishtank,1,0.9852827875262516,1
phishtank,1,0.999519814308219,1
tranco_benign_proxy,0,0.2171066899260308,0
tranco_benign_proxy,0,0.6479459732271141,0
phishtank,1,0.9598538151832546,1
phishtank,1,0.9904533082271839,1
tranco_benign_proxy,0,0.015287458162096163,0
tranco_benign_proxy,0,0.4769186553421006,0
phishtank,1,0.9976977494321095,1
phishtank,1,0.9785610155369127,1
tranco_benign_proxy,0,0.5340788868965494,0
tranco_benign_proxy,0,0.28359489517467096,0
tranco_benign_proxy,0,0.6768439199844036,0
tranco_benign_proxy,0,0.2168552429788533,0
tranco_benign_proxy,0,0.12259813200958168,0
tranco_benign_proxy,0,0.14891427181005595,0
tranco_benign_proxy,0,0.21607366234287342,0
phishtank,1,0.9959348210322989,1
tranco_benign_proxy,0,0.3886421186757152,0
phishtank,1,0.995763303635978,1
tranco_benign_proxy,0,0.46287427560437316,0
tranco_benign_proxy,0,0.2610981210246069,0
tranco_benign_proxy,0,0.5504801217822985,0
phishtank,1,0.9991718701753753,1
tranco_benign_proxy,0,0.16052932359512898,0
phishtank,1,0.9948016007679338,1
phishtank,1,0.9999156920142681,1
phishtank,1,0.9896587865756277,1
tranco_benign_proxy,0,0.07415466511212054,0
tranco_benign_proxy,0,0.28325466314890085,0
tranco_benign_proxy,0,0.05684265762707934,0
tranco_benign_proxy,0,0.13934480468341273,0
tranco_benign_proxy,0,0.8245627353588513,1
phishtank,1,0.99982406629999,1
tranco_benign_proxy,0,0.934706785740935,1
phishtank,1,0.9332377763739967,1
tranco_benign_proxy,0,0.07752426113461074,0
tranco_benign_proxy,0,0.16427146045482746,0
tranco_benign_proxy,0,0.1593521150503707,0
phishtank,1,0.9995895778020145,1
tranco_benign_proxy,0,0.3321172127038703,0
phishtank,1,0.9998938212153101,1
tranco_benign_proxy,0,0.1371440185143773,0
tranco_benign_proxy,0,0.5589662205391115,0
tranco_benign_proxy,0,0.46647485603939015,0
tranco_benign_proxy,0,0.08012661784199805,0
phishtank,1,0.9995128653710741,1
phishtank,1,0.9950631316309,1
phishtank,1,0.9999991360882152,1
phishtank,1,0.9989386472862012,1
phishtank,1,0.9941444006000324,1
tranco_benign_proxy,0,0.09603831085851114,0
tranco_benign_proxy,0,0.4898141108068059,0
tranco_benign_proxy,0,0.10853019088127507,0
phishtank,1,0.9987143259177163,1
phishtank,1,0.8947500785403668,1
phishtank,1,0.983271931371839,1
phishtank,1,0.9981006929167349,1
phishtank,1,0.999446145172489,1
tranco_benign_proxy,0,0.11098551717362927,0
phishtank,1,0.980187393537174,1
phishtank,1,0.9991390247488331,1
phishtank,1,0.9861935178823232,1
tranco_benign_proxy,0,0.3015754772886361,0
phishtank,1,0.9691702951939452,1
phishtank,1,0.06252381559294937,0
tranco_benign_proxy,0,0.45553251164374,0
tranco_benign_proxy,0,0.8662760623706753,1
tranco_benign_proxy,0,0.26341992752386795,0
tranco_benign_proxy,0,0.6513400856932656,0
phishtank,1,0.9974920622763288,1
phishtank,1,0.9995949600884654,1
phishtank,1,0.9904017464006813,1
phishtank,1,0.9874868442235625,1
phishtank,1,0.9843630284584285,1
phishtank,1,0.839254975388646,1
phishtank,1,0.9779866565529574,1
tranco_benign_proxy,0,0.44287051271300326,0
tranco_benign_proxy,0,0.6940264690830591,0
phishtank,1,0.9764932370520729,1
phishtank,1,0.9993724390633306,1
tranco_benign_proxy,0,0.9356641549617488,1
phishtank,1,0.6339911326022936,0
tranco_benign_proxy,0,0.46386372212857413,0
phishtank,1,0.8600833974433003,1
phishtank,1,0.9760005589393911,1
tranco_benign_proxy,0,0.3293403737010277,0
phishtank,1,0.9835983384822877,1
phishtank,1,0.9967250636288412,1
tranco_benign_proxy,0,0.772124668522164,1
tranco_benign_proxy,0,0.1437248418063228,0
phishtank,1,0.9715213850283101,1
phishtank,1,0.9236135151403904,1
phishtank,1,0.9984507118227014,1
phishtank,1,0.9235942635379946,1
phishtank,1,0.9642838192660462,1
tranco_benign_proxy,0,0.11379571239980785,0
tranco_benign_proxy,0,0.40126225335414634,0
tranco_benign_proxy,0,0.4904254808654068,0
tranco_benign_proxy,0,0.13540394125478677,0
tranco_benign_proxy,0,0.23789912975558647,0
phishtank,1,0.9998443817177401,1
tranco_benign_proxy,0,0.8723994036207178,1
phishtank,1,0.7911927196567513,1
tranco_benign_proxy,0,0.005504638857301894,0
tranco_benign_proxy,0,0.2998109211673218,0
phishtank,1,0.9859640276854165,1
phishtank,1,0.9261157224280038,1
tranco_benign_proxy,0,0.24528674547539195,0
phishtank,1,0.9976031124248622,1
tranco_benign_proxy,0,0.20578598488095598,0
phishtank,1,0.9998450709940218,1
tranco_benign_proxy,0,0.4100733184888233,0
tranco_benign_proxy,0,0.4920505689557588,0
tranco_benign_proxy,0,0.0750317821970269,0
phishtank,1,0.9568250553354717,1
tranco_benign_proxy,0,0.25240096592923555,0
phishtank,1,0.9992667143390618,1
tranco_benign_proxy,0,0.9524663455667588,1
phishtank,1,0.9999028561852463,1
phishtank,1,0.999594946059052,1
tranco_benign_proxy,0,0.09283911707388383,0
phishtank,1,0.9987795529037187,1
tranco_benign_proxy,0,0.16319565303612385,0
tranco_benign_proxy,0,0.20971703174110726,0
phishtank,1,0.95785908104547,1
phishtank,1,0.9990356608964002,1
tranco_benign_proxy,0,0.8784055679836668,1
tranco_benign_proxy,0,0.2903706164231742,0
phishtank,1,0.919206033260324,1
tranco_benign_proxy,0,0.01191272256433455,0
phishtank,1,0.9985459623272026,1
tranco_benign_proxy,0,0.8692060843511847,1
tranco_benign_proxy,0,0.34760548296818833,0
tranco_benign_proxy,0,0.09993655973123837,0
phishtank,1,0.9900454281097384,1
tranco_benign_proxy,0,0.046240989793886626,0
tranco_benign_proxy,0,0.9687644877329551,1
tranco_benign_proxy,0,0.14361654037259095,0
tranco_benign_proxy,0,0.048478686833955904,0
phishtank,1,0.8590318065102701,1
phishtank,1,0.9999533795383652,1
phishtank,1,0.9986981276097917,1
phishtank,1,0.9703999232127739,1
tranco_benign_proxy,0,0.06467269159177323,0
tranco_benign_proxy,0,0.8876595907337552,1
phishtank,1,0.9995576952739883,1
tranco_benign_proxy,0,0.6147296396007197,0
tranco_benign_proxy,0,0.07977355466451726,0
tranco_benign_proxy,0,0.06662402130247738,0
tranco_benign_proxy,0,0.085968504344186,0
phishtank,1,0.8036454278263386,1
tranco_benign_proxy,0,0.23954765456464486,0
phishtank,1,0.9992233639476596,1
tranco_benign_proxy,0,0.0007141324776310198,0
phishtank,1,0.9980298632285329,1
tranco_benign_proxy,0,0.08180141034499891,0
tranco_benign_proxy,0,0.10623552870061585,0
tranco_benign_proxy,0,0.1676606780190076,0
phishtank,1,0.9967543472654384,1
tranco_benign_proxy,0,0.2062043556058896,0
phishtank,1,0.9976349318423742,1
tranco_benign_proxy,0,0.17227189078901248,0
phishtank,1,0.8560581880128826,1
phishtank,1,0.9889166546319981,1
tranco_benign_proxy,0,0.30494443906993385,0
phishtank,1,0.9976728318230991,1
phishtank,1,0.7985133699680185,1
tranco_benign_proxy,0,0.14134622677129502,0
phishtank,1,0.9980101661556198,1
tranco_benign_proxy,0,0.3683662634750506,0
tranco_benign_proxy,0,0.4982618715213067,0
tranco_benign_proxy,0,0.4525512656018168,0
tranco_benign_proxy,0,0.16122897239866793,0
phishtank,1,0.9807281812979431,1
tranco_benign_proxy,0,0.04323443606395896,0
phishtank,1,0.4136503853771757,0
phishtank,1,0.9990696586770657,1
phishtank,1,0.9960557368346113,1
phishtank,1,0.9925345635968899,1
tranco_benign_proxy,0,0.5925256055199392,0
tranco_benign_proxy,0,0.2749570517090898,0
tranco_benign_proxy,0,0.3402614559602482,0
phishtank,1,0.6804229458337756,0
phishtank,1,0.883942505260897,1
tranco_benign_proxy,0,0.6680797690215966,0
phishtank,1,0.8318703262652604,1
tranco_benign_proxy,0,0.21917286759626786,0
phishtank,1,0.995116587074456,1
tranco_benign_proxy,0,0.10088749704966206,0
phishtank,1,0.9532478060018638,1
tranco_benign_proxy,0,0.8896768260719642,1
tranco_benign_proxy,0,0.3507089364874506,0
tranco_benign_proxy,0,0.921354022964413,1
phishtank,1,0.9628246264295214,1
phishtank,1,0.9973725682452311,1
phishtank,1,0.9795987871923857,1
tranco_benign_proxy,0,0.3274310358272781,0
phishtank,1,0.9999281772229541,1
phishtank,1,0.9740563649790933,1
phishtank,1,0.9833573294573869,1
phishtank,1,0.9926718428041905,1
phishtank,1,0.9996876959729865,1
phishtank,1,0.9980690123026411,1
phishtank,1,0.999371815697128,1
tranco_benign_proxy,0,0.8634060910452319,1
phishtank,1,0.9510616687739956,1
tranco_benign_proxy,0,0.025859932011425377,0
phishtank,1,0.9983835314665659,1
phishtank,1,0.9624802166672789,1
phishtank,1,0.16576000334040883,0
tranco_benign_proxy,0,0.5305710226533441,0
phishtank,1,0.9707420839191974,1
phishtank,1,0.9478689078616965,1
tranco_benign_proxy,0,0.014343609038224214,0
phishtank,1,0.936002336397509,1
tranco_benign_proxy,0,0.5434563128722381,0
tranco_benign_proxy,0,0.4061225140489565,0
phishtank,1,0.999593048640854,1
tranco_benign_proxy,0,0.050967621965643035,0
tranco_benign_proxy,0,0.06398602418636237,0
phishtank,1,0.999193337519192,1
tranco_benign_proxy,0,0.029551617589630298,0
tranco_benign_proxy,0,0.32445273568019967,0
tranco_benign_proxy,0,0.006673909710332837,0
tranco_benign_proxy,0,0.008538086845939107,0
tranco_benign_proxy,0,0.4376999943132313,0
tranco_benign_proxy,0,0.32492547467331495,0
phishtank,1,0.9917420206596139,1
tranco_benign_proxy,0,0.32793881894679505,0
tranco_benign_proxy,0,0.11395126546070608,0
tranco_benign_proxy,0,0.09828495910402868,0
tranco_benign_proxy,0,0.21716705598136454,0
tranco_benign_proxy,0,0.9383495980670831,1
tranco_benign_proxy,0,0.2965849303756898,0
phishtank,1,0.8202070380970691,1
phishtank,1,0.9993391568651571,1
phishtank,1,0.9849779748153258,1
tranco_benign_proxy,0,0.07567617401838633,0
phishtank,1,0.22951337531637137,0
phishtank,1,0.9889188890621718,1
tranco_benign_proxy,0,0.08989252007499253,0
tranco_benign_proxy,0,0.20268815195851825,0
tranco_benign_proxy,0,0.07812857327251552,0
tranco_benign_proxy,0,0.39743901470769905,0
tranco_benign_proxy,0,0.16820582908469559,0
tranco_benign_proxy,0,0.7852330010107667,1
phishtank,1,0.9918011898804966,1
tranco_benign_proxy,0,0.31535354418827893,0
tranco_benign_proxy,0,0.9765213458091474,1
phishtank,1,0.9934619447998669,1
phishtank,1,0.9978059156766992,1
tranco_benign_proxy,0,0.01856404735123379,0
tranco_benign_proxy,0,0.151334635792992,0
phishtank,1,0.9981728905367315,1
tranco_benign_proxy,0,0.19674497538868402,0
tranco_benign_proxy,0,0.29910968431341983,0
tranco_benign_proxy,0,0.11143040577881207,0
phishtank,1,0.9993275861093253,1
tranco_benign_proxy,0,0.03842083885559017,0
tranco_benign_proxy,0,0.39231147873327643,0
tranco_benign_proxy,0,0.09329327804898116,0
phishtank,1,0.9934261450065641,1
tranco_benign_proxy,0,0.973792071724059,1
tranco_benign_proxy,0,0.30951814323187726,0
phishtank,1,0.989562342443452,1
phishtank,1,0.9714611584624523,1
phishtank,1,0.9972607833378575,1
tranco_benign_proxy,0,0.8834483439064693,1
phishtank,1,0.9999593811162103,1
phishtank,1,0.9985455181012695,1
phishtank,1,0.9974627489884319,1
phishtank,1,0.9892336974692904,1
tranco_benign_proxy,0,0.4653654327980136,0
tranco_benign_proxy,0,0.890599571821024,1
tranco_benign_proxy,0,0.10033320427674056,0
phishtank,1,0.9999327457397827,1
tranco_benign_proxy,0,0.08271262327443557,0
phishtank,1,0.9990481903122548,1
phishtank,1,0.9998263216479434,1
phishtank,1,0.9993983334357518,1
phishtank,1,0.9992107191836976,1
phishtank,1,0.9673793714625873,1
tranco_benign_proxy,0,0.9849242561376962,1
phishtank,1,0.9984407254725566,1
phishtank,1,0.995605141055198,1
phishtank,1,0.9996463857859297,1
tranco_benign_proxy,0,0.5807616601341514,0
tranco_benign_proxy,0,0.284996925593272,0
phishtank,1,0.9999814737968595,1
phishtank,1,0.9982323603344703,1
phishtank,1,0.868904068594722,1
tranco_benign_proxy,0,0.40184880817091345,0
tranco_benign_proxy,0,0.310992899366444,0
tranco_benign_proxy,0,0.14138686205446543,0
phishtank,1,0.9977897205103569,1
phishtank,1,0.99614626016927,1
phishtank,1,0.9809329839080726,1
tranco_benign_proxy,0,0.36361888821133737,0
tranco_benign_proxy,0,0.4508603265754953,0
tranco_benign_proxy,0,0.10720830658881574,0
tranco_benign_proxy,0,0.026750198577724992,0
phishtank,1,0.9991215047313219,1
tranco_benign_proxy,0,0.3449732829424848,0
tranco_benign_proxy,0,0.07484667931310855,0
phishtank,1,0.9661349834412202,1
tranco_benign_proxy,0,0.25929980197599173,0
phishtank,1,0.9906500854969011,1
phishtank,1,0.8902567248578577,1
phishtank,1,0.9988488040734751,1
phishtank,1,0.9936594646571254,1
phishtank,1,0.9967218983024139,1
tranco_benign_proxy,0,0.06747182828123173,0
phishtank,1,0.9547140224547969,1
phishtank,1,0.5054869725457899,0
phishtank,1,0.6740068900597479,0
phishtank,1,0.9863870026149121,1
phishtank,1,0.9993263170896622,1
phishtank,1,0.793075423116217,1
phishtank,1,0.9934306412187905,1
phishtank,1,0.9558431272046647,1
phishtank,1,0.9940028363131963,1
tranco_benign_proxy,0,0.3306261130185088,0
tranco_benign_proxy,0,0.09877567936804461,0
phishtank,1,0.9996480744864016,1
phishtank,1,0.9998921121074482,1
phishtank,1,0.9960824996605976,1
tranco_benign_proxy,0,0.7318842483027448,1
phishtank,1,0.9885253769904335,1
tranco_benign_proxy,0,0.15203267634158804,0
tranco_benign_proxy,0,0.016398259289152714,0
tranco_benign_proxy,0,0.3147316740035553,0
phishtank,1,0.9049496453325803,1
tranco_benign_proxy,0,0.015677236697673035,0
tranco_benign_proxy,0,0.4281774666654486,0
phishtank,1,0.9811039679143753,1
phishtank,1,0.9913355861046014,1
phishtank,1,0.9965023468038269,1
phishtank,1,0.997559483903948,1
phishtank,1,0.5789467270616342,0
tranco_benign_proxy,0,0.3931466120908715,0
tranco_benign_proxy,0,0.586196355795805,0
phishtank,1,0.9996269331126417,1
tranco_benign_proxy,0,0.24222554002850327,0
phishtank,1,0.9967141162835047,1
phishtank,1,0.997609312296634,1
tranco_benign_proxy,0,0.1853788022083685,0
phishtank,1,0.9999899278761556,1
tranco_benign_proxy,0,0.9937187583387618,1
phishtank,1,0.9848045994898827,1
tranco_benign_proxy,0,0.5945270168272576,0
phishtank,1,0.8894630292998325,1
tranco_benign_proxy,0,0.10044891465364772,0
phishtank,1,0.9700659679180788,1
phishtank,1,0.9952340417681743,1
phishtank,1,0.9979655917920505,1
tranco_benign_proxy,0,0.0210285309460469,0
phishtank,1,0.9981814894880264,1
phishtank,1,0.9258264764623133,1
tranco_benign_proxy,0,0.3434679762462824,0
phishtank,1,0.9343532529649683,1
tranco_benign_proxy,0,0.20711467804232833,0
phishtank,1,0.8521045572843781,1
phishtank,1,0.9794018106149399,1
phishtank,1,0.9997092665399957,1
phishtank,1,0.9992187173824653,1
phishtank,1,0.9360245887619886,1
tranco_benign_proxy,0,0.08853601069270012,0
phishtank,1,0.9730476547320038,1
tranco_benign_proxy,0,0.6089423541182597,0
phishtank,1,0.9980267007290167,1
tranco_benign_proxy,0,0.1747464714857413,0
phishtank,1,0.8970200998476142,1
tranco_benign_proxy,0,0.31666385124321883,0
phishtank,1,0.9759050148041988,1
phishtank,1,0.8670666241545268,1
tranco_benign_proxy,0,0.2770158547658102,0
tranco_benign_proxy,0,0.970428553566153,1
phishtank,1,0.9959198963576914,1
tranco_benign_proxy,0,0.06683778478997926,0
phishtank,1,0.9150509347360833,1
tranco_benign_proxy,0,0.06208587783384576,0
tranco_benign_proxy,0,0.2118699413556316,0
phishtank,1,0.9841570806096246,1
tranco_benign_proxy,0,0.31544953492351135,0
tranco_benign_proxy,0,0.0837623353949965,0
tranco_benign_proxy,0,0.6774868082743177,0
phishtank,1,0.9993342519602173,1
phishtank,1,0.983062405193302,1
tranco_benign_proxy,0,0.17148784671876405,0
phishtank,1,0.9789334712068275,1
tranco_benign_proxy,0,0.18203168550455961,0
tranco_benign_proxy,0,0.5754585253846075,0
phishtank,1,0.9960712295283729,1
tranco_benign_proxy,0,0.0642292825598392,0
tranco_benign_proxy,0,0.03286525031319666,0
tranco_benign_proxy,0,0.46475634788074044,0
tranco_benign_proxy,0,0.25560461351209507,0
tranco_benign_proxy,0,0.0007474372327145458,0
phishtank,1,0.9999743948529406,1
tranco_benign_proxy,0,0.9219463267916872,1
phishtank,1,0.9848857579010385,1
tranco_benign_proxy,0,0.9663511277039941,1
tranco_benign_proxy,0,0.054489638609249,0
phishtank,1,0.9988098738912656,1
phishtank,1,0.9939191012112963,1
phishtank,1,0.9842915115950667,1
tranco_benign_proxy,0,0.4044160007155941,0
phishtank,1,0.9982660588340834,1
tranco_benign_proxy,0,0.5837012251219943,0
tranco_benign_proxy,0,0.05950792603936832,0
phishtank,1,0.9996774609807941,1
tranco_benign_proxy,0,0.16654239384749647,0
tranco_benign_proxy,0,0.06233078314883969,0
phishtank,1,0.9495934723967742,1
phishtank,1,0.925149375918028,1
phishtank,1,0.9967925552848403,1
tranco_benign_proxy,0,0.22469374290476535,0
tranco_benign_proxy,0,0.07658354145528778,0
phishtank,1,0.9883042622952626,1
tranco_benign_proxy,0,0.4045405087738291,0
tranco_benign_proxy,0,0.12052761783348329,0
phishtank,1,0.9930296704891289,1
tranco_benign_proxy,0,0.13555852232630727,0
phishtank,1,0.9896983590791923,1
tranco_benign_proxy,0,0.18513177249481796,0
phishtank,1,0.9996667992189204,1
tranco_benign_proxy,0,0.6550582856773125,0
phishtank,1,0.9954877809967586,1
tranco_benign_proxy,0,0.002513369769473889,0
phishtank,1,0.9281957380004126,1
tranco_benign_proxy,0,0.9615419854391214,1
tranco_benign_proxy,0,0.1371219962423653,0
tranco_benign_proxy,0,0.6125035775607616,0
phishtank,1,0.9957453105504929,1
phishtank,1,0.9984536134670541,1
phishtank,1,0.996129881607422,1
phishtank,1,0.9905543781354963,1
tranco_benign_proxy,0,0.14329882118238932,0
phishtank,1,0.9521259992268222,1
phishtank,1,0.9992345027242027,1
phishtank,1,0.9987121289786959,1
phishtank,1,0.9414422484869337,1
phishtank,1,0.9958186410533834,1
phishtank,1,0.9993242929351301,1
phishtank,1,0.9951093796008406,1
tranco_benign_proxy,0,0.4479631821166061,0
tranco_benign_proxy,0,0.04147825199346209,0
phishtank,1,0.9803744272005601,1
phishtank,1,0.9999653003344335,1
tranco_benign_proxy,0,0.5878607395081307,0
tranco_benign_proxy,0,0.07826216613349304,0
phishtank,1,0.25298472135201716,0
tranco_benign_proxy,0,0.27132509379892267,0
phishtank,1,0.9954264335363094,1
phishtank,1,0.9989783263250325,1
phishtank,1,0.9951484770586617,1
phishtank,1,0.9851808138216513,1
tranco_benign_proxy,0,0.9670270784275978,1
phishtank,1,0.09086479440568226,0
phishtank,1,0.9999751003032332,1
phishtank,1,0.9910606641170631,1
phishtank,1,0.9795472612662569,1
tranco_benign_proxy,0,0.9174457802864979,1
tranco_benign_proxy,0,0.049405693021402755,0
tranco_benign_proxy,0,0.2220873977761828,0
phishtank,1,0.36119493067887437,0
phishtank,1,0.9974583205173049,1
tranco_benign_proxy,0,0.1598381608660741,0
tranco_benign_proxy,0,0.2648298143536964,0
phishtank,1,0.10502909235766054,0
tranco_benign_proxy,0,0.35846165696849247,0
tranco_benign_proxy,0,0.16065088589643392,0
tranco_benign_proxy,0,0.33567524428415996,0
phishtank,1,0.9993433085978498,1
tranco_benign_proxy,0,0.33460632502767124,0
phishtank,1,0.9999953474117234,1
phishtank,1,0.9922798435627678,1
tranco_benign_proxy,0,0.005992665852304397,0
phishtank,1,0.9967207414111203,1
tranco_benign_proxy,0,0.08268514769377942,0
phishtank,1,0.999370470077492,1
phishtank,1,0.9885434127177191,1
phishtank,1,0.9527047128667543,1
phishtank,1,0.9997778543420166,1
tranco_benign_proxy,0,0.18555006849937938,0
tranco_benign_proxy,0,0.37916883499028425,0
phishtank,1,0.9938912851372809,1
phishtank,1,0.9631251500436467,1
phishtank,1,0.836420389724928,1
phishtank,1,0.9948032055037968,1
phishtank,1,0.999902033726747,1
tranco_benign_proxy,0,0.6114164976827795,0
phishtank,1,0.9946682041482089,1
phishtank,1,0.9993959055264447,1
tranco_benign_proxy,0,0.7611333401786123,1
phishtank,1,0.9982502706205819,1
phishtank,1,0.9351693517439441,1
phishtank,1,0.9998073415266963,1
phishtank,1,0.9934179677322215,1
tranco_benign_proxy,0,0.04431685686783334,0
tranco_benign_proxy,0,0.056884831673407854,0
phishtank,1,0.9986897545404329,1
phishtank,1,0.925533157809693,1
tranco_benign_proxy,0,0.3683032071260807,0
tranco_benign_proxy,0,0.7045700851881808,1
tranco_benign_proxy,0,0.7603140310586358,1
phishtank,1,0.9164268922490483,1
phishtank,1,0.9761948040116349,1
phishtank,1,0.9975111751549217,1
tranco_benign_proxy,0,0.08126530621231551,0
phishtank,1,0.998600953854758,1
phishtank,1,0.9999613070145068,1
phishtank,1,0.99219438643873,1
phishtank,1,0.9971700600590743,1
phishtank,1,0.9750111361148516,1
phishtank,1,0.9312123885221395,1
phishtank,1,0.9736371229360222,1
phishtank,1,0.9856157241017943,1
tranco_benign_proxy,0,0.24272645784615815,0
tranco_benign_proxy,0,0.4886131345442273,0
tranco_benign_proxy,0,0.16463507795421578,0
tranco_benign_proxy,0,0.03470307452941927,0
phishtank,1,0.9972933280469531,1
phishtank,1,0.9877241002757955,1
phishtank,1,0.8610836491432241,1
phishtank,1,0.9997761838199161,1
tranco_benign_proxy,0,0.27348422655394855,0
tranco_benign_proxy,0,0.26710579122269573,0
tranco_benign_proxy,0,0.8743351373853824,1
phishtank,1,0.6965351789657432,0
tranco_benign_proxy,0,0.15471099669765423,0
phishtank,1,0.891629683581381,1
phishtank,1,0.2339614704620667,0
phishtank,1,0.9891130017178621,1
tranco_benign_proxy,0,0.022881328602173734,0
phishtank,1,0.9963555601699375,1
phishtank,1,0.9991038433861472,1
phishtank,1,0.9960838994936905,1
tranco_benign_proxy,0,0.9220888322066203,1
tranco_benign_proxy,0,0.29202971110000053,0
tranco_benign_proxy,0,0.8165391279180589,1
phishtank,1,0.9090286607858037,1
tranco_benign_proxy,0,0.2376044316771855,0
phishtank,1,0.9988613589454838,1
phishtank,1,0.9491126806551118,1
tranco_benign_proxy,0,0.41708864316877614,0
tranco_benign_proxy,0,0.6843707745548971,0
tranco_benign_proxy,0,0.3746847123312563,0
phishtank,1,0.9999375472365567,1
phishtank,1,0.9997047654028685,1
tranco_benign_proxy,0,0.13503841774381348,0
phishtank,1,0.9429183030916815,1
phishtank,1,0.39895776805940575,0
tranco_benign_proxy,0,0.881403806582227,1
phishtank,1,0.9972054616445252,1
phishtank,1,0.9255656719328184,1
tranco_benign_proxy,0,0.46003773078656607,0
phishtank,1,0.9984208914876395,1
phishtank,1,0.9702321390149491,1
tranco_benign_proxy,0,0.06871314083562283,0
tranco_benign_proxy,0,0.2743975387759064,0
tranco_benign_proxy,0,0.5104074577655219,0
tranco_benign_proxy,0,0.06001524521376884,0
tranco_benign_proxy,0,0.1698306372809587,0
tranco_benign_proxy,0,0.12033713875682356,0
phishtank,1,0.9972555644156555,1
phishtank,1,0.9785227069222511,1
tranco_benign_proxy,0,0.25255772865006115,0
phishtank,1,0.8144040772921155,1
tranco_benign_proxy,0,0.7238316607603252,1
phishtank,1,0.9981654688659417,1
phishtank,1,0.9759976878669987,1
tranco_benign_proxy,0,0.633631999719292,0
tranco_benign_proxy,0,0.060269367286252915,0
phishtank,1,0.9992741728351814,1
phishtank,1,0.9978058582530659,1
tranco_benign_proxy,0,0.32769439545087287,0
phishtank,1,0.9932228773566409,1
phishtank,1,0.810934359822903,1
phishtank,1,0.7826629135716426,1
phishtank,1,0.973552908369763,1
tranco_benign_proxy,0,0.12859145468943742,0
tranco_benign_proxy,0,0.03328799583002527,0
phishtank,1,0.9900117584454222,1
phishtank,1,0.9962069668076786,1
tranco_benign_proxy,0,0.29848973100315657,0
tranco_benign_proxy,0,0.617718181383169,0
phishtank,1,0.9952410700725117,1
phishtank,1,0.8856685042384362,1
phishtank,1,0.9930138092948335,1
tranco_benign_proxy,0,0.2530978890905725,0
phishtank,1,0.9968140301961775,1
tranco_benign_proxy,0,0.044512598290526596,0
phishtank,1,0.9862026240363746,1
phishtank,1,0.9333277262129208,1
phishtank,1,0.987525842024168,1
phishtank,1,0.9573807651857961,1
phishtank,1,0.9954954778190621,1
tranco_benign_proxy,0,0.03616142066948414,0
phishtank,1,0.9449624675222299,1
tranco_benign_proxy,0,0.05005366366917198,0
phishtank,1,0.9900571043834447,1
phishtank,1,0.8963636447818749,1
phishtank,1,0.9656783512779643,1
phishtank,1,0.31639737791682165,0
tranco_benign_proxy,0,0.2603125923439083,0
tranco_benign_proxy,0,0.5092509262297886,0
tranco_benign_proxy,0,0.17490312812508552,0
tranco_benign_proxy,0,0.896446465378468,1
phishtank,1,0.977838190522352,1
phishtank,1,0.9132869949750303,1
tranco_benign_proxy,0,0.11902764639967826,0
tranco_benign_proxy,0,0.7191869967803401,1
tranco_benign_proxy,0,0.7124223145967372,1
phishtank,1,0.9996777036443844,1
tranco_benign_proxy,0,0.41875943087370665,0
tranco_benign_proxy,0,0.08313793268466471,0
tranco_benign_proxy,0,0.1437997179522584,0
tranco_benign_proxy,0,0.0005435673332219197,0
tranco_benign_proxy,0,0.1373043337739831,0
phishtank,1,0.9992423081890878,1
tranco_benign_proxy,0,0.33902124606871487,0
tranco_benign_proxy,0,0.0612140792493966,0
phishtank,1,0.989761091620026,1
phishtank,1,0.9967171069925721,1
phishtank,1,0.9971173154180225,1
tranco_benign_proxy,0,0.15353900910340376,0
phishtank,1,0.9823618788069253,1
phishtank,1,0.9971810399325824,1
tranco_benign_proxy,0,0.11377322089834378,0
tranco_benign_proxy,0,0.10854932634032187,0
tranco_benign_proxy,0,0.1106386061210866,0
phishtank,1,0.9812442460722596,1
phishtank,1,0.9994235820206453,1
phishtank,1,0.9979422192157275,1
phishtank,1,0.9994867762107819,1
phishtank,1,0.9863970435433743,1
phishtank,1,0.994114068465278,1
phishtank,1,0.9469847367675293,1
tranco_benign_proxy,0,0.18044606570534152,0
phishtank,1,0.9998804609325238,1
tranco_benign_proxy,0,0.31504188983136533,0
phishtank,1,0.9503797484200058,1
tranco_benign_proxy,0,0.05283612394835214,0
tranco_benign_proxy,0,0.31458094666513625,0
phishtank,1,0.9989891267847001,1
phishtank,1,0.25494029291316506,0
phishtank,1,0.8697439109130133,1
phishtank,1,0.980985589198388,1
phishtank,1,0.1323654249215061,0
phishtank,1,0.9995946177602902,1
phishtank,1,0.9680857390377684,1
tranco_benign_proxy,0,0.45197306451596847,0
tranco_benign_proxy,0,0.3513450115516327,0
phishtank,1,0.9957426652923945,1
tranco_benign_proxy,0,0.034104139577179504,0
phishtank,1,0.9995334143887485,1
phishtank,1,0.9074632191432432,1
tranco_benign_proxy,0,0.20641467687600715,0
tranco_benign_proxy,0,0.8140438892966896,1
tranco_benign_proxy,0,0.8349804066779172,1
phishtank,1,0.9992647163102214,1
phishtank,1,0.9972357983770941,1
phishtank,1,0.9871140582386858,1
phishtank,1,0.9999142081790368,1
tranco_benign_proxy,0,0.1783277464807974,0
phishtank,1,0.8810806196398471,1
tranco_benign_proxy,0,0.4982717154630081,0
phishtank,1,0.9991103612064796,1
phishtank,1,0.9795625258482686,1
phishtank,1,0.905441973640982,1
phishtank,1,0.998915474226333,1
phishtank,1,0.9751831893036723,1
tranco_benign_proxy,0,0.9407695784731022,1
tranco_benign_proxy,0,0.6669041796353473,0
phishtank,1,0.9990815744730007,1
phishtank,1,0.9965614543742631,1
phishtank,1,0.9963315285415729,1
phishtank,1,0.9695646099766891,1
phishtank,1,0.999985754709817,1
tranco_benign_proxy,0,0.14436855398639398,0
tranco_benign_proxy,0,0.9497042476007871,1
phishtank,1,0.9890799931983183,1
tranco_benign_proxy,0,0.3757628977241955,0
phishtank,1,0.29082636039234033,0
phishtank,1,0.9994593375917026,1
tranco_benign_proxy,0,0.9871896439168317,1
phishtank,1,0.9755956298236045,1
phishtank,1,0.9985711690126046,1
phishtank,1,0.9676015299441004,1
tranco_benign_proxy,0,0.4075454137017196,0
tranco_benign_proxy,0,0.06362784600997932,0
phishtank,1,0.9922037451626613,1
tranco_benign_proxy,0,0.7751387738244678,1
phishtank,1,0.9661462064998105,1
phishtank,1,0.9976630906719147,1
tranco_benign_proxy,0,0.049047472554710196,0
tranco_benign_proxy,0,0.3297899451538705,0
phishtank,1,0.9972704522859188,1
phishtank,1,0.9808443313183711,1
tranco_benign_proxy,0,0.07895071340117467,0
phishtank,1,0.9781471765425397,1
phishtank,1,0.1785173729900113,0
phishtank,1,0.9999807915238292,1
tranco_benign_proxy,0,0.010423768901715794,0
tranco_benign_proxy,0,0.3829005805806822,0
phishtank,1,0.9743402667788563,1
phishtank,1,0.9962114281821846,1
phishtank,1,0.9904347271758728,1
tranco_benign_proxy,0,0.214853461632132,0
tranco_benign_proxy,0,0.04520854154734366,0
phishtank,1,0.9619099791577008,1
tranco_benign_proxy,0,0.11369980869436638,0
phishtank,1,0.9046012466051387,1
tranco_benign_proxy,0,0.42432962804274327,0
phishtank,1,0.8795656304378158,1
tranco_benign_proxy,0,0.4673936357968208,0
tranco_benign_proxy,0,0.6585801353489232,0
tranco_benign_proxy,0,0.4465938537898501,0
phishtank,1,0.9679820738339251,1
tranco_benign_proxy,0,0.13949886057801647,0
phishtank,1,0.9956138884190096,1
phishtank,1,0.9614071520414099,1
phishtank,1,0.2078642086332403,0
tranco_benign_proxy,0,0.12710085622708783,0
tranco_benign_proxy,0,0.1863965802761144,0
tranco_benign_proxy,0,0.773681600040575,1
tranco_benign_proxy,0,0.8765314429248121,1
phishtank,1,0.9968605856962872,1
phishtank,1,0.9643953917829021,1
tranco_benign_proxy,0,0.4249700033705378,0
phishtank,1,0.993981338269443,1
tranco_benign_proxy,0,0.6861098107978668,0
phishtank,1,0.9786375314931302,1
tranco_benign_proxy,0,0.2976677917908545,0
tranco_benign_proxy,0,0.02744963755609627,0
tranco_benign_proxy,0,0.9050448748568436,1
tranco_benign_proxy,0,0.24401580372929668,0
phishtank,1,0.9993121849429325,1
phishtank,1,0.9989273019273511,1
phishtank,1,0.9943647844052532,1
phishtank,1,0.9707019200693645,1
phishtank,1,0.9999529719453968,1
tranco_benign_proxy,0,0.037969988680293394,0
tranco_benign_proxy,0,0.005014654780016056,0
phishtank,1,0.9999801107592166,1
tranco_benign_proxy,0,0.09528841166095749,0
phishtank,1,0.9846962240061986,1
tranco_benign_proxy,0,0.08937606305122921,0
phishtank,1,0.9996760843432906,1
tranco_benign_proxy,0,0.7064716115586839,1
phishtank,1,0.9999881337673502,1
tranco_benign_proxy,0,0.7490182817781369,1
tranco_benign_proxy,0,0.08323064710389584,0
tranco_benign_proxy,0,0.153408719081127,0
phishtank,1,0.97580292928346,1
tranco_benign_proxy,0,0.5819420139942814,0
tranco_benign_proxy,0,0.9005964036940167,1
tranco_benign_proxy,0,0.8980997643453419,1
tranco_benign_proxy,0,0.9715865554230816,1
phishtank,1,0.9944061215429844,1
phishtank,1,0.9971174009775553,1
phishtank,1,0.9488296391186348,1
tranco_benign_proxy,0,0.07241542528649338,0
phishtank,1,0.9475516407710165,1
tranco_benign_proxy,0,0.2360285826154176,0
phishtank,1,0.9960496149998681,1
tranco_benign_proxy,0,0.2908517451618637,0
phishtank,1,0.9993247558704449,1
phishtank,1,0.9160493101823042,1
tranco_benign_proxy,0,0.027693818424792502,0
phishtank,1,0.9995372606826124,1
tranco_benign_proxy,0,0.227000428446314,0
phishtank,1,0.9998439333553172,1
tranco_benign_proxy,0,0.3997323240004637,0
tranco_benign_proxy,0,0.09003074481143745,0
tranco_benign_proxy,0,0.2753074614476244,0
tranco_benign_proxy,0,0.9203520370625584,1
phishtank,1,0.9133837791322719,1
phishtank,1,0.9972161682336147,1
tranco_benign_proxy,0,0.05854901686862036,0
phishtank,1,0.2339417997373953,0
tranco_benign_proxy,0,0.6558623298862849,0
tranco_benign_proxy,0,0.28289426271808216,0
tranco_benign_proxy,0,0.2567682497934667,0
phishtank,1,0.9306524249181973,1
phishtank,1,0.9979911695945565,1
phishtank,1,0.9854311769232873,1
phishtank,1,0.9986120598336035,1
phishtank,1,0.9707125079614096,1
tranco_benign_proxy,0,0.14602548789547176,0
phishtank,1,0.904387922340987,1
tranco_benign_proxy,0,0.11427888688094037,0
phishtank,1,0.5164108993444878,0
tranco_benign_proxy,0,0.3420362827379825,0
phishtank,1,0.9992282174310771,1
tranco_benign_proxy,0,0.5049034234564508,0
phishtank,1,0.9937980076085191,1
phishtank,1,0.9419298426115772,1
phishtank,1,0.9419625293338637,1
tranco_benign_proxy,0,0.4267524916990284,0
phishtank,1,0.9982725598513265,1
phishtank,1,0.9986751275414858,1
tranco_benign_proxy,0,0.3548792300370348,0
tranco_benign_proxy,0,0.033218336741435324,0
phishtank,1,0.9997509564762229,1
tranco_benign_proxy,0,0.17945166876392507,0
phishtank,1,0.9999881355096967,1
phishtank,1,0.9994570641649883,1
phishtank,1,0.9981089904171082,1
phishtank,1,0.9901630744200853,1
phishtank,1,0.999595484437834,1
phishtank,1,0.9979358374029402,1
phishtank,1,0.9932093385484884,1
phishtank,1,0.9933254643556704,1
phishtank,1,0.9998919673988019,1
phishtank,1,0.9990259036323148,1
phishtank,1,0.8785350470745625,1
tranco_benign_proxy,0,0.027311586324145244,0
phishtank,1,0.972182841409473,1
tranco_benign_proxy,0,0.1720264812491846,0
tranco_benign_proxy,0,0.32412512331517757,0
tranco_benign_proxy,0,0.8820118297967094,1
tranco_benign_proxy,0,0.35253520303919633,0
tranco_benign_proxy,0,0.41511043856105473,0
tranco_benign_proxy,0,0.6780647353457926,0
tranco_benign_proxy,0,0.16844336365533724,0
phishtank,1,0.9995189217197011,1
tranco_benign_proxy,0,0.691461102240395,0
tranco_benign_proxy,0,0.22093940395691927,0
phishtank,1,0.998306525399009,1
tranco_benign_proxy,0,0.45838992807651796,0
phishtank,1,0.9424538280009193,1
tranco_benign_proxy,0,0.5344029499222083,0
phishtank,1,0.9999874095630211,1
tranco_benign_proxy,0,0.3703612143981868,0
phishtank,1,0.9990054504373965,1
phishtank,1,0.98441269610665,1
tranco_benign_proxy,0,0.16445740217385904,0
phishtank,1,0.9884896275128017,1
phishtank,1,0.1983672377982442,0
phishtank,1,0.9787157583460823,1
tranco_benign_proxy,0,0.4206708160286386,0
phishtank,1,0.2198465108966785,0
phishtank,1,0.9978654629792557,1
tranco_benign_proxy,0,0.011054631877355333,0
tranco_benign_proxy,0,0.40462710394549645,0
phishtank,1,0.9757602360125789,1
phishtank,1,0.9849300971295221,1
phishtank,1,0.9969610929828899,1
phishtank,1,0.9920160140129575,1
tranco_benign_proxy,0,0.9786158190819557,1
phishtank,1,0.9968952692898375,1
tranco_benign_proxy,0,0.29817367271211365,0
tranco_benign_proxy,0,0.059237574868334045,0
tranco_benign_proxy,0,0.10382837579388413,0
tranco_benign_proxy,0,0.036996278817092505,0
phishtank,1,0.9879861976846253,1
phishtank,1,0.9983772565313567,1
tranco_benign_proxy,0,0.25943596797370927,0
tranco_benign_proxy,0,0.043396055819690436,0
tranco_benign_proxy,0,0.13214773245500824,0
tranco_benign_proxy,0,0.5592531298793966,0
tranco_benign_proxy,0,0.017621482513725754,0
phishtank,1,0.9944072404294798,1
tranco_benign_proxy,0,0.8097815697775815,1
tranco_benign_proxy,0,0.06721187646319647,0
tranco_benign_proxy,0,0.022556494610847685,0
tranco_benign_proxy,0,0.035428691109993346,0
tranco_benign_proxy,0,0.7328148123276557,1
tranco_benign_proxy,0,0.43794447251625407,0
tranco_benign_proxy,0,0.6238218109264986,0
tranco_benign_proxy,0,0.17291116558932393,0
phishtank,1,0.9959148990849547,1
phishtank,1,0.9999834941667435,1
tranco_benign_proxy,0,0.9745955899635876,1
phishtank,1,0.9911213776796298,1
phishtank,1,0.9971054598720612,1
phishtank,1,0.8855361355498864,1
phishtank,1,0.9536267909045111,1
tranco_benign_proxy,0,0.40672916540805026,0
phishtank,1,0.9499974905043466,1
tranco_benign_proxy,0,0.003888458105009371,0
phishtank,1,0.9954092040788255,1
phishtank,1,0.9796417231201774,1
tranco_benign_proxy,0,0.2775452689532624,0
phishtank,1,0.9811274620094279,1
tranco_benign_proxy,0,0.17890833638809492,0
tranco_benign_proxy,0,0.030567920442544264,0
tranco_benign_proxy,0,0.13164641785404477,0
tranco_benign_proxy,0,0.3719026547416906,0
phishtank,1,0.9983800195496377,1
tranco_benign_proxy,0,0.13468551063288778,0
phishtank,1,0.9982906030827304,1
tranco_benign_proxy,0,0.40145297025855853,0
tranco_benign_proxy,0,0.0345581218609937,0
tranco_benign_proxy,0,0.016083825439768048,0
phishtank,1,0.9995162712327412,1
tranco_benign_proxy,0,0.8240762492618665,1
phishtank,1,0.9967343334141122,1
phishtank,1,0.9981480169347949,1
tranco_benign_proxy,0,0.08120256455862963,0
tranco_benign_proxy,0,0.04741941732754909,0
phishtank,1,0.9999221118257016,1
tranco_benign_proxy,0,0.27901243584249197,0
phishtank,1,0.9995491800179822,1
tranco_benign_proxy,0,0.6635300770339403,0
tranco_benign_proxy,0,0.2567940506181975,0
phishtank,1,0.9990364260236566,1
phishtank,1,0.931784642352024,1
phishtank,1,0.9501810717742188,1
phishtank,1,0.9819356080646163,1
tranco_benign_proxy,0,0.9613193075556158,1
phishtank,1,0.9998798333601581,1
phishtank,1,0.9638059652830949,1
phishtank,1,0.9783056835303411,1
tranco_benign_proxy,0,0.7740609466857445,1
tranco_benign_proxy,0,0.8708944399570805,1
tranco_benign_proxy,0,0.2922618172746193,0
phishtank,1,0.9790905114818841,1
phishtank,1,0.9999564869372323,1
tranco_benign_proxy,0,0.22030147656398635,0
tranco_benign_proxy,0,0.505956126311939,0
tranco_benign_proxy,0,0.9648899953379563,1
tranco_benign_proxy,0,0.14107192943121077,0
phishtank,1,0.9670447567842259,1
tranco_benign_proxy,0,0.872972607586782,1
phishtank,1,0.9560015036070767,1
tranco_benign_proxy,0,0.003720632402477028,0
phishtank,1,0.9943857975394977,1
phishtank,1,0.9758452750521593,1
phishtank,1,0.9956241680771535,1
tranco_benign_proxy,0,0.08382201767819054,0
tranco_benign_proxy,0,0.033233385530312784,0
phishtank,1,0.9920119843642179,1
tranco_benign_proxy,0,0.44350148976956066,0
tranco_benign_proxy,0,0.35783688017542914,0
tranco_benign_proxy,0,0.13989979637554553,0
phishtank,1,0.9719597931290694,1
tranco_benign_proxy,0,0.21460439351528074,0
tranco_benign_proxy,0,0.08714538374333285,0
phishtank,1,0.9994312846251433,1
tranco_benign_proxy,0,0.3719076575532572,0
tranco_benign_proxy,0,0.8417554330313841,1
phishtank,1,0.9845815757234596,1
tranco_benign_proxy,0,0.5399559120702956,0
phishtank,1,0.9686631693063585,1
phishtank,1,0.9461973084848938,1
phishtank,1,0.999627098578284,1
phishtank,1,0.9814117584969472,1
tranco_benign_proxy,0,0.7903799320535089,1
phishtank,1,0.9900151458056073,1
tranco_benign_proxy,0,0.4998824784767658,0
tranco_benign_proxy,0,0.2873653044610988,0
phishtank,1,0.9656680822886072,1
phishtank,1,0.9005622167623523,1
phishtank,1,0.989975838004342,1
tranco_benign_proxy,0,0.4288602844918415,0
tranco_benign_proxy,0,0.4349290028458185,0
phishtank,1,0.9603123731557477,1
tranco_benign_proxy,0,0.6369080113121945,0
tranco_benign_proxy,0,0.06034594968884838,0
phishtank,1,0.9555055239955573,1
phishtank,1,0.9575038424241328,1
phishtank,1,0.9998763608090857,1
phishtank,1,0.9969447520828484,1
tranco_benign_proxy,0,0.9172399993115208,1
tranco_benign_proxy,0,0.3277284853197012,0
tranco_benign_proxy,0,0.029650405611047544,0
phishtank,1,0.9840116207879019,1
tranco_benign_proxy,0,0.11269060216990687,0
tranco_benign_proxy,0,0.6972705135614926,0
tranco_benign_proxy,0,0.045082424528653346,0
phishtank,1,0.9806877264700946,1
tranco_benign_proxy,0,0.06650812277168806,0
phishtank,1,0.9879228714249575,1
tranco_benign_proxy,0,0.02305083001182731,0
phishtank,1,0.7091380740815307,1
tranco_benign_proxy,0,0.04858895617429249,0
tranco_benign_proxy,0,0.04300042240945289,0
phishtank,1,0.9768415566308923,1
tranco_benign_proxy,0,0.7275469114841976,1
tranco_benign_proxy,0,0.7515606048413498,1
phishtank,1,0.9801143354725836,1
tranco_benign_proxy,0,0.994002172486624,1
phishtank,1,0.9991864422501503,1
tranco_benign_proxy,0,0.10647448276207414,0
phishtank,1,0.982388446995695,1
tranco_benign_proxy,0,0.8000818840777009,1
phishtank,1,0.9517584429140894,1
phishtank,1,0.9237851521528126,1
phishtank,1,0.997620020401445,1
tranco_benign_proxy,0,0.4139405914098206,0
tranco_benign_proxy,0,0.1061945645968006,0
phishtank,1,0.9991319002388213,1
tranco_benign_proxy,0,0.12109492168827558,0
tranco_benign_proxy,0,0.02128119435927817,0
tranco_benign_proxy,0,0.583265061719581,0
tranco_benign_proxy,0,0.07580505907350918,0
tranco_benign_proxy,0,0.1490721187868768,0
tranco_benign_proxy,0,0.785911031222414,1
tranco_benign_proxy,0,0.5507173808152914,0
tranco_benign_proxy,0,0.7464301212848957,1
tranco_benign_proxy,0,0.11242379071818762,0
phishtank,1,0.9993435184604709,1
phishtank,1,0.999543253214514,1
tranco_benign_proxy,0,0.7657643662348996,1
tranco_benign_proxy,0,0.7783335560279299,1
phishtank,1,0.99761518128552,1
tranco_benign_proxy,0,0.6289435135041811,0
phishtank,1,0.9969239649614325,1
tranco_benign_proxy,0,0.7844561411705343,1
tranco_benign_proxy,0,0.07905862476824514,0
phishtank,1,0.996644321068361,1
tranco_benign_proxy,0,0.4193594738365937,0
phishtank,1,0.9956005806089371,1
phishtank,1,0.9998879808963438,1
phishtank,1,0.36656466620837064,0
phishtank,1,0.9995276119903462,1
tranco_benign_proxy,0,0.4841471358843953,0
tranco_benign_proxy,0,0.2010344545062225,0
tranco_benign_proxy,0,0.7588798924297443,1
tranco_benign_proxy,0,0.9549635455399873,1
tranco_benign_proxy,0,0.11581910220644943,0
phishtank,1,0.9949835592766139,1
tranco_benign_proxy,0,0.9991367061745138,1
phishtank,1,0.9998051064566348,1
phishtank,1,0.8672373997555233,1
phishtank,1,0.9997956959020622,1
tranco_benign_proxy,0,0.40566369753233333,0
tranco_benign_proxy,0,0.2993197768776014,0
tranco_benign_proxy,0,0.3996146073202524,0
tranco_benign_proxy,0,0.16006924879930617,0
phishtank,1,0.2538977328804843,0
phishtank,1,0.982858161962293,1
tranco_benign_proxy,0,0.3558558992095775,0
phishtank,1,0.9979811835784473,1
phishtank,1,0.9953587693224819,1
phishtank,1,0.9483637676716494,1
phishtank,1,0.9447367354104798,1
phishtank,1,0.7753327482961226,1
phishtank,1,0.9970969865061355,1
phishtank,1,0.9988461809736503,1
tranco_benign_proxy,0,0.0637449714219803,0
phishtank,1,0.9997350387740882,1
phishtank,1,0.9974792674493823,1
phishtank,1,0.9993149535595208,1
phishtank,1,0.9002903083300468,1
phishtank,1,0.996254813039994,1
phishtank,1,0.9895919315801276,1
tranco_benign_proxy,0,0.05410286165116363,0
tranco_benign_proxy,0,0.46043066043683967,0
phishtank,1,0.9904344160745592,1
phishtank,1,0.9869321244625171,1
tranco_benign_proxy,0,0.40288804770023084,0
phishtank,1,0.9916313019194687,1
tranco_benign_proxy,0,0.8374635121227003,1
tranco_benign_proxy,0,0.052319974163540214,0
phishtank,1,0.9988962829250351,1
tranco_benign_proxy,0,0.2034295007685875,0
tranco_benign_proxy,0,0.13571961756420545,0
tranco_benign_proxy,0,0.4459667029080398,0
phishtank,1,0.9987086216293446,1
tranco_benign_proxy,0,0.28275845588221893,0
phishtank,1,0.6351147141185949,0
tranco_benign_proxy,0,0.1771137486909684,0
phishtank,1,0.9966997419717425,1
tranco_benign_proxy,0,0.13523606107208366,0
phishtank,1,0.9298989350412912,1
tranco_benign_proxy,0,0.007433054593591434,0
tranco_benign_proxy,0,0.2568480152159336,0
tranco_benign_proxy,0,0.3699274995316489,0
phishtank,1,0.9696150039389575,1
phishtank,1,0.9909693356852287,1
tranco_benign_proxy,0,0.32766151905149515,0
phishtank,1,0.9995496465279817,1
tranco_benign_proxy,0,0.09479383075756122,0
tranco_benign_proxy,0,0.08215417219170752,0
tranco_benign_proxy,0,0.44604867930275727,0
tranco_benign_proxy,0,0.16682875610011197,0
phishtank,1,0.9996489665657661,1
phishtank,1,0.986101923452205,1
tranco_benign_proxy,0,0.4535836715827446,0
phishtank,1,0.9998329006328353,1
tranco_benign_proxy,0,0.1702602568709754,0
tranco_benign_proxy,0,0.015005703384495792,0
tranco_benign_proxy,0,0.14099669410810559,0
phishtank,1,0.9994637930401014,1
phishtank,1,0.9967226610828831,1
phishtank,1,0.9505463017720703,1
phishtank,1,0.9732436369779915,1
tranco_benign_proxy,0,0.4289500501828207,0
phishtank,1,0.9930395369371599,1
tranco_benign_proxy,0,0.05306047730065467,0
tranco_benign_proxy,0,0.006075427652688255,0
tranco_benign_proxy,0,0.4478284222851663,0
tranco_benign_proxy,0,0.053459100896265176,0
phishtank,1,0.9832626275738232,1
phishtank,1,0.9997390820078212,1
phishtank,1,0.3217629429400115,0
tranco_benign_proxy,0,0.663255205701034,0
phishtank,1,0.9552413893513357,1
phishtank,1,0.9965417544836046,1
phishtank,1,0.7988699396925388,1
phishtank,1,0.9879427763622675,1
tranco_benign_proxy,0,0.7503829400771794,1
tranco_benign_proxy,0,0.4342675806734643,0
phishtank,1,0.5625856520647203,0
phishtank,1,0.9687345378976685,1
phishtank,1,0.9997184882656184,1
phishtank,1,0.9840579046571432,1
phishtank,1,0.9658112237202048,1
phishtank,1,0.9688689154877108,1
phishtank,1,0.994778793539195,1
phishtank,1,0.9987636741857112,1
phishtank,1,0.9998182949669818,1
phishtank,1,0.9637311007173726,1
tranco_benign_proxy,0,0.014353703438778863,0
tranco_benign_proxy,0,0.14121010521274607,0
tranco_benign_proxy,0,0.2632553131027417,0
tranco_benign_proxy,0,0.18639755538836822,0
tranco_benign_proxy,0,0.9981456646624741,1
phishtank,1,0.9886737223879891,1
phishtank,1,0.9370799450794794,1
tranco_benign_proxy,0,0.8804475982971673,1
tranco_benign_proxy,0,0.45366860183779373,0
phishtank,1,0.9931098998605556,1
tranco_benign_proxy,0,0.07304958209665223,0
tranco_benign_proxy,0,0.13358768373172542,0
phishtank,1,0.9923341917200559,1
tranco_benign_proxy,0,0.13127599623617972,0
phishtank,1,0.8541446692841456,1
phishtank,1,0.9966808200994988,1
phishtank,1,0.7211188398834725,1
phishtank,1,0.9713314674345852,1
phishtank,1,0.9999198608861606,1
tranco_benign_proxy,0,0.8794759361006437,1
phishtank,1,0.9909465650003747,1
phishtank,1,0.9984488795013329,1
phishtank,1,0.9905539039175959,1
phishtank,1,0.9998271953254035,1
phishtank,1,0.9795136132753566,1
tranco_benign_proxy,0,0.10510289157247561,0
tranco_benign_proxy,0,0.34596893149522356,0
tranco_benign_proxy,0,0.08823290059309839,0
tranco_benign_proxy,0,0.38228047287099565,0
phishtank,1,0.9987210592973836,1
tranco_benign_proxy,0,0.7772442147204168,1
tranco_benign_proxy,0,0.020812710540082827,0
tranco_benign_proxy,0,0.15848642241309197,0
phishtank,1,0.9428362287713791,1
tranco_benign_proxy,0,0.17311346194405014,0
phishtank,1,0.9993964403985255,1
tranco_benign_proxy,0,0.7606479179828958,1
phishtank,1,0.9877278377430876,1
phishtank,1,0.9600271314368398,1
tranco_benign_proxy,0,0.8724780032258778,1
phishtank,1,0.9989015892224581,1
phishtank,1,0.987191655271139,1
tranco_benign_proxy,0,0.8526920297830937,1
phishtank,1,0.9970625584278029,1
phishtank,1,0.9998656304833002,1
phishtank,1,0.9717005390484631,1
tranco_benign_proxy,0,0.15183286056901513,0
phishtank,1,0.9999602975510609,1
phishtank,1,0.9992635948903494,1
tranco_benign_proxy,0,0.09507462069537102,0
tranco_benign_proxy,0,0.05668650062985429,0
tranco_benign_proxy,0,0.13071784633315783,0
tranco_benign_proxy,0,0.0016744166651691385,0
phishtank,1,0.994555895497414,1
tranco_benign_proxy,0,0.03713917090584609,0
phishtank,1,0.985316458489656,1
phishtank,1,0.9967736178712784,1
phishtank,1,0.9990309585800417,1
tranco_benign_proxy,0,0.15484489573406152,0
tranco_benign_proxy,0,0.03785903563086891,0
tranco_benign_proxy,0,0.3860730131341298,0
phishtank,1,0.9991621338825464,1
tranco_benign_proxy,0,0.500794855500817,0
tranco_benign_proxy,0,0.06632576882120172,0
tranco_benign_proxy,0,0.8443000226351548,1
phishtank,1,0.9966498389418875,1
tranco_benign_proxy,0,0.0641198034025394,0
phishtank,1,0.9938866162894189,1
phishtank,1,0.09260420341519215,0
phishtank,1,0.9994493563610397,1
tranco_benign_proxy,0,0.050426815703593544,0
phishtank,1,0.9998694248168387,1
tranco_benign_proxy,0,0.20059062627473018,0
tranco_benign_proxy,0,0.0889700737500132,0
tranco_benign_proxy,0,0.11625051473820022,0
tranco_benign_proxy,0,0.9480211170849536,1
tranco_benign_proxy,0,0.38159352478413155,0
tranco_benign_proxy,0,0.062359686091219245,0
phishtank,1,0.9492090412016683,1
phishtank,1,0.9991519623178405,1
tranco_benign_proxy,0,0.059621916688511294,0
tranco_benign_proxy,0,0.2429358929055638,0
phishtank,1,0.997436032526057,1
tranco_benign_proxy,0,0.026710492626377993,0
phishtank,1,0.9957299663077038,1
tranco_benign_proxy,0,0.9666249778256313,1
tranco_benign_proxy,0,0.6427732700115757,0
tranco_benign_proxy,0,0.39755033162142683,0
tranco_benign_proxy,0,0.9386582495208752,1
phishtank,1,0.20937241961946532,0
tranco_benign_proxy,0,0.06762238501173651,0
phishtank,1,0.9989550181978091,1
tranco_benign_proxy,0,0.12357676194703598,0
tranco_benign_proxy,0,0.7332467977565219,1
tranco_benign_proxy,0,0.5052152993440232,0
phishtank,1,0.32095023856796195,0
phishtank,1,0.9968900690546861,1
tranco_benign_proxy,0,0.3358913931765646,0
tranco_benign_proxy,0,0.09843902859290618,0
tranco_benign_proxy,0,0.9273993921663953,1
tranco_benign_proxy,0,0.6953532587232294,0
tranco_benign_proxy,0,0.7193570855887342,1
phishtank,1,0.9993323536428225,1
tranco_benign_proxy,0,0.9895766759430903,1
phishtank,1,0.9606584823062055,1
phishtank,1,0.9963068932151868,1
phishtank,1,0.9777414159595944,1
phishtank,1,0.9937184863559873,1
phishtank,1,0.893813965148195,1
tranco_benign_proxy,0,0.8591218897635373,1
phishtank,1,0.8703838092859844,1
tranco_benign_proxy,0,0.26558335968196695,0
tranco_benign_proxy,0,0.11941733625082299,0
tranco_benign_proxy,0,0.711998040629639,1
phishtank,1,0.9996187973026687,1
tranco_benign_proxy,0,0.815985402997756,1
phishtank,1,0.9999184036675898,1
phishtank,1,0.9928884547434468,1
phishtank,1,0.2274937270375534,0
tranco_benign_proxy,0,0.05861729152943972,0
tranco_benign_proxy,0,0.06641062587113775,0
phishtank,1,0.9519584561368566,1
phishtank,1,0.9987632732392897,1
tranco_benign_proxy,0,0.158367847939449,0
tranco_benign_proxy,0,0.8912280489878366,1
phishtank,1,0.9991033834998773,1
phishtank,1,0.9997947221876854,1
tranco_benign_proxy,0,0.20182522625156252,0
phishtank,1,0.9982014804359781,1
phishtank,1,0.9716118699716321,1
tranco_benign_proxy,0,0.23833120843300623,0
tranco_benign_proxy,0,0.3337710693112399,0
tranco_benign_proxy,0,0.10376158499350224,0
phishtank,1,0.9964449601743828,1
tranco_benign_proxy,0,0.3722326491573844,0
phishtank,1,0.6902987054893874,0
phishtank,1,0.9998408221900419,1
tranco_benign_proxy,0,0.4698221461343484,0
tranco_benign_proxy,0,0.1556663386090515,0
phishtank,1,0.9767721027737404,1
phishtank,1,0.9916838851663846,1
tranco_benign_proxy,0,0.6081685578373105,0
tranco_benign_proxy,0,0.050212604702453714,0
phishtank,1,0.9617161685996963,1
tranco_benign_proxy,0,0.20429912153134072,0
tranco_benign_proxy,0,0.16946035288854544,0
phishtank,1,0.9910738946411926,1
phishtank,1,0.9639116832027236,1
phishtank,1,0.9377236860606011,1
tranco_benign_proxy,0,0.16656857791749552,0
tranco_benign_proxy,0,0.5093190387296539,0
phishtank,1,0.9736269018980852,1
tranco_benign_proxy,0,0.06409479431072461,0
tranco_benign_proxy,0,0.18939469748550675,0
tranco_benign_proxy,0,0.4206517169142762,0
tranco_benign_proxy,0,0.017719310089595784,0
tranco_benign_proxy,0,0.43632378803819166,0
phishtank,1,0.9995152628688588,1
tranco_benign_proxy,0,0.9393803327394079,1
tranco_benign_proxy,0,0.7082112284120798,1
phishtank,1,0.9513010610957449,1
phishtank,1,0.9709598504626531,1
phishtank,1,0.9912521136169836,1
tranco_benign_proxy,0,0.03161863012320063,0
phishtank,1,0.9994228994103774,1
tranco_benign_proxy,0,0.7758690703138276,1
tranco_benign_proxy,0,0.057207094184161485,0
phishtank,1,0.9942782147848539,1
phishtank,1,0.996925870738357,1
tranco_benign_proxy,0,0.6289607688627442,0
phishtank,1,0.9531600765105114,1
phishtank,1,0.9031486958496255,1
phishtank,1,0.9875511214022911,1
phishtank,1,0.9575414449983222,1
phishtank,1,0.9337238710480794,1
tranco_benign_proxy,0,0.56866485102518,0
tranco_benign_proxy,0,0.2153211487533632,0
phishtank,1,0.9967474739701411,1
tranco_benign_proxy,0,0.14742518278746114,0
phishtank,1,0.9989042300863084,1
phishtank,1,0.9924718231237263,1
tranco_benign_proxy,0,0.872801021321173,1
phishtank,1,0.9982007531546255,1
tranco_benign_proxy,0,0.40668534244681737,0
tranco_benign_proxy,0,0.840628810598244,1
tranco_benign_proxy,0,0.18174611196697354,0
phishtank,1,0.9792561054060736,1
phishtank,1,0.8222101682858394,1
phishtank,1,0.9999180104638371,1
phishtank,1,0.99985759205238,1
phishtank,1,0.60592140340832,0
phishtank,1,0.9908723537553237,1
tranco_benign_proxy,0,0.2750778164075659,0
phishtank,1,0.14261937888981369,0
phishtank,1,0.9863566148707018,1
phishtank,1,0.9889807816786121,1
phishtank,1,0.9977054766978779,1
tranco_benign_proxy,0,0.9233941220907625,1
phishtank,1,0.9991641283846627,1
tranco_benign_proxy,0,0.40749845025839454,0
tranco_benign_proxy,0,0.36080887904424386,0
phishtank,1,0.998694696336592,1
tranco_benign_proxy,0,0.25617628057238107,0
tranco_benign_proxy,0,0.10213504277776307,0
phishtank,1,0.9968464196128305,1
phishtank,1,0.9913802971049495,1
tranco_benign_proxy,0,0.9256693131345891,1
phishtank,1,0.7877278008901032,1
tranco_benign_proxy,0,0.005998838976213672,0
phishtank,1,0.8228060687418544,1
phishtank,1,0.969242058898577,1
tranco_benign_proxy,0,0.04735441151217308,0
tranco_benign_proxy,0,0.19018248222383186,0
tranco_benign_proxy,0,0.31976934276520513,0
tranco_benign_proxy,0,0.0722072561324725,0
phishtank,1,0.996962115098698,1
tranco_benign_proxy,0,0.13127095552306417,0
phishtank,1,0.9774466603487921,1
tranco_benign_proxy,0,0.1707420906032052,0
tranco_benign_proxy,0,0.6966422197625504,0
phishtank,1,0.9951242612849376,1
phishtank,1,0.9962541950123491,1
tranco_benign_proxy,0,0.3521948553705653,0
tranco_benign_proxy,0,0.3438119951906031,0
phishtank,1,0.9926872640728768,1
phishtank,1,0.9933826901064017,1
tranco_benign_proxy,0,0.8018365601756029,1
phishtank,1,0.9999638867482081,1
tranco_benign_proxy,0,0.017125220108455273,0
tranco_benign_proxy,0,0.12015393647830236,0
phishtank,1,0.9989612593385618,1
phishtank,1,0.9957262282579888,1
tranco_benign_proxy,0,0.15745212600503944,0
phishtank,1,0.8454851502638218,1
tranco_benign_proxy,0,0.47996818602900987,0
phishtank,1,0.9999611844961438,1
tranco_benign_proxy,0,0.5521708123163118,0
phishtank,1,0.9998521340180472,1
phishtank,1,0.9986221428599907,1
phishtank,1,0.9651891431950326,1
phishtank,1,0.8593557063803249,1
tranco_benign_proxy,0,0.594527953641065,0
tranco_benign_proxy,0,0.4562823066140774,0
tranco_benign_proxy,0,0.4604581231285467,0
phishtank,1,0.9691912581984997,1
phishtank,1,0.9915245494705004,1
phishtank,1,0.9954742080412555,1
phishtank,1,0.9998733695764289,1
phishtank,1,0.8912332480641795,1
phishtank,1,0.99518262428748,1
phishtank,1,0.9999793612704597,1
tranco_benign_proxy,0,0.2209371938850041,0
phishtank,1,0.9569243938629909,1
tranco_benign_proxy,0,0.030384351573116575,0
phishtank,1,0.999721400841513,1
phishtank,1,0.7905639627295656,1
phishtank,1,0.9996070186919765,1
phishtank,1,0.9998300182522192,1
phishtank,1,0.9727236115971579,1
tranco_benign_proxy,0,0.20267668260624358,0
phishtank,1,0.821587142747555,1
tranco_benign_proxy,0,0.08727047334415557,0
tranco_benign_proxy,0,0.3005652295275431,0
phishtank,1,0.970588230907459,1
phishtank,1,0.9449945109840455,1
tranco_benign_proxy,0,0.08311220852262058,0
tranco_benign_proxy,0,0.8162036153440551,1
phishtank,1,0.9967277840546098,1
phishtank,1,0.9982547624026085,1
phishtank,1,0.9990667887187408,1
tranco_benign_proxy,0,0.18460582101339632,0
tranco_benign_proxy,0,0.07377654238986839,0
phishtank,1,0.99889888260659,1
phishtank,1,0.9984623387127403,1
tranco_benign_proxy,0,0.9408720160500942,1
phishtank,1,0.9893198041670102,1
phishtank,1,0.9995959699188297,1
tranco_benign_proxy,0,0.7968244019961718,1
phishtank,1,0.9987095938894666,1
tranco_benign_proxy,0,0.6582688156771642,0
phishtank,1,0.9992480387983314,1
phishtank,1,0.9979629759949619,1
phishtank,1,0.9489886792904261,1
tranco_benign_proxy,0,0.11070323867470762,0
phishtank,1,0.997460891105513,1
phishtank,1,0.9183906758314294,1
phishtank,1,0.9867641584462992,1
tranco_benign_proxy,0,0.6503266783379603,0
phishtank,1,0.9994001400723722,1
phishtank,1,0.9993455820447015,1
tranco_benign_proxy,0,0.16540857699635092,0
tranco_benign_proxy,0,0.31575516347761884,0
phishtank,1,0.9972962344127562,1
phishtank,1,0.9397025148622485,1
tranco_benign_proxy,0,0.4259621159269346,0
phishtank,1,0.9813312132533862,1
tranco_benign_proxy,0,0.3894197275325479,0
tranco_benign_proxy,0,0.24173015465331196,0
tranco_benign_proxy,0,0.27481098593639686,0
tranco_benign_proxy,0,0.9825974287337568,1
phishtank,1,0.9980699626066457,1
phishtank,1,0.9654642112620511,1
phishtank,1,0.9995152994560846,1
tranco_benign_proxy,0,0.9653965786357595,1
phishtank,1,0.9102330764229051,1
tranco_benign_proxy,0,0.5484461007092816,0
phishtank,1,0.9999672143551932,1
tranco_benign_proxy,0,0.7843148433180088,1
phishtank,1,0.9988474562344891,1
tranco_benign_proxy,0,0.0062088927384693435,0
tranco_benign_proxy,0,0.1372136886103429,0
tranco_benign_proxy,0,0.3196591147665435,0
phishtank,1,0.9968308021323431,1
tranco_benign_proxy,0,0.23510961666418756,0
phishtank,1,0.9282701482148447,1
tranco_benign_proxy,0,0.011928024890159534,0
tranco_benign_proxy,0,0.12353649760396865,0
tranco_benign_proxy,0,0.43332486222537164,0
tranco_benign_proxy,0,0.6997688206658456,1
phishtank,1,0.955575463062197,1
phishtank,1,0.9993375577182141,1
tranco_benign_proxy,0,0.1980973144580101,0
tranco_benign_proxy,0,0.45532372157352397,0
tranco_benign_proxy,0,0.056746008214812495,0
tranco_benign_proxy,0,0.12018023831876458,0
phishtank,1,0.9827242879515639,1
phishtank,1,0.9532954605131552,1
tranco_benign_proxy,0,0.9018309252688689,1
phishtank,1,0.9996104194974386,1
phishtank,1,0.7430812743172092,1
tranco_benign_proxy,0,0.43034866165231006,0
tranco_benign_proxy,0,0.21569774217726084,0
tranco_benign_proxy,0,0.17779190528136254,0
tranco_benign_proxy,0,0.8575963387836616,1
phishtank,1,0.4079610563912821,0
phishtank,1,0.9009742580911233,1
tranco_benign_proxy,0,0.25083187826367964,0
phishtank,1,0.3217115157079575,0
tranco_benign_proxy,0,0.41778688856640883,0
phishtank,1,0.9846842134988586,1
tranco_benign_proxy,0,0.9175929427344167,1
tranco_benign_proxy,0,0.11879129631129225,0
tranco_benign_proxy,0,0.27958163915654477,0
tranco_benign_proxy,0,0.09377984318874516,0
tranco_benign_proxy,0,0.15917221013260688,0
tranco_benign_proxy,0,0.0905029075620518,0
tranco_benign_proxy,0,0.5598820792926448,0
phishtank,1,0.9917637642013644,1
phishtank,1,0.9487791259497407,1
phishtank,1,0.961677816007624,1
phishtank,1,0.9999537066252216,1
tranco_benign_proxy,0,0.7109315148853006,1
tranco_benign_proxy,0,0.30315269526622685,0
tranco_benign_proxy,0,0.053637903178076145,0
tranco_benign_proxy,0,0.7820410492210539,1
tranco_benign_proxy,0,0.7610126466877,1
phishtank,1,0.9331019436564095,1
phishtank,1,0.2680695949356943,0
tranco_benign_proxy,0,0.15005306748271632,0
tranco_benign_proxy,0,0.33628374523264515,0
phishtank,1,0.9993268882578322,1
tranco_benign_proxy,0,0.6938832660559966,0
tranco_benign_proxy,0,0.6386475441908034,0
tranco_benign_proxy,0,0.8874724065130746,1
phishtank,1,0.9941561723529235,1
phishtank,1,0.9946331871655857,1
phishtank,1,0.999298243526485,1
tranco_benign_proxy,0,0.1074437963792439,0
phishtank,1,0.9747360707084938,1
tranco_benign_proxy,0,0.07552320418045809,0
phishtank,1,0.9997469235425527,1
phishtank,1,0.9897751766840898,1
tranco_benign_proxy,0,0.24980705715081153,0
tranco_benign_proxy,0,0.0998033096832452,0
phishtank,1,0.9979891972784382,1
phishtank,1,0.6583291399236492,0
phishtank,1,0.8780956585113767,1
tranco_benign_proxy,0,0.09861528326064203,0
phishtank,1,0.9613370013708985,1
tranco_benign_proxy,0,0.6835088909210253,0
tranco_benign_proxy,0,0.08144578875108599,0
tranco_benign_proxy,0,0.4991884324702419,0
phishtank,1,0.9982353598315954,1
phishtank,1,0.9844619602931378,1
phishtank,1,0.9697797275400313,1
phishtank,1,0.8589271444445743,1
phishtank,1,0.9970279222480162,1
phishtank,1,0.9693253064361022,1
phishtank,1,0.8664593320043558,1
tranco_benign_proxy,0,0.009070782400421014,0
phishtank,1,0.999327995784458,1
phishtank,1,0.9967284986128148,1
phishtank,1,0.9927808169659806,1
phishtank,1,0.998910896691315,1
phishtank,1,0.9712244351894055,1
tranco_benign_proxy,0,0.8164516408140973,1
phishtank,1,0.9465399112855778,1
tranco_benign_proxy,0,0.3255249617220295,0
tranco_benign_proxy,0,0.13827348426941063,0
phishtank,1,0.8119635285413995,1
phishtank,1,0.9263685416807396,1
phishtank,1,0.9499804449561219,1
phishtank,1,0.9999003755648932,1
phishtank,1,0.9731499418666695,1
tranco_benign_proxy,0,0.9078544457914989,1
phishtank,1,0.5640420234540156,0
tranco_benign_proxy,0,0.10933461448828305,0
phishtank,1,0.9999439594894608,1
phishtank,1,0.9856581223120369,1
tranco_benign_proxy,0,0.19306679877687138,0
tranco_benign_proxy,0,0.826480929694821,1
tranco_benign_proxy,0,0.38856639884400174,0
phishtank,1,0.9992481906960242,1
phishtank,1,0.9982658728426931,1
tranco_benign_proxy,0,0.5037028288784318,0
phishtank,1,0.9996227637624451,1
phishtank,1,0.9978075141877512,1
phishtank,1,0.8580522248183972,1
phishtank,1,0.9999363265115742,1
phishtank,1,0.9193197212341246,1
phishtank,1,0.9983190216490866,1
phishtank,1,0.9999783717521017,1
tranco_benign_proxy,0,0.6841052871478116,0
phishtank,1,0.977856063866865,1
tranco_benign_proxy,0,0.050998163087768326,0
phishtank,1,0.9427287421827291,1
phishtank,1,0.9993612743950068,1
tranco_benign_proxy,0,0.07468840277785276,0
tranco_benign_proxy,0,0.4544915727997267,0
tranco_benign_proxy,0,0.12252313818841092,0
phishtank,1,0.999146155985056,1
tranco_benign_proxy,0,0.425710405545091,0
tranco_benign_proxy,0,0.8558179121779396,1
phishtank,1,0.9982408516968109,1
tranco_benign_proxy,0,0.7706410111374172,1
tranco_benign_proxy,0,0.9449654072895298,1
phishtank,1,0.9997609194115288,1
phishtank,1,0.9862564743561485,1
tranco_benign_proxy,0,0.3416597824102276,0
tranco_benign_proxy,0,0.04634714283868908,0
phishtank,1,0.9766667280754056,1
phishtank,1,0.9547172853882678,1
tranco_benign_proxy,0,0.9938816080172607,1
phishtank,1,0.9596132961197351,1
phishtank,1,0.9794708328315078,1
phishtank,1,0.997208632414015,1
phishtank,1,0.9632599500669045,1
tranco_benign_proxy,0,0.03241278980626545,0
tranco_benign_proxy,0,0.20055732089970327,0
phishtank,1,0.969227739563773,1
phishtank,1,0.9995698716062257,1
tranco_benign_proxy,0,0.06354125706349138,0
phishtank,1,0.9340794009665885,1
phishtank,1,0.9953713081947466,1
tranco_benign_proxy,0,0.6496495271236747,0
phishtank,1,0.9924971302899415,1
phishtank,1,0.9980839811524023,1
phishtank,1,0.9997898654462563,1
phishtank,1,0.991607156808504,1
phishtank,1,0.9996546734840707,1
tranco_benign_proxy,0,0.7925451416657581,1
tranco_benign_proxy,0,0.4279815581095402,0
tranco_benign_proxy,0,0.19142893345211745,0
phishtank,1,0.9988667621162817,1
phishtank,1,0.9899792539064518,1
phishtank,1,0.9978147679189269,1
phishtank,1,0.1430512678057642,0
tranco_benign_proxy,0,0.851534761738995,1
tranco_benign_proxy,0,0.35421842910783635,0
tranco_benign_proxy,0,0.06493172964439531,0
phishtank,1,0.9973547301021845,1
phishtank,1,0.9754520577908495,1
tranco_benign_proxy,0,0.7873461986119481,1
tranco_benign_proxy,0,0.2802488248292981,0
tranco_benign_proxy,0,0.2629081326593127,0
phishtank,1,0.9983078828533295,1
phishtank,1,0.11955065504137559,0
phishtank,1,0.9889049011507536,1
tranco_benign_proxy,0,0.061576540996158106,0
phishtank,1,0.9972728694023058,1
tranco_benign_proxy,0,0.14109065435566467,0
tranco_benign_proxy,0,0.1396603802283526,0
phishtank,1,0.9520904165844227,1
phishtank,1,0.9926439093889655,1
tranco_benign_proxy,0,0.5928597105249263,0
tranco_benign_proxy,0,0.07064548713687066,0
phishtank,1,0.9887248057596469,1
tranco_benign_proxy,0,0.6046052849577107,0
phishtank,1,0.9844479221074457,1
tranco_benign_proxy,0,0.011104655210449838,0
phishtank,1,0.9427799028379364,1
phishtank,1,0.8959127783871408,1
tranco_benign_proxy,0,0.30749254667512194,0
tranco_benign_proxy,0,0.08045477501017825,0
tranco_benign_proxy,0,0.24431693444361524,0
tranco_benign_proxy,0,0.1567602364147015,0
tranco_benign_proxy,0,0.3407353029761212,0
phishtank,1,0.9983624096267381,1
tranco_benign_proxy,0,0.06806786630017736,0
phishtank,1,0.8683883916795174,1
phishtank,1,0.9994038042905421,1
phishtank,1,0.9982711523991018,1
tranco_benign_proxy,0,0.09040492484389558,0
phishtank,1,0.9989590486537508,1
tranco_benign_proxy,0,0.36644136840568015,0
phishtank,1,0.9904677019658175,1
tranco_benign_proxy,0,0.010728147749833878,0
phishtank,1,0.8700960752980349,1
tranco_benign_proxy,0,0.9446824775097877,1
tranco_benign_proxy,0,0.006180998332525319,0
phishtank,1,0.9984991261702497,1
phishtank,1,0.9990088540494496,1
tranco_benign_proxy,0,0.04432593062009779,0
tranco_benign_proxy,0,0.11744845814854583,0
phishtank,1,0.9979713390645593,1
phishtank,1,0.9998925615419737,1
tranco_benign_proxy,0,0.7118103706760546,1
tranco_benign_proxy,0,0.0928358653611225,0
tranco_benign_proxy,0,0.10734770135246637,0
tranco_benign_proxy,0,0.009493701630336589,0
phishtank,1,0.9964112133229983,1
tranco_benign_proxy,0,0.17641067527660617,0
tranco_benign_proxy,0,0.22572370779647902,0
tranco_benign_proxy,0,0.35348759681608216,0
tranco_benign_proxy,0,0.7465509228965207,1
phishtank,1,0.999014912752686,1
tranco_benign_proxy,0,0.06698560708859291,0
tranco_benign_proxy,0,0.5097762784392532,0
phishtank,1,0.9716626872397922,1
phishtank,1,0.9217932312105522,1
tranco_benign_proxy,0,0.12411563512540079,0
phishtank,1,0.7288122820489068,1
tranco_benign_proxy,0,0.061463438932559976,0
phishtank,1,0.9440064839191411,1
phishtank,1,0.9980560189987062,1
phishtank,1,0.9999390868772343,1
phishtank,1,0.9065483022887594,1
tranco_benign_proxy,0,0.524278471403486,0
phishtank,1,0.9721071720560349,1
phishtank,1,0.9859199758227107,1
phishtank,1,0.7387869051621346,1
phishtank,1,0.9977310163919433,1
tranco_benign_proxy,0,0.07142505982782742,0
phishtank,1,0.9877622543763439,1
tranco_benign_proxy,0,0.9320735594671656,1
phishtank,1,0.9965951970223883,1
tranco_benign_proxy,0,0.16487033897585252,0
tranco_benign_proxy,0,0.27139983019623226,0
tranco_benign_proxy,0,0.04527545242944439,0
phishtank,1,0.9782350268208609,1
tranco_benign_proxy,0,0.058638815766302324,0
phishtank,1,0.6947268683868166,0
phishtank,1,0.19001779348958722,0
phishtank,1,0.9333296066649445,1
tranco_benign_proxy,0,0.15362790160977552,0
phishtank,1,0.9999844369916576,1
tranco_benign_proxy,0,0.22954029327665046,0
phishtank,1,0.99685898534886,1
tranco_benign_proxy,0,0.5754917790266645,0
tranco_benign_proxy,0,0.44792901311316846,0
tranco_benign_proxy,0,0.39707665114115404,0
phishtank,1,0.9930642825883174,1
tranco_benign_proxy,0,0.1791556722512003,0
phishtank,1,0.969681271641226,1
phishtank,1,0.9900263703746259,1
phishtank,1,0.9985220679621004,1
tranco_benign_proxy,0,0.8062731137736773,1
tranco_benign_proxy,0,0.02770086246968098,0
tranco_benign_proxy,0,0.9785946186886391,1
phishtank,1,0.6714205416071234,0
tranco_benign_proxy,0,0.039500957788163586,0
tranco_benign_proxy,0,0.8193960025765946,1
phishtank,1,0.9326720252051707,1
phishtank,1,0.6889721199333096,0
tranco_benign_proxy,0,0.40323252590688063,0
tranco_benign_proxy,0,0.07306839322246492,0
tranco_benign_proxy,0,0.587137995414873,0
phishtank,1,0.9989579988385201,1
phishtank,1,0.908727439506239,1
tranco_benign_proxy,0,0.1697909696675147,0
tranco_benign_proxy,0,0.9989614665785436,1
tranco_benign_proxy,0,0.18303205632522504,0
tranco_benign_proxy,0,0.3845666876158028,0
tranco_benign_proxy,0,0.08867773545522634,0
phishtank,1,0.9976761937319399,1
tranco_benign_proxy,0,0.08960666587070686,0
tranco_benign_proxy,0,0.8220451848269965,1
phishtank,1,0.9977908787296603,1
phishtank,1,0.980801655568519,1
phishtank,1,0.9494596456620145,1
phishtank,1,0.9982475523506983,1
phishtank,1,0.961201608628686,1
tranco_benign_proxy,0,0.4933214361787682,0
tranco_benign_proxy,0,0.10395507566315361,0
tranco_benign_proxy,0,0.2992843723209376,0
phishtank,1,0.9923185723260091,1
phishtank,1,0.9968125216252904,1
tranco_benign_proxy,0,0.44555722946102094,0
tranco_benign_proxy,0,0.00933384367766287,0
tranco_benign_proxy,0,0.5324562833274522,0
phishtank,1,0.9680687027643587,1
tranco_benign_proxy,0,0.5928374913645709,0
phishtank,1,0.9776877252425394,1
tranco_benign_proxy,0,0.554142423690718,0
phishtank,1,0.8319574818251426,1
tranco_benign_proxy,0,0.679305474903118,0
phishtank,1,0.9340978716153474,1
phishtank,1,0.9840099479759101,1
tranco_benign_proxy,0,0.5991412526771247,0
tranco_benign_proxy,0,0.34080794850484025,0
phishtank,1,0.6936603374941487,0
tranco_benign_proxy,0,0.1031403914204731,0
tranco_benign_proxy,0,0.32303919530723735,0
tranco_benign_proxy,0,0.03051374076951268,0
tranco_benign_proxy,0,0.12244977503472,0
phishtank,1,0.9525649879033692,1
tranco_benign_proxy,0,0.73556335235336,1
phishtank,1,0.9530085805564931,1
tranco_benign_proxy,0,0.6141017378707669,0
tranco_benign_proxy,0,0.0052018865011373705,0
phishtank,1,0.9291648706806898,1
phishtank,1,0.990854239921582,1
tranco_benign_proxy,0,0.14136249313631788,0
tranco_benign_proxy,0,0.17099461200994134,0
phishtank,1,0.9958309486811289,1
phishtank,1,0.9970875990584139,1
phishtank,1,0.8652181851962589,1
phishtank,1,0.9929090605620932,1
tranco_benign_proxy,0,0.46115728121588806,0
tranco_benign_proxy,0,0.10543350942741063,0
tranco_benign_proxy,0,0.2733117855081523,0
phishtank,1,0.9975429161020016,1
tranco_benign_proxy,0,0.11527780935114518,0
phishtank,1,0.2625811417207164,0
tranco_benign_proxy,0,0.15933686484514167,0
phishtank,1,0.9923570842594354,1
phishtank,1,0.9961906979193333,1
phishtank,1,0.9991729273006678,1
phishtank,1,0.9936942329710885,1
tranco_benign_proxy,0,0.7262273980891674,1
tranco_benign_proxy,0,0.9547920639488956,1
phishtank,1,0.9989265673603365,1
phishtank,1,0.9952048907215939,1
tranco_benign_proxy,0,0.03866344145892449,0
phishtank,1,0.9988245366748634,1
phishtank,1,0.998954076084236,1
phishtank,1,0.3458074068447656,0
phishtank,1,0.9854813384481972,1
phishtank,1,0.9962826178871228,1
phishtank,1,0.9954972615060544,1
phishtank,1,0.9039023032843658,1
phishtank,1,0.9974022270383259,1
tranco_benign_proxy,0,0.006793663383323117,0
tranco_benign_proxy,0,0.26172774810529453,0
tranco_benign_proxy,0,0.9864715181132965,1
tranco_benign_proxy,0,0.2258928830069726,0
tranco_benign_proxy,0,0.5500742107120872,0
phishtank,1,0.9660421347821077,1
phishtank,1,0.9976718637499968,1
tranco_benign_proxy,0,0.4914715223496819,0
tranco_benign_proxy,0,0.17278370641900076,0
phishtank,1,0.992339774346518,1
tranco_benign_proxy,0,0.09907621767256981,0
phishtank,1,0.8780007365014516,1
tranco_benign_proxy,0,0.6135329617499943,0
phishtank,1,0.3527209874232084,0
tranco_benign_proxy,0,0.24922349006483985,0
phishtank,1,0.9859444497670559,1
tranco_benign_proxy,0,0.2013022031796226,0
tranco_benign_proxy,0,0.9848015587843337,1
tranco_benign_proxy,0,0.0902804668312674,0
tranco_benign_proxy,0,0.1633321671727317,0
tranco_benign_proxy,0,0.09304510218457912,0
phishtank,1,0.9953344693538748,1
phishtank,1,0.9829569983999583,1
phishtank,1,0.17262822218311805,0
tranco_benign_proxy,0,0.12132449683984009,0
tranco_benign_proxy,0,0.4371081896473914,0
phishtank,1,0.9642601989661379,1
phishtank,1,0.9998333400232193,1
phishtank,1,0.9950432179460768,1
tranco_benign_proxy,0,0.12518661354334434,0
tranco_benign_proxy,0,0.03713889601314773,0
tranco_benign_proxy,0,0.009352460204170914,0
phishtank,1,0.9984103547551021,1
phishtank,1,0.9866651190280514,1
phishtank,1,0.993731241358422,1
phishtank,1,0.8858566387814537,1
tranco_benign_proxy,0,0.6818285527534235,0
phishtank,1,0.6030277005663004,0
phishtank,1,0.9893666151109398,1
phishtank,1,0.8596957836431347,1
tranco_benign_proxy,0,0.22326376610923246,0
tranco_benign_proxy,0,0.06167396871596403,0
tranco_benign_proxy,0,0.9369858450031698,1
phishtank,1,0.9423256560694137,1
phishtank,1,0.411445335999362,0
phishtank,1,0.9147661787610482,1
tranco_benign_proxy,0,0.30285356943680636,0
phishtank,1,0.9978461260287096,1
phishtank,1,0.960608497987436,1
phishtank,1,0.9269171475742698,1
phishtank,1,0.08795373713275922,0
phishtank,1,0.9980088839539142,1
tranco_benign_proxy,0,0.11259844465447984,0
phishtank,1,0.9829464586560924,1
tranco_benign_proxy,0,0.12352593143329103,0
tranco_benign_proxy,0,0.10150947993389146,0
tranco_benign_proxy,0,0.06687555035120273,0
phishtank,1,0.9969088260049335,1
phishtank,1,0.9738499256772631,1
phishtank,1,0.9976090555766415,1
phishtank,1,0.9995456587638404,1
tranco_benign_proxy,0,0.04342233048782147,0
phishtank,1,0.9998136602402801,1
phishtank,1,0.9955961981330169,1
phishtank,1,0.9871253720436781,1
phishtank,1,0.9004389335545877,1
phishtank,1,0.9162970193173126,1
tranco_benign_proxy,0,0.0879161353945692,0
tranco_benign_proxy,0,0.6296693880832464,0
phishtank,1,0.9946579565268358,1
tranco_benign_proxy,0,0.2597107223707879,0
phishtank,1,0.9296216564597146,1
tranco_benign_proxy,0,0.07625416719901747,0
phishtank,1,0.9916400166283764,1
tranco_benign_proxy,0,0.49942642104566387,0
phishtank,1,0.9942040777960209,1
tranco_benign_proxy,0,0.04104443689757117,0
phishtank,1,0.9967025908217099,1
tranco_benign_proxy,0,0.24782429840990558,0
phishtank,1,0.9677403632756313,1
phishtank,1,0.9907032771882188,1
phishtank,1,0.9994164437714721,1
phishtank,1,0.9156992711738428,1
phishtank,1,0.9991694968843033,1
phishtank,1,0.9983562543939609,1
tranco_benign_proxy,0,0.8879348267517324,1
phishtank,1,0.9725226119022845,1
phishtank,1,0.9966983374660017,1
phishtank,1,0.9961800559764312,1
phishtank,1,0.9587151552542154,1
phishtank,1,0.9999931721530622,1
phishtank,1,0.5374383315988823,0
phishtank,1,0.9918747599543193,1
phishtank,1,0.9996788617647329,1
tranco_benign_proxy,0,0.3012441820221825,0
tranco_benign_proxy,0,0.3985265782141437,0
phishtank,1,0.9996118299021326,1
phishtank,1,0.9887615234470893,1
phishtank,1,0.9996666229592818,1
phishtank,1,0.9995291502122634,1
tranco_benign_proxy,0,0.7318085178094311,1
tranco_benign_proxy,0,0.1912857488451533,0
phishtank,1,0.9684442265103834,1
phishtank,1,0.3163739936504953,0
tranco_benign_proxy,0,0.24529773207625838,0
tranco_benign_proxy,0,0.34054099270034893,0
tranco_benign_proxy,0,0.7772995237807627,1
tranco_benign_proxy,0,0.2870584119444368,0
tranco_benign_proxy,0,0.6098874427181563,0
tranco_benign_proxy,0,0.1683135391883065,0
tranco_benign_proxy,0,0.46640082684472073,0
tranco_benign_proxy,0,0.04175779460501647,0
phishtank,1,0.22653617934788095,0
tranco_benign_proxy,0,0.5140167825377946,0
phishtank,1,0.9996953956367163,1
phishtank,1,0.9657153795887525,1
phishtank,1,0.9999084329033566,1
tranco_benign_proxy,0,0.048960646790818255,0
phishtank,1,0.9779812262665665,1
tranco_benign_proxy,0,0.9698735134410325,1
tranco_benign_proxy,0,0.09482428402048731,0
phishtank,1,0.7276702096506087,1
phishtank,1,0.9994442262201243,1
phishtank,1,0.96003511052014,1
phishtank,1,0.9967745661102348,1
tranco_benign_proxy,0,0.12822187822865747,0
tranco_benign_proxy,0,0.5351998124239696,0
tranco_benign_proxy,0,0.9726605397180482,1
phishtank,1,0.9783725203255332,1
phishtank,1,0.9010317384227058,1
tranco_benign_proxy,0,0.10075766080387584,0
tranco_benign_proxy,0,0.6379300302877328,0
tranco_benign_proxy,0,0.2545204136070694,0
tranco_benign_proxy,0,0.35418710931133945,0
phishtank,1,0.9959336525692188,1
tranco_benign_proxy,0,0.4603829896335823,0
phishtank,1,0.9961008800069255,1
tranco_benign_proxy,0,0.18614000808881606,0
phishtank,1,0.9867676347683466,1
tranco_benign_proxy,0,0.004601401750413929,0
phishtank,1,0.998224885702186,1
tranco_benign_proxy,0,0.06052673666242045,0
phishtank,1,0.9926551112490442,1
phishtank,1,0.9994310305773908,1
tranco_benign_proxy,0,0.13896722397300382,0
tranco_benign_proxy,0,0.9879058749222334,1
phishtank,1,0.4832037583215243,0
tranco_benign_proxy,0,0.34237981238416515,0
phishtank,1,0.9704066300047393,1
phishtank,1,0.9860361701157083,1
phishtank,1,0.5131743140522952,0
phishtank,1,0.9855680365670014,1
tranco_benign_proxy,0,0.28455934718169906,0
phishtank,1,0.9913139218564035,1
phishtank,1,0.9888985994056416,1
tranco_benign_proxy,0,0.09377484890874592,0
phishtank,1,0.9999469632219119,1
tranco_benign_proxy,0,0.2019390522082616,0
tranco_benign_proxy,0,0.9411741118120185,1
phishtank,1,0.9815073441261891,1
phishtank,1,0.9304765165946471,1
tranco_benign_proxy,0,0.08948949846176944,0
phishtank,1,0.999999983360383,1
tranco_benign_proxy,0,0.985480489406851,1
tranco_benign_proxy,0,0.0998616504855948,0
tranco_benign_proxy,0,0.7856046864654238,1
phishtank,1,0.9998470325226929,1
tranco_benign_proxy,0,0.21166841142216883,0
phishtank,1,0.9990822463934815,1
tranco_benign_proxy,0,0.16641159240441755,0
phishtank,1,0.7700915260019995,1
tranco_benign_proxy,0,0.05032103116982843,0
phishtank,1,0.9252673600845578,1
phishtank,1,0.9927345981661814,1
tranco_benign_proxy,0,0.15841398255340086,0
phishtank,1,0.999012389562704,1
tranco_benign_proxy,0,0.16757562342435472,0
tranco_benign_proxy,0,0.288049418561996,0
tranco_benign_proxy,0,0.7763968174385034,1
phishtank,1,0.9826199269897602,1
phishtank,1,0.9999243473161789,1
phishtank,1,0.9999372400888172,1
phishtank,1,0.14455286759862754,0
phishtank,1,0.9955565193783652,1
tranco_benign_proxy,0,0.08360816812490647,0
phishtank,1,0.9973706643447126,1
phishtank,1,0.977943643527234,1
phishtank,1,0.7758101654647073,1
tranco_benign_proxy,0,0.18113632108230296,0
phishtank,1,0.9997793371976574,1
phishtank,1,0.9884584864609586,1
tranco_benign_proxy,0,0.37278129003671395,0
phishtank,1,0.9493419406643937,1
tranco_benign_proxy,0,0.5161762903596376,0
phishtank,1,0.9721476495239867,1
tranco_benign_proxy,0,0.06938666236674995,0
tranco_benign_proxy,0,0.19905591673665463,0
tranco_benign_proxy,0,0.049777996103962545,0
phishtank,1,0.9959155661429857,1
tranco_benign_proxy,0,0.6612717600167054,0
tranco_benign_proxy,0,0.9105597439759001,1
tranco_benign_proxy,0,0.23569877401882455,0
phishtank,1,0.9970131080390007,1
tranco_benign_proxy,0,0.6889667883313054,0
tranco_benign_proxy,0,0.4538591103150395,0
phishtank,1,0.9983896693299427,1
tranco_benign_proxy,0,0.16071100055069523,0
tranco_benign_proxy,0,0.2834462091589405,0
phishtank,1,0.9996764809273058,1
phishtank,1,0.9999334545310821,1
tranco_benign_proxy,0,0.051828220149839746,0
tranco_benign_proxy,0,0.7612068258029577,1
phishtank,1,0.9791584066845407,1
tranco_benign_proxy,0,0.21696138628647074,0
phishtank,1,0.04362917583825053,0
tranco_benign_proxy,0,0.1314875015320455,0
phishtank,1,0.05943767845803872,0
tranco_benign_proxy,0,0.14229481215025078,0
tranco_benign_proxy,0,0.049794999407729475,0
phishtank,1,0.9974836284484745,1
tranco_benign_proxy,0,0.5688133982776095,0
phishtank,1,0.4084131295648192,0
tranco_benign_proxy,0,0.22681017357791894,0
tranco_benign_proxy,0,0.20126308405209206,0
phishtank,1,0.9893687736458308,1
phishtank,1,0.9994129263863295,1
phishtank,1,0.9734790859427237,1
phishtank,1,0.21497691626574256,0
tranco_benign_proxy,0,0.10422888670682107,0
phishtank,1,0.9653762296671153,1
phishtank,1,0.9996318151463538,1
tranco_benign_proxy,0,0.03459100954924064,0
tranco_benign_proxy,0,0.1459720642707309,0
phishtank,1,0.9999268786378689,1
phishtank,1,0.9621001771652982,1
tranco_benign_proxy,0,0.9649932126894172,1
phishtank,1,0.9998086768595178,1
tranco_benign_proxy,0,0.4832372185571812,0
phishtank,1,0.9950691407468543,1
phishtank,1,0.9935457879752642,1
phishtank,1,0.9752260834136186,1
phishtank,1,0.9915803945928252,1
phishtank,1,0.9772707406309464,1
phishtank,1,0.9957278028829508,1
tranco_benign_proxy,0,0.03730984571875568,0
tranco_benign_proxy,0,0.09783294848892189,0
tranco_benign_proxy,0,0.11734363835910813,0
tranco_benign_proxy,0,0.1222548733717239,0
tranco_benign_proxy,0,0.9644759563449683,1
phishtank,1,0.9924842221749871,1
tranco_benign_proxy,0,0.14448816499861156,0
phishtank,1,0.9999589902757977,1
tranco_benign_proxy,0,0.3298420347305127,0
tranco_benign_proxy,0,0.25805439440405986,0
phishtank,1,0.9996000037762204,1
phishtank,1,0.9998283723674865,1
phishtank,1,0.9975890677197373,1
phishtank,1,0.9931574655709997,1
phishtank,1,0.9989225206172404,1
phishtank,1,0.9918700140594093,1
tranco_benign_proxy,0,0.2783620761295642,0
phishtank,1,0.7603138711721598,1
phishtank,1,0.9974247362280266,1
phishtank,1,0.9996659578908821,1
tranco_benign_proxy,0,0.578385519810328,0
phishtank,1,0.2825529853132853,0
phishtank,1,0.9993116285108724,1
tranco_benign_proxy,0,0.3017704343323321,0
tranco_benign_proxy,0,0.12246933957629152,0
phishtank,1,0.9532057647234369,1
tranco_benign_proxy,0,0.501477891685315,0
tranco_benign_proxy,0,0.9779354297593887,1
phishtank,1,0.9978409675333502,1
tranco_benign_proxy,0,0.9268608688897725,1
tranco_benign_proxy,0,0.010442217919518632,0
tranco_benign_proxy,0,0.0567849031348007,0
tranco_benign_proxy,0,0.04293933809756865,0
phishtank,1,0.7740560614769713,1
tranco_benign_proxy,0,0.19851053289518397,0
tranco_benign_proxy,0,0.39285067639876214,0
tranco_benign_proxy,0,0.09826286598628772,0
tranco_benign_proxy,0,0.06461187469877513,0
tranco_benign_proxy,0,0.43225417923705595,0
tranco_benign_proxy,0,0.9778276861827461,1
phishtank,1,0.4419060667844487,0
tranco_benign_proxy,0,0.25353362931573836,0
tranco_benign_proxy,0,0.2820608250322388,0
phishtank,1,0.9995124992523985,1
phishtank,1,0.9810761201302931,1
phishtank,1,0.9999968114755917,1
tranco_benign_proxy,0,0.16296844166116253,0
tranco_benign_proxy,0,0.3398679907044289,0
phishtank,1,0.9696507486691089,1
phishtank,1,0.9998651255613772,1
phishtank,1,0.9999062589047812,1
tranco_benign_proxy,0,0.970647464471383,1
tranco_benign_proxy,0,0.008096594300666901,0
phishtank,1,0.9053783091972424,1
phishtank,1,0.998705174540282,1
phishtank,1,0.9515138181605036,1
tranco_benign_proxy,0,0.8352857805010292,1
phishtank,1,0.993628969916034,1
phishtank,1,0.322541111444549,0
tranco_benign_proxy,0,0.1637083138558449,0
tranco_benign_proxy,0,0.2686231793024887,0
tranco_benign_proxy,0,0.40438529889638763,0
tranco_benign_proxy,0,0.5691252857232628,0
phishtank,1,0.9955354908010391,1
tranco_benign_proxy,0,0.40976476996573846,0
phishtank,1,0.9990920954501882,1
tranco_benign_proxy,0,0.43155331882725423,0
phishtank,1,0.9955710454968385,1
phishtank,1,0.9998245975458382,1
tranco_benign_proxy,0,0.4335898548777906,0
tranco_benign_proxy,0,0.20836447833529165,0
tranco_benign_proxy,0,0.37548250126685173,0
tranco_benign_proxy,0,0.1411637117797499,0
phishtank,1,0.9985590087704993,1
tranco_benign_proxy,0,0.06820556295145912,0
phishtank,1,0.9938708079151803,1
phishtank,1,0.9957108422286699,1
phishtank,1,0.996938413655505,1
tranco_benign_proxy,0,0.4001122727168503,0
phishtank,1,0.8329789661917198,1
tranco_benign_proxy,0,0.06888818161165994,0
tranco_benign_proxy,0,0.1281416433815662,0
phishtank,1,0.988498908265548,1
tranco_benign_proxy,0,0.19777483501475557,0
tranco_benign_proxy,0,0.020822099203316603,0
phishtank,1,0.9541026444011953,1
phishtank,1,0.9874272866015761,1
tranco_benign_proxy,0,0.009694289157865632,0
phishtank,1,0.9976969631897573,1
phishtank,1,0.9976734378823724,1
tranco_benign_proxy,0,0.09138329626257505,0
phishtank,1,0.9988503517060292,1
tranco_benign_proxy,0,0.40922505525686526,0
phishtank,1,0.999173245406175,1
tranco_benign_proxy,0,0.1340181819186274,0
tranco_benign_proxy,0,0.04573223170041635,0
phishtank,1,0.9997771768039215,1
phishtank,1,0.9858805998722961,1
phishtank,1,0.966632657983273,1
tranco_benign_proxy,0,0.06787958665550968,0
phishtank,1,0.9997716516460944,1
tranco_benign_proxy,0,0.05519190553592757,0
tranco_benign_proxy,0,0.36803007364562795,0
tranco_benign_proxy,0,0.2638811702248929,0
tranco_benign_proxy,0,0.997264040586755,1
phishtank,1,0.9892576908353932,1
tranco_benign_proxy,0,0.7598605249547579,1
tranco_benign_proxy,0,0.12755751355713066,0
phishtank,1,0.986887991687788,1
phishtank,1,0.9996816747380528,1
phishtank,1,0.9999544262477479,1
phishtank,1,0.4006346580065639,0
phishtank,1,0.9990165135622889,1
phishtank,1,0.9555622080863982,1
tranco_benign_proxy,0,0.49629167562144655,0
phishtank,1,0.985369698192102,1
tranco_benign_proxy,0,0.7830655469143225,1
tranco_benign_proxy,0,0.2585297517249267,0
phishtank,1,0.9992259176727043,1
tranco_benign_proxy,0,0.2326749763071841,0
tranco_benign_proxy,0,0.9264876888474618,1
tranco_benign_proxy,0,0.04875895711996473,0
phishtank,1,0.9951169040460205,1
tranco_benign_proxy,0,0.23581686257042825,0
tranco_benign_proxy,0,0.9683667743366026,1
tranco_benign_proxy,0,0.04508311334134761,0
phishtank,1,0.9984933218269031,1
phishtank,1,0.8691719809143768,1
phishtank,1,0.8899917942726447,1
tranco_benign_proxy,0,0.9202894989442322,1
phishtank,1,0.9982636665813568,1
phishtank,1,0.9972985297578782,1
phishtank,1,0.5045617151491122,0
tranco_benign_proxy,0,0.3868876999840383,0
tranco_benign_proxy,0,0.0034165933744075305,0
phishtank,1,0.9987031727189374,1
tranco_benign_proxy,0,0.27693809930380153,0
phishtank,1,0.9731761166149991,1
phishtank,1,0.9966736969517189,1
tranco_benign_proxy,0,0.8341256135646641,1
phishtank,1,0.944040532575785,1
phishtank,1,0.8313587650791027,1
tranco_benign_proxy,0,0.40961797516312903,0
phishtank,1,0.9633368390056112,1
phishtank,1,0.964186014472147,1
phishtank,1,0.03326262649645938,0
phishtank,1,0.9997199829106772,1
phishtank,1,0.3125697246111233,0
phishtank,1,0.9941730325507091,1
tranco_benign_proxy,0,0.0510387626304586,0
tranco_benign_proxy,0,0.054975102605354716,0
phishtank,1,0.9981107658148928,1
phishtank,1,0.9027672473264287,1
phishtank,1,0.964787360652269,1
phishtank,1,0.9900068887388399,1
phishtank,1,0.967101928718709,1
phishtank,1,0.9121698862503067,1
tranco_benign_proxy,0,0.19101013741195558,0
phishtank,1,0.9998081431969533,1
phishtank,1,0.9428854216831604,1
tranco_benign_proxy,0,0.979157845637336,1
phishtank,1,0.9010149386790328,1
tranco_benign_proxy,0,0.8451153711588173,1
phishtank,1,0.9998446862941662,1
tranco_benign_proxy,0,0.8207269429745947,1
tranco_benign_proxy,0,0.13252037354814736,0
tranco_benign_proxy,0,0.315741000074638,0
tranco_benign_proxy,0,0.10757851005867057,0
phishtank,1,0.9997851153637288,1
tranco_benign_proxy,0,0.14649612210052093,0
tranco_benign_proxy,0,0.19073328108154186,0
phishtank,1,0.9476010556497002,1
tranco_benign_proxy,0,0.6986515281575006,1
phishtank,1,0.9981484259907591,1
tranco_benign_proxy,0,0.27217819839333135,0
tranco_benign_proxy,0,0.11281539861019395,0
tranco_benign_proxy,0,0.21074521920338418,0
tranco_benign_proxy,0,0.8408619854358087,1
phishtank,1,0.9570045254647358,1
phishtank,1,0.9581883829350255,1
phishtank,1,0.9951479075335622,1
phishtank,1,0.9247211711720288,1
phishtank,1,0.980608219596532,1
tranco_benign_proxy,0,0.7712149868830335,1
tranco_benign_proxy,0,0.9152633808548446,1
phishtank,1,0.9900239548059908,1
phishtank,1,0.9948817155123387,1
phishtank,1,0.9668050325452674,1
tranco_benign_proxy,0,0.7124805547951985,1
tranco_benign_proxy,0,0.495527764589013,0
tranco_benign_proxy,0,0.521739539088816,0
phishtank,1,0.9617733324036571,1
phishtank,1,0.35077915193402653,0
phishtank,1,0.9998978952699774,1
phishtank,1,0.9613746364887708,1
phishtank,1,0.9450389211972525,1
phishtank,1,0.9900662793732826,1
tranco_benign_proxy,0,0.49367902548798476,0
phishtank,1,0.9762385824151097,1
phishtank,1,0.9998002588620659,1
tranco_benign_proxy,0,0.1329977851113335,0
phishtank,1,0.9999582783330364,1
phishtank,1,0.9999476406578944,1
tranco_benign_proxy,0,0.11554439255798565,0
tranco_benign_proxy,0,0.34378655536923297,0
tranco_benign_proxy,0,0.5020432364413306,0
phishtank,1,0.9967597338855118,1
phishtank,1,0.9973439608067532,1
tranco_benign_proxy,0,0.21984443532586007,0
phishtank,1,0.9988237480890013,1
tranco_benign_proxy,0,0.04636617736134231,0
tranco_benign_proxy,0,0.14871014236163685,0
phishtank,1,0.9998400071900195,1
phishtank,1,0.9741855891998624,1
tranco_benign_proxy,0,0.6440889288324567,0
phishtank,1,0.9901491301552587,1
tranco_benign_proxy,0,0.5019946026173187,0
tranco_benign_proxy,0,0.20868675949816054,0
tranco_benign_proxy,0,0.06592082329981344,0
phishtank,1,0.9996131650432458,1
tranco_benign_proxy,0,0.33049543666755454,0
tranco_benign_proxy,0,0.4424547854742103,0
tranco_benign_proxy,0,0.3095244544729196,0
tranco_benign_proxy,0,0.05855495869249506,0
tranco_benign_proxy,0,0.7971700367556768,1
tranco_benign_proxy,0,0.1131072677017015,0
phishtank,1,0.9953217172979528,1
tranco_benign_proxy,0,0.05916280165975545,0
tranco_benign_proxy,0,0.19600403872581967,0
tranco_benign_proxy,0,0.30782537902252743,0
phishtank,1,0.960714987636691,1
phishtank,1,0.9619675717845424,1
phishtank,1,0.5901607462766967,0
phishtank,1,0.996512439321631,1
tranco_benign_proxy,0,0.9282858923250724,1
phishtank,1,0.9790666671889596,1
phishtank,1,0.9819296727689195,1
phishtank,1,0.9808855498121495,1
tranco_benign_proxy,0,0.4684720357676617,0
phishtank,1,0.9704723228121904,1
phishtank,1,0.998306092839146,1
tranco_benign_proxy,0,0.015869547574616266,0
tranco_benign_proxy,0,0.15288311746469102,0
tranco_benign_proxy,0,0.05083849788688229,0
phishtank,1,0.9981993567017214,1
phishtank,1,0.9370742708815557,1
phishtank,1,0.9101384412254694,1
tranco_benign_proxy,0,0.042939788874695246,0
phishtank,1,0.9958067751481952,1
phishtank,1,0.9750692200153386,1
phishtank,1,0.997789949004806,1
tranco_benign_proxy,0,0.12105655176680491,0
phishtank,1,0.9999490000298333,1
phishtank,1,0.9987649223491022,1
phishtank,1,0.9971435025572742,1
tranco_benign_proxy,0,0.07679109219956998,0
phishtank,1,0.9997483840295472,1
tranco_benign_proxy,0,0.1410984570953339,0
tranco_benign_proxy,0,0.08277546028772037,0
phishtank,1,0.99946319079455,1
phishtank,1,0.9977979895347757,1
phishtank,1,0.9895267549448196,1
tranco_benign_proxy,0,0.9864324786442159,1
tranco_benign_proxy,0,0.9671841127511152,1
phishtank,1,0.993793516175011,1
tranco_benign_proxy,0,0.9720988208105631,1
phishtank,1,0.9648694754275364,1
tranco_benign_proxy,0,0.004294891068620037,0
phishtank,1,0.9981596537022371,1
phishtank,1,0.8414504746384648,1
phishtank,1,0.7333749800386844,1
tranco_benign_proxy,0,0.2543897778384251,0
phishtank,1,0.17558656224796523,0
phishtank,1,0.9779587440764916,1
phishtank,1,0.9960678393788402,1
phishtank,1,0.7572869212798028,1
phishtank,1,0.9514284777273155,1
tranco_benign_proxy,0,0.06675211626524845,0
phishtank,1,0.8716570462782479,1
tranco_benign_proxy,0,0.02301311389360902,0
phishtank,1,0.9913126659368537,1
tranco_benign_proxy,0,0.9412013668849524,1
tranco_benign_proxy,0,0.7459672197173364,1
phishtank,1,0.9829863202270535,1
phishtank,1,0.9994913284826173,1
phishtank,1,0.9957406361296056,1
phishtank,1,0.9984140958190629,1
phishtank,1,0.9999755068302381,1
tranco_benign_proxy,0,0.276750807039294,0
tranco_benign_proxy,0,0.9869212965533695,1
phishtank,1,0.9877217051048194,1
phishtank,1,0.995427584104617,1
tranco_benign_proxy,0,0.15933508214383735,0
phishtank,1,0.97772878324256,1
tranco_benign_proxy,0,0.49451673934587603,0
tranco_benign_proxy,0,0.05625324868853369,0
tranco_benign_proxy,0,0.12919699917803396,0
tranco_benign_proxy,0,0.72957296958261,1
phishtank,1,0.9072821226733307,1
phishtank,1,0.9976860257567395,1
tranco_benign_proxy,0,0.23424805482327635,0
tranco_benign_proxy,0,0.07940061017364602,0
tranco_benign_proxy,0,0.08824654789609257,0
phishtank,1,0.9990350979865188,1
phishtank,1,0.999982889853633,1
tranco_benign_proxy,0,0.5448227531264135,0
phishtank,1,0.9996870551525724,1
phishtank,1,0.9478568871952889,1
phishtank,1,0.9959736249075117,1
phishtank,1,0.9534969341718591,1
tranco_benign_proxy,0,0.028809533164184248,0
tranco_benign_proxy,0,0.5380526680646377,0
phishtank,1,0.9872428430772815,1
phishtank,1,0.14792873894392536,0
tranco_benign_proxy,0,0.35373277756841104,0
phishtank,1,0.8820996004077423,1
phishtank,1,0.7232514613332354,1
phishtank,1,0.9375688689693722,1
phishtank,1,0.999760410160027,1
tranco_benign_proxy,0,0.21960255097763223,0
tranco_benign_proxy,0,0.12264890373136589,0
phishtank,1,0.9912351127776986,1
phishtank,1,0.999379961806635,1
phishtank,1,0.9983944111846625,1
tranco_benign_proxy,0,0.24957612742664737,0
phishtank,1,0.9984382406725226,1
phishtank,1,0.971910662862571,1
phishtank,1,0.9943943789574113,1
phishtank,1,0.9873359112921958,1
phishtank,1,0.9984121032388952,1
phishtank,1,0.996523653816925,1
tranco_benign_proxy,0,0.07977916144761993,0
phishtank,1,0.999032739776209,1
tranco_benign_proxy,0,0.3645969468399093,0
tranco_benign_proxy,0,0.37181322914967946,0
phishtank,1,0.9733886159659798,1
phishtank,1,0.986546482704041,1
tranco_benign_proxy,0,0.2684017508661631,0
phishtank,1,0.9397370620181308,1
tranco_benign_proxy,0,0.37101573086235634,0
tranco_benign_proxy,0,0.072734201118412,0
phishtank,1,0.997085796941266,1
phishtank,1,0.9997135377063662,1
phishtank,1,0.9940744197569289,1
tranco_benign_proxy,0,0.03642814404341409,0
phishtank,1,0.7832324395451079,1
tranco_benign_proxy,0,0.061411090045879926,0
phishtank,1,0.9995276319139715,1
phishtank,1,0.9983148080646808,1
tranco_benign_proxy,0,0.29189121473498464,0
phishtank,1,0.9951830665831051,1
phishtank,1,0.9950117744357586,1
tranco_benign_proxy,0,0.9067042637580975,1
phishtank,1,0.9996425086272869,1
tranco_benign_proxy,0,0.636429187613842,0
phishtank,1,0.9977061956995331,1
phishtank,1,0.99583918199019,1
tranco_benign_proxy,0,0.6549907502238581,0
phishtank,1,0.994814502904642,1
phishtank,1,0.9543289904598392,1
tranco_benign_proxy,0,0.35607406935933433,0
phishtank,1,0.9962224577832386,1
tranco_benign_proxy,0,0.05012532248153075,0
tranco_benign_proxy,0,0.20557147749846236,0
tranco_benign_proxy,0,0.4372536972077009,0
tranco_benign_proxy,0,0.6164909761022825,0
phishtank,1,0.9937936339865187,1
tranco_benign_proxy,0,0.4955664183186651,0
phishtank,1,0.9974876667632808,1
tranco_benign_proxy,0,0.04199610038641848,0
phishtank,1,0.9726212722829605,1
tranco_benign_proxy,0,0.03405001514812196,0
phishtank,1,0.9882335681998395,1
phishtank,1,0.9986447891941679,1
phishtank,1,0.990432810812275,1
tranco_benign_proxy,0,0.9344507800167662,1
tranco_benign_proxy,0,0.9621065084481171,1
phishtank,1,0.9873546221786452,1
tranco_benign_proxy,0,0.18851294636233476,0
tranco_benign_proxy,0,0.031628365927958556,0
phishtank,1,0.9940121443257769,1
tranco_benign_proxy,0,0.5260933935718145,0
phishtank,1,0.9253203238192194,1
tranco_benign_proxy,0,0.5110438670694104,0
tranco_benign_proxy,0,0.5933571662907761,0
phishtank,1,0.9837936245040909,1
phishtank,1,0.909667159617396,1
phishtank,1,0.9886789519945699,1
phishtank,1,0.999424325069987,1
phishtank,1,0.9967699827723921,1
tranco_benign_proxy,0,0.708799692802745,1
tranco_benign_proxy,0,0.005559499624754913,0
tranco_benign_proxy,0,0.05228867626222765,0
phishtank,1,0.9973651013814575,1
tranco_benign_proxy,0,0.01513022803990956,0
tranco_benign_proxy,0,0.08422487718365998,0
tranco_benign_proxy,0,0.4066976974212559,0
tranco_benign_proxy,0,0.5485886834670662,0
phishtank,1,0.9619853127218337,1
tranco_benign_proxy,0,0.052876372169095805,0
phishtank,1,0.9780804048163079,1
phishtank,1,0.8396393458700102,1
tranco_benign_proxy,0,0.0683500119179894,0
tranco_benign_proxy,0,0.25812261059907393,0
phishtank,1,0.9985953987246396,1
phishtank,1,0.9945538813602564,1
tranco_benign_proxy,0,0.022025536614749326,0
phishtank,1,0.9989979635747247,1
tranco_benign_proxy,0,0.016154161765199036,0
phishtank,1,0.9946043347871424,1
phishtank,1,0.9972528501786074,1
tranco_benign_proxy,0,0.08108181901467644,0
tranco_benign_proxy,0,0.09785474053792917,0
phishtank,1,0.9931944526905243,1
tranco_benign_proxy,0,0.040208542465534756,0
tranco_benign_proxy,0,0.7766847040599474,1
phishtank,1,0.9989876869825979,1
phishtank,1,0.9913377557565147,1
tranco_benign_proxy,0,0.20390523175695074,0
phishtank,1,0.9990877213380384,1
phishtank,1,0.8605902309989812,1
tranco_benign_proxy,0,0.38383583406199606,0
tranco_benign_proxy,0,0.769161449092253,1
phishtank,1,0.9999727160600037,1
phishtank,1,0.9962014922765209,1
tranco_benign_proxy,0,0.15117028334571533,0
phishtank,1,0.7815058346558215,1
phishtank,1,0.9999666252319606,1
phishtank,1,0.9808041953227393,1
tranco_benign_proxy,0,0.03733505484016764,0
phishtank,1,0.9971397869550646,1
phishtank,1,0.9621611721751123,1
phishtank,1,0.9598223513010122,1
tranco_benign_proxy,0,0.100973231535,0
tranco_benign_proxy,0,0.02293504392259812,0
tranco_benign_proxy,0,0.6609277031616758,0
phishtank,1,0.9964720867383678,1
tranco_benign_proxy,0,0.7023592241406917,1
tranco_benign_proxy,0,0.440127110588946,0
tranco_benign_proxy,0,0.4414254650088887,0
tranco_benign_proxy,0,0.2809949863953344,0
phishtank,1,0.9987381168222866,1
phishtank,1,0.9806420298617092,1
tranco_benign_proxy,0,0.07436924985652418,0
tranco_benign_proxy,0,0.10748484039727144,0
phishtank,1,0.9658327496268747,1
tranco_benign_proxy,0,0.8347915409249878,1
tranco_benign_proxy,0,0.23562063732877234,0
tranco_benign_proxy,0,0.27307150665781893,0
phishtank,1,0.9999043026686072,1
tranco_benign_proxy,0,0.5374561875079215,0
tranco_benign_proxy,0,0.012801303787025143,0
phishtank,1,0.9973214205493347,1
tranco_benign_proxy,0,0.3406574686507462,0
tranco_benign_proxy,0,0.018807034631457765,0
phishtank,1,0.9844051501278978,1
phishtank,1,0.9312701588623096,1
phishtank,1,0.9954829970956828,1
phishtank,1,0.9998347019150653,1
phishtank,1,0.977444620035024,1
tranco_benign_proxy,0,0.6588765124117874,0
phishtank,1,0.9991127424937877,1
tranco_benign_proxy,0,0.10946225952789349,0
tranco_benign_proxy,0,0.11574146457938002,0
tranco_benign_proxy,0,0.04659009864228276,0
tranco_benign_proxy,0,0.4676131587814269,0
phishtank,1,0.9843477933213035,1
phishtank,1,0.9480344501010847,1
phishtank,1,0.9998101565246628,1
tranco_benign_proxy,0,0.4926987003668545,0
phishtank,1,0.6564061256090908,0
tranco_benign_proxy,0,0.20091506200668105,0
tranco_benign_proxy,0,0.43569956438640534,0
tranco_benign_proxy,0,0.2708124982199614,0
phishtank,1,0.9983069185461493,1
tranco_benign_proxy,0,0.39837685045036053,0
tranco_benign_proxy,0,0.8917257125202556,1
phishtank,1,0.9967101238137317,1
tranco_benign_proxy,0,0.9913303622209144,1
phishtank,1,0.9814437786325085,1
tranco_benign_proxy,0,0.3295158808609008,0
tranco_benign_proxy,0,0.4315157618958936,0
tranco_benign_proxy,0,0.9501963462877913,1
tranco_benign_proxy,0,0.3719801496311366,0
phishtank,1,0.9907436031531762,1
phishtank,1,0.9998751015516852,1
phishtank,1,0.994635595671139,1
phishtank,1,0.9909368583341487,1
tranco_benign_proxy,0,0.13073266731162225,0
tranco_benign_proxy,0,0.0127084674498331,0
tranco_benign_proxy,0,0.00027818664827221226,0
tranco_benign_proxy,0,0.9816788505780806,1
phishtank,1,0.9832051213539914,1
phishtank,1,0.9998889751531851,1
tranco_benign_proxy,0,0.03809002238015621,0
tranco_benign_proxy,0,0.033878454519408636,0
phishtank,1,0.9949890164893526,1
tranco_benign_proxy,0,0.4206805718543238,0
tranco_benign_proxy,0,0.5039007953471886,0
phishtank,1,0.9981470862521054,1
phishtank,1,0.9982931787378566,1
tranco_benign_proxy,0,0.39538392044058246,0
phishtank,1,0.9623019844631803,1
tranco_benign_proxy,0,0.12786154492053503,0
phishtank,1,0.9928007707030186,1
tranco_benign_proxy,0,0.1409036044550585,0
phishtank,1,0.8852049802941591,1
phishtank,1,0.9623406296519467,1
phishtank,1,0.9805327263122622,1
tranco_benign_proxy,0,0.02691828192052544,0
tranco_benign_proxy,0,0.9245253740066657,1
phishtank,1,0.9999426875246118,1
phishtank,1,0.9953847593225517,1
tranco_benign_proxy,0,0.3075851617697814,0
phishtank,1,0.9895454602100937,1
tranco_benign_proxy,0,0.5395807741472644,0
tranco_benign_proxy,0,0.32468597304378555,0
phishtank,1,0.13250772153079182,0
tranco_benign_proxy,0,0.049666055543113895,0
tranco_benign_proxy,0,0.10181922007385277,0
phishtank,1,0.9931097693393257,1
phishtank,1,0.992825200507876,1
phishtank,1,0.991364984410533,1
tranco_benign_proxy,0,0.2092865674834629,0
phishtank,1,0.8183704756563493,1
phishtank,1,0.9948133011619951,1
tranco_benign_proxy,0,0.581423699745102,0
tranco_benign_proxy,0,0.36021100651428745,0
tranco_benign_proxy,0,0.16845811296273727,0
phishtank,1,0.9858118859793003,1
phishtank,1,0.991174636648728,1
phishtank,1,0.9981605406820172,1
phishtank,1,0.9816223512912061,1
tranco_benign_proxy,0,0.029950632494007152,0
tranco_benign_proxy,0,0.2563524315930466,0
phishtank,1,0.9576368732391657,1
tranco_benign_proxy,0,0.7524699503649213,1
tranco_benign_proxy,0,0.04529919419502984,0
phishtank,1,0.9746727216419729,1
tranco_benign_proxy,0,0.39331125171800646,0
phishtank,1,0.9714271782249584,1
tranco_benign_proxy,0,0.0019564121899588076,0
tranco_benign_proxy,0,0.20832909669233857,0
phishtank,1,0.9743849022714274,1
tranco_benign_proxy,0,0.13760224484859246,0
phishtank,1,0.999372516476947,1
tranco_benign_proxy,0,0.06007628661826344,0
phishtank,1,0.9993503087067765,1
phishtank,1,0.7830567205794225,1
tranco_benign_proxy,0,0.05594711762048938,0
phishtank,1,0.998305092711556,1
tranco_benign_proxy,0,0.5828023239290546,0
tranco_benign_proxy,0,0.733903559110529,1
phishtank,1,0.9935652055576526,1
phishtank,1,0.9953753481559545,1
tranco_benign_proxy,0,0.29592266258498345,0
tranco_benign_proxy,0,0.42689326149603735,0
tranco_benign_proxy,0,0.6344175399772525,0
phishtank,1,0.9733269391686069,1
tranco_benign_proxy,0,0.17017485808742863,0
phishtank,1,0.8522643593481908,1
phishtank,1,0.9994171451211364,1
phishtank,1,0.9965763190305809,1
phishtank,1,0.9997594274546487,1
phishtank,1,0.9933176942197416,1
phishtank,1,0.768390704376044,1
tranco_benign_proxy,0,0.16271861044972347,0
tranco_benign_proxy,0,0.06237439014564169,0
phishtank,1,0.9879413809248846,1
tranco_benign_proxy,0,0.27641567482493334,0
phishtank,1,0.9978567254311603,1
phishtank,1,0.9754138269699681,1
phishtank,1,0.9940076334501233,1
tranco_benign_proxy,0,0.009008285223091958,0
tranco_benign_proxy,0,0.46551570234898804,0
phishtank,1,0.9999823071531996,1
tranco_benign_proxy,0,0.8069307576442392,1
tranco_benign_proxy,0,0.18384020255630482,0
tranco_benign_proxy,0,0.9866082951607054,1
tranco_benign_proxy,0,0.10859835112788854,0
phishtank,1,0.989083715726678,1
tranco_benign_proxy,0,0.9889135075477771,1
phishtank,1,0.8244550827578693,1
tranco_benign_proxy,0,0.6965978633174374,0
tranco_benign_proxy,0,0.7685691185794201,1
phishtank,1,0.885119920787007,1
tranco_benign_proxy,0,0.9449529483635104,1
phishtank,1,0.9993974271509128,1
tranco_benign_proxy,0,0.20174673499481405,0
phishtank,1,0.9994608048284637,1
tranco_benign_proxy,0,0.1781742862883928,0
tranco_benign_proxy,0,0.04356357675086675,0
tranco_benign_proxy,0,0.13588885647414894,0
phishtank,1,0.9985280138608739,1
phishtank,1,0.9967617524813925,1
tranco_benign_proxy,0,0.30778343305815264,0
phishtank,1,0.974934954608695,1
phishtank,1,0.9962910720592785,1
phishtank,1,0.9904352046576816,1
tranco_benign_proxy,0,0.39463286855586477,0
tranco_benign_proxy,0,0.5698216358376732,0
phishtank,1,0.9657615048149727,1
tranco_benign_proxy,0,0.24463113342777865,0
phishtank,1,0.9919140956001757,1
tranco_benign_proxy,0,0.0357459614682581,0
tranco_benign_proxy,0,0.0594726552006899,0
tranco_benign_proxy,0,0.22602077216627073,0
tranco_benign_proxy,0,0.298450879246962,0
tranco_benign_proxy,0,0.665826924602284,0
tranco_benign_proxy,0,0.07855964816761452,0
phishtank,1,0.9975996817920777,1
tranco_benign_proxy,0,0.7346229692274653,1
tranco_benign_proxy,0,0.6412964409034381,0
phishtank,1,0.9736509884622786,1
phishtank,1,0.9919561628085132,1
phishtank,1,0.9216887800359533,1
tranco_benign_proxy,0,0.8543547733058986,1
phishtank,1,0.9980530146668225,1
tranco_benign_proxy,0,0.4860167892362184,0
phishtank,1,0.9960971817623335,1
phishtank,1,0.9997120440915507,1
tranco_benign_proxy,0,0.9477498728054456,1
phishtank,1,0.994551163514951,1
phishtank,1,0.9908447437504286,1
phishtank,1,0.9923967247979721,1
tranco_benign_proxy,0,0.044051986450445106,0
phishtank,1,0.9936515661487287,1
phishtank,1,0.9941645706707988,1
phishtank,1,0.9991317300053297,1
tranco_benign_proxy,0,0.02057508903085162,0
phishtank,1,0.33574262495185786,0
phishtank,1,0.969514204702828,1
tranco_benign_proxy,0,0.18999274775055253,0
tranco_benign_proxy,0,0.6994536989210353,1
tranco_benign_proxy,0,0.9537950248689355,1
phishtank,1,0.9921802567168005,1
phishtank,1,0.8826014757267125,1
tranco_benign_proxy,0,0.9363869521931653,1
phishtank,1,0.9766283134984659,1
phishtank,1,0.9968073798806198,1
tranco_benign_proxy,0,0.03483563303260224,0
phishtank,1,0.9926172140758233,1
tranco_benign_proxy,0,0.9476415666779081,1
phishtank,1,0.9981293116701786,1
tranco_benign_proxy,0,0.7617470523558947,1
tranco_benign_proxy,0,0.304214445984548,0
phishtank,1,0.999335705074851,1
phishtank,1,0.9961349726327248,1
tranco_benign_proxy,0,0.3837670215840578,0
phishtank,1,0.9892109583495267,1
phishtank,1,0.994152437006386,1
tranco_benign_proxy,0,0.6333483038455152,0
phishtank,1,0.999437452635723,1
tranco_benign_proxy,0,0.1292094499056539,0
phishtank,1,0.9973771514932837,1
tranco_benign_proxy,0,0.4554567673477607,0
tranco_benign_proxy,0,0.07579377332151031,0
phishtank,1,0.9969779613866987,1
tranco_benign_proxy,0,0.22916094789689959,0
tranco_benign_proxy,0,0.8898738755745342,1
tranco_benign_proxy,0,0.03298432758556032,0
phishtank,1,0.43174413263854816,0
phishtank,1,0.9342271949348238,1
tranco_benign_proxy,0,0.6866650048901308,0
tranco_benign_proxy,0,0.16882533208761769,0
phishtank,1,0.42335400754017277,0
phishtank,1,0.8994551069024529,1
tranco_benign_proxy,0,0.5313142612617049,0
tranco_benign_proxy,0,0.278779544505335,0
tranco_benign_proxy,0,0.7979341721385591,1
phishtank,1,0.99645353780176,1
phishtank,1,0.9413773615175537,1
tranco_benign_proxy,0,0.028143756907044827,0
phishtank,1,0.9878192344778111,1
tranco_benign_proxy,0,0.5766197870432068,0
phishtank,1,0.9513970449250544,1
phishtank,1,0.6928793104547543,0
tranco_benign_proxy,0,0.933248032443422,1
tranco_benign_proxy,0,0.6165179779610894,0
phishtank,1,0.9919933098494619,1
phishtank,1,0.9996725408076078,1
phishtank,1,0.8410674653025625,1
phishtank,1,0.9999267986455788,1
phishtank,1,0.9998183995264804,1
phishtank,1,0.9973369981887618,1
phishtank,1,0.9969224218523737,1
tranco_benign_proxy,0,0.21414938069005518,0
tranco_benign_proxy,0,0.1335978884273211,0
tranco_benign_proxy,0,0.23343504608519405,0
phishtank,1,0.9340979774543076,1
tranco_benign_proxy,0,0.014854418164805105,0
tranco_benign_proxy,0,0.12293733092892872,0
tranco_benign_proxy,0,0.8795421088622075,1
tranco_benign_proxy,0,0.05084483352907377,0
phishtank,1,0.9999663233489411,1
phishtank,1,0.3503110878557297,0
phishtank,1,0.9982465058704968,1
phishtank,1,0.9089334707322912,1
tranco_benign_proxy,0,0.5953610291463629,0
tranco_benign_proxy,0,0.13249155078861927,0
phishtank,1,0.9372704755438787,1
phishtank,1,0.9924700944986381,1
tranco_benign_proxy,0,0.09350025804100068,0
phishtank,1,0.9978807293072479,1
tranco_benign_proxy,0,0.18464631846908494,0
tranco_benign_proxy,0,0.1626606012704559,0
tranco_benign_proxy,0,0.12476013158274457,0
tranco_benign_proxy,0,0.20352169911327483,0
tranco_benign_proxy,0,0.9665644888823499,1
tranco_benign_proxy,0,0.14381099358085983,0
tranco_benign_proxy,0,0.6739638975478114,0
tranco_benign_proxy,0,0.5959540375265778,0
tranco_benign_proxy,0,0.37273797382545015,0
tranco_benign_proxy,0,0.11840944101198772,0
tranco_benign_proxy,0,0.15482554157837453,0
phishtank,1,0.980779545102089,1
tranco_benign_proxy,0,0.23634515443087226,0
phishtank,1,0.9937080423570416,1
tranco_benign_proxy,0,0.10508009495823696,0
phishtank,1,0.9990387768386568,1
phishtank,1,0.99754159312333,1
phishtank,1,0.9980757706665409,1
tranco_benign_proxy,0,0.2769568182216057,0
phishtank,1,0.9816016068570248,1
phishtank,1,0.634490612499049,0
phishtank,1,0.9997521484912263,1
tranco_benign_proxy,0,0.22372816892734299,0
tranco_benign_proxy,0,0.07546521263108338,0
tranco_benign_proxy,0,0.004775705021164294,0
tranco_benign_proxy,0,0.8767356174804564,1
phishtank,1,0.9731270428531139,1
tranco_benign_proxy,0,0.04897813732725292,0
tranco_benign_proxy,0,0.12751877698783992,0
tranco_benign_proxy,0,0.5316333101108767,0
phishtank,1,0.9544876200740868,1
tranco_benign_proxy,0,0.08223718199465266,0
tranco_benign_proxy,0,0.14156906588532178,0
tranco_benign_proxy,0,0.4162780226593532,0
phishtank,1,0.08347397399277699,0
phishtank,1,0.9572294895989341,1
phishtank,1,0.998881424712857,1
phishtank,1,0.9960495750192577,1
tranco_benign_proxy,0,0.7890037090958937,1
tranco_benign_proxy,0,0.14859427082462193,0
tranco_benign_proxy,0,0.34614878842597124,0
phishtank,1,0.9994668375220297,1
phishtank,1,0.9996374982255022,1
phishtank,1,0.998887579191375,1
phishtank,1,0.18275901399550698,0
tranco_benign_proxy,0,0.02019946402868491,0
tranco_benign_proxy,0,0.4601258040371122,0
phishtank,1,0.943727891359286,1
tranco_benign_proxy,0,0.10947170971767317,0
tranco_benign_proxy,0,0.030194418974500294,0
phishtank,1,0.9980816227800529,1
phishtank,1,0.9204060963540173,1
phishtank,1,0.9677440611676991,1
phishtank,1,0.9668308493210627,1
tranco_benign_proxy,0,0.8435621062891099,1
tranco_benign_proxy,0,0.5982372497688065,0
phishtank,1,0.9033665758977741,1
tranco_benign_proxy,0,0.1948931125392436,0
tranco_benign_proxy,0,0.10265087587871706,0
tranco_benign_proxy,0,0.01963160929333045,0
tranco_benign_proxy,0,0.5141097330479626,0
tranco_benign_proxy,0,0.18776015429366807,0
phishtank,1,0.9824980383585499,1
tranco_benign_proxy,0,0.8100529771003157,1
tranco_benign_proxy,0,0.19711713782202084,0
tranco_benign_proxy,0,0.6772083121927505,0
phishtank,1,0.16856415874309155,0
phishtank,1,0.971588341598121,1
tranco_benign_proxy,0,0.19358723016192875,0
tranco_benign_proxy,0,0.809218882645683,1
tranco_benign_proxy,0,0.3793204159539457,0
tranco_benign_proxy,0,0.6665122637921058,0
tranco_benign_proxy,0,0.8703477203603587,1
tranco_benign_proxy,0,0.03974441753611346,0
phishtank,1,0.9975561459880952,1
tranco_benign_proxy,0,0.28038863225290533,0
tranco_benign_proxy,0,0.07267214502371999,0
tranco_benign_proxy,0,0.4640391567938319,0
phishtank,1,0.9594962399417485,1
phishtank,1,0.9698348576859995,1
tranco_benign_proxy,0,0.5690770448424087,0
tranco_benign_proxy,0,0.1711726188453148,0
phishtank,1,0.9196965372340606,1
phishtank,1,0.9446300891347593,1
tranco_benign_proxy,0,0.4719291071719912,0
tranco_benign_proxy,0,0.6891783131494866,0
phishtank,1,0.9888407294937661,1
tranco_benign_proxy,0,0.02461388003065424,0
phishtank,1,0.9557019269636415,1
tranco_benign_proxy,0,0.6188488359157953,0
phishtank,1,0.9700986171813077,1
tranco_benign_proxy,0,0.9516330541445772,1
phishtank,1,0.1772168740176445,0
tranco_benign_proxy,0,0.46557384059382223,0
phishtank,1,0.9758196541596064,1
tranco_benign_proxy,0,0.9748056234686389,1
phishtank,1,0.9979873404489191,1
phishtank,1,0.9999667029085734,1
tranco_benign_proxy,0,0.0497381199760034,0
phishtank,1,0.999926554245845,1
phishtank,1,0.9996050019730358,1
tranco_benign_proxy,0,0.6843663604628276,0
phishtank,1,0.9197146518431377,1
tranco_benign_proxy,0,0.15596911892247023,0
tranco_benign_proxy,0,0.004869823152083716,0
phishtank,1,0.9854248371380159,1
phishtank,1,0.9937152394692936,1
tranco_benign_proxy,0,0.4602431207239799,0
tranco_benign_proxy,0,0.047299122445251494,0
tranco_benign_proxy,0,0.21680558337184605,0
phishtank,1,0.2073385956852905,0
phishtank,1,0.983805467715352,1
tranco_benign_proxy,0,0.38619350078506776,0
tranco_benign_proxy,0,0.2573325636947225,0
phishtank,1,0.49989878800146553,0
phishtank,1,0.9453904385124587,1
phishtank,1,0.9937840062619537,1
phishtank,1,0.9999861767098415,1
tranco_benign_proxy,0,0.9411808546465747,1
phishtank,1,0.9931221259340424,1
phishtank,1,0.9999149794002863,1
tranco_benign_proxy,0,0.017009128241312656,0
tranco_benign_proxy,0,0.06327302360610448,0
phishtank,1,0.9877895492202466,1
phishtank,1,0.996522747316431,1
tranco_benign_proxy,0,0.3193858686311186,0
tranco_benign_proxy,0,0.23376460331916635,0
tranco_benign_proxy,0,0.33021021336321676,0
phishtank,1,0.9999975886410983,1
tranco_benign_proxy,0,0.9331395713115909,1
tranco_benign_proxy,0,0.038994873648837684,0
tranco_benign_proxy,0,0.02750824694985743,0
phishtank,1,0.999621190690724,1
tranco_benign_proxy,0,0.1222192011667125,0
phishtank,1,0.9988382344800801,1
tranco_benign_proxy,0,0.9578544339109334,1
phishtank,1,0.9936725482261168,1
phishtank,1,0.9996934464721623,1
tranco_benign_proxy,0,0.014258280399939824,0
tranco_benign_proxy,0,0.1989617448994236,0
phishtank,1,0.9723619051303016,1
phishtank,1,0.9815836696528564,1
phishtank,1,0.9806142716943188,1
phishtank,1,0.9931950656037852,1
tranco_benign_proxy,0,0.9805867688318636,1
phishtank,1,0.9627832668616435,1
tranco_benign_proxy,0,0.15311140315511965,0
phishtank,1,0.9922185622748109,1
phishtank,1,0.9972559381938008,1
tranco_benign_proxy,0,0.1797729830535765,0
tranco_benign_proxy,0,0.9864822923944393,1
tranco_benign_proxy,0,0.7679943815984744,1
tranco_benign_proxy,0,0.00046432466930839523,0
phishtank,1,0.36678156237652065,0
tranco_benign_proxy,0,0.4902024968107902,0
phishtank,1,0.64636009205697,0
phishtank,1,0.9476979542944098,1
tranco_benign_proxy,0,0.08655819111437474,0
tranco_benign_proxy,0,0.18570361700805937,0
tranco_benign_proxy,0,0.989852301500606,1
tranco_benign_proxy,0,0.21873938329124862,0
tranco_benign_proxy,0,0.10767354478968544,0
phishtank,1,0.9986303102579571,1
phishtank,1,0.9978308780321355,1
tranco_benign_proxy,0,0.3747967793403596,0
tranco_benign_proxy,0,0.28332992111785243,0
phishtank,1,0.9993635197177866,1
phishtank,1,0.9901644819591171,1
phishtank,1,0.9897185415492196,1
tranco_benign_proxy,0,0.5222073647192248,0
phishtank,1,0.868216266340872,1
tranco_benign_proxy,0,0.33500508506045834,0
phishtank,1,0.688344403859844,0
tranco_benign_proxy,0,0.6732089471312453,0
phishtank,1,0.9884416671628203,1
phishtank,1,0.9976371564432094,1
tranco_benign_proxy,0,0.9808053386210038,1
tranco_benign_proxy,0,0.2116225227145147,0
tranco_benign_proxy,0,0.23414966121904962,0
phishtank,1,0.9983156435684797,1
phishtank,1,0.9900482991800991,1
tranco_benign_proxy,0,0.5763677443295903,0
tranco_benign_proxy,0,0.11410579210681157,0
tranco_benign_proxy,0,0.6677021706955902,0
phishtank,1,0.9939436476837726,1
tranco_benign_proxy,0,0.09013947052223709,0
phishtank,1,0.5915050465105244,0
tranco_benign_proxy,0,0.21152341308545072,0
phishtank,1,0.9181178625183007,1
tranco_benign_proxy,0,0.049756667618968804,0
phishtank,1,0.9318287217040495,1
tranco_benign_proxy,0,0.6272676785208003,0
tranco_benign_proxy,0,0.08918975717683862,0
phishtank,1,0.987274591005704,1
phishtank,1,0.9995057582940151,1
phishtank,1,0.9843834933518546,1
tranco_benign_proxy,0,0.14515478786443187,0
tranco_benign_proxy,0,0.9698977586593928,1
phishtank,1,0.815657646420828,1
phishtank,1,0.9776476091773536,1
tranco_benign_proxy,0,0.03618509273536628,0
phishtank,1,0.8069013657671693,1
phishtank,1,0.9916386995396098,1
phishtank,1,0.920801091304465,1
tranco_benign_proxy,0,0.8912078913218497,1
tranco_benign_proxy,0,0.10128752385475912,0
phishtank,1,0.9940297333480255,1
tranco_benign_proxy,0,0.2672101443393545,0
tranco_benign_proxy,0,0.18055865816384906,0
phishtank,1,0.9765858856040661,1
phishtank,1,0.9947941362556237,1
phishtank,1,0.9989312275291811,1
tranco_benign_proxy,0,0.520149196720629,0
tranco_benign_proxy,0,0.09386528066946696,0
phishtank,1,0.9941631440523481,1
tranco_benign_proxy,0,0.0031503639015315085,0
phishtank,1,0.9981205253731507,1
phishtank,1,0.9801257601601728,1
phishtank,1,0.9992196013125535,1
tranco_benign_proxy,0,0.9650862041985168,1
phishtank,1,0.9999147502572455,1
tranco_benign_proxy,0,0.008061733083820927,0
phishtank,1,0.9981264896458852,1
phishtank,1,0.9979030820923713,1
tranco_benign_proxy,0,0.16277536121645123,0
tranco_benign_proxy,0,0.8134606621860407,1
phishtank,1,0.9998795378504542,1
tranco_benign_proxy,0,0.9215364428926918,1
tranco_benign_proxy,0,0.287281609593959,0
tranco_benign_proxy,0,0.2453014718426067,0
tranco_benign_proxy,0,0.8946245011350055,1
phishtank,1,0.998158366364012,1
tranco_benign_proxy,0,0.550656101544388,0
phishtank,1,0.9976678534701168,1
tranco_benign_proxy,0,0.5303526499464755,0
phishtank,1,0.9987969660777408,1
phishtank,1,0.5237996380344611,0
phishtank,1,0.9892209072376573,1
phishtank,1,0.9492042892924482,1
phishtank,1,0.9989433619738032,1
phishtank,1,0.3508402584440733,0
phishtank,1,0.9898487229096847,1
phishtank,1,0.9938622082943529,1
tranco_benign_proxy,0,0.3330378362435894,0
phishtank,1,0.9995222287217167,1
tranco_benign_proxy,0,0.04928883485383038,0
phishtank,1,0.9755477367234188,1
tranco_benign_proxy,0,0.38725790368556195,0
tranco_benign_proxy,0,0.00850455347885554,0
tranco_benign_proxy,0,0.2973333826679674,0
phishtank,1,0.9424825477909768,1
tranco_benign_proxy,0,0.845236402804537,1
phishtank,1,0.9857314467357565,1
phishtank,1,0.9719714300680612,1
tranco_benign_proxy,0,0.520948579073882,0
phishtank,1,0.9991521356640134,1
tranco_benign_proxy,0,0.1258001732042467,0
phishtank,1,0.9723539865364691,1
phishtank,1,0.8648976789815176,1
phishtank,1,0.9992443702335237,1
tranco_benign_proxy,0,0.08152186501602733,0
tranco_benign_proxy,0,0.15046351911299816,0
tranco_benign_proxy,0,0.8015719846844246,1
phishtank,1,0.9999575130508778,1
tranco_benign_proxy,0,0.1037688678018884,0
tranco_benign_proxy,0,0.5533478612144236,0
phishtank,1,0.9963755941438662,1
tranco_benign_proxy,0,0.24347431358285548,0
tranco_benign_proxy,0,0.2087258838714463,0
phishtank,1,0.998144433222734,1
tranco_benign_proxy,0,0.05497172414704759,0
tranco_benign_proxy,0,0.2867194884767359,0
tranco_benign_proxy,0,0.9076199468674903,1
tranco_benign_proxy,0,0.15974664434616692,0
tranco_benign_proxy,0,0.28452191933741844,0
tranco_benign_proxy,0,0.12261980350483202,0
phishtank,1,0.9983494446556136,1
tranco_benign_proxy,0,0.22849628180319173,0
tranco_benign_proxy,0,0.09998408073070492,0
phishtank,1,0.9997316121124621,1
tranco_benign_proxy,0,0.20336914747908258,0
tranco_benign_proxy,0,0.7146686732109099,1
tranco_benign_proxy,0,0.19229397954959337,0
tranco_benign_proxy,0,0.0149579357642387,0
tranco_benign_proxy,0,0.025943563922719636,0
tranco_benign_proxy,0,0.047672152187119475,0
tranco_benign_proxy,0,0.2786780052638027,0
phishtank,1,0.9961663318441768,1
phishtank,1,0.9997188129225623,1
phishtank,1,0.999609487835428,1
tranco_benign_proxy,0,0.573235129331189,0
phishtank,1,0.9995349695230135,1
phishtank,1,0.9916540726789796,1
phishtank,1,0.9519515932720988,1
tranco_benign_proxy,0,0.06818072694626248,0
phishtank,1,0.9972028622296588,1
phishtank,1,0.976493641706125,1
phishtank,1,0.5099894966946342,0
phishtank,1,0.9997943437408642,1
phishtank,1,0.9947767996977486,1
phishtank,1,0.9444056078094855,1
phishtank,1,0.980220812859585,1
tranco_benign_proxy,0,0.7909296896113095,1
tranco_benign_proxy,0,0.2642180297146469,0
tranco_benign_proxy,0,0.1203117261042294,0
tranco_benign_proxy,0,0.10605955338509407,0
phishtank,1,0.9963918411516417,1
tranco_benign_proxy,0,0.08643401619203905,0
phishtank,1,0.9878375844373408,1
tranco_benign_proxy,0,0.009630044474930294,0
phishtank,1,0.9891389599051975,1
tranco_benign_proxy,0,0.1364113178678856,0
tranco_benign_proxy,0,0.4958686541838926,0
phishtank,1,0.9747432933863996,1
phishtank,1,0.9581144919455854,1
phishtank,1,0.99878761529967,1
tranco_benign_proxy,0,0.7191288463663172,1
phishtank,1,0.9753907088860645,1
tranco_benign_proxy,0,0.10683248305560136,0
tranco_benign_proxy,0,0.29298010164514293,0
phishtank,1,0.9953265799724706,1
phishtank,1,0.9978675963039134,1
phishtank,1,0.998550537341466,1
phishtank,1,0.9969653393257908,1
tranco_benign_proxy,0,0.2316022059186353,0
tranco_benign_proxy,0,0.12098025027930948,0
tranco_benign_proxy,0,0.7498566702404134,1
tranco_benign_proxy,0,0.8250912625505116,1
tranco_benign_proxy,0,0.9754530698275088,1
tranco_benign_proxy,0,0.5516335031321007,0
tranco_benign_proxy,0,0.013705114958816284,0
phishtank,1,0.9482444204629665,1
phishtank,1,0.9778422024230286,1
phishtank,1,0.9392255985025866,1
phishtank,1,0.9983530213179921,1
phishtank,1,0.9999493300835208,1
phishtank,1,0.9617990564012895,1
tranco_benign_proxy,0,0.007073940042115884,0
tranco_benign_proxy,0,0.929131074933212,1
tranco_benign_proxy,0,0.05981197228195942,0
phishtank,1,0.9994471121344807,1
tranco_benign_proxy,0,0.13172960308706272,0
phishtank,1,0.9921662180685709,1
tranco_benign_proxy,0,0.13102739225830146,0
tranco_benign_proxy,0,0.11750296999595419,0
tranco_benign_proxy,0,0.9307413585655284,1
phishtank,1,0.9998472448849295,1
phishtank,1,0.9824410971715352,1
phishtank,1,0.8872411399463142,1
phishtank,1,0.32103866263870046,0
tranco_benign_proxy,0,0.17542862637551837,0
tranco_benign_proxy,0,0.8576000549435956,1
tranco_benign_proxy,0,0.24823868717345124,0
tranco_benign_proxy,0,0.2722746490428007,0
tranco_benign_proxy,0,0.03936424965561487,0
phishtank,1,0.9892212555124561,1
tranco_benign_proxy,0,0.058650721768644595,0
tranco_benign_proxy,0,0.7154609816514884,1
tranco_benign_proxy,0,0.5266929429163103,0
tranco_benign_proxy,0,0.9545372609848,1
phishtank,1,0.9764360291784889,1
phishtank,1,0.9986989817368852,1
phishtank,1,0.9997366799161007,1
tranco_benign_proxy,0,0.16353466113136775,0
tranco_benign_proxy,0,0.03551364752682473,0
phishtank,1,0.9989046994490728,1
phishtank,1,0.9886987547766337,1
tranco_benign_proxy,0,0.08527543691771972,0
phishtank,1,0.9966335531799234,1
phishtank,1,0.9665910952143015,1
phishtank,1,0.9998495675453568,1
phishtank,1,0.9863371147397637,1
tranco_benign_proxy,0,0.8034109357127024,1
tranco_benign_proxy,0,0.2763672538797455,0
phishtank,1,0.9828888451078073,1
phishtank,1,0.962233748992051,1
tranco_benign_proxy,0,0.04208710575793637,0
tranco_benign_proxy,0,0.04951732226803647,0
phishtank,1,0.9958832512878871,1
tranco_benign_proxy,0,0.05064510260438694,0
phishtank,1,0.9975731213732614,1
tranco_benign_proxy,0,0.8433104267671971,1
tranco_benign_proxy,0,0.3131682802511505,0
tranco_benign_proxy,0,0.05088533748463497,0
tranco_benign_proxy,0,0.001220035030118522,0
phishtank,1,0.9957173539865882,1
phishtank,1,0.9401216931571215,1
phishtank,1,0.9926001320319673,1
tranco_benign_proxy,0,0.7503281970390535,1
phishtank,1,0.9960803147250027,1
phishtank,1,0.9998099463201643,1
phishtank,1,0.9766551315978304,1
phishtank,1,0.9998943583063986,1
phishtank,1,0.9988038536589416,1
tranco_benign_proxy,0,0.15968808466019432,0
tranco_benign_proxy,0,0.8651933786581268,1
tranco_benign_proxy,0,0.11726242197346712,0
phishtank,1,0.250305165736616,0
tranco_benign_proxy,0,0.15585788784882354,0
phishtank,1,0.982344863034191,1
tranco_benign_proxy,0,0.05505972921440283,0
tranco_benign_proxy,0,0.8471907828525542,1
phishtank,1,0.9954515154384462,1
tranco_benign_proxy,0,0.7711233548867712,1
tranco_benign_proxy,0,0.009038566869468358,0
tranco_benign_proxy,0,0.2765150833964091,0
phishtank,1,0.35002650185373646,0
phishtank,1,0.9977275557898965,1
phishtank,1,0.9557395001963879,1
phishtank,1,0.8389558859623725,1
tranco_benign_proxy,0,0.03063983498304963,0
tranco_benign_proxy,0,0.35010457362712927,0
tranco_benign_proxy,0,0.9808084036190274,1
phishtank,1,0.31440607219139427,0
phishtank,1,0.9834381986279979,1
tranco_benign_proxy,0,0.2925770806763149,0
tranco_benign_proxy,0,0.3461807916044298,0
phishtank,1,0.9524095362715671,1
phishtank,1,0.9522369264173214,1
tranco_benign_proxy,0,0.47119465188704485,0
tranco_benign_proxy,0,0.1541854637548115,0
tranco_benign_proxy,0,0.09762386004876983,0
phishtank,1,0.9784925209070034,1
phishtank,1,0.9995298148037616,1
tranco_benign_proxy,0,0.05478729921160407,0
phishtank,1,0.9465281272133532,1
tranco_benign_proxy,0,0.5845221902313569,0
phishtank,1,0.9967962862451071,1
phishtank,1,0.996984355827076,1
tranco_benign_proxy,0,0.11582787894393162,0
phishtank,1,0.07131944006787883,0
tranco_benign_proxy,0,0.931387736488554,1
tranco_benign_proxy,0,0.15780997801034283,0
phishtank,1,0.9933018837439288,1
tranco_benign_proxy,0,0.6400596265259041,0
tranco_benign_proxy,0,0.7117620394429413,1
phishtank,1,0.9904452870699173,1
tranco_benign_proxy,0,0.04130035627567267,0
phishtank,1,0.803326575204889,1
tranco_benign_proxy,0,0.5744114525476515,0
phishtank,1,0.5726905450330658,0
phishtank,1,0.9932057056856544,1
tranco_benign_proxy,0,0.6346297384462501,0
tranco_benign_proxy,0,0.004808651497500628,0
phishtank,1,0.9974342715153326,1
tranco_benign_proxy,0,0.939071196294526,1
phishtank,1,0.9979626666955891,1
tranco_benign_proxy,0,0.7200195861803005,1
phishtank,1,0.9761676941093095,1
tranco_benign_proxy,0,0.33016778798006974,0
tranco_benign_proxy,0,0.9838146086697677,1
phishtank,1,0.9068008221224823,1
phishtank,1,0.1851620978324464,0
tranco_benign_proxy,0,0.7365094903154039,1
tranco_benign_proxy,0,0.6693075901575989,0
tranco_benign_proxy,0,0.2267170063980243,0
phishtank,1,0.8711038458756879,1
phishtank,1,0.9231978331163277,1
phishtank,1,0.9976668789856535,1
tranco_benign_proxy,0,0.2909192640472627,0
tranco_benign_proxy,0,0.4632393738803777,0
phishtank,1,0.9977772109477493,1
phishtank,1,0.929160522044396,1
tranco_benign_proxy,0,0.18611616354346086,0
tranco_benign_proxy,0,0.16541183303152918,0
tranco_benign_proxy,0,0.6828042386278473,0
phishtank,1,0.9718495072410951,1
phishtank,1,0.9991917770526115,1
tranco_benign_proxy,0,0.06321762055880235,0
tranco_benign_proxy,0,0.10001513878555796,0
phishtank,1,0.9673638893867046,1
phishtank,1,0.9990009319917726,1
phishtank,1,0.9519289633748699,1
tranco_benign_proxy,0,0.977391347549998,1
tranco_benign_proxy,0,0.33574654088012024,0
phishtank,1,0.9969199701808977,1
tranco_benign_proxy,0,0.3445929540247749,0
tranco_benign_proxy,0,0.581146759240282,0
tranco_benign_proxy,0,0.10121956524477208,0
phishtank,1,0.6710039313135124,0
phishtank,1,0.9891442426318359,1
tranco_benign_proxy,0,0.5661231529428008,0
tranco_benign_proxy,0,0.5759910406654877,0
tranco_benign_proxy,0,0.7732920920085514,1
phishtank,1,0.9976016989254998,1
phishtank,1,0.9956752097848741,1
phishtank,1,0.9064487270052392,1
phishtank,1,0.9998526696900067,1
phishtank,1,0.9623431525606726,1
phishtank,1,0.8055347340780472,1
phishtank,1,0.9909129856143514,1
tranco_benign_proxy,0,0.17260990516791508,0
tranco_benign_proxy,0,0.14062829080093014,0
tranco_benign_proxy,0,0.10472655137986346,0
tranco_benign_proxy,0,0.8629238536301989,1
phishtank,1,0.9994606047909116,1
phishtank,1,0.9987208689228539,1
tranco_benign_proxy,0,0.9473000621429972,1
phishtank,1,0.7324154707060583,1
phishtank,1,0.1380161280833929,0
phishtank,1,0.9998098038082848,1
tranco_benign_proxy,0,0.9014943918197165,1
tranco_benign_proxy,0,0.38915730028033924,0
tranco_benign_proxy,0,0.7579222275254826,1
tranco_benign_proxy,0,0.19816939059410593,0
phishtank,1,0.6071681908666227,0
tranco_benign_proxy,0,0.0706905130775095,0
tranco_benign_proxy,0,0.017871200988982764,0
tranco_benign_proxy,0,0.6269403724946916,0
tranco_benign_proxy,0,0.2925329712972437,0
tranco_benign_proxy,0,0.30636767815073324,0
phishtank,1,0.9686333012488006,1
tranco_benign_proxy,0,0.10731247850799575,0
tranco_benign_proxy,0,0.257334350730363,0
phishtank,1,0.9974917554036024,1
phishtank,1,0.9997397285161488,1
tranco_benign_proxy,0,0.9120955199369266,1
tranco_benign_proxy,0,0.15358453768068586,0
tranco_benign_proxy,0,0.23305417464519707,0
phishtank,1,0.999244401042991,1
tranco_benign_proxy,0,0.22212023859959873,0
tranco_benign_proxy,0,0.9365465555241278,1
tranco_benign_proxy,0,0.9570027440151916,1
phishtank,1,0.5715233668019698,0
tranco_benign_proxy,0,0.0625650391360451,0
tranco_benign_proxy,0,0.37660462452183496,0
phishtank,1,0.722884953269546,1
phishtank,1,0.9821887732972695,1
tranco_benign_proxy,0,0.7495715935042729,1
phishtank,1,0.09364610932997325,0
phishtank,1,0.997589721030495,1
tranco_benign_proxy,0,0.3176981737874572,0
phishtank,1,0.9978292749542133,1
tranco_benign_proxy,0,0.12762789714434447,0
tranco_benign_proxy,0,0.7799865730050998,1
tranco_benign_proxy,0,0.5610946467136213,0
tranco_benign_proxy,0,0.2844549951627267,0
phishtank,1,0.932622638350185,1
tranco_benign_proxy,0,0.08680415111924637,0
phishtank,1,0.9997831452292998,1
phishtank,1,0.9948516769128374,1
tranco_benign_proxy,0,0.6027886347298024,0
tranco_benign_proxy,0,0.8024843331462401,1
phishtank,1,0.9999177038684874,1
phishtank,1,0.9991367953579682,1
phishtank,1,0.9973802286282828,1
tranco_benign_proxy,0,0.4088856117898685,0
phishtank,1,0.9314962736627672,1
tranco_benign_proxy,0,0.9364659062814004,1
tranco_benign_proxy,0,0.35638725481058964,0
tranco_benign_proxy,0,0.933475391497925,1
tranco_benign_proxy,0,0.16046570702453916,0
phishtank,1,0.9954042413904433,1
phishtank,1,0.974577229903246,1
tranco_benign_proxy,0,0.28541525771304666,0
tranco_benign_proxy,0,0.25846902554044765,0
phishtank,1,0.9993518169270719,1
tranco_benign_proxy,0,0.18450157791795638,0
phishtank,1,0.9961021229551158,1
phishtank,1,0.9933942425581753,1
phishtank,1,0.9664993240267599,1
tranco_benign_proxy,0,0.9936596314867219,1
tranco_benign_proxy,0,0.02197366166223533,0
tranco_benign_proxy,0,0.6368759900289291,0
tranco_benign_proxy,0,0.2081646208996834,0
phishtank,1,0.9975368516355473,1
tranco_benign_proxy,0,0.6575602540127005,0
tranco_benign_proxy,0,0.4451606967995577,0
tranco_benign_proxy,0,0.03365498092057181,0
phishtank,1,0.9983299518196405,1
tranco_benign_proxy,0,0.005207818519850282,0
tranco_benign_proxy,0,0.07808101920776157,0
tranco_benign_proxy,0,0.010507625470394796,0
tranco_benign_proxy,0,0.9777278442588357,1
phishtank,1,0.9984579531104163,1
tranco_benign_proxy,0,0.3386805997123018,0
phishtank,1,0.9540535045127293,1
phishtank,1,0.9793583372731419,1
phishtank,1,0.9428057893546338,1
tranco_benign_proxy,0,0.20363066551793388,0
tranco_benign_proxy,0,0.25628356388998375,0
tranco_benign_proxy,0,0.8564266638803487,1
tranco_benign_proxy,0,0.026542008438342795,0
phishtank,1,0.9932227052730617,1
tranco_benign_proxy,0,0.3795412096110151,0
phishtank,1,0.948519159910416,1
tranco_benign_proxy,0,0.9514637524011519,1
tranco_benign_proxy,0,0.12409426944027287,0
phishtank,1,0.9936311782802228,1
phishtank,1,0.9888342495410026,1
tranco_benign_proxy,0,0.11988809243100991,0
tranco_benign_proxy,0,0.08122705447961386,0
tranco_benign_proxy,0,0.9545288678101421,1
phishtank,1,0.9875692425826051,1
phishtank,1,0.9985189169306186,1
phishtank,1,0.9349317277096738,1
phishtank,1,0.9794921639470845,1
phishtank,1,0.9957711869589869,1
tranco_benign_proxy,0,0.10901354509759419,0
phishtank,1,0.9710685977516469,1
tranco_benign_proxy,0,0.7930691723077142,1
phishtank,1,0.9955732568996531,1
tranco_benign_proxy,0,0.03840690562744392,0
phishtank,1,0.950403586239613,1
phishtank,1,0.9903539738046291,1
tranco_benign_proxy,0,0.29181722755119344,0
phishtank,1,0.9944854679051649,1
tranco_benign_proxy,0,0.9565397385903546,1
phishtank,1,0.9383921674673037,1
phishtank,1,0.9998837457496219,1
tranco_benign_proxy,0,0.3564440119151885,0
phishtank,1,0.11948328362832476,0
tranco_benign_proxy,0,0.25940773148035884,0
tranco_benign_proxy,0,0.10801536905229549,0
phishtank,1,0.9999521402469776,1
phishtank,1,0.9985059929219539,1
phishtank,1,0.9906033555348855,1
phishtank,1,0.9913871895940499,1
tranco_benign_proxy,0,0.4072519931925377,0
tranco_benign_proxy,0,0.5591295870486053,0
tranco_benign_proxy,0,0.21295372531529003,0
phishtank,1,0.9885072501266824,1
tranco_benign_proxy,0,0.022199738624952566,0
phishtank,1,0.9939847622689265,1
tranco_benign_proxy,0,0.1835602955337626,0
tranco_benign_proxy,0,0.9665811218538787,1
phishtank,1,0.996071230414656,1
phishtank,1,0.9990407448209233,1
tranco_benign_proxy,0,0.8962779499060041,1
tranco_benign_proxy,0,0.17772516373846456,0
tranco_benign_proxy,0,0.6768208603544456,0
tranco_benign_proxy,0,0.06976451955751861,0
tranco_benign_proxy,0,0.07657681538684745,0
phishtank,1,0.974875501250776,1
tranco_benign_proxy,0,0.07187073229903052,0
tranco_benign_proxy,0,0.7747838019362168,1
phishtank,1,0.9669032728651359,1
tranco_benign_proxy,0,0.28262796919857447,0
phishtank,1,0.847417839749273,1
tranco_benign_proxy,0,0.8496787918045384,1
phishtank,1,0.9951902274996646,1
tranco_benign_proxy,0,0.9232716594358034,1
phishtank,1,0.9986505223315628,1
tranco_benign_proxy,0,0.8988263756513575,1
phishtank,1,0.9129192535058621,1
phishtank,1,0.973394171727071,1
phishtank,1,0.9998512690719595,1
tranco_benign_proxy,0,0.5894800519067276,0
tranco_benign_proxy,0,0.5730663986710206,0
phishtank,1,0.998491211928356,1
phishtank,1,0.9941047162683644,1
tranco_benign_proxy,0,0.10351725605242246,0
phishtank,1,0.9952007512501054,1
phishtank,1,0.9994974735363468,1
phishtank,1,0.970567249138103,1
phishtank,1,0.9929406410787674,1
phishtank,1,0.9853188780288415,1
phishtank,1,0.9996275378807781,1
phishtank,1,0.9997514206551424,1
tranco_benign_proxy,0,0.5194423201761879,0
tranco_benign_proxy,0,0.26703314592912436,0
tranco_benign_proxy,0,0.00264764680552713,0
phishtank,1,0.9934462802025582,1
tranco_benign_proxy,0,0.14560469014042599,0
tranco_benign_proxy,0,0.02599455100503938,0
phishtank,1,0.8378571811932087,1
phishtank,1,0.9970476146283527,1
phishtank,1,0.7043537695466916,1
phishtank,1,0.993694762764174,1
tranco_benign_proxy,0,0.37759445378540557,0
tranco_benign_proxy,0,0.7816363096906996,1
phishtank,1,0.9600776035544105,1
tranco_benign_proxy,0,0.2467444234257504,0
tranco_benign_proxy,0,0.06373104819717969,0
tranco_benign_proxy,0,0.015935047897045338,0
tranco_benign_proxy,0,0.4441473324572251,0
phishtank,1,0.7061878515898684,1
tranco_benign_proxy,0,0.23580859664094714,0
phishtank,1,0.9746470410177844,1
tranco_benign_proxy,0,0.07759563763014317,0
tranco_benign_proxy,0,0.9469255535533999,1
phishtank,1,0.9992568447220405,1
tranco_benign_proxy,0,0.7154762551571029,1
tranco_benign_proxy,0,0.5124668168024065,0
phishtank,1,0.9956120362618182,1
tranco_benign_proxy,0,0.06079459854059332,0
phishtank,1,0.9996504392201151,1
phishtank,1,0.9733400892532373,1
phishtank,1,0.9690710411633873,1
phishtank,1,0.9565859178519986,1
phishtank,1,0.7278440178364036,1
tranco_benign_proxy,0,0.18808901021040006,0
phishtank,1,0.9813149784300095,1
tranco_benign_proxy,0,0.026666200605345667,0
phishtank,1,0.9603501351524029,1
tranco_benign_proxy,0,0.0866656810635799,0
tranco_benign_proxy,0,0.11063244965824091,0
tranco_benign_proxy,0,0.24276180487379578,0
tranco_benign_proxy,0,0.12174364834630941,0
tranco_benign_proxy,0,0.6967308120001424,0
phishtank,1,0.8675846553551599,1
phishtank,1,0.9787715274758781,1
phishtank,1,0.9604642584389661,1
tranco_benign_proxy,0,0.30566087677669085,0
tranco_benign_proxy,0,0.8164543695823794,1
tranco_benign_proxy,0,0.05303934844688114,0
phishtank,1,0.9383027604155877,1
phishtank,1,0.3451553305766523,0
tranco_benign_proxy,0,0.0365951084283027,0
tranco_benign_proxy,0,0.14581798214052533,0
phishtank,1,0.9536083287502127,1
tranco_benign_proxy,0,0.34985846271587506,0
phishtank,1,0.9979076520776677,1
tranco_benign_proxy,0,0.6044575063079066,0
tranco_benign_proxy,0,0.8587176762983956,1
tranco_benign_proxy,0,0.7143897570974219,1
phishtank,1,0.9957298285235939,1
tranco_benign_proxy,0,0.5312986722403258,0
tranco_benign_proxy,0,0.15409899077992067,0
phishtank,1,0.9758665145107461,1
phishtank,1,0.9992836265978032,1
tranco_benign_proxy,0,0.1707759100287209,0
phishtank,1,0.9888605461208646,1
tranco_benign_proxy,0,0.5333619265389237,0
tranco_benign_proxy,0,0.6795763282868318,0
phishtank,1,0.990685568705356,1
tranco_benign_proxy,0,0.10922383641089431,0
tranco_benign_proxy,0,0.21816725675667425,0
tranco_benign_proxy,0,0.40072102829706663,0
phishtank,1,0.9706631193570788,1
tranco_benign_proxy,0,0.7471480348607533,1
tranco_benign_proxy,0,0.8831137575656404,1
tranco_benign_proxy,0,0.0016467729801965905,0
phishtank,1,0.9956688751215139,1
phishtank,1,0.9543041169316067,1
tranco_benign_proxy,0,0.13186944377382984,0
tranco_benign_proxy,0,0.13848394476810336,0
tranco_benign_proxy,0,0.4350884662354082,0
phishtank,1,0.8007987465883338,1
tranco_benign_proxy,0,0.7743720338434742,1
phishtank,1,0.9955440827522644,1
phishtank,1,0.5440114552144704,0
tranco_benign_proxy,0,0.7025896966738904,1
phishtank,1,0.9712333491593301,1
tranco_benign_proxy,0,0.6617488540425452,0
tranco_benign_proxy,0,0.12840691409304894,0
tranco_benign_proxy,0,0.9348540898685447,1
phishtank,1,0.9993838692007311,1
phishtank,1,0.9972461680741251,1
phishtank,1,0.5425289875466041,0
phishtank,1,0.7774511749890242,1
tranco_benign_proxy,0,0.09772018936862234,0
phishtank,1,0.9911321934837964,1
phishtank,1,0.9561885358592775,1
phishtank,1,0.9647709784975788,1
phishtank,1,0.9757161364813419,1
tranco_benign_proxy,0,0.32675518834837114,0
tranco_benign_proxy,0,0.2573059767990426,0
phishtank,1,0.999820821298475,1
phishtank,1,0.9682066314985626,1
tranco_benign_proxy,0,0.8887935606665233,1
phishtank,1,0.9955537051697076,1
tranco_benign_proxy,0,0.005071671877325853,0
phishtank,1,0.9947601758540549,1
phishtank,1,0.9982484507776956,1
tranco_benign_proxy,0,0.5250085983266686,0
tranco_benign_proxy,0,0.1632117616840279,0
tranco_benign_proxy,0,0.18994535262090098,0
tranco_benign_proxy,0,0.18620103381057151,0
tranco_benign_proxy,0,0.42166340815804504,0
tranco_benign_proxy,0,0.8933186122830251,1
tranco_benign_proxy,0,0.3763200816091037,0
phishtank,1,0.993548430477482,1
phishtank,1,0.8729233192790534,1
tranco_benign_proxy,0,0.45875109409674153,0
phishtank,1,0.998902706042318,1
phishtank,1,0.9885853267833551,1
phishtank,1,0.5728725766512658,0
phishtank,1,0.8420997463213131,1
phishtank,1,0.9912004837161881,1
phishtank,1,0.9952243495768945,1
phishtank,1,0.9370050020097688,1
phishtank,1,0.998349292801104,1
phishtank,1,0.9946597146147431,1
phishtank,1,0.9999863140549753,1
tranco_benign_proxy,0,0.1467652512980459,0
tranco_benign_proxy,0,0.8561792089630776,1
phishtank,1,0.9983981039116938,1
tranco_benign_proxy,0,0.09844696438999578,0
phishtank,1,0.9855645101601085,1
tranco_benign_proxy,0,0.1526323003967479,0
tranco_benign_proxy,0,0.06270608824602789,0
tranco_benign_proxy,0,0.791176678223606,1
phishtank,1,0.9676688859210243,1
tranco_benign_proxy,0,0.5860271628765731,0
phishtank,1,0.9465005835424656,1
phishtank,1,0.9755127200255194,1
phishtank,1,0.7874275091560687,1
phishtank,1,0.7086644679428227,1
phishtank,1,0.9532105828069373,1
tranco_benign_proxy,0,0.10284731439272958,0
tranco_benign_proxy,0,0.11839504309594436,0
phishtank,1,0.9977355427783126,1
tranco_benign_proxy,0,0.04496068365862831,0
tranco_benign_proxy,0,0.016524580114194172,0
phishtank,1,0.9993111565794277,1
phishtank,1,0.9623942156378846,1
tranco_benign_proxy,0,0.06208327119577805,0
tranco_benign_proxy,0,0.029479696022207028,0
tranco_benign_proxy,0,0.4886044471553253,0
tranco_benign_proxy,0,0.15330754712297087,0
phishtank,1,0.9996055365054014,1
phishtank,1,0.9984446808953548,1
tranco_benign_proxy,0,0.17835763791840703,0
tranco_benign_proxy,0,0.0882687123678597,0
phishtank,1,0.9985754719929529,1
tranco_benign_proxy,0,0.1964518382714528,0
phishtank,1,0.9771628158538513,1
phishtank,1,0.9993110146241679,1
tranco_benign_proxy,0,0.18449406550827563,0
tranco_benign_proxy,0,0.8165649858255181,1
phishtank,1,0.9979644395861798,1
tranco_benign_proxy,0,0.2354274833682952,0
phishtank,1,0.9987060652074932,1
phishtank,1,0.9770176162252812,1
tranco_benign_proxy,0,0.17391895787695952,0
phishtank,1,0.8686947045217286,1
phishtank,1,0.995616605826751,1
phishtank,1,0.8497117075723652,1
tranco_benign_proxy,0,0.2664928243443185,0
tranco_benign_proxy,0,0.9900863279361801,1
phishtank,1,0.946052703323147,1
phishtank,1,0.993613211546733,1
phishtank,1,0.9818189630499138,1
phishtank,1,0.971293354906551,1
tranco_benign_proxy,0,0.8007352772303339,1
phishtank,1,0.9998585323469391,1
phishtank,1,0.9579116665152124,1
phishtank,1,0.9978925223903833,1
phishtank,1,0.9965504855638428,1
phishtank,1,0.9991922255108091,1
phishtank,1,0.9999279219075896,1
phishtank,1,0.9612556489943971,1
tranco_benign_proxy,0,0.11704524926637987,0
phishtank,1,0.9539675756365859,1
tranco_benign_proxy,0,0.011242251994523726,0
tranco_benign_proxy,0,0.13833675660516737,0
phishtank,1,0.9542478771055631,1
phishtank,1,0.9978592198443954,1
phishtank,1,0.9978611349220479,1
phishtank,1,0.9833052996639388,1
tranco_benign_proxy,0,0.41964169921292793,0
phishtank,1,0.9318599246586212,1
phishtank,1,0.9201519982087637,1
phishtank,1,0.9982501461004595,1
tranco_benign_proxy,0,0.15220971999443034,0
phishtank,1,0.987697214202195,1
tranco_benign_proxy,0,0.9019274582871762,1
phishtank,1,0.9982630647268621,1
tranco_benign_proxy,0,0.20978398458941028,0
phishtank,1,0.9990699261749665,1
tranco_benign_proxy,0,0.834941897959894,1
phishtank,1,0.99997993044043,1
phishtank,1,0.9434775922556731,1
tranco_benign_proxy,0,0.473884770986961,0
tranco_benign_proxy,0,0.14664106006135863,0
phishtank,1,0.9796209901541564,1
phishtank,1,0.9954023956169512,1
phishtank,1,0.9924431061561406,1
phishtank,1,0.8091346396822058,1
phishtank,1,0.9855216719498996,1
tranco_benign_proxy,0,0.16789026821179254,0
phishtank,1,0.7307239444769098,1
tranco_benign_proxy,0,0.9824200224840125,1
tranco_benign_proxy,0,0.14307339653307907,0
phishtank,1,0.9783008531399753,1
tranco_benign_proxy,0,0.056153456504793704,0
phishtank,1,0.9998650588422422,1
phishtank,1,0.9007027548437359,1
tranco_benign_proxy,0,0.9767351381132257,1
phishtank,1,0.9997275628381812,1
phishtank,1,0.999725892726436,1
tranco_benign_proxy,0,0.34826719386952365,0
phishtank,1,0.9999574577209042,1
tranco_benign_proxy,0,0.6740562375399451,0
phishtank,1,0.9859628280454141,1
tranco_benign_proxy,0,0.10806019557165224,0
tranco_benign_proxy,0,0.06307562076635206,0
phishtank,1,0.3819749603354698,0
phishtank,1,0.8733934250388099,1
phishtank,1,0.9505632742191171,1
tranco_benign_proxy,0,0.20699634089146102,0
tranco_benign_proxy,0,0.15671715310814618,0
tranco_benign_proxy,0,0.36649548710545515,0
tranco_benign_proxy,0,0.5728507486926023,0
tranco_benign_proxy,0,0.9599443392488072,1
phishtank,1,0.8692709411943639,1
phishtank,1,0.9959960116724274,1
tranco_benign_proxy,0,0.10478807442487686,0
tranco_benign_proxy,0,0.7257813150821028,1
tranco_benign_proxy,0,0.4989383087716172,0
tranco_benign_proxy,0,0.20405017759461894,0
phishtank,1,0.999484087446893,1
phishtank,1,0.7630851494188373,1
phishtank,1,0.9982597420965129,1
phishtank,1,0.9978134492144801,1
tranco_benign_proxy,0,0.20977465094339318,0
tranco_benign_proxy,0,0.01032712809430703,0
tranco_benign_proxy,0,0.11376152837049684,0
phishtank,1,0.9999378092476796,1
tranco_benign_proxy,0,0.08813013659497973,0
tranco_benign_proxy,0,0.3072868037287927,0
tranco_benign_proxy,0,0.9304832172657854,1
tranco_benign_proxy,0,0.009367388766579261,0
phishtank,1,0.8946893171197695,1
phishtank,1,0.9992247589056042,1
tranco_benign_proxy,0,0.07251863779692415,0
phishtank,1,0.9612004604266992,1
phishtank,1,0.971830068484324,1
phishtank,1,0.9994327643930536,1
tranco_benign_proxy,0,0.020894259640370103,0
tranco_benign_proxy,0,0.15388057352609594,0
phishtank,1,0.9985139459696241,1
tranco_benign_proxy,0,0.40717768985452807,0
tranco_benign_proxy,0,0.17699574421300188,0
phishtank,1,0.999829537635487,1
tranco_benign_proxy,0,0.11525301812218114,0
phishtank,1,0.9999064574521627,1
tranco_benign_proxy,0,0.504619055945091,0
tranco_benign_proxy,0,0.037691011378285046,0
tranco_benign_proxy,0,0.8937567834662321,1
tranco_benign_proxy,0,0.08147957955252631,0
tranco_benign_proxy,0,0.10413124358086023,0
phishtank,1,0.979079468536908,1
phishtank,1,0.9981953978380866,1
phishtank,1,0.9481606216412806,1
tranco_benign_proxy,0,0.04182820169176071,0
tranco_benign_proxy,0,0.9636245133479328,1
phishtank,1,0.9983144415626102,1
phishtank,1,0.9972433793370511,1
tranco_benign_proxy,0,0.9378332083260255,1
phishtank,1,0.9811157834285387,1
tranco_benign_proxy,0,0.030341592509456235,0
tranco_benign_proxy,0,0.10775547423851226,0
tranco_benign_proxy,0,0.2579710743720616,0
phishtank,1,0.9894055034377183,1
phishtank,1,0.9550372702467724,1
tranco_benign_proxy,0,0.3645650042941287,0
phishtank,1,0.9648507701269364,1
phishtank,1,0.9927647899411327,1
phishtank,1,0.9487781086965562,1
phishtank,1,0.9995964700727032,1
phishtank,1,0.9791269152982375,1
tranco_benign_proxy,0,0.9305696216908504,1
tranco_benign_proxy,0,0.07722549552019105,0
tranco_benign_proxy,0,0.08729500626050686,0
tranco_benign_proxy,0,0.08899755031667521,0
phishtank,1,0.9257161752898859,1
tranco_benign_proxy,0,0.5501866161137673,0
tranco_benign_proxy,0,0.28466939880049824,0
tranco_benign_proxy,0,0.5190026154856248,0
phishtank,1,0.9925174000320832,1
phishtank,1,0.9124608726960444,1
tranco_benign_proxy,0,0.15476005436234613,0
phishtank,1,0.9697948692356319,1
tranco_benign_proxy,0,0.360130505111601,0
phishtank,1,0.9003845798613822,1
phishtank,1,0.765066741117496,1
phishtank,1,0.9996444766658539,1
tranco_benign_proxy,0,0.016658731674831777,0
phishtank,1,0.9980725416860439,1
phishtank,1,0.991914733423918,1
phishtank,1,0.8865327829966702,1
phishtank,1,0.5157595918080629,0
tranco_benign_proxy,0,0.4264673449758731,0
phishtank,1,0.16218326545223954,0
tranco_benign_proxy,0,0.05564767004873291,0
phishtank,1,0.999684174610924,1
tranco_benign_proxy,0,0.41398743000046706,0
phishtank,1,0.9599450533868203,1
phishtank,1,0.9716661069614122,1
tranco_benign_proxy,0,0.17563145798271396,0
phishtank,1,0.9961758896088483,1
tranco_benign_proxy,0,0.4938698590094257,0
phishtank,1,0.9974628932883564,1
tranco_benign_proxy,0,0.9796104062888787,1
phishtank,1,0.4820946703973106,0
tranco_benign_proxy,0,0.05043139340756617,0
tranco_benign_proxy,0,0.3972346314960178,0
phishtank,1,0.9998072374527814,1
phishtank,1,0.9870624221603543,1
tranco_benign_proxy,0,0.10543739314622051,0
tranco_benign_proxy,0,0.34696071266421746,0
tranco_benign_proxy,0,0.438517213201643,0
tranco_benign_proxy,0,0.02769432043121738,0
tranco_benign_proxy,0,0.9166527732312996,1
tranco_benign_proxy,0,0.41946244921683706,0
tranco_benign_proxy,0,0.03550686161875835,0
phishtank,1,0.9851816330500697,1
phishtank,1,0.9999886782366053,1
tranco_benign_proxy,0,0.2603741090043093,0
phishtank,1,0.7724214318662455,1
phishtank,1,0.9999905033540655,1
tranco_benign_proxy,0,0.17936670316593675,0
phishtank,1,0.8132734927733258,1
phishtank,1,0.22606192953905935,0
tranco_benign_proxy,0,0.04723551280360222,0
phishtank,1,0.9953992915539239,1
phishtank,1,0.9188809181951256,1
phishtank,1,0.9846986699435093,1
phishtank,1,0.9653419799763937,1
phishtank,1,0.26329648565549213,0
phishtank,1,0.9873489776816424,1
tranco_benign_proxy,0,0.9688902719170084,1
tranco_benign_proxy,0,0.5863058631351303,0
phishtank,1,0.9992313709527045,1
phishtank,1,0.976624560251071,1
phishtank,1,0.7070115536069247,1
phishtank,1,0.9218824357555694,1
phishtank,1,0.9513874709235656,1
tranco_benign_proxy,0,0.9802140235990546,1
phishtank,1,0.9952796536329442,1
tranco_benign_proxy,0,0.8728841417357652,1
phishtank,1,0.9210143333458682,1
tranco_benign_proxy,0,0.014154174001563326,0
tranco_benign_proxy,0,0.9558102343856417,1
phishtank,1,0.8497797905601169,1
phishtank,1,0.9995847129969734,1
tranco_benign_proxy,0,0.177872805268404,0
phishtank,1,0.9930422419833629,1
tranco_benign_proxy,0,0.11633734956374632,0
tranco_benign_proxy,0,0.8273328256655365,1
phishtank,1,0.9589555743662078,1
phishtank,1,0.8975942401849116,1
phishtank,1,0.9998014176030054,1
phishtank,1,0.6877599635352529,0
phishtank,1,0.9994599680975366,1
phishtank,1,0.982851045670742,1
phishtank,1,0.9944580677250318,1
phishtank,1,0.9802724174422058,1
phishtank,1,0.9327084534249224,1
phishtank,1,0.9948871984426818,1
phishtank,1,0.9865602528835352,1
phishtank,1,0.9995016077278651,1
phishtank,1,0.9572962392976361,1
phishtank,1,0.9445102291617141,1
tranco_benign_proxy,0,0.17293043978661057,0
tranco_benign_proxy,0,0.4109326202860094,0
phishtank,1,0.8726195073989419,1
tranco_benign_proxy,0,0.22003957959136883,0
tranco_benign_proxy,0,0.982596713572047,1
tranco_benign_proxy,0,0.7838209341606955,1
tranco_benign_proxy,0,0.6063316674015375,0
tranco_benign_proxy,0,0.708715046168689,1
tranco_benign_proxy,0,0.2912881984586524,0
phishtank,1,0.9970993209230188,1
phishtank,1,0.995313644382693,1
phishtank,1,0.9940081770361652,1
phishtank,1,0.9806414353485995,1
tranco_benign_proxy,0,0.4049294392346853,0
phishtank,1,0.9853045813491776,1
tranco_benign_proxy,0,0.7935644734044467,1
phishtank,1,0.9960121598244553,1
phishtank,1,0.999892537755415,1
phishtank,1,0.995218461164106,1
phishtank,1,0.9870506463197777,1
phishtank,1,0.9092079022888856,1
tranco_benign_proxy,0,0.14742848012942636,0
tranco_benign_proxy,0,0.024554856413963315,0
tranco_benign_proxy,0,0.2209785094781958,0
phishtank,1,0.9991951440591061,1
phishtank,1,0.999956230312964,1
tranco_benign_proxy,0,0.10029189384650282,0
phishtank,1,0.9412663333157459,1
phishtank,1,0.8997736901575467,1
tranco_benign_proxy,0,0.9682994035399547,1
phishtank,1,0.990879047905021,1
tranco_benign_proxy,0,0.26171683983158467,0
tranco_benign_proxy,0,0.16374926652346644,0
tranco_benign_proxy,0,0.11131760699244066,0
tranco_benign_proxy,0,0.25594765786053697,0
tranco_benign_proxy,0,0.9410352870976662,1
phishtank,1,0.9999165715757732,1
phishtank,1,0.9997384800832178,1
tranco_benign_proxy,0,0.010513376509660242,0
tranco_benign_proxy,0,0.1563152079983669,0
tranco_benign_proxy,0,0.93518007370644,1
phishtank,1,0.2985440562474801,0
tranco_benign_proxy,0,0.2574420017625403,0
tranco_benign_proxy,0,0.18090456005612676,0
tranco_benign_proxy,0,0.005012578425711616,0
phishtank,1,0.9440719231751665,1
tranco_benign_proxy,0,0.18266012338569879,0
tranco_benign_proxy,0,0.8291318010998974,1
tranco_benign_proxy,0,0.10677228466450205,0
tranco_benign_proxy,0,0.21838549008823854,0
tranco_benign_proxy,0,0.08878289255759703,0
tranco_benign_proxy,0,0.13019928630431774,0
phishtank,1,0.9990268113831399,1
tranco_benign_proxy,0,0.15315540191523788,0
tranco_benign_proxy,0,0.14959314843479937,0
phishtank,1,0.9788271136959892,1
tranco_benign_proxy,0,0.258925019287176,0
phishtank,1,0.9996578534489674,1
phishtank,1,0.9805573247710172,1
phishtank,1,0.9939302239303845,1
phishtank,1,0.9961986964436204,1
phishtank,1,0.9508438942122003,1
phishtank,1,0.9926179803484394,1
tranco_benign_proxy,0,0.12693102918360682,0
tranco_benign_proxy,0,0.48205168758041783,0
phishtank,1,0.9722657340553603,1
tranco_benign_proxy,0,0.0790212071923652,0
tranco_benign_proxy,0,0.26371382941104815,0
phishtank,1,0.9973437974621557,1
tranco_benign_proxy,0,0.9577767873079565,1
phishtank,1,0.959007270337173,1
phishtank,1,0.897884203835184,1
tranco_benign_proxy,0,0.15880277027434875,0
phishtank,1,0.9872268268520498,1
tranco_benign_proxy,0,0.34955494738245807,0
tranco_benign_proxy,0,0.7652103106841369,1
tranco_benign_proxy,0,0.021047197524355955,0
phishtank,1,0.9974444986528457,1
tranco_benign_proxy,0,0.033750769327419175,0
phishtank,1,0.05327618337312347,0
tranco_benign_proxy,0,0.1426802274610171,0
tranco_benign_proxy,0,0.015632435479445584,0
tranco_benign_proxy,0,0.30883465986149167,0
phishtank,1,0.9528020245251,1
tranco_benign_proxy,0,0.08539666305071093,0
tranco_benign_proxy,0,0.8738145556488919,1
phishtank,1,0.7876373428015454,1
phishtank,1,0.8820794302526017,1
tranco_benign_proxy,0,0.5057596556313321,0
tranco_benign_proxy,0,0.29741732825032896,0
tranco_benign_proxy,0,0.18837565344825546,0
tranco_benign_proxy,0,0.6255510013053818,0
tranco_benign_proxy,0,0.0012666427614775896,0
tranco_benign_proxy,0,0.13055400462053293,0
phishtank,1,0.1112229779942035,0
phishtank,1,0.9173356537913951,1
phishtank,1,0.9941367638885361,1
phishtank,1,0.9999897543676828,1
phishtank,1,0.48693578648395547,0
tranco_benign_proxy,0,0.15099569048656467,0
tranco_benign_proxy,0,0.8044448401727312,1
phishtank,1,0.3112611569579198,0
tranco_benign_proxy,0,0.6241576183071358,0
tranco_benign_proxy,0,0.3513579049026288,0
tranco_benign_proxy,0,0.5889370280977471,0
phishtank,1,0.9986643923206381,1
phishtank,1,0.8151788431305125,1
tranco_benign_proxy,0,0.7309076190831576,1
tranco_benign_proxy,0,0.3929766805285761,0
phishtank,1,0.9999807446756047,1
tranco_benign_proxy,0,0.34563959172645037,0
phishtank,1,0.9929645444835976,1
tranco_benign_proxy,0,0.057165479290934684,0
phishtank,1,0.9989904330697001,1
tranco_benign_proxy,0,0.36072942787615897,0
tranco_benign_proxy,0,0.04281387320788531,0
phishtank,1,0.929576683211165,1
tranco_benign_proxy,0,0.021780624866923847,0
tranco_benign_proxy,0,0.8512724555779967,1
tranco_benign_proxy,0,0.6279176738845346,0
phishtank,1,0.9487131372005497,1
tranco_benign_proxy,0,0.17678979727967561,0
phishtank,1,0.9994457343630444,1
tranco_benign_proxy,0,0.47756095605836185,0
phishtank,1,0.9502819759019064,1
tranco_benign_proxy,0,0.9248868392621201,1
tranco_benign_proxy,0,0.00910555719009156,0
phishtank,1,0.9827009877424479,1
tranco_benign_proxy,0,0.08159198765762248,0
tranco_benign_proxy,0,0.6111183279067308,0
phishtank,1,0.17965638142931947,0
phishtank,1,0.9963706688473878,1
phishtank,1,0.9805113333164136,1
phishtank,1,0.9768092692181348,1
tranco_benign_proxy,0,0.19771542359658767,0
tranco_benign_proxy,0,0.23016382922466566,0
phishtank,1,0.9989225304630582,1
tranco_benign_proxy,0,0.0033920864927199355,0
phishtank,1,0.805039134621179,1
tranco_benign_proxy,0,0.3763812098406743,0
phishtank,1,0.9998442924826605,1
tranco_benign_proxy,0,0.9026770499447829,1
tranco_benign_proxy,0,0.4828940508594784,0
tranco_benign_proxy,0,0.8197491964120861,1
tranco_benign_proxy,0,0.7414712809626672,1
phishtank,1,0.9977534204519051,1
phishtank,1,0.9973266574087939,1
tranco_benign_proxy,0,0.11360533039531241,0
phishtank,1,0.9999917183706929,1
phishtank,1,0.9627638911752568,1
tranco_benign_proxy,0,0.1292889505676304,0
tranco_benign_proxy,0,0.22370003139344843,0
phishtank,1,0.9962321179752412,1
phishtank,1,0.9934093933984157,1
phishtank,1,0.9533243335105215,1
phishtank,1,0.9991789461818288,1
phishtank,1,0.9890408667396926,1
phishtank,1,0.9995181672236602,1
tranco_benign_proxy,0,0.9566514250438676,1
tranco_benign_proxy,0,0.5708676176529794,0
tranco_benign_proxy,0,0.4853195278347608,0
phishtank,1,0.9994122241193198,1
phishtank,1,0.9941693904824288,1
tranco_benign_proxy,0,0.40701222692829614,0
phishtank,1,0.9983922373405646,1
phishtank,1,0.9726586006982807,1
phishtank,1,0.9960574524669692,1
tranco_benign_proxy,0,0.1017088622499696,0
phishtank,1,0.9944993013638841,1
phishtank,1,0.9101933520742465,1
phishtank,1,0.9980795046540581,1
phishtank,1,0.8435381416333995,1
phishtank,1,0.9992399721214293,1
phishtank,1,0.9798294324632933,1
phishtank,1,0.9802535724308005,1
tranco_benign_proxy,0,0.27427698065517087,0
tranco_benign_proxy,0,0.09489580872512617,0
phishtank,1,0.9557488015894804,1
tranco_benign_proxy,0,0.05922435618056812,0
tranco_benign_proxy,0,0.08752754715807771,0
phishtank,1,0.99783400060493,1
tranco_benign_proxy,0,0.08117959516000575,0
phishtank,1,0.9993643963602733,1
phishtank,1,0.9976168822314183,1
tranco_benign_proxy,0,0.9816129241964525,1
tranco_benign_proxy,0,0.05441956567804715,0
tranco_benign_proxy,0,0.19361124005006897,0
phishtank,1,0.9888383861090358,1
phishtank,1,0.9993656391569979,1
tranco_benign_proxy,0,0.1684281401201155,0
phishtank,1,0.9964269863695318,1
phishtank,1,0.9739732303065833,1
phishtank,1,0.33489545715687163,0
phishtank,1,0.9976864659204895,1
phishtank,1,0.5298866782899398,0
tranco_benign_proxy,0,0.5048608668843577,0
phishtank,1,0.9999329101837172,1
phishtank,1,0.9918557770650156,1
phishtank,1,0.9930485150116671,1
tranco_benign_proxy,0,0.025374599260930046,0
phishtank,1,0.9913279271285738,1
tranco_benign_proxy,0,0.5074991481268811,0
tranco_benign_proxy,0,0.010746130047825238,0
phishtank,1,0.05103109156247943,0
tranco_benign_proxy,0,0.26580738345395544,0
tranco_benign_proxy,0,0.3585057245635849,0
tranco_benign_proxy,0,0.18905150744451849,0
tranco_benign_proxy,0,0.11767127580374616,0
phishtank,1,0.22654996660938928,0
tranco_benign_proxy,0,0.16283363159417566,0
tranco_benign_proxy,0,0.3923395827776922,0
phishtank,1,0.9545551194120513,1
tranco_benign_proxy,0,0.5604397544026077,0
tranco_benign_proxy,0,0.580955519131345,0
tranco_benign_proxy,0,0.09178045263817636,0
tranco_benign_proxy,0,0.15614265014654252,0
tranco_benign_proxy,0,0.03869709942682695,0
phishtank,1,0.9638651168430641,1
phishtank,1,0.9984370209095786,1
tranco_benign_proxy,0,0.7261335828552191,1
tranco_benign_proxy,0,0.0005466834140495523,0
phishtank,1,0.964836070025019,1
tranco_benign_proxy,0,0.12117264284003698,0
tranco_benign_proxy,0,0.5658108827663704,0
phishtank,1,0.6709182493584008,0
tranco_benign_proxy,0,0.9478159197120279,1
tranco_benign_proxy,0,0.4639758826501237,0
tranco_benign_proxy,0,0.11117893401166651,0
tranco_benign_proxy,0,0.06208364143550099,0
tranco_benign_proxy,0,0.9618765874076044,1
tranco_benign_proxy,0,0.0503675063387095,0
phishtank,1,0.9975532136756944,1
phishtank,1,0.9987818514328306,1
phishtank,1,0.9812005978030717,1
phishtank,1,0.99997323290775,1
tranco_benign_proxy,0,0.6651798569116468,0
tranco_benign_proxy,0,0.034159432451495525,0
tranco_benign_proxy,0,0.8546525721823519,1
phishtank,1,0.9988827849437304,1
tranco_benign_proxy,0,0.17676052899970443,0
tranco_benign_proxy,0,0.06270120386935171,0
phishtank,1,0.9957604820339193,1
tranco_benign_proxy,0,0.07022027154842621,0
phishtank,1,0.997766399245191,1
phishtank,1,0.9987823306044353,1
phishtank,1,0.9881915429283337,1
tranco_benign_proxy,0,0.05884194234918322,0
tranco_benign_proxy,0,0.007852413459025475,0
tranco_benign_proxy,0,0.6151770120156591,0
phishtank,1,0.9999409849620119,1
phishtank,1,0.9986565971137759,1
tranco_benign_proxy,0,0.09594932282164283,0
tranco_benign_proxy,0,0.22923904667269746,0
tranco_benign_proxy,0,0.21754804502745026,0
tranco_benign_proxy,0,0.5988498475796173,0
tranco_benign_proxy,0,0.6169322065056554,0
tranco_benign_proxy,0,0.16656402967173412,0
tranco_benign_proxy,0,0.07685183317449797,0
tranco_benign_proxy,0,0.718541003171814,1
tranco_benign_proxy,0,0.018611465891133626,0
tranco_benign_proxy,0,0.10607962598954156,0
phishtank,1,0.9055655519782693,1
tranco_benign_proxy,0,0.1307255263701492,0
tranco_benign_proxy,0,0.14244876861662234,0
tranco_benign_proxy,0,0.05772488631788352,0
phishtank,1,0.9987029110795776,1
tranco_benign_proxy,0,0.5190993864076016,0
tranco_benign_proxy,0,0.6956060008526228,0
phishtank,1,0.9999712752912926,1
tranco_benign_proxy,0,0.03125729884977666,0
tranco_benign_proxy,0,0.14041526033035157,0
phishtank,1,0.9920910636689361,1
phishtank,1,0.9999022766781388,1
phishtank,1,0.9997469279062174,1
tranco_benign_proxy,0,0.7915405636907816,1
tranco_benign_proxy,0,0.5705215259560608,0
phishtank,1,0.8336936323707365,1
phishtank,1,0.9973076308819383,1
phishtank,1,0.9986814744902417,1
tranco_benign_proxy,0,0.650273991773345,0
phishtank,1,0.9997447553182021,1
phishtank,1,0.9775375019652448,1
tranco_benign_proxy,0,0.6443711627493316,0
phishtank,1,0.9677124866008926,1
tranco_benign_proxy,0,0.08413324959335282,0
tranco_benign_proxy,0,0.5694074939950639,0
tranco_benign_proxy,0,0.1461451949950348,0
phishtank,1,0.986031593093896,1
phishtank,1,0.9950323046820548,1
phishtank,1,0.9997732924956989,1
tranco_benign_proxy,0,0.2388313575644175,0
tranco_benign_proxy,0,0.1316066958824724,0
phishtank,1,0.9958298517509087,1
tranco_benign_proxy,0,0.7075986103926301,1
tranco_benign_proxy,0,0.016795318132584433,0
phishtank,1,0.982033328449905,1
phishtank,1,0.937737995722439,1
phishtank,1,0.9993865661526085,1
tranco_benign_proxy,0,0.3194739140354607,0
phishtank,1,0.9897346379263458,1
tranco_benign_proxy,0,0.13958524485888232,0
tranco_benign_proxy,0,0.3161582068888563,0
tranco_benign_proxy,0,0.08418624588757044,0
tranco_benign_proxy,0,0.9601314027654902,1
tranco_benign_proxy,0,0.01216179963885868,0
tranco_benign_proxy,0,0.5608131354211503,0
phishtank,1,0.9571775507956146,1
tranco_benign_proxy,0,0.29625462871755354,0
tranco_benign_proxy,0,0.8921682079823549,1
tranco_benign_proxy,0,0.30350339627173656,0
phishtank,1,0.9825966082677272,1
phishtank,1,0.9081216328223218,1
tranco_benign_proxy,0,0.9468002667684589,1
tranco_benign_proxy,0,0.032889281483354016,0
tranco_benign_proxy,0,0.35640203639493107,0
tranco_benign_proxy,0,0.6146738314647565,0
phishtank,1,0.9588412645602103,1
phishtank,1,0.9986235914458927,1
tranco_benign_proxy,0,0.4584301758545749,0
phishtank,1,0.9854960810893647,1
phishtank,1,0.9996360518476896,1
tranco_benign_proxy,0,0.0674415813848167,0
tranco_benign_proxy,0,0.6327724898838643,0
tranco_benign_proxy,0,0.1904293567893536,0
tranco_benign_proxy,0,0.8191804829075601,1
tranco_benign_proxy,0,0.34048539113075466,0
tranco_benign_proxy,0,0.07229279387548948,0
phishtank,1,0.9930432803334076,1
tranco_benign_proxy,0,0.6919569852959736,0
phishtank,1,0.9728185877448758,1
tranco_benign_proxy,0,0.2013279896371013,0
tranco_benign_proxy,0,0.22296777196789583,0
phishtank,1,0.9976023917261333,1
phishtank,1,0.9977754595610774,1
phishtank,1,0.9999884376461313,1
tranco_benign_proxy,0,0.9808650603756145,1
phishtank,1,0.7616550007267177,1
tranco_benign_proxy,0,0.0023410687506255764,0
phishtank,1,0.9964880346118006,1
tranco_benign_proxy,0,0.21375263374744058,0
tranco_benign_proxy,0,0.5028130437764711,0
phishtank,1,0.9804645981109336,1
tranco_benign_proxy,0,0.1558916543021407,0
phishtank,1,0.9932848851738538,1
tranco_benign_proxy,0,0.4681061062927675,0
phishtank,1,0.9062863003646808,1
tranco_benign_proxy,0,0.07081330159423849,0
phishtank,1,0.9999411801324776,1
tranco_benign_proxy,0,0.916391156466296,1
tranco_benign_proxy,0,0.17241791904130743,0
tranco_benign_proxy,0,0.034166349363243066,0
tranco_benign_proxy,0,0.09812279689517898,0
tranco_benign_proxy,0,0.2563693925107403,0
phishtank,1,0.8992331015168777,1
phishtank,1,0.9986981057412069,1
tranco_benign_proxy,0,0.18787878743759015,0
tranco_benign_proxy,0,0.1139050664039363,0
phishtank,1,0.9984332598745427,1
phishtank,1,0.9580698484664724,1
phishtank,1,0.9469132214617606,1
phishtank,1,0.9851988445985471,1
tranco_benign_proxy,0,0.0026660338517342894,0
tranco_benign_proxy,0,0.7500510682598247,1
tranco_benign_proxy,0,0.9928250639105822,1
phishtank,1,0.9706773333269919,1
tranco_benign_proxy,0,0.9773634854319773,1
phishtank,1,0.9934224072972833,1
tranco_benign_proxy,0,0.8690301332033941,1
phishtank,1,0.9998176709828491,1
phishtank,1,0.9983030070093882,1
tranco_benign_proxy,0,0.7751841118330807,1
tranco_benign_proxy,0,0.23999764798892934,0
tranco_benign_proxy,0,0.043800680329674636,0
tranco_benign_proxy,0,0.18267463338232032,0
phishtank,1,0.9990849335785195,1
phishtank,1,0.9974833269440732,1
phishtank,1,0.3346159578316154,0
tranco_benign_proxy,0,0.13152507815990233,0
phishtank,1,0.9989504876875869,1
tranco_benign_proxy,0,0.36293510285359964,0
tranco_benign_proxy,0,0.33872816838914577,0
tranco_benign_proxy,0,0.345101199864878,0
phishtank,1,0.9944993463502396,1
phishtank,1,0.9976652457943892,1
tranco_benign_proxy,0,0.08211838593546947,0
phishtank,1,0.8883721431618331,1
tranco_benign_proxy,0,0.03320664664919272,0
phishtank,1,0.949124106105252,1
phishtank,1,0.9972741822241261,1
phishtank,1,0.14003119222947177,0
phishtank,1,0.7620086913506323,1
tranco_benign_proxy,0,0.10992364594574958,0
phishtank,1,0.9268714907700273,1
phishtank,1,0.9907857601491132,1
phishtank,1,0.9915492336283631,1
phishtank,1,0.9899725949897512,1
phishtank,1,0.6498559259977819,0
tranco_benign_proxy,0,0.9876834353524528,1
tranco_benign_proxy,0,0.4605316917560367,0
phishtank,1,0.8479356303729128,1
tranco_benign_proxy,0,0.8418563920779146,1
tranco_benign_proxy,0,0.2038074124009022,0
tranco_benign_proxy,0,0.4676804579191592,0
phishtank,1,0.9980289496209632,1
tranco_benign_proxy,0,0.47829255152216743,0
tranco_benign_proxy,0,0.15435503507077272,0
phishtank,1,0.8392656282486005,1
tranco_benign_proxy,0,0.298404444102466,0
phishtank,1,0.9998316391935098,1
phishtank,1,0.9994228747822819,1
phishtank,1,0.9277258841679888,1
tranco_benign_proxy,0,0.9927990788009715,1
tranco_benign_proxy,0,0.042647352429498436,0
phishtank,1,0.9901774226004183,1
tranco_benign_proxy,0,0.06416026631180406,0
phishtank,1,0.9972671039410398,1
phishtank,1,0.9971176883066376,1
phishtank,1,0.934983281461318,1
tranco_benign_proxy,0,0.001405861047962561,0
tranco_benign_proxy,0,0.024504228710625506,0
phishtank,1,0.9335925898411573,1
phishtank,1,0.9895705896122722,1
phishtank,1,0.9962383134870195,1
phishtank,1,0.23000419015910623,0
phishtank,1,0.9995873022278116,1
tranco_benign_proxy,0,0.7748948487353123,1
tranco_benign_proxy,0,0.9600380269579728,1
phishtank,1,0.9987507918674419,1
tranco_benign_proxy,0,0.027797565154776296,0
tranco_benign_proxy,0,0.15311949673195643,0
phishtank,1,0.9941897463802198,1
tranco_benign_proxy,0,0.9681595683511945,1
tranco_benign_proxy,0,0.19967257259301108,0
phishtank,1,0.9968690989842695,1
tranco_benign_proxy,0,0.317343223222309,0
phishtank,1,0.9956842603863946,1
phishtank,1,0.9966852319735262,1
phishtank,1,0.9952761481423437,1
phishtank,1,0.29002432173995696,0
tranco_benign_proxy,0,0.004505780337835652,0
tranco_benign_proxy,0,0.07655959441695515,0
tranco_benign_proxy,0,0.1805065793366537,0
phishtank,1,0.9931776686020327,1
phishtank,1,0.99998933688436,1
phishtank,1,0.9960736580284408,1
phishtank,1,0.9814655539880118,1
tranco_benign_proxy,0,0.19150715700250193,0
phishtank,1,0.9941610248677023,1
tranco_benign_proxy,0,0.26381440579592563,0
phishtank,1,0.9792766023972045,1
phishtank,1,0.9985346172477771,1
phishtank,1,0.8900206116585195,1
tranco_benign_proxy,0,0.7597415086533418,1
phishtank,1,0.9974949143411166,1
tranco_benign_proxy,0,0.23563712095186534,0
tranco_benign_proxy,0,0.5767557987189212,0
phishtank,1,0.9999327181024266,1
phishtank,1,0.9998110888578343,1
tranco_benign_proxy,0,0.20599830981130446,0
tranco_benign_proxy,0,0.16374396886043713,0
tranco_benign_proxy,0,0.012528704360883675,0
tranco_benign_proxy,0,0.43595447812370414,0
tranco_benign_proxy,0,0.16746449704017013,0
tranco_benign_proxy,0,0.3116238320907513,0
tranco_benign_proxy,0,0.197571361912302,0
tranco_benign_proxy,0,0.024420303761972805,0
phishtank,1,0.9715506535337844,1
tranco_benign_proxy,0,0.5625494600285063,0
phishtank,1,0.4092894830394745,0
tranco_benign_proxy,0,0.027324763158421833,0
tranco_benign_proxy,0,0.23464273077545367,0
tranco_benign_proxy,0,0.2073137751972994,0
phishtank,1,0.9803689715018029,1
phishtank,1,0.971327114473548,1
tranco_benign_proxy,0,0.14256557907879136,0
tranco_benign_proxy,0,0.28180978650635025,0
tranco_benign_proxy,0,0.18072958179125415,0
tranco_benign_proxy,0,0.45428585872753635,0
tranco_benign_proxy,0,0.7364599675096867,1
tranco_benign_proxy,0,0.1572060666735201,0
phishtank,1,0.9823990315192925,1
phishtank,1,0.9998960751392283,1
phishtank,1,0.962742023309185,1
phishtank,1,0.9894877831675459,1
phishtank,1,0.997585228475992,1
phishtank,1,0.9977191283519987,1
tranco_benign_proxy,0,0.07415300658200794,0
phishtank,1,0.9532978276123197,1
tranco_benign_proxy,0,0.12335194932558292,0
tranco_benign_proxy,0,0.07848402693431696,0
phishtank,1,0.9827329609151191,1
tranco_benign_proxy,0,0.3247683686323672,0
phishtank,1,0.9861606997351816,1
tranco_benign_proxy,0,0.7314545591235837,1
tranco_benign_proxy,0,0.00955033332763983,0
phishtank,1,0.9980293504435428,1
tranco_benign_proxy,0,0.8721129638258281,1
phishtank,1,0.9915640320304946,1
tranco_benign_proxy,0,0.6096194477745236,0
tranco_benign_proxy,0,0.9067720970849715,1
phishtank,1,0.9999764307912997,1
phishtank,1,0.994414625682147,1
tranco_benign_proxy,0,0.06970500734712047,0
phishtank,1,0.9987044293966758,1
tranco_benign_proxy,0,0.10344469492559667,0
phishtank,1,0.9889056402682221,1
phishtank,1,0.979382819656016,1
tranco_benign_proxy,0,0.49951097003764505,0
tranco_benign_proxy,0,0.4266494634513217,0
tranco_benign_proxy,0,0.268960778902874,0
phishtank,1,0.3739879255694947,0
phishtank,1,0.9940053949941885,1
phishtank,1,0.6087811117461597,0
phishtank,1,0.5146736312479653,0
phishtank,1,0.9981436718094353,1
phishtank,1,0.9707722778909397,1
tranco_benign_proxy,0,0.9773926778221741,1
tranco_benign_proxy,0,0.6716663689417925,0
tranco_benign_proxy,0,0.13389485304908003,0
phishtank,1,0.9487182168839952,1
phishtank,1,0.9965441324064965,1
tranco_benign_proxy,0,0.3948794789636657,0
tranco_benign_proxy,0,0.06849867255137586,0
tranco_benign_proxy,0,0.26081925004449613,0
tranco_benign_proxy,0,0.22639911874875712,0
tranco_benign_proxy,0,0.05985233308403592,0
tranco_benign_proxy,0,0.38049539631405643,0
tranco_benign_proxy,0,0.7256818482153763,1
tranco_benign_proxy,0,0.692404785786818,0
tranco_benign_proxy,0,0.9862101887159247,1
phishtank,1,0.3166456677388205,0
phishtank,1,0.8694663912705208,1
phishtank,1,0.9999848470641401,1
tranco_benign_proxy,0,0.2330234139070794,0
phishtank,1,0.9953157310445151,1
tranco_benign_proxy,0,0.22670787205185403,0
tranco_benign_proxy,0,0.10412077059206337,0
tranco_benign_proxy,0,0.12933219929689793,0
tranco_benign_proxy,0,0.9823078811103915,1
tranco_benign_proxy,0,0.31625953622148406,0
phishtank,1,0.9988468168118403,1
tranco_benign_proxy,0,0.4632404751953369,0
tranco_benign_proxy,0,0.07306585172519724,0
phishtank,1,0.9999260020805472,1
phishtank,1,0.9744002038172693,1
phishtank,1,0.946347697212994,1
phishtank,1,0.6412514615468574,0
phishtank,1,0.9998835340383936,1
phishtank,1,0.9999343409474098,1
tranco_benign_proxy,0,0.23905164716342928,0
phishtank,1,0.9822816480211846,1
tranco_benign_proxy,0,0.8901745589768104,1
tranco_benign_proxy,0,0.7259336686299712,1
tranco_benign_proxy,0,0.33409923137499137,0
phishtank,1,0.9684315451423392,1
phishtank,1,0.9663127584865991,1
tranco_benign_proxy,0,0.320838206824519,0
tranco_benign_proxy,0,0.20141095004006254,0
phishtank,1,0.9990103098182674,1
phishtank,1,0.9988500401639915,1
tranco_benign_proxy,0,0.31331584260323486,0
phishtank,1,0.9525359306967237,1
tranco_benign_proxy,0,0.922726313543404,1
tranco_benign_proxy,0,0.04514923097824181,0
phishtank,1,0.9450208057134698,1
tranco_benign_proxy,0,0.3665929418724092,0
phishtank,1,0.9841215149438908,1
phishtank,1,0.9556737007955848,1
tranco_benign_proxy,0,0.19248206551977967,0
phishtank,1,0.9307007288139385,1
phishtank,1,0.8725142961423632,1
tranco_benign_proxy,0,0.14780769775405042,0
tranco_benign_proxy,0,0.02662383370320762,0
phishtank,1,0.9992657301088677,1
tranco_benign_proxy,0,0.8795505758294689,1
tranco_benign_proxy,0,0.09690519798127749,0
phishtank,1,0.910748054222817,1
tranco_benign_proxy,0,0.7835155325574472,1
tranco_benign_proxy,0,0.23127986063946,0
tranco_benign_proxy,0,0.06027444568798635,0
phishtank,1,0.9899961308717057,1
phishtank,1,0.9935039554241972,1
phishtank,1,0.9990046529594748,1
tranco_benign_proxy,0,0.6534515373586938,0
phishtank,1,0.9273725365132005,1
tranco_benign_proxy,0,0.7256355182604828,1
phishtank,1,0.9955020320949401,1
phishtank,1,0.7688154388330781,1
phishtank,1,0.9900535221580651,1
tranco_benign_proxy,0,0.9995059689595402,1
tranco_benign_proxy,0,0.9815568595393144,1
phishtank,1,0.9185073417948308,1
tranco_benign_proxy,0,0.6412040408466637,0
phishtank,1,0.9164029450251382,1
phishtank,1,0.9926525303514855,1
tranco_benign_proxy,0,0.83020884366268,1
tranco_benign_proxy,0,0.14490024205504368,0
tranco_benign_proxy,0,0.0803389681852328,0
tranco_benign_proxy,0,0.001993281619161117,0
phishtank,1,0.9673321177177983,1
tranco_benign_proxy,0,0.05020655406526297,0
tranco_benign_proxy,0,0.0939249294439789,0
tranco_benign_proxy,0,0.9756320261974392,1
tranco_benign_proxy,0,0.16142151920096265,0
phishtank,1,0.9999865362626498,1
tranco_benign_proxy,0,0.9908821487709232,1
tranco_benign_proxy,0,0.1333347894430547,0
phishtank,1,0.9999433280283939,1
phishtank,1,0.9991046971509955,1
phishtank,1,0.9962650746963606,1
phishtank,1,0.9945167922615916,1
phishtank,1,0.9999986295078813,1
tranco_benign_proxy,0,0.12302464826105923,0
tranco_benign_proxy,0,0.47952043306655767,0
tranco_benign_proxy,0,0.016779987605385852,0
tranco_benign_proxy,0,0.0076848442418494525,0
phishtank,1,0.10489166282840427,0
tranco_benign_proxy,0,0.37812578568903543,0
phishtank,1,0.9997549621500169,1
tranco_benign_proxy,0,0.06311639330618748,0
phishtank,1,0.8594876542891139,1
phishtank,1,0.9997732214469073,1
phishtank,1,0.9998635049029833,1
tranco_benign_proxy,0,0.3253033074095452,0
phishtank,1,0.999805123249288,1
phishtank,1,0.9843869359751397,1
tranco_benign_proxy,0,0.3526198554403413,0
phishtank,1,0.9698195885799471,1
tranco_benign_proxy,0,0.42161687647520807,0
phishtank,1,0.9941342532262113,1
phishtank,1,0.9915699821528343,1
phishtank,1,0.9998082715093092,1
tranco_benign_proxy,0,0.9306577193357425,1
tranco_benign_proxy,0,0.18939404726809264,0
tranco_benign_proxy,0,0.05429386690112424,0
phishtank,1,0.9944322056044413,1
phishtank,1,0.9454675642665594,1
phishtank,1,0.19050280237225858,0
phishtank,1,0.9979048315979422,1
tranco_benign_proxy,0,0.17302862453144008,0
phishtank,1,0.9889384460830102,1
phishtank,1,0.8944342600533007,1
phishtank,1,0.9896438365325061,1
tranco_benign_proxy,0,0.15271251285322407,0
tranco_benign_proxy,0,0.4198033800284834,0
tranco_benign_proxy,0,0.036947202740944395,0
phishtank,1,0.9780407537057823,1
phishtank,1,0.9876880574843446,1
tranco_benign_proxy,0,0.20527068370266918,0
phishtank,1,0.9999967988381661,1
tranco_benign_proxy,0,0.2760147315218256,0
tranco_benign_proxy,0,0.7445493280556388,1
phishtank,1,0.9993148880972503,1
phishtank,1,0.9969262085496259,1
phishtank,1,0.9933088392192782,1
tranco_benign_proxy,0,0.11598901529194601,0
phishtank,1,0.995327565769391,1
phishtank,1,0.9937095904101346,1
phishtank,1,0.9463507300878523,1
phishtank,1,0.9975860896846149,1
tranco_benign_proxy,0,0.9854876373308423,1
tranco_benign_proxy,0,0.02747697748698499,0
tranco_benign_proxy,0,0.05420803353308375,0
tranco_benign_proxy,0,0.0647949469156632,0
phishtank,1,0.9888963327175881,1
tranco_benign_proxy,0,0.4366192691026439,0
phishtank,1,0.9967839843612974,1
tranco_benign_proxy,0,0.9366893809739887,1
phishtank,1,0.9884100379932629,1
tranco_benign_proxy,0,0.35994487744345627,0
tranco_benign_proxy,0,0.7255679976222256,1
tranco_benign_proxy,0,0.10117006552685058,0
tranco_benign_proxy,0,0.04726116691598555,0
phishtank,1,0.999016938807339,1
phishtank,1,0.9964699717294407,1
tranco_benign_proxy,0,0.9462573596105771,1
phishtank,1,0.9996740292009869,1
tranco_benign_proxy,0,0.122405163376322,0
phishtank,1,0.698218972990403,1
tranco_benign_proxy,0,0.056404796636044634,0
phishtank,1,0.9049314748893069,1
tranco_benign_proxy,0,0.22224924999703258,0
phishtank,1,0.9248980156813374,1
phishtank,1,0.36243458499791814,0
phishtank,1,0.9993175065133496,1
phishtank,1,0.9998623619218416,1
tranco_benign_proxy,0,0.036432806004898045,0
phishtank,1,0.9547612247678133,1
phishtank,1,0.9407164037446113,1
tranco_benign_proxy,0,0.6141268004205235,0
tranco_benign_proxy,0,0.23386530944867354,0
phishtank,1,0.926192425951749,1
tranco_benign_proxy,0,0.19503194271875604,0
tranco_benign_proxy,0,0.2858758203684724,0
tranco_benign_proxy,0,0.09046660572941685,0
tranco_benign_proxy,0,0.43415947523810994,0
tranco_benign_proxy,0,0.7757229045550713,1
phishtank,1,0.9836923878075967,1
phishtank,1,0.9999424904015425,1
tranco_benign_proxy,0,0.9843779931479121,1
tranco_benign_proxy,0,0.7528346422657112,1
phishtank,1,0.9978463316145794,1
tranco_benign_proxy,0,0.20587881803117736,0
tranco_benign_proxy,0,0.0191321173961785,0
tranco_benign_proxy,0,0.5126733302248035,0
phishtank,1,0.9966821224806052,1
phishtank,1,0.35210413113517636,0
tranco_benign_proxy,0,0.05316609346085821,0
tranco_benign_proxy,0,0.8958262605244774,1
phishtank,1,0.3321484812987707,0
tranco_benign_proxy,0,0.062184181384698035,0
tranco_benign_proxy,0,0.20917996909373335,0
tranco_benign_proxy,0,0.22898720350039498,0
phishtank,1,0.9777217053027509,1
tranco_benign_proxy,0,0.4943683355439961,0
phishtank,1,0.9963135935254099,1
tranco_benign_proxy,0,0.9746230212119275,1
tranco_benign_proxy,0,0.6890802769573635,0
phishtank,1,0.9703619058034252,1
tranco_benign_proxy,0,0.06798715454780967,0
phishtank,1,0.11094597040416262,0
phishtank,1,0.8142469403429214,1
phishtank,1,0.9969115283856389,1
phishtank,1,0.987196355965791,1
tranco_benign_proxy,0,0.6403304067992578,0
tranco_benign_proxy,0,0.3150189524517218,0
tranco_benign_proxy,0,0.025049032548562278,0
phishtank,1,0.8735588199716494,1
phishtank,1,0.9469391887060056,1
tranco_benign_proxy,0,0.6480348283633134,0
tranco_benign_proxy,0,0.49355059881568064,0
tranco_benign_proxy,0,0.3628384350515531,0
phishtank,1,0.9962868646399556,1
tranco_benign_proxy,0,0.8029541590901055,1
phishtank,1,0.4843832299286231,0
phishtank,1,0.9985984357760432,1
phishtank,1,0.9996349838750401,1
tranco_benign_proxy,0,0.9480500114986681,1
tranco_benign_proxy,0,0.07299059760535183,0
tranco_benign_proxy,0,0.02704471768012147,0
tranco_benign_proxy,0,0.9166168492931646,1
tranco_benign_proxy,0,0.5328072869372219,0
tranco_benign_proxy,0,0.6323395069540463,0
phishtank,1,0.9994576167191327,1
tranco_benign_proxy,0,0.966084709513326,1
phishtank,1,0.9952421511771538,1
tranco_benign_proxy,0,0.23309946280768654,0
phishtank,1,0.9776752796413892,1
tranco_benign_proxy,0,0.9569715576155321,1
phishtank,1,0.9902914592331502,1
phishtank,1,0.9992652790045116,1
phishtank,1,0.0828701674364829,0
tranco_benign_proxy,0,0.13974486942121203,0
tranco_benign_proxy,0,0.828703153867618,1
phishtank,1,0.9997888282637093,1
phishtank,1,0.98859142397958,1
tranco_benign_proxy,0,0.7420464692729477,1
phishtank,1,0.9630908622957302,1
phishtank,1,0.8217893861330414,1
tranco_benign_proxy,0,0.37491199736825503,0
phishtank,1,0.17346968342824798,0
phishtank,1,0.9974688508613598,1
tranco_benign_proxy,0,0.1947969752961177,0
phishtank,1,0.6050167125780864,0
phishtank,1,0.9985568617941443,1
tranco_benign_proxy,0,0.9493922966514132,1
phishtank,1,0.9988894457939632,1
tranco_benign_proxy,0,0.621945005219747,0
tranco_benign_proxy,0,0.26971685321724737,0
tranco_benign_proxy,0,0.18751571261687192,0
phishtank,1,0.988859487409528,1
tranco_benign_proxy,0,0.23665233821861262,0
phishtank,1,0.8711690385082649,1
tranco_benign_proxy,0,0.052456936382364844,0
tranco_benign_proxy,0,0.15667709740626856,0
tranco_benign_proxy,0,0.6900606751577314,0
tranco_benign_proxy,0,0.09548428127598385,0
phishtank,1,0.9998162840294087,1
phishtank,1,0.9991275203257152,1
tranco_benign_proxy,0,0.08736371406418707,0
phishtank,1,0.9959305973483616,1
phishtank,1,0.9974319952849081,1
tranco_benign_proxy,0,0.2504923302401365,0
tranco_benign_proxy,0,0.3049887273820232,0
tranco_benign_proxy,0,0.07254949327256625,0
phishtank,1,0.9907482778653258,1
tranco_benign_proxy,0,0.03534153693414288,0
phishtank,1,0.999938865763146,1
tranco_benign_proxy,0,0.941195666745961,1
phishtank,1,0.9730812878409976,1
phishtank,1,0.9996034339694155,1
phishtank,1,0.980519777330438,1
phishtank,1,0.998522222244879,1
tranco_benign_proxy,0,0.19943741065289067,0
phishtank,1,0.8835008877361261,1
phishtank,1,0.9963644345787742,1
phishtank,1,0.9974794893037522,1
tranco_benign_proxy,0,0.18987076803760597,0
phishtank,1,0.9968005622716274,1
tranco_benign_proxy,0,0.8352794787094774,1
tranco_benign_proxy,0,0.4453997431942166,0
phishtank,1,0.9999360615653213,1
phishtank,1,0.9708277912254507,1
phishtank,1,0.9474478702556428,1
phishtank,1,0.9863296139647834,1
phishtank,1,0.9891657354394761,1
phishtank,1,0.9977743515615587,1
tranco_benign_proxy,0,0.9523720233307011,1
phishtank,1,0.873586004363769,1
phishtank,1,0.9317739332472498,1
tranco_benign_proxy,0,0.0388457026863066,0
phishtank,1,0.9995418123360197,1
phishtank,1,0.9824291495796031,1
phishtank,1,0.7609241875323244,1
tranco_benign_proxy,0,0.07973553009824547,0
tranco_benign_proxy,0,0.07818282002930427,0
tranco_benign_proxy,0,0.2583591600317683,0
tranco_benign_proxy,0,0.6599078954073565,0
phishtank,1,0.9950298196738167,1
phishtank,1,0.9875670795790646,1
phishtank,1,0.7694260729435319,1
phishtank,1,0.9349559737436997,1
tranco_benign_proxy,0,0.3697186087736423,0
tranco_benign_proxy,0,0.005429281664033002,0
phishtank,1,0.9999306898171646,1
tranco_benign_proxy,0,0.1641378063837896,0
tranco_benign_proxy,0,0.16908981107655918,0
tranco_benign_proxy,0,0.2689641468579954,0
tranco_benign_proxy,0,0.5150169219625487,0
tranco_benign_proxy,0,0.12025511254882755,0
phishtank,1,0.998665315671396,1
tranco_benign_proxy,0,0.13211466774850703,0
phishtank,1,0.9954334649501492,1
phishtank,1,0.9652382416222381,1
tranco_benign_proxy,0,0.30820970976766676,0
phishtank,1,0.9726370099108591,1
phishtank,1,0.9664218895385371,1
phishtank,1,0.9883846782527586,1
phishtank,1,0.9985844706060791,1
tranco_benign_proxy,0,0.19929568515604726,0
phishtank,1,0.9942548539740533,1
tranco_benign_proxy,0,0.22656595183916656,0
tranco_benign_proxy,0,0.16561611908326856,0
phishtank,1,0.9816179966314658,1
tranco_benign_proxy,0,0.36496518639153036,0
phishtank,1,0.6737972049933952,0
tranco_benign_proxy,0,0.613268483130972,0
tranco_benign_proxy,0,0.1813845769177963,0
tranco_benign_proxy,0,0.9713908301534009,1
tranco_benign_proxy,0,0.8681572756459215,1
phishtank,1,0.9907318450256197,1
phishtank,1,0.9971513669281488,1
tranco_benign_proxy,0,0.8952240007263802,1
phishtank,1,0.9467027428368303,1
tranco_benign_proxy,0,0.048708899344629505,0
phishtank,1,0.9601960632413824,1
tranco_benign_proxy,0,0.5471206137110184,0
phishtank,1,0.6413733942994263,0
tranco_benign_proxy,0,0.3663422358229104,0
tranco_benign_proxy,0,0.9872750644856567,1
tranco_benign_proxy,0,0.05816882362786308,0
phishtank,1,0.9695900139247128,1
tranco_benign_proxy,0,0.04275003102540775,0
phishtank,1,0.9892082248569956,1
tranco_benign_proxy,0,0.0644453545111528,0
tranco_benign_proxy,0,0.9407784823324955,1
tranco_benign_proxy,0,0.9563699550571964,1
tranco_benign_proxy,0,0.08674636060698661,0
tranco_benign_proxy,0,0.34916237211247503,0
phishtank,1,0.9477889054461228,1
tranco_benign_proxy,0,0.1889046317135366,0
tranco_benign_proxy,0,0.19906427383357847,0
phishtank,1,0.9826248855011972,1
phishtank,1,0.5788505662091674,0
phishtank,1,0.930620025228439,1
phishtank,1,0.9937867405106621,1
tranco_benign_proxy,0,0.6293592129156591,0
tranco_benign_proxy,0,0.07168673699853263,0
phishtank,1,0.9913812110141381,1
tranco_benign_proxy,0,0.26605345290623006,0
tranco_benign_proxy,0,0.03487198975779769,0
tranco_benign_proxy,0,0.31898536213255807,0
tranco_benign_proxy,0,0.0008822328569796066,0
tranco_benign_proxy,0,0.9873981007212905,1
phishtank,1,0.984279632400314,1
phishtank,1,0.9988948685978892,1
tranco_benign_proxy,0,0.14794876179992023,0
tranco_benign_proxy,0,0.25798819282250235,0
tranco_benign_proxy,0,0.09886666426391062,0
tranco_benign_proxy,0,0.1971826840910691,0
phishtank,1,0.9792991645418996,1
phishtank,1,0.9907355803084534,1
phishtank,1,0.4508749113036831,0
phishtank,1,0.9199531690175873,1
phishtank,1,0.9762465561581477,1
tranco_benign_proxy,0,0.5339996938653228,0
phishtank,1,0.9078619318684872,1
phishtank,1,0.9816509401238485,1
tranco_benign_proxy,0,0.5951854573081596,0
tranco_benign_proxy,0,0.07930682179870722,0
phishtank,1,0.923902519114492,1
phishtank,1,0.9846362612238683,1
phishtank,1,0.9912735009275699,1
phishtank,1,0.9937973089824572,1
tranco_benign_proxy,0,0.9450827800355286,1
tranco_benign_proxy,0,0.050520633837234284,0
phishtank,1,0.9986897476552316,1
tranco_benign_proxy,0,0.47464591454408644,0
phishtank,1,0.9752094286388912,1
tranco_benign_proxy,0,0.8779649898316024,1
phishtank,1,0.9659094314544753,1
phishtank,1,0.9986427568149044,1
phishtank,1,0.9945144746269831,1
tranco_benign_proxy,0,0.9857520186343397,1
tranco_benign_proxy,0,0.5725497657445964,0
phishtank,1,0.3276271069681717,0
phishtank,1,0.9808691473689929,1
tranco_benign_proxy,0,0.529698136656473,0
tranco_benign_proxy,0,0.7129671004593388,1
tranco_benign_proxy,0,0.273184352756379,0
phishtank,1,0.18963603040999422,0
phishtank,1,0.9897488845524,1
phishtank,1,0.9663761877707315,1
phishtank,1,0.9983873173909839,1
phishtank,1,0.9919710868017088,1
tranco_benign_proxy,0,0.9838030499515881,1
tranco_benign_proxy,0,0.29708016753094796,0
tranco_benign_proxy,0,0.9686218158221386,1
phishtank,1,0.907845202356804,1
phishtank,1,0.989037751453049,1
phishtank,1,0.9061459484564874,1
phishtank,1,0.9999931882949743,1
tranco_benign_proxy,0,0.6243850001759711,0
phishtank,1,0.7733201334783083,1
phishtank,1,0.9991543882181697,1
phishtank,1,0.9794109038316589,1
tranco_benign_proxy,0,0.004748830832104969,0
tranco_benign_proxy,0,0.7226888926697548,1
tranco_benign_proxy,0,0.31817978350835624,0
phishtank,1,0.9637947816416698,1
phishtank,1,0.9959284862048841,1
phishtank,1,0.9995625827144075,1
tranco_benign_proxy,0,0.9836318304946694,1
tranco_benign_proxy,0,0.164408139465435,0
tranco_benign_proxy,0,0.10568076662693154,0
tranco_benign_proxy,0,0.08714267558578542,0
phishtank,1,0.9713929619451065,1
tranco_benign_proxy,0,0.1071902027438974,0
phishtank,1,0.999780623357884,1
phishtank,1,0.42869017272656795,0
phishtank,1,0.46426028174463885,0
tranco_benign_proxy,0,0.34518353002430674,0
phishtank,1,0.9734919116549556,1
tranco_benign_proxy,0,0.1396015537877797,0
phishtank,1,0.9469550300789954,1
tranco_benign_proxy,0,0.5146684959791485,0
tranco_benign_proxy,0,0.9165122048272479,1
phishtank,1,0.9795269854029109,1
phishtank,1,0.999641713187643,1
tranco_benign_proxy,0,0.16372701506661583,0
phishtank,1,0.9874775137285356,1
tranco_benign_proxy,0,0.9737722991789267,1
tranco_benign_proxy,0,0.2647754356702813,0
phishtank,1,0.9979624598727259,1
tranco_benign_proxy,0,0.17310397254398235,0
phishtank,1,0.9856915845543203,1
tranco_benign_proxy,0,0.564774862472302,0
phishtank,1,0.9998374740921018,1
tranco_benign_proxy,0,0.2354624060499581,0
tranco_benign_proxy,0,0.8742512365157843,1
tranco_benign_proxy,0,0.612885223598831,0
tranco_benign_proxy,0,0.6842798066014828,0
phishtank,1,0.26038229296491033,0
phishtank,1,0.08413125890402502,0
phishtank,1,0.9717237260262385,1
tranco_benign_proxy,0,0.02040560908684984,0
tranco_benign_proxy,0,0.032828026359925655,0
tranco_benign_proxy,0,0.3391058520897868,0
tranco_benign_proxy,0,0.47303640151635035,0
phishtank,1,0.9904173055736807,1
tranco_benign_proxy,0,0.6757169492248216,0
phishtank,1,0.9973368090765824,1
phishtank,1,0.9544020676629298,1
tranco_benign_proxy,0,0.4922301897815343,0
tranco_benign_proxy,0,0.3381907827652817,0
phishtank,1,0.9996618727314674,1
phishtank,1,0.9423364145249161,1
phishtank,1,0.9851071469106952,1
tranco_benign_proxy,0,0.2580041598886439,0
phishtank,1,0.9744617362943009,1
tranco_benign_proxy,0,0.5510883551260526,0
phishtank,1,0.9958457978353419,1
tranco_benign_proxy,0,0.038185839357155485,0
phishtank,1,0.9987225113074536,1
tranco_benign_proxy,0,0.5113581129213474,0
tranco_benign_proxy,0,0.12502526514361437,0
tranco_benign_proxy,0,0.16317655103359593,0
phishtank,1,0.9779274277690803,1
tranco_benign_proxy,0,0.5300715973200975,0
phishtank,1,0.9767948435394681,1
tranco_benign_proxy,0,0.19017599370117197,0
phishtank,1,0.9983615131992084,1
phishtank,1,0.9823851259885794,1
tranco_benign_proxy,0,0.9775200209391965,1
tranco_benign_proxy,0,0.04664049925600485,0
phishtank,1,0.6639949992919176,0
phishtank,1,0.998821780647877,1
phishtank,1,0.9983556284625009,1
tranco_benign_proxy,0,0.2739101604195409,0
phishtank,1,0.11385061515352549,0
phishtank,1,0.20698017762960264,0
phishtank,1,0.9616499234700026,1
phishtank,1,0.991823203055523,1
phishtank,1,0.9998586446036455,1
tranco_benign_proxy,0,0.9181833065687708,1
tranco_benign_proxy,0,0.5967609419421265,0
tranco_benign_proxy,0,0.04181860776175971,0
phishtank,1,0.9822163752642047,1
phishtank,1,0.9645131951470587,1
phishtank,1,0.9734425287614403,1
tranco_benign_proxy,0,0.1264440111963896,0
phishtank,1,0.9867845644076274,1
tranco_benign_proxy,0,0.10788262716257767,0
phishtank,1,0.9872833338620948,1
phishtank,1,0.9985671253563662,1
tranco_benign_proxy,0,0.3261481583572998,0
phishtank,1,0.992836081874391,1
tranco_benign_proxy,0,0.7211199302076644,1
phishtank,1,0.9865395557895275,1
tranco_benign_proxy,0,0.6905226539478255,0
tranco_benign_proxy,0,0.895862272624164,1
phishtank,1,0.9875689116284699,1
phishtank,1,0.9910817814555252,1
tranco_benign_proxy,0,0.04214747388698141,0
tranco_benign_proxy,0,0.06396006528367999,0
phishtank,1,0.9825832817904971,1
tranco_benign_proxy,0,0.7820043156977406,1
phishtank,1,0.8943309421931834,1
phishtank,1,0.8234523917607708,1
tranco_benign_proxy,0,0.19585323635998358,0
tranco_benign_proxy,0,0.33069321483806563,0
tranco_benign_proxy,0,0.78647325304713,1
tranco_benign_proxy,0,0.8206457261417905,1
tranco_benign_proxy,0,0.6835512675394847,0
tranco_benign_proxy,0,0.7122774749256322,1
tranco_benign_proxy,0,0.38363037737708494,0
tranco_benign_proxy,0,0.9159422641856245,1
tranco_benign_proxy,0,0.15468793138856976,0
phishtank,1,0.9980243391689725,1
tranco_benign_proxy,0,0.1647782472920038,0
phishtank,1,0.962108584710857,1
phishtank,1,0.9295190242342902,1
phishtank,1,0.9998271918032292,1
phishtank,1,0.9641987018179182,1
phishtank,1,0.9843695819918743,1
tranco_benign_proxy,0,0.4197297245972689,0
phishtank,1,0.9999346806355173,1
tranco_benign_proxy,0,0.0028061059414427846,0
tranco_benign_proxy,0,0.7956706368237143,1
phishtank,1,0.9817129866414909,1
tranco_benign_proxy,0,0.10642516242229282,0
tranco_benign_proxy,0,0.035459539221634945,0
phishtank,1,0.9996072505199542,1
phishtank,1,0.9656613856897147,1
phishtank,1,0.9795007325406503,1
tranco_benign_proxy,0,0.05677864203040219,0
phishtank,1,0.9829538464116545,1
phishtank,1,0.9844884088507633,1
phishtank,1,0.9482766143105797,1
tranco_benign_proxy,0,0.05619181639377321,0
tranco_benign_proxy,0,0.31660899969848383,0
tranco_benign_proxy,0,0.017069365445344955,0
phishtank,1,0.9958440348039186,1
phishtank,1,0.9875488994257079,1
phishtank,1,0.9341456791895073,1
tranco_benign_proxy,0,0.9188989986715927,1
phishtank,1,0.9988176049762383,1
phishtank,1,0.8865800389965954,1
phishtank,1,0.9940783090032813,1
tranco_benign_proxy,0,0.9496725069940796,1
tranco_benign_proxy,0,0.013751807889330097,0
tranco_benign_proxy,0,0.8758227556037188,1
tranco_benign_proxy,0,0.1129944253383149,0
tranco_benign_proxy,0,0.02624759475589565,0
phishtank,1,0.9621624276622514,1
tranco_benign_proxy,0,0.48332451935010395,0
phishtank,1,0.9890555326638032,1
phishtank,1,0.9639991848423,1
tranco_benign_proxy,0,0.14856987022849263,0
tranco_benign_proxy,0,0.06408020609846084,0
tranco_benign_proxy,0,0.5142454416534935,0
phishtank,1,0.9770525075274122,1
phishtank,1,0.9992932629290083,1
tranco_benign_proxy,0,0.16652890096417933,0
tranco_benign_proxy,0,0.9047152070779171,1
phishtank,1,0.7536243166042648,1
tranco_benign_proxy,0,0.42839809963963954,0
tranco_benign_proxy,0,0.1295073017679359,0
phishtank,1,0.9999942925252578,1
tranco_benign_proxy,0,0.1814445164590531,0
phishtank,1,0.9409140610835,1
tranco_benign_proxy,0,0.05117101967515464,0
tranco_benign_proxy,0,0.050249953420435214,0
tranco_benign_proxy,0,0.24305308332670897,0
tranco_benign_proxy,0,0.14269486385048508,0
tranco_benign_proxy,0,0.18050203253501548,0
phishtank,1,0.99995613907755,1
tranco_benign_proxy,0,0.5688266295284296,0
phishtank,1,0.9881716445500128,1
tranco_benign_proxy,0,0.6810976643552005,0
phishtank,1,0.9996806686586144,1
phishtank,1,0.9925590151052441,1
phishtank,1,0.9625319483627715,1
tranco_benign_proxy,0,0.22799202157146567,0
tranco_benign_proxy,0,0.9754422391783147,1
phishtank,1,0.6494941019453833,0
tranco_benign_proxy,0,0.6758344489035331,0
tranco_benign_proxy,0,0.00030911993558855607,0
tranco_benign_proxy,0,0.04756825859173256,0
phishtank,1,0.9987844592665848,1
tranco_benign_proxy,0,0.2766957532674024,0
tranco_benign_proxy,0,0.2158505769158314,0
phishtank,1,0.9868152002063714,1
tranco_benign_proxy,0,0.4611592992301012,0
phishtank,1,0.9826759921619441,1
phishtank,1,0.9867781059773344,1
tranco_benign_proxy,0,0.11488134584480834,0
tranco_benign_proxy,0,0.7180614088170173,1
phishtank,1,0.9995777538479738,1
tranco_benign_proxy,0,0.5256962455059001,0
phishtank,1,0.9424171149858441,1
phishtank,1,0.9676651356600371,1
phishtank,1,0.9998151495603433,1
phishtank,1,0.9976301010514057,1
tranco_benign_proxy,0,0.3427888668687738,0
tranco_benign_proxy,0,0.646363577437319,0
tranco_benign_proxy,0,0.5471422827159713,0
tranco_benign_proxy,0,0.7066813979919134,1
phishtank,1,0.9837413070616391,1
tranco_benign_proxy,0,0.12120307184420054,0
tranco_benign_proxy,0,0.6581336310586038,0
phishtank,1,0.9999862242989118,1
tranco_benign_proxy,0,0.5747289857537521,0
phishtank,1,0.9999955107635153,1
tranco_benign_proxy,0,0.04020941605199157,0
tranco_benign_proxy,0,0.8925517411361216,1
tranco_benign_proxy,0,0.24223222702075584,0
tranco_benign_proxy,0,0.6174345431818398,0
phishtank,1,0.9656504742539609,1
phishtank,1,0.7750288110818798,1
tranco_benign_proxy,0,0.0974129847470198,0
phishtank,1,0.9934456176417624,1
phishtank,1,0.9995817809177572,1
phishtank,1,0.9778211678663774,1
tranco_benign_proxy,0,0.03402016267073308,0
phishtank,1,0.937965401072931,1
phishtank,1,0.8923010797860987,1
phishtank,1,0.9769654451848127,1
phishtank,1,0.9896175780035135,1
tranco_benign_proxy,0,0.11719085506186867,0
phishtank,1,0.9995201319089201,1
tranco_benign_proxy,0,0.09219893719984892,0
phishtank,1,0.9724511615031588,1
phishtank,1,0.9990237889655865,1
phishtank,1,0.5646637782442193,0
tranco_benign_proxy,0,0.22386221249799748,0
phishtank,1,0.9646348700000817,1
phishtank,1,0.9152681679183603,1
tranco_benign_proxy,0,0.03458222256421073,0
phishtank,1,0.9917401954530736,1
phishtank,1,0.9969978106206157,1
phishtank,1,0.9997398304370979,1
tranco_benign_proxy,0,0.9612765860983932,1
tranco_benign_proxy,0,0.12924198482254998,0
phishtank,1,0.8184916828038059,1
tranco_benign_proxy,0,0.9687642839392181,1
phishtank,1,0.9475658229784215,1
phishtank,1,0.9732297866574491,1
tranco_benign_proxy,0,0.013481405892223769,0
phishtank,1,0.9990781781964533,1
phishtank,1,0.9264745875011027,1
phishtank,1,0.125501625098692,0
tranco_benign_proxy,0,0.9462791117366212,1
phishtank,1,0.9761227893911426,1
tranco_benign_proxy,0,0.34538680188146104,0
phishtank,1,0.9999625841722823,1
tranco_benign_proxy,0,0.5304970380288063,0
phishtank,1,0.9989722313944926,1
phishtank,1,0.9907536516025176,1
phishtank,1,0.9902704861171583,1
tranco_benign_proxy,0,0.1624834943732724,0
phishtank,1,0.9657810637288834,1
phishtank,1,0.99573983417022,1
tranco_benign_proxy,0,0.9362943728450953,1
tranco_benign_proxy,0,0.010163183117237134,0
tranco_benign_proxy,0,0.9095272098866481,1
phishtank,1,0.998863400205396,1
tranco_benign_proxy,0,0.29829702553304266,0
tranco_benign_proxy,0,0.2734940803316,0
tranco_benign_proxy,0,0.7508974856697497,1
tranco_benign_proxy,0,0.11207024806912722,0
phishtank,1,0.9988204975961037,1
phishtank,1,0.9192487064906526,1
phishtank,1,0.9468196949368051,1
tranco_benign_proxy,0,0.07201743237039888,0
phishtank,1,0.9933068536532883,1
tranco_benign_proxy,0,0.11294498874071918,0
phishtank,1,0.9997040426014612,1
phishtank,1,0.8216806613927512,1
phishtank,1,0.9443358530166479,1
tranco_benign_proxy,0,0.6911728316949307,0
tranco_benign_proxy,0,0.8452911596150118,1
tranco_benign_proxy,0,0.9247701650577289,1
tranco_benign_proxy,0,0.02494479619225224,0
phishtank,1,0.9995418192820686,1
phishtank,1,0.7391867579697451,1
tranco_benign_proxy,0,0.24124919164536385,0
phishtank,1,0.9701919318352488,1
tranco_benign_proxy,0,0.1880900724043869,0
tranco_benign_proxy,0,0.9407233785486316,1
tranco_benign_proxy,0,0.08321726371893472,0
tranco_benign_proxy,0,0.6206283383507112,0
phishtank,1,0.9992031835271852,1
phishtank,1,0.9744226232301403,1
tranco_benign_proxy,0,0.03239538410076482,0
phishtank,1,0.999931150723107,1
phishtank,1,0.9870623628991725,1
phishtank,1,0.9985212667947216,1
phishtank,1,0.9874394299770977,1
phishtank,1,0.9236011885443037,1
tranco_benign_proxy,0,0.20098864116420714,0
tranco_benign_proxy,0,0.01820660452610933,0
tranco_benign_proxy,0,0.9027392223864328,1
phishtank,1,0.9947735490585411,1
tranco_benign_proxy,0,0.0017823812960293891,0
phishtank,1,0.9628049567075496,1
phishtank,1,0.9688296002361506,1
phishtank,1,0.9453788212182292,1
phishtank,1,0.9843236568163541,1
tranco_benign_proxy,0,0.06430273531268473,0
phishtank,1,0.9210207249763049,1
phishtank,1,0.9982600562575068,1
phishtank,1,0.9996752531271835,1
tranco_benign_proxy,0,0.3111720822573203,0
phishtank,1,0.9859073445217613,1
tranco_benign_proxy,0,0.5762774334672593,0
tranco_benign_proxy,0,0.11438580038339607,0
phishtank,1,0.1801271316260087,0
tranco_benign_proxy,0,0.18381958227541148,0
phishtank,1,0.9983880516446307,1
tranco_benign_proxy,0,0.6151784067591642,0
tranco_benign_proxy,0,0.6951904216807661,0
phishtank,1,0.9944148058130874,1
phishtank,1,0.9765541618522601,1
phishtank,1,0.2614826599921561,0
tranco_benign_proxy,0,0.765516063651727,1
tranco_benign_proxy,0,0.22221773331498815,0
phishtank,1,0.9907818711200095,1
tranco_benign_proxy,0,0.01418565375098011,0
phishtank,1,0.9865866587866129,1
phishtank,1,0.9988939907199541,1
tranco_benign_proxy,0,0.4829353837916805,0
tranco_benign_proxy,0,0.8017309175257918,1
phishtank,1,0.9994654614406713,1
phishtank,1,0.9975796749993247,1
phishtank,1,0.9921337505625977,1
phishtank,1,0.9840186510106546,1
tranco_benign_proxy,0,0.1528853994631544,0
tranco_benign_proxy,0,0.1730239660115456,0
tranco_benign_proxy,0,0.23864582072423401,0
tranco_benign_proxy,0,0.2344624363596968,0
tranco_benign_proxy,0,0.920044297968583,1
phishtank,1,0.988065532876741,1
phishtank,1,0.9983705543202324,1
tranco_benign_proxy,0,0.2987307992871355,0
tranco_benign_proxy,0,0.27107002306274425,0
tranco_benign_proxy,0,0.09865465899425038,0
tranco_benign_proxy,0,0.2515124945738431,0
tranco_benign_proxy,0,0.22701123223498104,0
phishtank,1,0.9788608560704756,1
tranco_benign_proxy,0,0.14295742166810332,0
tranco_benign_proxy,0,0.011919318496792633,0
phishtank,1,0.9991569523197994,1
tranco_benign_proxy,0,0.14606170298112509,0
phishtank,1,0.5227196383333188,0
tranco_benign_proxy,0,0.15328216762848362,0
tranco_benign_proxy,0,0.09953011904874716,0
phishtank,1,0.7531565654100093,1
phishtank,1,0.9959470926974171,1
phishtank,1,0.9993204742583838,1
tranco_benign_proxy,0,0.20213328989840115,0
phishtank,1,0.9998981532255993,1
phishtank,1,0.9775317507471424,1
tranco_benign_proxy,0,0.6276491948327289,0
tranco_benign_proxy,0,0.36897211773496325,0
phishtank,1,0.9955018418176756,1
phishtank,1,0.9581688082942643,1
phishtank,1,0.9966869190479805,1
tranco_benign_proxy,0,0.025119235567454313,0
phishtank,1,0.9992045307706466,1
tranco_benign_proxy,0,0.752900885188328,1
tranco_benign_proxy,0,0.8469424255639778,1
phishtank,1,0.9880480276561999,1
phishtank,1,0.9758096743086443,1
phishtank,1,0.9673548196969525,1
tranco_benign_proxy,0,0.12220813565485979,0
tranco_benign_proxy,0,0.14052939486405888,0
phishtank,1,0.9686971153738354,1
phishtank,1,0.9521913772488872,1
phishtank,1,0.9550436351646204,1
tranco_benign_proxy,0,0.5328427739198702,0
tranco_benign_proxy,0,0.04421886989612961,0
tranco_benign_proxy,0,0.2560691915586561,0
phishtank,1,0.9982719677709351,1
phishtank,1,0.45082794054582825,0
tranco_benign_proxy,0,0.05506120259171342,0
tranco_benign_proxy,0,0.18137542852871807,0
phishtank,1,0.9821185447340333,1
tranco_benign_proxy,0,0.5209051133214991,0
tranco_benign_proxy,0,0.18270723955288998,0
phishtank,1,0.9999830864320385,1
tranco_benign_proxy,0,0.03386554791687851,0
tranco_benign_proxy,0,0.3521151457232248,0
phishtank,1,0.8900217956758044,1
phishtank,1,0.987988207453899,1
phishtank,1,0.9970013642554747,1
phishtank,1,0.999969724605712,1
tranco_benign_proxy,0,0.2896018992393005,0
tranco_benign_proxy,0,0.08875877370460654,0
phishtank,1,0.7604624480774368,1
tranco_benign_proxy,0,0.7637155352009254,1
phishtank,1,0.9988294516950234,1
phishtank,1,0.08453925188202072,0
tranco_benign_proxy,0,0.11672763041365374,0
tranco_benign_proxy,0,0.37252435647379756,0
tranco_benign_proxy,0,0.6543249800722771,0
tranco_benign_proxy,0,0.9700234895494909,1
phishtank,1,0.9230392700143348,1
tranco_benign_proxy,0,0.07217374607085311,0
tranco_benign_proxy,0,0.38841268890771774,0
tranco_benign_proxy,0,0.18105482257942987,0
phishtank,1,0.4267204626971304,0
tranco_benign_proxy,0,0.007034511001563531,0
tranco_benign_proxy,0,0.23289261586742943,0
tranco_benign_proxy,0,0.2598511200511151,0
phishtank,1,0.9885070766046854,1
tranco_benign_proxy,0,0.30669596726483406,0
tranco_benign_proxy,0,0.35624854014341933,0
phishtank,1,0.9720904134447135,1
tranco_benign_proxy,0,0.0839363255289035,0
phishtank,1,0.9967273204960289,1
tranco_benign_proxy,0,0.29443573947781354,0
phishtank,1,0.9997490591727225,1
tranco_benign_proxy,0,0.027095008805980557,0
tranco_benign_proxy,0,0.48823818841454875,0
tranco_benign_proxy,0,0.18117820755939618,0
tranco_benign_proxy,0,0.2769521489146474,0
tranco_benign_proxy,0,0.07699886584884638,0
tranco_benign_proxy,0,0.31066268559377525,0
tranco_benign_proxy,0,0.006403146309296425,0
tranco_benign_proxy,0,0.053601102274883294,0
tranco_benign_proxy,0,0.996996008851395,1
tranco_benign_proxy,0,0.21726945420068905,0
phishtank,1,0.9999507264007251,1
phishtank,1,0.9772242905502928,1
phishtank,1,0.9996260335988983,1
phishtank,1,0.9668455539038631,1
phishtank,1,0.48144588297854524,0
phishtank,1,0.9969230205592011,1
phishtank,1,0.9799837405405284,1
tranco_benign_proxy,0,0.5047220247516516,0
tranco_benign_proxy,0,0.9880976054304265,1
phishtank,1,0.9998359251896407,1
tranco_benign_proxy,0,0.18818823365331164,0
phishtank,1,0.9943801889402494,1
phishtank,1,0.9964037796286079,1
phishtank,1,0.962791516560404,1
tranco_benign_proxy,0,0.11863867485384742,0
phishtank,1,0.9982126640341774,1
phishtank,1,0.9760239070454272,1
phishtank,1,0.9999440017932433,1
phishtank,1,0.13561449109413945,0
tranco_benign_proxy,0,0.015450991235348243,0
tranco_benign_proxy,0,0.17211795601420093,0
tranco_benign_proxy,0,0.5218162410305072,0
tranco_benign_proxy,0,0.4273876289422622,0
phishtank,1,0.3562207659084406,0
phishtank,1,0.9620124069683,1
phishtank,1,0.9896739147307763,1
phishtank,1,0.9999733257103715,1
tranco_benign_proxy,0,0.9280476035059549,1
tranco_benign_proxy,0,0.12987150294651376,0
tranco_benign_proxy,0,0.13769975847483443,0
phishtank,1,0.9999430726560751,1
phishtank,1,0.9897482859004934,1
phishtank,1,0.9391043667425599,1
phishtank,1,0.9900355653235976,1
tranco_benign_proxy,0,0.5362452850064715,0
tranco_benign_proxy,0,0.30519976322361453,0
tranco_benign_proxy,0,0.2648569805120672,0
tranco_benign_proxy,0,0.3341952303291714,0
tranco_benign_proxy,0,0.3034163698593051,0
phishtank,1,0.9713644911597988,1
tranco_benign_proxy,0,0.28517400146763805,0
phishtank,1,0.980882401368365,1
phishtank,1,0.9851368977165282,1
phishtank,1,0.21999262765658745,0
tranco_benign_proxy,0,0.029527322297476323,0
phishtank,1,0.9894608285508053,1
tranco_benign_proxy,0,0.04780371433305057,0
tranco_benign_proxy,0,0.10045287903881688,0
tranco_benign_proxy,0,0.70655570130975,1
tranco_benign_proxy,0,0.38408194159480674,0
phishtank,1,0.9979350153304123,1
phishtank,1,0.986855536223907,1
phishtank,1,0.9498059712529995,1
tranco_benign_proxy,0,0.11353874553305542,0
tranco_benign_proxy,0,0.07548777843798289,0
tranco_benign_proxy,0,0.008234152129379224,0
phishtank,1,0.9491615736175704,1
phishtank,1,0.17660077395697255,0
phishtank,1,0.9997159560917882,1
phishtank,1,0.9997960758951601,1
tranco_benign_proxy,0,0.034110030018759056,0
tranco_benign_proxy,0,0.23274059076297596,0
tranco_benign_proxy,0,0.13375491205426243,0
tranco_benign_proxy,0,0.3540903832837819,0
tranco_benign_proxy,0,0.3003824553359064,0
phishtank,1,0.5619015177160892,0
tranco_benign_proxy,0,0.17447101332376072,0
tranco_benign_proxy,0,0.173986276530348,0
phishtank,1,0.045201906556764246,0
tranco_benign_proxy,0,0.24685108831223615,0
tranco_benign_proxy,0,0.6009448322371415,0
phishtank,1,0.9999872969157234,1
tranco_benign_proxy,0,0.9305138272944513,1
phishtank,1,0.9891670691596288,1
tranco_benign_proxy,0,0.18698165010523657,0
tranco_benign_proxy,0,0.7178094843626327,1
phishtank,1,0.9984252692854806,1
tranco_benign_proxy,0,0.3362513493493764,0
tranco_benign_proxy,0,0.34135995512451456,0
phishtank,1,0.9962794785974064,1
phishtank,1,0.9999900038138949,1
phishtank,1,0.9927681425540987,1
phishtank,1,0.9998524770975042,1
phishtank,1,0.9925486727205111,1
phishtank,1,0.9965343441790251,1
tranco_benign_proxy,0,0.2815115714793899,0
phishtank,1,0.9973707076487993,1
tranco_benign_proxy,0,0.06163345773483455,0
tranco_benign_proxy,0,0.15833850201318506,0
phishtank,1,0.9972177714730521,1
tranco_benign_proxy,0,0.40280761191319203,0
phishtank,1,0.999683013184145,1
phishtank,1,0.9980659421669617,1
phishtank,1,0.9990589800334118,1
tranco_benign_proxy,0,0.7529166020564169,1
tranco_benign_proxy,0,0.24874241136290365,0
tranco_benign_proxy,0,0.22496719213937716,0
phishtank,1,0.9051249621682705,1
phishtank,1,0.9280382142343843,1
phishtank,1,0.761505768847961,1
tranco_benign_proxy,0,0.01996669900483801,0
tranco_benign_proxy,0,0.23290655721373102,0
tranco_benign_proxy,0,0.04267299055461691,0
tranco_benign_proxy,0,0.20103187371540301,0
phishtank,1,0.9993192931059672,1
phishtank,1,0.998813854823799,1
phishtank,1,0.9404703536259217,1
phishtank,1,0.9960405332548004,1
tranco_benign_proxy,0,0.3908109427054943,0
tranco_benign_proxy,0,0.04534529962175589,0
tranco_benign_proxy,0,0.3117043520273291,0
phishtank,1,0.9999530537405523,1
tranco_benign_proxy,0,0.06510098667767819,0
phishtank,1,0.9697432204002436,1
phishtank,1,0.993586653573707,1
tranco_benign_proxy,0,0.4200389612941755,0
phishtank,1,0.9888449154692931,1
phishtank,1,0.8761339217162382,1
phishtank,1,0.9965934229628188,1
tranco_benign_proxy,0,0.8762351051373437,1
tranco_benign_proxy,0,0.21101195443237927,0
phishtank,1,0.9523471059396593,1
tranco_benign_proxy,0,0.06392452780983778,0
tranco_benign_proxy,0,0.12153295359608365,0
phishtank,1,0.30897127886355386,0
tranco_benign_proxy,0,0.663143897830053,0
tranco_benign_proxy,0,0.04206408026831634,0
phishtank,1,0.998799703470067,1
tranco_benign_proxy,0,0.049782074261193326,0
phishtank,1,0.9944808390817562,1
phishtank,1,0.9968269408288205,1
phishtank,1,0.9991944422053343,1
phishtank,1,0.9999732702568114,1
tranco_benign_proxy,0,0.15838739760083012,0
tranco_benign_proxy,0,0.9008501398945707,1
tranco_benign_proxy,0,0.17992177684318064,0
phishtank,1,0.9687874567037854,1
phishtank,1,0.871467435405322,1
tranco_benign_proxy,0,0.7371251935783274,1
tranco_benign_proxy,0,0.014890472046618359,0
tranco_benign_proxy,0,0.15540605187960244,0
phishtank,1,0.8482107406165474,1
tranco_benign_proxy,0,0.24941181201231377,0
tranco_benign_proxy,0,0.12567883626162316,0
tranco_benign_proxy,0,0.26480661660528176,0
tranco_benign_proxy,0,0.47420892027491474,0
tranco_benign_proxy,0,0.1698254528877255,0
tranco_benign_proxy,0,0.948787472486555,1
phishtank,1,0.9987969226132926,1
tranco_benign_proxy,0,0.1347811943973451,0
tranco_benign_proxy,0,0.9968657979505907,1
tranco_benign_proxy,0,0.11529216628020919,0
phishtank,1,0.8010793611721834,1
phishtank,1,0.999135942518161,1
phishtank,1,0.9988687537761629,1
tranco_benign_proxy,0,0.053968568379976455,0
tranco_benign_proxy,0,0.11622481681793946,0
phishtank,1,0.9969434877778373,1
phishtank,1,0.9775225925918936,1
phishtank,1,0.8021727427153286,1
phishtank,1,0.9838640745512682,1
phishtank,1,0.997924106109929,1
phishtank,1,0.9995361904004919,1
phishtank,1,0.9998640457974466,1
tranco_benign_proxy,0,0.10942682395526464,0
tranco_benign_proxy,0,0.05578361497066715,0
phishtank,1,0.9823769517476324,1
tranco_benign_proxy,0,0.08502831884968717,0
tranco_benign_proxy,0,0.3086274233403136,0
phishtank,1,0.9593832632442398,1
phishtank,1,0.943354187755901,1
phishtank,1,0.9137630099988558,1
phishtank,1,0.99776959562427,1
phishtank,1,0.9994521950931677,1
tranco_benign_proxy,0,0.039414698792698995,0
tranco_benign_proxy,0,0.07893655708478949,0
tranco_benign_proxy,0,0.1614274487791505,0
phishtank,1,0.9696794616178075,1
phishtank,1,0.9999963810562714,1
phishtank,1,0.9990018398516738,1
phishtank,1,0.9947524414717583,1
phishtank,1,0.9203771678016769,1
phishtank,1,0.9743840845915186,1
tranco_benign_proxy,0,0.21465106344874155,0
tranco_benign_proxy,0,0.04587168441691361,0
phishtank,1,0.9950512656357589,1
phishtank,1,0.9992625695139427,1
tranco_benign_proxy,0,0.22350765327451136,0
tranco_benign_proxy,0,0.06959287440497114,0
tranco_benign_proxy,0,0.42313419632723037,0
tranco_benign_proxy,0,0.7298792744054072,1
tranco_benign_proxy,0,0.26878119468183215,0
tranco_benign_proxy,0,0.013203302387026432,0
phishtank,1,0.9901931682597768,1
tranco_benign_proxy,0,0.9914195877179398,1
phishtank,1,0.9899093945284408,1
tranco_benign_proxy,0,0.035562137460471654,0
tranco_benign_proxy,0,0.06363086054622447,0
tranco_benign_proxy,0,0.41703774672167576,0
tranco_benign_proxy,0,0.17231209909688047,0
tranco_benign_proxy,0,0.9853272082174279,1
phishtank,1,0.9991297771211161,1
tranco_benign_proxy,0,0.855763292439919,1
phishtank,1,0.9999962163461895,1
tranco_benign_proxy,0,0.11537230712801134,0
phishtank,1,0.9964077619839519,1
phishtank,1,0.9993707448251824,1
tranco_benign_proxy,0,0.20905589322126106,0
tranco_benign_proxy,0,0.4745169404656348,0
tranco_benign_proxy,0,0.5935815832538578,0
tranco_benign_proxy,0,0.42784419105361865,0
tranco_benign_proxy,0,0.07079975655387762,0
phishtank,1,0.9732843427226003,1
phishtank,1,0.999860619177366,1
tranco_benign_proxy,0,0.44044397994699025,0
tranco_benign_proxy,0,0.9139701400269479,1
phishtank,1,0.9940879792117813,1
tranco_benign_proxy,0,0.2389351520061508,0
phishtank,1,0.9972743110450176,1
phishtank,1,0.18662599777830866,0
tranco_benign_proxy,0,0.6687377320613802,0
tranco_benign_proxy,0,0.05309262241053243,0
phishtank,1,0.91684521173419,1
phishtank,1,0.7405158022423343,1
tranco_benign_proxy,0,0.044077460650863876,0
tranco_benign_proxy,0,0.38643272265487344,0
tranco_benign_proxy,0,0.025271070497795114,0
tranco_benign_proxy,0,0.2498926045110584,0
phishtank,1,0.988442067066286,1
tranco_benign_proxy,0,0.28421463796069685,0
phishtank,1,0.5411805704664708,0
phishtank,1,0.9986281569274104,1
phishtank,1,0.9977461440937845,1
tranco_benign_proxy,0,0.7162446624699511,1
phishtank,1,0.9971238880382326,1
tranco_benign_proxy,0,0.800165716972092,1
phishtank,1,0.7223356629956719,1
tranco_benign_proxy,0,0.37011917124597205,0
tranco_benign_proxy,0,0.5834063444390272,0
tranco_benign_proxy,0,0.1093132549503442,0
phishtank,1,0.9714960941976564,1
phishtank,1,0.9989332569058139,1
tranco_benign_proxy,0,0.0033791828843357827,0
phishtank,1,0.9998875474155006,1
tranco_benign_proxy,0,0.057949327540564526,0
phishtank,1,0.9991918809906545,1
tranco_benign_proxy,0,0.34584722538136975,0
tranco_benign_proxy,0,0.9555896605561464,1
phishtank,1,0.9991331126834784,1
phishtank,1,0.9972979764800086,1
tranco_benign_proxy,0,0.46531109665503884,0
tranco_benign_proxy,0,0.11146054599803225,0
tranco_benign_proxy,0,0.029339889394715064,0
phishtank,1,0.9998614327021013,1
phishtank,1,0.9853704999622032,1
phishtank,1,0.9994217464525237,1
phishtank,1,0.9648852962738621,1
phishtank,1,0.9517725246307988,1
phishtank,1,0.9757067302425426,1
tranco_benign_proxy,0,0.44341300720462207,0
phishtank,1,0.89062100870576,1
phishtank,1,0.9522642710698538,1
tranco_benign_proxy,0,0.3453513845793314,0
tranco_benign_proxy,0,0.12959189432226534,0
phishtank,1,0.9996062560896553,1
phishtank,1,0.9997248750933546,1
tranco_benign_proxy,0,0.04709331198370488,0
tranco_benign_proxy,0,0.04594566074226732,0
phishtank,1,0.996410702275386,1
phishtank,1,0.9997057480216529,1
phishtank,1,0.9616240415163211,1
phishtank,1,0.9978669132877575,1
phishtank,1,0.9767808385439172,1
tranco_benign_proxy,0,0.3266994933282903,0
tranco_benign_proxy,0,0.9294232697310234,1
phishtank,1,0.9997948417197777,1
phishtank,1,0.2708643858259603,0
tranco_benign_proxy,0,0.8228856521681558,1
tranco_benign_proxy,0,0.417353879373302,0
tranco_benign_proxy,0,0.1114005307765288,0
tranco_benign_proxy,0,0.04131341660016001,0
tranco_benign_proxy,0,0.46065171750211625,0
phishtank,1,0.999954360876115,1
phishtank,1,0.935346601546509,1
phishtank,1,0.528329480455972,0
tranco_benign_proxy,0,0.7541352209599418,1
phishtank,1,0.9969224747679146,1
phishtank,1,0.9997696266179582,1
phishtank,1,0.9967590798458466,1
phishtank,1,0.9976193220847015,1
tranco_benign_proxy,0,0.45979201281576526,0
tranco_benign_proxy,0,0.7941600960971429,1
tranco_benign_proxy,0,0.2704239834451965,0
tranco_benign_proxy,0,0.1671541349694383,0
phishtank,1,0.9981180732508164,1
tranco_benign_proxy,0,0.04185041659204793,0
phishtank,1,0.9971043410699345,1
phishtank,1,0.9862114122488214,1
phishtank,1,0.9997425424137163,1
phishtank,1,0.9639044645814943,1
tranco_benign_proxy,0,0.9381689203846098,1
phishtank,1,0.9891751300634261,1
phishtank,1,0.8010042504002264,1
phishtank,1,0.9973307928485066,1
tranco_benign_proxy,0,0.3614326969611018,0
phishtank,1,0.9929702982569153,1
phishtank,1,0.9980153008920811,1
phishtank,1,0.9832786426681672,1
phishtank,1,0.9988538639547423,1
tranco_benign_proxy,0,0.49631953748708973,0
tranco_benign_proxy,0,0.6008368405411292,0
tranco_benign_proxy,0,0.6556203523030713,0
tranco_benign_proxy,0,0.06199610151254278,0
tranco_benign_proxy,0,0.09094870816834247,0
phishtank,1,0.9170409511465553,1
phishtank,1,0.9932500432109321,1
phishtank,1,0.9940810277804771,1
phishtank,1,0.9512160387869589,1
phishtank,1,0.9978704985664527,1
tranco_benign_proxy,0,0.15229755268420436,0
phishtank,1,0.9960535685228323,1
phishtank,1,0.8650857670981591,1
phishtank,1,0.717016123302053,1
phishtank,1,0.8301246071377697,1
phishtank,1,0.9961050517352624,1
phishtank,1,0.9975303480338458,1
phishtank,1,0.994570346617507,1
tranco_benign_proxy,0,0.9778749798211152,1
tranco_benign_proxy,0,0.00746955153990684,0
phishtank,1,0.9979570458964804,1
phishtank,1,0.9536067959086688,1
phishtank,1,0.9901068193921585,1
tranco_benign_proxy,0,0.2145451405835087,0
tranco_benign_proxy,0,0.34633187990052294,0
phishtank,1,0.9960002707848498,1
tranco_benign_proxy,0,0.2788463048332001,0
tranco_benign_proxy,0,0.4741274254916877,0
phishtank,1,0.927255319795383,1
phishtank,1,0.9998745975013273,1
phishtank,1,0.9847981968540193,1
phishtank,1,0.9975047962544118,1
phishtank,1,0.9175335062337238,1
phishtank,1,0.8652938255757254,1
tranco_benign_proxy,0,0.8307373510458459,1
phishtank,1,0.9999642818941435,1
phishtank,1,0.9913338447189926,1
phishtank,1,0.9912167937804724,1
tranco_benign_proxy,0,0.02484889242935125,0
phishtank,1,0.9968038566596873,1
phishtank,1,0.8982139813667178,1
phishtank,1,0.9404941922841317,1
tranco_benign_proxy,0,0.30643463385247677,0
tranco_benign_proxy,0,0.6724948862150024,0
tranco_benign_proxy,0,0.13208795578434118,0
phishtank,1,0.9994351999336536,1
tranco_benign_proxy,0,0.2791554157820019,0
phishtank,1,0.9995643358059727,1
phishtank,1,0.9200470767721397,1
tranco_benign_proxy,0,0.16598586605054438,0
phishtank,1,0.976882863871319,1
tranco_benign_proxy,0,0.25077125447287596,0
phishtank,1,0.9997928906347839,1
phishtank,1,0.9980232164381874,1
tranco_benign_proxy,0,0.4576044886263186,0
tranco_benign_proxy,0,0.10237968078485728,0
tranco_benign_proxy,0,0.9572598692712931,1
tranco_benign_proxy,0,0.42027270800653,0
phishtank,1,0.9424028939429817,1
tranco_benign_proxy,0,0.039850714850309214,0
phishtank,1,0.9733073041387452,1
phishtank,1,0.9986255513140274,1
phishtank,1,0.9986613350292928,1
phishtank,1,0.9992272676156848,1
tranco_benign_proxy,0,0.47947362933277504,0
phishtank,1,0.9911904188261293,1
phishtank,1,0.9999362678113625,1
tranco_benign_proxy,0,0.1724840490422208,0
tranco_benign_proxy,0,0.288810969655793,0
phishtank,1,0.9995825934203255,1
phishtank,1,0.9956993551250177,1
tranco_benign_proxy,0,0.28094967155873757,0
tranco_benign_proxy,0,0.2328994675676796,0
tranco_benign_proxy,0,0.3958725438251265,0
phishtank,1,0.9985010351830238,1
tranco_benign_proxy,0,0.032306563301518765,0
tranco_benign_proxy,0,0.4989986076889499,0
phishtank,1,0.9909820591609927,1
phishtank,1,0.990397912293279,1
tranco_benign_proxy,0,0.23366294046106365,0
tranco_benign_proxy,0,0.5289553705951996,0
phishtank,1,0.5898441009343561,0
phishtank,1,0.9963928649781022,1
phishtank,1,0.9996524655072354,1
phishtank,1,0.9418793854298035,1
tranco_benign_proxy,0,0.6008061291213921,0
tranco_benign_proxy,0,0.8181233008584103,1
phishtank,1,0.9984376033919874,1
tranco_benign_proxy,0,0.1634336403975197,0
phishtank,1,0.8808670232513905,1
phishtank,1,0.9980938730399153,1
tranco_benign_proxy,0,0.22714444725318841,0
tranco_benign_proxy,0,0.05553740260263045,0
phishtank,1,0.9992190842086859,1
tranco_benign_proxy,0,0.7608831273459128,1
phishtank,1,0.9629031995331067,1
phishtank,1,0.9606550595504814,1
phishtank,1,0.2434803417494993,0
tranco_benign_proxy,0,0.05699417475484041,0
tranco_benign_proxy,0,0.17904038863949562,0
phishtank,1,0.6636333961708549,0
phishtank,1,0.9993208705884308,1
tranco_benign_proxy,0,0.0409297857360868,0
tranco_benign_proxy,0,0.1503688914615749,0
phishtank,1,0.9988219213186785,1
phishtank,1,0.9915683236920482,1
phishtank,1,0.7509962839839611,1
phishtank,1,0.9991215462796595,1
phishtank,1,0.9987850144263405,1
phishtank,1,0.9810801490205027,1
tranco_benign_proxy,0,0.322022119718057,0
tranco_benign_proxy,0,0.06368283744423175,0
phishtank,1,0.9982552921322733,1
tranco_benign_proxy,0,0.09939342985992629,0
tranco_benign_proxy,0,0.9870450005541415,1
tranco_benign_proxy,0,0.01817275482643345,0
phishtank,1,0.9893161713441719,1
tranco_benign_proxy,0,0.6829404114856722,0
tranco_benign_proxy,0,0.03452254533710622,0
phishtank,1,0.9906300111444254,1
tranco_benign_proxy,0,0.24526284445617333,0
tranco_benign_proxy,0,0.04645287851882149,0
tranco_benign_proxy,0,0.06116495801720078,0
tranco_benign_proxy,0,0.2316714170150334,0
phishtank,1,0.9995575911050701,1
phishtank,1,0.9981373431915507,1
tranco_benign_proxy,0,0.037503224424536276,0
tranco_benign_proxy,0,0.012308539143255923,0
tranco_benign_proxy,0,0.8239117448087852,1
phishtank,1,0.9913627011442897,1
tranco_benign_proxy,0,0.11168509488626834,0
tranco_benign_proxy,0,0.14789125557986116,0
phishtank,1,0.9346647044347932,1
tranco_benign_proxy,0,0.9429161342494717,1
tranco_benign_proxy,0,0.16152911157003683,0
phishtank,1,0.9690495859583181,1
tranco_benign_proxy,0,0.35908665302076626,0
phishtank,1,0.9755958159638932,1
phishtank,1,0.9037679026195555,1
phishtank,1,0.4580051832664961,0
tranco_benign_proxy,0,0.003922479716708411,0
tranco_benign_proxy,0,0.3843746834647618,0
phishtank,1,0.9938042878301496,1
phishtank,1,0.9999565880513182,1
tranco_benign_proxy,0,0.23264246256901824,0
phishtank,1,0.9971157369013248,1
tranco_benign_proxy,0,0.430253366862693,0
phishtank,1,0.989492754933924,1
phishtank,1,0.9999927206576302,1
tranco_benign_proxy,0,0.2211796146382323,0
phishtank,1,0.9350962312147095,1
tranco_benign_proxy,0,0.02912389288024825,0
tranco_benign_proxy,0,0.007710766604859813,0
phishtank,1,0.7890405242668634,1
tranco_benign_proxy,0,0.41896685358716623,0
phishtank,1,0.9924422459626006,1
phishtank,1,0.9278344308118388,1
tranco_benign_proxy,0,0.44590441006777365,0
tranco_benign_proxy,0,0.4490868066370582,0
tranco_benign_proxy,0,0.8727716023183061,1
phishtank,1,0.9829112184445008,1
tranco_benign_proxy,0,0.4769964770101155,0
tranco_benign_proxy,0,0.11409813845553006,0
tranco_benign_proxy,0,0.033409483162294334,0
phishtank,1,0.9914830149910738,1
phishtank,1,0.995730567879158,1
phishtank,1,0.9985077805107033,1
tranco_benign_proxy,0,0.9767830129195807,1
tranco_benign_proxy,0,0.14693024452790393,0
phishtank,1,0.9905789405800498,1
tranco_benign_proxy,0,0.11504413165663707,0
phishtank,1,0.9387744964397133,1
tranco_benign_proxy,0,0.503565754216723,0
phishtank,1,0.9998934120246615,1
tranco_benign_proxy,0,0.004693696861225415,0
phishtank,1,0.9068646703636166,1
phishtank,1,0.9999806213099287,1
tranco_benign_proxy,0,0.1146055655735785,0
phishtank,1,0.7706341013663867,1
phishtank,1,0.9974998288200231,1
tranco_benign_proxy,0,0.5389405739291995,0
tranco_benign_proxy,0,0.23811815121418928,0
phishtank,1,0.971289629445684,1
tranco_benign_proxy,0,0.04391645764239011,0
tranco_benign_proxy,0,0.9691913053642801,1
tranco_benign_proxy,0,6.908502952964244e-05,0
tranco_benign_proxy,0,0.42447064055495043,0
phishtank,1,0.9813617161573922,1
tranco_benign_proxy,0,0.026391330963247295,0
tranco_benign_proxy,0,0.08694254875387987,0
tranco_benign_proxy,0,0.7219636378030713,1
tranco_benign_proxy,0,0.7314632808063717,1
tranco_benign_proxy,0,0.871544724372727,1
phishtank,1,0.9996041454479024,1
phishtank,1,0.9787448828561098,1
phishtank,1,0.9935738683542308,1
tranco_benign_proxy,0,0.24872888817819594,0
tranco_benign_proxy,0,0.6355332319391515,0
tranco_benign_proxy,0,0.7604705598453648,1
phishtank,1,0.9991190228767969,1
phishtank,1,0.9961568761497166,1
tranco_benign_proxy,0,0.5318308547304194,0
tranco_benign_proxy,0,0.969384534222274,1
tranco_benign_proxy,0,0.6073074039003307,0
tranco_benign_proxy,0,0.0024688053320401013,0
phishtank,1,0.9997917352698202,1
phishtank,1,0.9897176016533369,1
tranco_benign_proxy,0,0.546176190094669,0
phishtank,1,0.9939986629117384,1
phishtank,1,0.9688320898568301,1
phishtank,1,0.9868890012019643,1
tranco_benign_proxy,0,0.25787428901040466,0
phishtank,1,0.6410847196801551,0
phishtank,1,0.9553633123243387,1
tranco_benign_proxy,0,0.2598049560149138,0
tranco_benign_proxy,0,0.5860967212566829,0
tranco_benign_proxy,0,0.26054029871412737,0
tranco_benign_proxy,0,0.6899465522345801,0
tranco_benign_proxy,0,0.02913217741987597,0
phishtank,1,0.9773407507614273,1
phishtank,1,0.9828637614523567,1
tranco_benign_proxy,0,0.01271022808740362,0
phishtank,1,0.9839293356585008,1
tranco_benign_proxy,0,0.08079317701213094,0
phishtank,1,0.9938333980025915,1
phishtank,1,0.9937639616312711,1
phishtank,1,0.998690990370669,1
phishtank,1,0.9989598224595728,1
tranco_benign_proxy,0,0.03807461015383708,0
tranco_benign_proxy,0,0.9793459478581716,1
phishtank,1,0.9981697629718811,1
phishtank,1,0.947128840040886,1
tranco_benign_proxy,0,0.018085643760914837,0
tranco_benign_proxy,0,0.04672249310565239,0
tranco_benign_proxy,0,0.608623095926972,0
phishtank,1,0.9802991506596974,1
phishtank,1,0.8881550286161254,1
phishtank,1,0.9873561969147298,1
tranco_benign_proxy,0,0.27259568685125796,0
phishtank,1,0.8893841733324755,1
tranco_benign_proxy,0,0.21558701483140716,0
tranco_benign_proxy,0,0.2565042884372911,0
phishtank,1,0.9998543575096137,1
tranco_benign_proxy,0,0.3891610021216034,0
tranco_benign_proxy,0,0.34570028199265457,0
tranco_benign_proxy,0,0.6667064405194885,0
phishtank,1,0.9968866923595613,1
phishtank,1,0.991517707964653,1
tranco_benign_proxy,0,0.728145784218245,1
phishtank,1,0.8058321704681652,1
phishtank,1,0.9869973284009412,1
phishtank,1,0.9916504967226764,1
tranco_benign_proxy,0,0.2877538151753926,0
tranco_benign_proxy,0,0.04171626617458428,0
phishtank,1,0.0727666013998519,0
phishtank,1,0.9646988594845951,1
tranco_benign_proxy,0,0.17455245650595116,0
tranco_benign_proxy,0,0.009660046874240836,0
phishtank,1,0.9977358717126301,1
phishtank,1,0.9220214810822595,1
tranco_benign_proxy,0,0.11880730173621228,0
phishtank,1,0.9842422150578439,1
tranco_benign_proxy,0,0.122225062248656,0
phishtank,1,0.999843241811017,1
tranco_benign_proxy,0,0.022406969284884067,0
tranco_benign_proxy,0,0.8366285986435189,1
phishtank,1,0.8542440850907564,1
phishtank,1,0.9988005948850103,1
tranco_benign_proxy,0,0.5182691243114921,0
tranco_benign_proxy,0,0.9859468181543777,1
phishtank,1,0.9978445066050705,1
tranco_benign_proxy,0,0.20113552016381772,0
tranco_benign_proxy,0,0.009117131387000382,0
tranco_benign_proxy,0,0.08387491297286498,0
phishtank,1,0.9998230957321095,1
phishtank,1,0.04640140129304027,0
phishtank,1,0.9262058438401655,1
phishtank,1,0.9836329266274956,1
phishtank,1,0.9682566218302774,1
tranco_benign_proxy,0,0.349201391754016,0
tranco_benign_proxy,0,0.4721384747333442,0
phishtank,1,0.9952139465659412,1
tranco_benign_proxy,0,0.20558271706526582,0
tranco_benign_proxy,0,0.6815202731727206,0
tranco_benign_proxy,0,0.35164571126455596,0
phishtank,1,0.19922118251996515,0
phishtank,1,0.9005187932594327,1
phishtank,1,0.971735866779998,1
phishtank,1,0.99566174096026,1
tranco_benign_proxy,0,0.10239032096872214,0
phishtank,1,0.9706392531078656,1
tranco_benign_proxy,0,0.4123397210396502,0
phishtank,1,0.9822635123118579,1
tranco_benign_proxy,0,0.07423345076891438,0
tranco_benign_proxy,0,0.04624030443762842,0
tranco_benign_proxy,0,0.8892994096843271,1
tranco_benign_proxy,0,0.09627734754873563,0
phishtank,1,0.7496073103427019,1
phishtank,1,0.9613491256078529,1
tranco_benign_proxy,0,0.8678016645581375,1
phishtank,1,0.9980565794861652,1
phishtank,1,0.9895132660099024,1
tranco_benign_proxy,0,0.10199706768134052,0
tranco_benign_proxy,0,0.21665642276996774,0
tranco_benign_proxy,0,0.12722704842031024,0
phishtank,1,0.9999930951627801,1
phishtank,1,0.9991044461004321,1
phishtank,1,0.8178788547475877,1
phishtank,1,0.9998505213979266,1
phishtank,1,0.9987311516219005,1
phishtank,1,0.946075243882005,1
phishtank,1,0.9918332399125442,1
phishtank,1,0.8999033833690749,1
phishtank,1,0.9875392852172913,1
phishtank,1,0.9800960491889004,1
phishtank,1,0.9993232698492788,1
phishtank,1,0.9999622321667218,1
tranco_benign_proxy,0,0.08125564088334894,0
phishtank,1,0.9807047624120423,1
tranco_benign_proxy,0,0.0768184907475628,0
tranco_benign_proxy,0,0.24680218141382332,0
tranco_benign_proxy,0,0.15334662749657973,0
phishtank,1,0.9988869217180193,1
phishtank,1,0.9215770801585016,1
phishtank,1,0.9964605109906353,1
tranco_benign_proxy,0,0.0248773741341324,0
phishtank,1,0.9138204803444767,1
tranco_benign_proxy,0,0.4266768398465663,0
tranco_benign_proxy,0,0.3756303200382827,0
phishtank,1,0.9974159224623188,1
phishtank,1,0.9696582899997058,1
phishtank,1,0.9839853777612138,1
phishtank,1,0.7372793295050891,1
phishtank,1,0.99303139642542,1
tranco_benign_proxy,0,0.23286200055945633,0
tranco_benign_proxy,0,0.3308890773353126,0
phishtank,1,0.29467210914486175,0
phishtank,1,0.8418978539080549,1
phishtank,1,0.9221144729709007,1
phishtank,1,0.9599734590608734,1
phishtank,1,0.9966542195134162,1
phishtank,1,0.9660340861113208,1
tranco_benign_proxy,0,0.4764321883741945,0
tranco_benign_proxy,0,0.2663554690886562,0
phishtank,1,0.9969669762745733,1
tranco_benign_proxy,0,0.6898041588060728,0
tranco_benign_proxy,0,0.13768707924356827,0
tranco_benign_proxy,0,0.609871373392129,0
tranco_benign_proxy,0,0.37722945028944416,0
tranco_benign_proxy,0,0.10981757351310631,0
phishtank,1,0.8837010841341943,1
phishtank,1,0.027744409276225342,0
tranco_benign_proxy,0,0.08135442171198737,0
phishtank,1,0.7019005312602978,1
tranco_benign_proxy,0,0.020689488750575625,0
phishtank,1,0.9988289023267317,1
tranco_benign_proxy,0,0.29041279590662544,0
phishtank,1,0.9197925820352887,1
phishtank,1,0.8649986638767071,1
phishtank,1,0.9608435196273105,1
tranco_benign_proxy,0,0.6648703017426146,0
phishtank,1,0.9920327549211211,1
tranco_benign_proxy,0,0.26784865227949173,0
tranco_benign_proxy,0,0.2368894467119528,0
tranco_benign_proxy,0,0.9635377411888336,1
tranco_benign_proxy,0,0.15196391182963875,0
tranco_benign_proxy,0,0.08701271410158554,0
tranco_benign_proxy,0,0.5856513415876395,0
phishtank,1,0.9966942525489233,1
phishtank,1,0.9999682450404,1
tranco_benign_proxy,0,0.9050011149044292,1
tranco_benign_proxy,0,0.060957654440613004,0
tranco_benign_proxy,0,0.002458576487460864,0
tranco_benign_proxy,0,0.21927118559673353,0
tranco_benign_proxy,0,0.15440125103174254,0
phishtank,1,0.9944089548836966,1
tranco_benign_proxy,0,0.2567868589831645,0
tranco_benign_proxy,0,0.08395510685486021,0
tranco_benign_proxy,0,0.2581631789973235,0
tranco_benign_proxy,0,0.18797065497577997,0
tranco_benign_proxy,0,0.1275134914184059,0
tranco_benign_proxy,0,0.43286845456041234,0
phishtank,1,0.8015867128288725,1
phishtank,1,0.999024765531348,1
phishtank,1,0.999815943391841,1
phishtank,1,0.9972032081975815,1
phishtank,1,0.9549158602725277,1
phishtank,1,0.958993600855423,1
tranco_benign_proxy,0,0.08037999542755635,0
phishtank,1,0.9871303766166046,1
phishtank,1,0.9939096793448114,1
tranco_benign_proxy,0,0.13068191108851665,0
phishtank,1,0.9667662524039403,1
phishtank,1,0.9811856667641692,1
phishtank,1,0.9614932992545268,1
tranco_benign_proxy,0,0.16329857736567224,0
phishtank,1,0.9989678980615075,1
phishtank,1,0.9865710487391436,1
phishtank,1,0.9968847849060204,1
phishtank,1,0.9997729356648085,1
phishtank,1,0.9721665790320039,1
tranco_benign_proxy,0,0.6859048261041761,0
tranco_benign_proxy,0,0.9860578643788032,1
tranco_benign_proxy,0,0.271262836720339,0
phishtank,1,0.9779726530572378,1
tranco_benign_proxy,0,0.08158879906601273,0
phishtank,1,0.9590532502634112,1
phishtank,1,0.9946786836366174,1
phishtank,1,0.9978299481650105,1
tranco_benign_proxy,0,0.7375158402987553,1
phishtank,1,0.9992878105233458,1
tranco_benign_proxy,0,0.03445884613544242,0
phishtank,1,0.9967621790944886,1
phishtank,1,0.9283944997803006,1
phishtank,1,0.9993044798108376,1
phishtank,1,0.9906116052606538,1
phishtank,1,0.9975876000575817,1
tranco_benign_proxy,0,0.30808518485774516,0
phishtank,1,0.9997918025067648,1
phishtank,1,0.9987807332253705,1
tranco_benign_proxy,0,0.5786812323702134,0
phishtank,1,0.9984889139923243,1
tranco_benign_proxy,0,0.2362635542655235,0
phishtank,1,0.999938028618349,1
tranco_benign_proxy,0,0.06788839425305486,0
tranco_benign_proxy,0,0.8337953644176544,1
phishtank,1,0.9938174496694948,1
tranco_benign_proxy,0,0.059904839586760475,0
tranco_benign_proxy,0,0.2324969752372657,0
phishtank,1,0.9956377324140602,1
tranco_benign_proxy,0,0.09145721966302188,0
phishtank,1,0.9688582341562857,1
tranco_benign_proxy,0,0.539192056768201,0
tranco_benign_proxy,0,0.04529808811401647,0
tranco_benign_proxy,0,0.7375058734074845,1
phishtank,1,0.9999583550954853,1
phishtank,1,0.9997486436119116,1
tranco_benign_proxy,0,0.13687264872514654,0
phishtank,1,0.995712832594054,1
tranco_benign_proxy,0,0.09228526337346478,0
phishtank,1,0.9915170734428733,1
tranco_benign_proxy,0,0.5628984194459155,0
phishtank,1,0.9729834413848446,1
phishtank,1,0.7989951084500451,1
tranco_benign_proxy,0,0.23887307298970728,0
phishtank,1,0.9996741991623782,1
tranco_benign_proxy,0,0.1280974213085649,0
tranco_benign_proxy,0,0.09429694486078097,0
tranco_benign_proxy,0,0.7185036693967627,1
phishtank,1,0.9999762476867904,1
phishtank,1,0.9872523975633336,1
tranco_benign_proxy,0,0.09296110832396422,0
tranco_benign_proxy,0,0.8899754470132467,1
phishtank,1,0.9999909548926239,1
tranco_benign_proxy,0,0.4740596747232995,0
phishtank,1,0.9999100405142002,1
phishtank,1,0.9987435040892633,1
tranco_benign_proxy,0,0.9415610178599901,1
phishtank,1,0.9906008355458495,1
phishtank,1,0.9652389489875213,1
tranco_benign_proxy,0,0.0054594726012520325,0
tranco_benign_proxy,0,0.1201695633530871,0
phishtank,1,0.9833166227177621,1
phishtank,1,0.9993083139349984,1
tranco_benign_proxy,0,0.9770415329720021,1
tranco_benign_proxy,0,0.8658873576489655,1
tranco_benign_proxy,0,0.1268846028959574,0
tranco_benign_proxy,0,0.3435180648514516,0
phishtank,1,0.9982053946328272,1
tranco_benign_proxy,0,0.9560275248342037,1
phishtank,1,0.9912011809209177,1
phishtank,1,0.997906826695149,1
tranco_benign_proxy,0,0.04690255703094987,0
phishtank,1,0.9477618960689858,1
phishtank,1,0.22043213588015864,0
phishtank,1,0.9993052257853708,1
tranco_benign_proxy,0,0.4732717916499306,0
phishtank,1,0.9770233505871044,1
phishtank,1,0.969866822792716,1
phishtank,1,0.9960151537817404,1
phishtank,1,0.9597591188128738,1
tranco_benign_proxy,0,0.008350124411279749,0
phishtank,1,0.9999780323233879,1
phishtank,1,0.9789025164778853,1
phishtank,1,0.9998723712434082,1
phishtank,1,0.9803674941546804,1
tranco_benign_proxy,0,0.5228892454453077,0
phishtank,1,0.9996738302300217,1
phishtank,1,0.9673934566879877,1
phishtank,1,0.9990991459727501,1
tranco_benign_proxy,0,0.8011263432565937,1
tranco_benign_proxy,0,0.5649946516956367,0
tranco_benign_proxy,0,0.06871866903056761,0
tranco_benign_proxy,0,0.31848366469696365,0
phishtank,1,0.9939065223623595,1
tranco_benign_proxy,0,0.9782585556930595,1
tranco_benign_proxy,0,0.42893628393805394,0
tranco_benign_proxy,0,0.060472976712948844,0
phishtank,1,0.996424822163534,1
tranco_benign_proxy,0,0.12156549739502898,0
tranco_benign_proxy,0,0.11968100393607954,0
tranco_benign_proxy,0,0.6158007012952275,0
tranco_benign_proxy,0,0.6216533194830031,0
phishtank,1,0.9999270780275542,1
tranco_benign_proxy,0,0.8547123303323078,1
phishtank,1,0.42905107518506297,0
tranco_benign_proxy,0,0.06991570859277077,0
phishtank,1,0.9860963848081452,1
phishtank,1,0.9963784202493263,1
tranco_benign_proxy,0,0.5217628217961667,0
tranco_benign_proxy,0,0.17773461261219264,0
tranco_benign_proxy,0,0.10610343282503268,0
phishtank,1,0.9863490307867482,1
phishtank,1,0.995160345012471,1
phishtank,1,0.9880377301842348,1
tranco_benign_proxy,0,0.0635152619322985,0
tranco_benign_proxy,0,0.9035760828219317,1
phishtank,1,0.9784318704121271,1
phishtank,1,0.9873657429119351,1
phishtank,1,0.9872804647769464,1
tranco_benign_proxy,0,0.930792722347882,1
tranco_benign_proxy,0,0.9803167645786139,1
phishtank,1,0.9988664156191902,1
phishtank,1,0.9897920195854778,1
tranco_benign_proxy,0,0.24460022483085522,0
tranco_benign_proxy,0,0.17588501100019255,0
tranco_benign_proxy,0,0.18768954987807276,0
phishtank,1,0.9965653634716278,1
tranco_benign_proxy,0,0.665211572245674,0
phishtank,1,0.9979383268411626,1
tranco_benign_proxy,0,0.08481329517265333,0
tranco_benign_proxy,0,0.005501219264404419,0
phishtank,1,0.9997652854517065,1
tranco_benign_proxy,0,0.9726407770556449,1
phishtank,1,0.9999300776633739,1
phishtank,1,0.9832008038521525,1
tranco_benign_proxy,0,0.23451670249105655,0
phishtank,1,0.9995171644387287,1
phishtank,1,0.945988380712046,1
tranco_benign_proxy,0,0.2693541447264575,0
tranco_benign_proxy,0,0.8203709191499127,1
phishtank,1,0.9978705909748606,1
phishtank,1,0.9996500834297246,1
phishtank,1,0.4363340810104597,0
tranco_benign_proxy,0,0.7395829925356094,1
tranco_benign_proxy,0,0.8143484898977779,1
tranco_benign_proxy,0,0.7039213725508294,1
tranco_benign_proxy,0,0.10075400041219215,0
tranco_benign_proxy,0,0.41576635198012996,0
phishtank,1,0.9924776954734486,1
phishtank,1,0.9902941780528303,1
phishtank,1,0.7989972812154849,1
phishtank,1,0.9784215629311033,1
tranco_benign_proxy,0,0.018953131359985668,0
tranco_benign_proxy,0,0.995713208236359,1
tranco_benign_proxy,0,0.05459385720617627,0
phishtank,1,0.9884816178412476,1
phishtank,1,0.9741221649856162,1
phishtank,1,0.9792175070209467,1
phishtank,1,0.9999735248958348,1
tranco_benign_proxy,0,0.5697933572236074,0
tranco_benign_proxy,0,0.23711121597129162,0
phishtank,1,0.9861370687349114,1
phishtank,1,0.9935965293428496,1
tranco_benign_proxy,0,0.3044302647869369,0
phishtank,1,0.9997731293335371,1
phishtank,1,0.9933706088209447,1
tranco_benign_proxy,0,0.32317893607534354,0
phishtank,1,0.9839443464565079,1
phishtank,1,0.45586521312138667,0
tranco_benign_proxy,0,0.9135914996911897,1
phishtank,1,0.9999880962786335,1
tranco_benign_proxy,0,0.8189788703665946,1
phishtank,1,0.9877137587616567,1
tranco_benign_proxy,0,0.047296922944892766,0
phishtank,1,0.9980264218377386,1
tranco_benign_proxy,0,0.1459772035355371,0
phishtank,1,0.9947565015471473,1
tranco_benign_proxy,0,0.0016352929624134484,0
tranco_benign_proxy,0,0.05740825493863883,0
tranco_benign_proxy,0,0.07314492568518788,0
phishtank,1,0.9941321482449164,1
phishtank,1,0.9967711078954081,1
tranco_benign_proxy,0,0.137129867183943,0
phishtank,1,0.8239598407041068,1
tranco_benign_proxy,0,0.0431859825507982,0
phishtank,1,0.9805785354547801,1
tranco_benign_proxy,0,0.09321063037373385,0
phishtank,1,0.9999350168138496,1
tranco_benign_proxy,0,0.49941629015947064,0
tranco_benign_proxy,0,0.14586387343580393,0
tranco_benign_proxy,0,0.1298140228906187,0
tranco_benign_proxy,0,0.3648635900129801,0
tranco_benign_proxy,0,0.0636801693007829,0
phishtank,1,0.9872829345276328,1
tranco_benign_proxy,0,0.042719344233239295,0
tranco_benign_proxy,0,0.166328217722128,0
phishtank,1,0.9794516614627824,1
phishtank,1,0.9633312680745255,1
phishtank,1,0.9786515009212136,1
tranco_benign_proxy,0,0.19415547530795885,0
tranco_benign_proxy,0,0.2900347667160031,0
phishtank,1,0.9831382741479908,1
tranco_benign_proxy,0,0.6856277591526435,0
tranco_benign_proxy,0,0.6900259723757253,0
tranco_benign_proxy,0,0.18150022367678112,0
tranco_benign_proxy,0,0.5853296253540055,0
phishtank,1,0.9925866207387001,1
phishtank,1,0.08562175769807859,0
tranco_benign_proxy,0,0.7170882585572738,1
phishtank,1,0.9833549861477283,1
phishtank,1,0.9883805979053801,1
tranco_benign_proxy,0,0.45558725153192436,0
tranco_benign_proxy,0,0.017053296846724676,0
tranco_benign_proxy,0,0.25044492683678404,0
tranco_benign_proxy,0,0.77452327789391,1
phishtank,1,0.9703800694063448,1
tranco_benign_proxy,0,0.06338890473512625,0
phishtank,1,0.9849243914748437,1
phishtank,1,0.10611596399946789,0
tranco_benign_proxy,0,0.10238114129168754,0
phishtank,1,0.9786278946540028,1
tranco_benign_proxy,0,0.44542483871229577,0
tranco_benign_proxy,0,0.6849064773229473,0
tranco_benign_proxy,0,0.02304137837445249,0
tranco_benign_proxy,0,0.20035013213516722,0
tranco_benign_proxy,0,0.7939648414254213,1
phishtank,1,0.8362843524495672,1
tranco_benign_proxy,0,0.06125247984672956,0
tranco_benign_proxy,0,0.0645445056431632,0
phishtank,1,0.9632129090852043,1
phishtank,1,0.9993788455423199,1
tranco_benign_proxy,0,0.26666780366935466,0
tranco_benign_proxy,0,0.0016713158104176495,0
phishtank,1,0.9999391165113563,1
tranco_benign_proxy,0,0.7310397308431968,1
phishtank,1,0.9615554851183807,1
phishtank,1,0.9989564133362681,1
tranco_benign_proxy,0,0.18485944898461024,0
tranco_benign_proxy,0,0.06979396181315377,0
phishtank,1,0.9928069050482398,1
phishtank,1,0.9635408654657572,1
phishtank,1,0.9933590564206815,1
tranco_benign_proxy,0,0.9795794675390503,1
phishtank,1,0.9143382180823179,1
tranco_benign_proxy,0,0.023653912015067016,0
tranco_benign_proxy,0,0.6903602834028125,0
phishtank,1,0.9715958505771833,1
phishtank,1,0.676320958272264,0
phishtank,1,0.9609508837612654,1
phishtank,1,0.9982365549211322,1
phishtank,1,0.9998633115891447,1
tranco_benign_proxy,0,0.22451469904880447,0
phishtank,1,0.9482143480636488,1
tranco_benign_proxy,0,0.9422648328902732,1
phishtank,1,0.9316019033449603,1
tranco_benign_proxy,0,0.3364561739281172,0
tranco_benign_proxy,0,0.9386534785106369,1
tranco_benign_proxy,0,0.19382971574697566,0
tranco_benign_proxy,0,0.05120231018360784,0
tranco_benign_proxy,0,0.12833601425896896,0
phishtank,1,0.9942229957756482,1
tranco_benign_proxy,0,0.08528222224658105,0
tranco_benign_proxy,0,0.05814678356846505,0
phishtank,1,0.971511540799269,1
phishtank,1,0.9916540160812504,1
tranco_benign_proxy,0,0.27747520415768956,0
tranco_benign_proxy,0,0.1404460829796525,0
phishtank,1,0.9994101401134944,1
tranco_benign_proxy,0,0.030868132710980697,0
phishtank,1,0.999790149175269,1
phishtank,1,0.9473174309566665,1
phishtank,1,0.9933309982244151,1
tranco_benign_proxy,0,0.06669895191920173,0
tranco_benign_proxy,0,0.9801445807444169,1
tranco_benign_proxy,0,0.08189836513837345,0
phishtank,1,0.27563373359863763,0
tranco_benign_proxy,0,0.18781877308732076,0
phishtank,1,0.9932560563362715,1
tranco_benign_proxy,0,0.680758431590409,0
phishtank,1,0.9844472008270284,1
tranco_benign_proxy,0,0.23862941054234563,0
tranco_benign_proxy,0,0.1115421002311084,0
tranco_benign_proxy,0,0.12220048379890434,0
phishtank,1,0.9925304615315282,1
phishtank,1,0.9879184347388186,1
tranco_benign_proxy,0,0.09414366465078322,0
tranco_benign_proxy,0,0.8844123169080524,1
tranco_benign_proxy,0,0.2145217779266898,0
tranco_benign_proxy,0,0.083733213899412,0
phishtank,1,0.9233616534976847,1
phishtank,1,0.966347585998662,1
phishtank,1,0.9997014319781731,1
phishtank,1,0.9914250675124266,1
tranco_benign_proxy,0,0.42737439773005337,0
phishtank,1,0.9916194582856362,1
phishtank,1,0.9796042023305918,1
tranco_benign_proxy,0,0.6710331557276155,0
phishtank,1,0.9971807391536786,1
phishtank,1,0.9999404923951526,1
tranco_benign_proxy,0,0.11736365281775916,0
phishtank,1,0.9992970066634018,1
tranco_benign_proxy,0,0.06532696809168272,0
tranco_benign_proxy,0,0.12746190405530117,0
phishtank,1,0.2733097566283577,0
tranco_benign_proxy,0,0.5637252776717033,0
tranco_benign_proxy,0,0.7573304191832392,1
tranco_benign_proxy,0,0.09038396623182113,0
tranco_benign_proxy,0,0.06578978051279133,0
phishtank,1,0.9953159062271104,1
phishtank,1,0.7593055507097254,1
tranco_benign_proxy,0,0.09265187749838436,0
phishtank,1,0.935085177759889,1
tranco_benign_proxy,0,0.7150169911844915,1
tranco_benign_proxy,0,0.07960084329334563,0
phishtank,1,0.9413443794552022,1
phishtank,1,0.7205429193431946,1
tranco_benign_proxy,0,0.0485976323324049,0
tranco_benign_proxy,0,0.6397877213639083,0
phishtank,1,0.9989751849386143,1
tranco_benign_proxy,0,0.9224908881282211,1
tranco_benign_proxy,0,0.22858873069073113,0
tranco_benign_proxy,0,0.012278131948542746,0
phishtank,1,0.9972256147027667,1
tranco_benign_proxy,0,0.13233184533644796,0
tranco_benign_proxy,0,0.14753989497695577,0
phishtank,1,0.9979654574997527,1
phishtank,1,0.9881246607340547,1
phishtank,1,0.9776808043539289,1
phishtank,1,0.9918224454188499,1
tranco_benign_proxy,0,0.19045651508921688,0
phishtank,1,0.9992942545674469,1
tranco_benign_proxy,0,0.6757068911035635,0
phishtank,1,0.9997580450796361,1
phishtank,1,0.9895198959572591,1
phishtank,1,0.4088934282323758,0
phishtank,1,0.9502699603465495,1
tranco_benign_proxy,0,0.5536639035720384,0
phishtank,1,0.9984689862937811,1
phishtank,1,0.8935233300849035,1
phishtank,1,0.968232886819993,1
phishtank,1,0.9973283334623436,1
tranco_benign_proxy,0,0.1668831074346494,0
phishtank,1,0.9991257064277902,1
phishtank,1,0.993582347178171,1
tranco_benign_proxy,0,0.2344205134338249,0
tranco_benign_proxy,0,0.26028717341355934,0
phishtank,1,0.9689830313399181,1
phishtank,1,0.2857037540722493,0
phishtank,1,0.9466169938555957,1
phishtank,1,0.9990478047263132,1
phishtank,1,0.997914730117641,1
tranco_benign_proxy,0,0.03223771017533113,0
tranco_benign_proxy,0,0.9127597604364466,1
tranco_benign_proxy,0,0.8707076944119694,1
tranco_benign_proxy,0,0.3109361366415569,0
tranco_benign_proxy,0,0.1086849167330825,0
phishtank,1,0.9232325584846287,1
phishtank,1,0.9961311131868215,1
tranco_benign_proxy,0,0.022335360079906545,0
tranco_benign_proxy,0,0.9164508584051482,1
tranco_benign_proxy,0,0.11454699817959393,0
tranco_benign_proxy,0,0.07662212563615135,0
phishtank,1,0.998554087576113,1
phishtank,1,0.9563568707485804,1
tranco_benign_proxy,0,0.1776865160595858,0
tranco_benign_proxy,0,0.9073393236258485,1
tranco_benign_proxy,0,0.09919445956887375,0
phishtank,1,0.9585357502974466,1
phishtank,1,0.99243386740798,1
tranco_benign_proxy,0,0.8193582186628444,1
tranco_benign_proxy,0,0.8826148435982558,1
phishtank,1,0.9412299276393727,1
tranco_benign_proxy,0,0.5742442831937442,0
tranco_benign_proxy,0,0.09959333896335801,0
phishtank,1,0.9628024879490302,1
tranco_benign_proxy,0,0.3149646552878247,0
phishtank,1,0.9145905473153192,1
tranco_benign_proxy,0,0.13520175042055613,0
phishtank,1,0.9959577899718763,1
phishtank,1,0.9943007830919597,1
phishtank,1,0.9965236167417977,1
tranco_benign_proxy,0,0.17859674140125847,0
tranco_benign_proxy,0,0.06328996918333801,0
phishtank,1,0.9992400115813356,1
tranco_benign_proxy,0,0.4916239283390754,0
tranco_benign_proxy,0,0.9646974031618977,1
phishtank,1,0.9889783255524772,1
phishtank,1,0.967807022653424,1
tranco_benign_proxy,0,0.6382342419603892,0
tranco_benign_proxy,0,0.10512342759985423,0
tranco_benign_proxy,0,0.15503466101574342,0
phishtank,1,0.975111736854155,1
phishtank,1,0.9805404589578811,1
phishtank,1,0.9981402509556813,1
phishtank,1,0.9911388096955303,1
phishtank,1,0.9957916258605978,1
tranco_benign_proxy,0,0.9264989446021652,1
phishtank,1,0.9999983367138946,1
phishtank,1,0.9781068011308399,1
tranco_benign_proxy,0,0.5961593070155012,0
tranco_benign_proxy,0,0.5991218685851887,0
phishtank,1,0.9179117537389284,1
phishtank,1,0.8139032041952518,1
phishtank,1,0.9983900619153028,1
tranco_benign_proxy,0,0.03946103652044062,0
tranco_benign_proxy,0,0.9524006175540027,1
phishtank,1,0.97564951245366,1
tranco_benign_proxy,0,0.05095784940293248,0
phishtank,1,0.9929420801496409,1
tranco_benign_proxy,0,0.9740379784691277,1
phishtank,1,0.949930057729836,1
tranco_benign_proxy,0,0.599834684839561,0
tranco_benign_proxy,0,0.7086579442687656,1
phishtank,1,0.9998894774551756,1
tranco_benign_proxy,0,0.061715158075656,0
phishtank,1,0.9806693058285726,1
phishtank,1,0.3975416155911171,0
phishtank,1,0.9993206644209828,1
phishtank,1,0.18988275564445348,0
phishtank,1,0.9999157011825468,1
tranco_benign_proxy,0,0.20550048517583153,0
phishtank,1,0.1871095651076657,0
tranco_benign_proxy,0,0.35813848589959396,0
tranco_benign_proxy,0,0.024883021973234203,0
phishtank,1,0.9987771376960357,1
phishtank,1,0.967110329045741,1
tranco_benign_proxy,0,0.07908762381662662,0
phishtank,1,0.9981346963449255,1
tranco_benign_proxy,0,0.10232835777808243,0
tranco_benign_proxy,0,0.1857678881146745,0
phishtank,1,0.9867517491930758,1
phishtank,1,0.9994025221281932,1
phishtank,1,0.9891008816819629,1
tranco_benign_proxy,0,0.44107476713458116,0
tranco_benign_proxy,0,0.2867087374008516,0
tranco_benign_proxy,0,0.7700551484045233,1
tranco_benign_proxy,0,0.0692381987460694,0
tranco_benign_proxy,0,0.0599863577547061,0
phishtank,1,0.9967475567533869,1
tranco_benign_proxy,0,0.4328440589873488,0
tranco_benign_proxy,0,0.2579859856949094,0
tranco_benign_proxy,0,0.07584521318053532,0
phishtank,1,0.9375754022072951,1
phishtank,1,0.9983184047365194,1
phishtank,1,0.9999032223198198,1
phishtank,1,0.9357148076555492,1
phishtank,1,0.9991259072245499,1
phishtank,1,0.028286733130588063,0
tranco_benign_proxy,0,0.5635495413643291,0
tranco_benign_proxy,0,0.23337800029486733,0
tranco_benign_proxy,0,0.18577047719862336,0
tranco_benign_proxy,0,0.5832076425692401,0
tranco_benign_proxy,0,0.07935816685683918,0
tranco_benign_proxy,0,0.041726570725039394,0
phishtank,1,0.9939967726350296,1
phishtank,1,0.9752488868711053,1
phishtank,1,0.984702309353236,1
phishtank,1,0.9992220038335669,1
tranco_benign_proxy,0,0.07998605301178639,0
tranco_benign_proxy,0,0.9013216071195556,1
tranco_benign_proxy,0,0.3165319747990858,0
tranco_benign_proxy,0,0.16015091978938423,0
phishtank,1,0.9978010698379364,1
phishtank,1,0.9971082908139997,1
tranco_benign_proxy,0,0.19347037254137228,0
phishtank,1,0.9969129691971111,1
phishtank,1,0.9948375242721336,1
tranco_benign_proxy,0,0.6039937157280516,0
phishtank,1,0.7669779101232224,1
tranco_benign_proxy,0,0.8597750707855232,1
tranco_benign_proxy,0,0.4248305926057453,0
phishtank,1,0.9272254261941465,1
phishtank,1,0.9970485106042389,1
phishtank,1,0.6877420900482356,0
phishtank,1,0.14037633387952617,0
phishtank,1,0.7772443694750385,1
tranco_benign_proxy,0,0.12975263527836495,0
phishtank,1,0.9876019003335369,1
tranco_benign_proxy,0,0.4245389120883301,0
tranco_benign_proxy,0,0.16043811388092438,0
phishtank,1,0.9809306663867273,1
tranco_benign_proxy,0,0.6487268603592583,0
phishtank,1,0.9980766655727891,1
phishtank,1,0.9733697190172536,1
phishtank,1,0.9517750961470534,1
tranco_benign_proxy,0,0.7810985910508393,1
tranco_benign_proxy,0,0.05409025455791391,0
phishtank,1,0.9997993667439048,1
tranco_benign_proxy,0,0.04261476402962036,0
phishtank,1,0.9992386246806042,1
tranco_benign_proxy,0,0.1545684071619502,0
tranco_benign_proxy,0,0.6239320922573689,0
tranco_benign_proxy,0,0.012334811215432185,0
phishtank,1,0.9930277956286376,1
tranco_benign_proxy,0,0.6821713681067787,0
phishtank,1,0.9996360864537928,1
tranco_benign_proxy,0,0.16561542548814442,0
tranco_benign_proxy,0,0.18626652453647594,0
phishtank,1,0.9920564980396381,1
phishtank,1,0.9930696256605285,1
phishtank,1,0.9935340667781317,1
tranco_benign_proxy,0,0.06948560980627469,0
phishtank,1,0.9628943096716551,1
phishtank,1,0.8422114670242697,1
tranco_benign_proxy,0,0.5919369012037891,0
phishtank,1,0.9981094261848674,1
tranco_benign_proxy,0,0.16379941284594982,0
tranco_benign_proxy,0,0.5266323520274299,0
phishtank,1,0.9999148924084577,1
tranco_benign_proxy,0,0.6330212727139167,0
tranco_benign_proxy,0,0.001409009286986473,0
tranco_benign_proxy,0,0.697049904669506,0
phishtank,1,0.9515144226225032,1
phishtank,1,0.9977941029934712,1
phishtank,1,0.7531420227981721,1
tranco_benign_proxy,0,0.9060509562469603,1
tranco_benign_proxy,0,0.04090270601675477,0
phishtank,1,0.9952097242582043,1
tranco_benign_proxy,0,0.14273466001770022,0
tranco_benign_proxy,0,0.11434087129355978,0
phishtank,1,0.9466773198620345,1
tranco_benign_proxy,0,0.3031302671719335,0
phishtank,1,0.9974741457804616,1
tranco_benign_proxy,0,0.13459087322170843,0
phishtank,1,0.999798304556662,1
tranco_benign_proxy,0,0.5307074137511277,0
tranco_benign_proxy,0,0.8193166011818602,1
phishtank,1,0.9847157352166975,1
tranco_benign_proxy,0,0.04873565752573654,0
tranco_benign_proxy,0,0.17386272571550307,0
tranco_benign_proxy,0,0.1366984663395265,0
phishtank,1,0.8927943383367984,1
phishtank,1,0.9958081828930859,1
phishtank,1,0.9976957485277996,1
phishtank,1,0.9983424830642798,1
tranco_benign_proxy,0,0.16391239785453324,0
tranco_benign_proxy,0,0.9484153127881612,1
tranco_benign_proxy,0,0.17395614077600488,0
phishtank,1,0.9989800375007188,1
phishtank,1,0.9998848096190615,1
phishtank,1,0.9609030628089706,1
phishtank,1,0.9983643086573457,1
phishtank,1,0.9865898279557536,1
tranco_benign_proxy,0,0.1812436283564935,0
tranco_benign_proxy,0,0.02960866183168765,0
tranco_benign_proxy,0,0.5173733483204369,0
phishtank,1,0.9971791468254894,1
phishtank,1,0.9975673207009278,1
tranco_benign_proxy,0,0.2749432118626772,0
tranco_benign_proxy,0,0.8947351335440712,1
tranco_benign_proxy,0,0.18405148248109995,0
phishtank,1,0.7966027437765443,1
tranco_benign_proxy,0,0.20397803118168736,0
tranco_benign_proxy,0,0.5660641822080927,0
phishtank,1,0.3840586618057114,0
phishtank,1,0.9999041506777238,1
phishtank,1,0.9388294692181378,1
tranco_benign_proxy,0,0.6100576475389611,0
phishtank,1,0.9823667373507419,1
phishtank,1,0.9964948570866137,1
tranco_benign_proxy,0,0.0471333775803659,0
tranco_benign_proxy,0,0.6042859621409874,0
tranco_benign_proxy,0,0.017670321330393337,0
phishtank,1,0.9906788399346851,1
phishtank,1,0.5775097300654718,0
phishtank,1,0.94604362297043,1
tranco_benign_proxy,0,0.05893766036539249,0
phishtank,1,0.9981322530468424,1
tranco_benign_proxy,0,0.5887255168149762,0
tranco_benign_proxy,0,0.002872414668432865,0
phishtank,1,0.9876532093124675,1
phishtank,1,0.941632672197105,1
phishtank,1,0.9576698737399346,1
tranco_benign_proxy,0,0.9148978435199143,1
tranco_benign_proxy,0,0.10693704676915679,0
tranco_benign_proxy,0,0.862048776847331,1
tranco_benign_proxy,0,0.14735189057334944,0
phishtank,1,0.9950919993801978,1
phishtank,1,0.13395094153097437,0
tranco_benign_proxy,0,0.976236925325661,1
tranco_benign_proxy,0,0.7381105326265686,1
tranco_benign_proxy,0,0.028019613719308657,0
tranco_benign_proxy,0,0.16360436627783004,0
tranco_benign_proxy,0,0.3277077147857868,0
phishtank,1,0.9708070798810349,1
phishtank,1,0.9956479086431721,1
phishtank,1,0.9214929327112403,1
tranco_benign_proxy,0,0.11057109631074029,0
phishtank,1,0.49832781385164177,0
phishtank,1,0.9978773688924618,1
tranco_benign_proxy,0,0.3023626484263681,0
phishtank,1,0.9776545631119175,1
phishtank,1,0.9611018862342541,1
phishtank,1,0.9646260667817161,1
phishtank,1,0.9985515802664667,1
tranco_benign_proxy,0,0.21838062905326125,0
phishtank,1,0.995695952304158,1
phishtank,1,0.998469467555369,1
tranco_benign_proxy,0,0.9108605772285996,1
tranco_benign_proxy,0,0.5683781630042704,0
phishtank,1,0.9995394865634394,1
tranco_benign_proxy,0,0.11687516417415876,0
tranco_benign_proxy,0,0.5390390803555386,0
phishtank,1,0.9987094350890988,1
phishtank,1,0.9999864598502858,1
tranco_benign_proxy,0,0.6593149577165792,0
tranco_benign_proxy,0,0.1881827365473725,0
phishtank,1,0.9968466235280283,1
phishtank,1,0.9999205435899015,1
tranco_benign_proxy,0,0.16938683498465584,0
tranco_benign_proxy,0,0.01841561823007645,0
phishtank,1,0.2774600239330321,0
phishtank,1,0.9881405539816321,1
tranco_benign_proxy,0,0.09926183880320853,0
tranco_benign_proxy,0,0.796140648825209,1
tranco_benign_proxy,0,0.9991121381528528,1
tranco_benign_proxy,0,0.09991532553443433,0
tranco_benign_proxy,0,0.8470218044729529,1
phishtank,1,0.9226137916001194,1
tranco_benign_proxy,0,0.09558907748157437,0
tranco_benign_proxy,0,0.932714825770279,1
tranco_benign_proxy,0,0.23894836823026105,0
phishtank,1,0.9933240902847248,1
phishtank,1,0.9886836025375889,1
tranco_benign_proxy,0,0.11698731314336798,0
phishtank,1,0.36043624695448984,0
tranco_benign_proxy,0,0.9558526526409279,1
phishtank,1,0.963121467329798,1
phishtank,1,0.9998512074117538,1
phishtank,1,0.9994022707980159,1
phishtank,1,0.9996017595329786,1
tranco_benign_proxy,0,0.04857579258482007,0
tranco_benign_proxy,0,0.5567292960914515,0
tranco_benign_proxy,0,0.12412665756667755,0
phishtank,1,0.9981898326254646,1
tranco_benign_proxy,0,0.11647329112698175,0
tranco_benign_proxy,0,0.31413938623486476,0
phishtank,1,0.9972042299395527,1
tranco_benign_proxy,0,0.9847516361883141,1
tranco_benign_proxy,0,0.047330426950843545,0
phishtank,1,0.7849189156974185,1
tranco_benign_proxy,0,0.931731298995864,1
phishtank,1,0.9922067944443734,1
tranco_benign_proxy,0,0.18576609359955149,0
phishtank,1,0.9763460396453858,1
phishtank,1,0.9979703685653143,1
tranco_benign_proxy,0,0.7681955990781677,1
phishtank,1,0.968709541586208,1
phishtank,1,0.9801381352820724,1
phishtank,1,0.43929211212414465,0
tranco_benign_proxy,0,0.9834506740033138,1
tranco_benign_proxy,0,0.030108413638011953,0
tranco_benign_proxy,0,0.4422721770313973,0
tranco_benign_proxy,0,0.29912819967149795,0
phishtank,1,0.9139149449586688,1
phishtank,1,0.6128275783771022,0
phishtank,1,0.9999596029132276,1
phishtank,1,0.9923339305735305,1
tranco_benign_proxy,0,0.16675751798965427,0
phishtank,1,0.9810454484486473,1
phishtank,1,0.9977339668817509,1
tranco_benign_proxy,0,0.5398360776146528,0
phishtank,1,0.9942156302453352,1
tranco_benign_proxy,0,0.04288741732586337,0
tranco_benign_proxy,0,0.23502992991253144,0
phishtank,1,0.9843432685288503,1
tranco_benign_proxy,0,0.6791731682243559,0
tranco_benign_proxy,0,0.5105960617285897,0
tranco_benign_proxy,0,0.03684941266878726,0
tranco_benign_proxy,0,0.3367266413001744,0
tranco_benign_proxy,0,0.4111764461267475,0
tranco_benign_proxy,0,0.7998136817020373,1
tranco_benign_proxy,0,0.2678792803652896,0
phishtank,1,0.8791327163149454,1
phishtank,1,0.1465310912676745,0
tranco_benign_proxy,0,0.9353660847152125,1
phishtank,1,0.9924869037445394,1
tranco_benign_proxy,0,0.24870870689622857,0
tranco_benign_proxy,0,0.28705333207430755,0
tranco_benign_proxy,0,0.6619810874864906,0
phishtank,1,0.9967558822829982,1
phishtank,1,0.9864297215303756,1
tranco_benign_proxy,0,0.015070651855441783,0
tranco_benign_proxy,0,0.4855807608488796,0
phishtank,1,0.9978652598275323,1
tranco_benign_proxy,0,0.28905247718634886,0
tranco_benign_proxy,0,0.7660995854610639,1
phishtank,1,0.7156012091127921,1
phishtank,1,0.995495707998062,1
tranco_benign_proxy,0,0.411831875122584,0
tranco_benign_proxy,0,0.9034420772866705,1
tranco_benign_proxy,0,0.21462419384964362,0
phishtank,1,0.9943358143504536,1
phishtank,1,0.9856260477266185,1
tranco_benign_proxy,0,0.08545482045713006,0
tranco_benign_proxy,0,0.7689133573357919,1
phishtank,1,0.9767353344379265,1
tranco_benign_proxy,0,0.9676385309793996,1
phishtank,1,0.99891018277903,1
phishtank,1,0.9780148857837163,1
tranco_benign_proxy,0,0.0548524466780397,0
tranco_benign_proxy,0,0.3520714825330599,0
phishtank,1,0.9999750578961971,1
tranco_benign_proxy,0,0.10239697932059381,0
tranco_benign_proxy,0,0.2817845786943466,0
tranco_benign_proxy,0,0.044770784717462306,0
phishtank,1,0.12891866072622357,0
tranco_benign_proxy,0,0.031197153105146046,0
tranco_benign_proxy,0,0.1276736648994121,0
tranco_benign_proxy,0,0.8238808893861386,1
phishtank,1,0.9935447906483539,1
tranco_benign_proxy,0,0.07365398621135903,0
tranco_benign_proxy,0,0.15120807028541505,0
tranco_benign_proxy,0,0.5709908612002236,0
tranco_benign_proxy,0,0.6424223555383645,0
phishtank,1,0.9956680915080649,1
tranco_benign_proxy,0,0.8844008320217555,1
phishtank,1,0.9931919426471825,1
phishtank,1,0.9963287070907378,1
phishtank,1,0.999318633616575,1
tranco_benign_proxy,0,0.048116915809500914,0
phishtank,1,0.923988897705965,1
tranco_benign_proxy,0,0.43101270087655424,0
phishtank,1,0.9988531695952927,1
tranco_benign_proxy,0,0.15667299647042668,0
tranco_benign_proxy,0,0.10184318973164203,0
phishtank,1,0.9995292786936452,1
tranco_benign_proxy,0,0.05779016906596082,0
tranco_benign_proxy,0,0.4998326802688748,0
phishtank,1,0.986304692206342,1
tranco_benign_proxy,0,0.743599253617551,1
tranco_benign_proxy,0,0.018915550788054538,0
phishtank,1,0.9996071868670936,1
tranco_benign_proxy,0,0.045150297917425926,0
tranco_benign_proxy,0,0.007452471742315689,0
tranco_benign_proxy,0,0.778988320558975,1
tranco_benign_proxy,0,0.27960567835164024,0
phishtank,1,0.8373575617614165,1
phishtank,1,0.9735766192870743,1
phishtank,1,0.9980806209522319,1
tranco_benign_proxy,0,0.8875718837344133,1
tranco_benign_proxy,0,0.5442004597869942,0
phishtank,1,0.721908576989637,1
tranco_benign_proxy,0,0.06484452234321718,0
tranco_benign_proxy,0,0.19346460821101938,0
tranco_benign_proxy,0,0.07077483822981732,0
tranco_benign_proxy,0,0.950295220703805,1
phishtank,1,0.9955831540293428,1
phishtank,1,0.9990320047522118,1
phishtank,1,0.8967581339791043,1
tranco_benign_proxy,0,0.005570034018261413,0
phishtank,1,0.9955631394132407,1
tranco_benign_proxy,0,0.04544824671664208,0
phishtank,1,0.9993392396646319,1
phishtank,1,0.9944408956151284,1
tranco_benign_proxy,0,0.9862265396009691,1
phishtank,1,0.9995925306564732,1
tranco_benign_proxy,0,0.31234207081410975,0
tranco_benign_proxy,0,0.03735907431276229,0
phishtank,1,0.9988336399957215,1
phishtank,1,0.9633659902579279,1
phishtank,1,0.9814026729551647,1
phishtank,1,0.9988131929735974,1
phishtank,1,0.9540332577576414,1
phishtank,1,0.9795675279617138,1
phishtank,1,0.8845646372871564,1
tranco_benign_proxy,0,0.2366605920517065,0
tranco_benign_proxy,0,0.6405299483007872,0
phishtank,1,0.9856200663053282,1
tranco_benign_proxy,0,0.8928733305486038,1
tranco_benign_proxy,0,0.04415399987833553,0
phishtank,1,0.9967217503057423,1
tranco_benign_proxy,0,0.7982660186438636,1
tranco_benign_proxy,0,0.06261978669850486,0
tranco_benign_proxy,0,0.03278065694658891,0
phishtank,1,0.9528357101542356,1
phishtank,1,0.9932332994913874,1
tranco_benign_proxy,0,0.9730826432962071,1
phishtank,1,0.9172586527847448,1
tranco_benign_proxy,0,0.1470464788470128,0
phishtank,1,0.4146783133186243,0
phishtank,1,0.9977432851497997,1
tranco_benign_proxy,0,0.028114479601790397,0
tranco_benign_proxy,0,0.9953408668019487,1
tranco_benign_proxy,0,0.058440655427982144,0
tranco_benign_proxy,0,0.12186077658145528,0
tranco_benign_proxy,0,0.06186437271555197,0
phishtank,1,0.9367505520799008,1
phishtank,1,0.9944342454691408,1
tranco_benign_proxy,0,0.6941852133991582,0
tranco_benign_proxy,0,0.17132375997228388,0
tranco_benign_proxy,0,0.06954875943697979,0
tranco_benign_proxy,0,0.23714063736258123,0
phishtank,1,0.9997731866722984,1
tranco_benign_proxy,0,0.06499771810938389,0
tranco_benign_proxy,0,0.6187559612225868,0
phishtank,1,0.9370494889070852,1
phishtank,1,0.9491617465699923,1
tranco_benign_proxy,0,0.7835344046483225,1
phishtank,1,0.16592565166130147,0
phishtank,1,0.9461870619086934,1
phishtank,1,0.9956335775364222,1
phishtank,1,0.9999999941515638,1
tranco_benign_proxy,0,0.9945815968592814,1
phishtank,1,0.9740131308225212,1
tranco_benign_proxy,0,0.04018929232109799,0
phishtank,1,0.8771066540192148,1
phishtank,1,0.9999479586843198,1
tranco_benign_proxy,0,0.03190444600299921,0
phishtank,1,0.9902097850469929,1
phishtank,1,0.9979483082890364,1
phishtank,1,0.9802578321248064,1
tranco_benign_proxy,0,0.11513844950522838,0
phishtank,1,0.998977436148889,1
phishtank,1,0.9904935343492514,1
tranco_benign_proxy,0,0.12288529489745945,0
phishtank,1,0.9995671907131282,1
phishtank,1,0.9914379508943993,1
tranco_benign_proxy,0,0.19534018363628802,0
tranco_benign_proxy,0,0.977179648366359,1
tranco_benign_proxy,0,0.5348609588305852,0
phishtank,1,0.9935927615232998,1
phishtank,1,0.9807022271157165,1
phishtank,1,0.9928082833029787,1
tranco_benign_proxy,0,0.13240323088610337,0
phishtank,1,0.9999916894889094,1
phishtank,1,0.9870141273652593,1
tranco_benign_proxy,0,0.7432975809660217,1
tranco_benign_proxy,0,0.10516107009388909,0
phishtank,1,0.9999931267138606,1
phishtank,1,0.9993481998164918,1
phishtank,1,0.9998802410227621,1
phishtank,1,0.9684244689727945,1
tranco_benign_proxy,0,0.1461661154131619,0
tranco_benign_proxy,0,0.11669121233930946,0
tranco_benign_proxy,0,0.03088591772567335,0
phishtank,1,0.9999759379722872,1
phishtank,1,0.9857807441147983,1
tranco_benign_proxy,0,0.32098335786333626,0
phishtank,1,0.9519564288851673,1
phishtank,1,0.999992269981031,1
tranco_benign_proxy,0,0.3754895730751727,0
tranco_benign_proxy,0,0.8184875298562592,1
tranco_benign_proxy,0,0.1290736926955845,0
phishtank,1,0.9989794254635325,1
phishtank,1,0.976051431376634,1
tranco_benign_proxy,0,0.1150747711925875,0
phishtank,1,0.9963041636465487,1
tranco_benign_proxy,0,0.20292858075376305,0
tranco_benign_proxy,0,0.12647317849858308,0
phishtank,1,0.9999961215940764,1
phishtank,1,0.9999054644438113,1
phishtank,1,0.5841425356682497,0
tranco_benign_proxy,0,0.06368320210456749,0
phishtank,1,0.9162292707370675,1
phishtank,1,0.9585550088283712,1
tranco_benign_proxy,0,0.07992353995390689,0
phishtank,1,0.9398628274061405,1
tranco_benign_proxy,0,0.16634666238754114,0
tranco_benign_proxy,0,0.7458465236043003,1
phishtank,1,0.9430202372417174,1
tranco_benign_proxy,0,0.9387902818574438,1
tranco_benign_proxy,0,0.04159419039532499,0
tranco_benign_proxy,0,0.17030353079037655,0
tranco_benign_proxy,0,0.7433404539259338,1
phishtank,1,0.9990971135670823,1
phishtank,1,0.9644778644440204,1
phishtank,1,0.9989269396073424,1
phishtank,1,0.9999893360453259,1
phishtank,1,0.9968040640129626,1
phishtank,1,0.99996432017662,1
tranco_benign_proxy,0,0.019609842956940782,0
tranco_benign_proxy,0,0.8788841467491602,1
tranco_benign_proxy,0,0.47145688639024563,0
phishtank,1,0.9654436671675137,1
phishtank,1,0.9443174660566467,1
tranco_benign_proxy,0,0.3362241918834952,0
tranco_benign_proxy,0,0.45323985505093495,0
tranco_benign_proxy,0,0.4546022299182311,0
phishtank,1,0.995970651684983,1
phishtank,1,0.9996770777741347,1
phishtank,1,0.9930104147750667,1
tranco_benign_proxy,0,0.12741577731828774,0
tranco_benign_proxy,0,0.04399011639554684,0
tranco_benign_proxy,0,0.11847082794177496,0
phishtank,1,0.9575245006224469,1
tranco_benign_proxy,0,0.797100157600804,1
tranco_benign_proxy,0,0.0483134535396081,0
phishtank,1,0.9024575106749059,1
tranco_benign_proxy,0,0.4008104770883981,0
phishtank,1,0.9983420301523457,1
phishtank,1,0.9985448351814952,1
phishtank,1,0.9914622211290227,1
tranco_benign_proxy,0,0.15839493013450426,0
phishtank,1,0.9763147742446435,1
phishtank,1,0.9994029601564248,1
phishtank,1,0.9985776215649748,1
tranco_benign_proxy,0,0.9400691763593025,1
phishtank,1,0.997351889357322,1
phishtank,1,0.9961845006077562,1
phishtank,1,0.9929574406490919,1
phishtank,1,0.1339514699048089,0
phishtank,1,0.9666852005607364,1
tranco_benign_proxy,0,0.947026216488126,1
tranco_benign_proxy,0,0.018402850227383766,0
tranco_benign_proxy,0,0.4753777985287322,0
tranco_benign_proxy,0,0.9941305973361306,1
tranco_benign_proxy,0,0.38641034496875626,0
phishtank,1,0.9715613605356278,1
phishtank,1,0.9940465280240981,1
phishtank,1,0.9918837975799085,1
phishtank,1,0.9687529910769676,1
phishtank,1,0.9976016817541595,1
tranco_benign_proxy,0,0.002317713638556464,0
tranco_benign_proxy,0,0.8398984557654349,1
tranco_benign_proxy,0,0.9341079625446427,1
phishtank,1,0.9891777376937466,1
phishtank,1,0.9994355441316424,1
phishtank,1,0.9958462463908646,1
tranco_benign_proxy,0,0.14277451033845276,0
phishtank,1,0.9976986838262752,1
tranco_benign_proxy,0,0.019689353781949984,0
phishtank,1,0.9567911481849591,1
tranco_benign_proxy,0,0.4972449594805296,0
phishtank,1,0.9825551989952713,1
phishtank,1,0.9994022307032344,1
phishtank,1,0.9947896033959319,1
phishtank,1,0.9999363203509187,1
phishtank,1,0.9856365415585626,1
phishtank,1,0.9998701549138143,1
phishtank,1,0.9281969940784534,1
tranco_benign_proxy,0,0.9978165372917399,1
tranco_benign_proxy,0,0.13811445933360397,0
tranco_benign_proxy,0,0.8321454091618691,1
tranco_benign_proxy,0,0.4767137357109757,0
tranco_benign_proxy,0,0.7922422830481131,1
phishtank,1,0.9796639249241192,1
phishtank,1,0.9998912746261404,1
tranco_benign_proxy,0,0.3849985436716091,0
tranco_benign_proxy,0,0.9790811467717006,1
tranco_benign_proxy,0,0.07044391062701767,0
tranco_benign_proxy,0,0.3232853118927778,0
phishtank,1,0.9942582776302666,1
phishtank,1,0.9122366113900962,1
tranco_benign_proxy,0,0.9664101609785258,1
phishtank,1,0.9682120881661803,1
phishtank,1,0.9829781007599238,1
phishtank,1,0.9985712179238201,1
phishtank,1,0.09417480304534288,0
phishtank,1,0.9467470253499113,1
tranco_benign_proxy,0,0.7217366598956255,1
phishtank,1,0.9974281601097482,1
phishtank,1,0.9930664725704537,1
phishtank,1,0.9637481982276473,1
phishtank,1,0.9804870303656257,1
tranco_benign_proxy,0,0.3655499802961331,0
phishtank,1,0.9968076540896351,1
tranco_benign_proxy,0,0.7381868448253127,1
tranco_benign_proxy,0,0.8763193452935965,1
phishtank,1,0.9958580493475967,1
phishtank,1,0.9416994607754391,1
phishtank,1,0.9928249549284496,1
tranco_benign_proxy,0,0.9708850220035725,1
tranco_benign_proxy,0,0.9316312879012232,1
tranco_benign_proxy,0,0.1738475281956945,0
tranco_benign_proxy,0,0.34033381599317114,0
phishtank,1,0.9962500675161651,1
phishtank,1,0.4064731224694676,0
phishtank,1,0.998009481734209,1
phishtank,1,0.9337045319835111,1
phishtank,1,0.9940450551179936,1
tranco_benign_proxy,0,0.11006874810341163,0
phishtank,1,0.9556840719653171,1
phishtank,1,0.9320314677150152,1
phishtank,1,0.9440347925061151,1
tranco_benign_proxy,0,0.3706035134343187,0
tranco_benign_proxy,0,0.0671029669986119,0
tranco_benign_proxy,0,0.9855834525202826,1
tranco_benign_proxy,0,0.5005906099490278,0
tranco_benign_proxy,0,0.11414657824805338,0
tranco_benign_proxy,0,0.07255417240386022,0
phishtank,1,0.9962921219451949,1
tranco_benign_proxy,0,0.90195801821512,1
phishtank,1,0.7702453341823301,1
phishtank,1,0.9962160600683609,1
phishtank,1,0.9822128020782772,1
tranco_benign_proxy,0,0.9499967939906369,1
tranco_benign_proxy,0,0.0349644619234048,0
phishtank,1,0.9884879712126677,1
tranco_benign_proxy,0,0.8123140942451954,1
phishtank,1,0.9156632262423474,1
phishtank,1,0.9474971348488851,1
tranco_benign_proxy,0,0.17231403418656488,0
tranco_benign_proxy,0,0.2915939746599423,0
phishtank,1,0.9998709344320484,1
phishtank,1,0.9681755674477485,1
tranco_benign_proxy,0,0.13051885251251594,0
tranco_benign_proxy,0,0.29441709441203023,0
tranco_benign_proxy,0,0.7151671661547199,1
tranco_benign_proxy,0,0.6559427615193189,0
phishtank,1,0.9348945945962812,1
tranco_benign_proxy,0,0.19527473867442083,0
phishtank,1,0.9866995883816756,1
tranco_benign_proxy,0,0.5482270728155854,0
tranco_benign_proxy,0,0.9294157720634257,1
tranco_benign_proxy,0,0.040351175501480915,0
tranco_benign_proxy,0,0.5491300380513344,0
phishtank,1,0.8663913214506438,1
phishtank,1,0.9709722063827697,1
tranco_benign_proxy,0,0.3741537908407843,0
tranco_benign_proxy,0,0.9779240327451793,1
phishtank,1,0.9981385622107168,1
tranco_benign_proxy,0,0.02215785856674504,0
phishtank,1,0.9979743268443305,1
phishtank,1,0.9902228840477765,1
phishtank,1,0.9652660007370941,1
phishtank,1,0.9919976098026012,1
tranco_benign_proxy,0,0.021607940473967614,0
phishtank,1,0.8596932615914582,1
tranco_benign_proxy,0,0.16166253060967617,0
tranco_benign_proxy,0,0.46752422756536904,0
tranco_benign_proxy,0,0.9088166541899655,1
phishtank,1,0.9999239826736264,1
tranco_benign_proxy,0,0.24237751852936174,0
tranco_benign_proxy,0,0.028538598184796052,0
phishtank,1,0.9996217411036142,1
phishtank,1,0.9832595596576394,1
phishtank,1,0.9908259580982415,1
phishtank,1,0.9974010752653517,1
tranco_benign_proxy,0,0.611506721618746,0
tranco_benign_proxy,0,0.30266684450209574,0
phishtank,1,0.9963332220583299,1
tranco_benign_proxy,0,0.728237390114366,1
tranco_benign_proxy,0,0.053925969939589785,0
phishtank,1,0.9927930330120929,1
phishtank,1,0.9180852962886846,1
phishtank,1,0.9996274630748276,1
tranco_benign_proxy,0,0.46157362996872087,0
tranco_benign_proxy,0,0.07163927067377149,0
tranco_benign_proxy,0,0.027228673808279424,0
phishtank,1,0.9968633094196,1
tranco_benign_proxy,0,0.20306711831303823,0
phishtank,1,0.998617581219892,1
tranco_benign_proxy,0,0.4812718439921877,0
tranco_benign_proxy,0,0.7357765331364767,1
phishtank,1,0.9999587321876077,1
phishtank,1,0.9369292402133517,1
tranco_benign_proxy,0,0.672552199879935,0
tranco_benign_proxy,0,0.186750605393077,0
tranco_benign_proxy,0,0.20675523166805806,0
phishtank,1,0.9995449580963928,1
tranco_benign_proxy,0,0.4480736520219113,0
phishtank,1,0.7965216283162082,1
phishtank,1,0.9733405376817923,1
phishtank,1,0.9929401691778822,1
phishtank,1,0.9984324547509251,1
phishtank,1,0.9600291860706979,1
phishtank,1,0.9722740319334265,1
phishtank,1,0.919968858131609,1
phishtank,1,0.9964507525802941,1
tranco_benign_proxy,0,0.005546447138198909,0
tranco_benign_proxy,0,0.3445244206622475,0
phishtank,1,0.9652192490911778,1
tranco_benign_proxy,0,0.005235373953864115,0
tranco_benign_proxy,0,0.9579126192281786,1
tranco_benign_proxy,0,0.5977549768024688,0
phishtank,1,0.9753749095947987,1
tranco_benign_proxy,0,0.26442673502264186,0
phishtank,1,0.9977220062464424,1
phishtank,1,0.9445068207736728,1
tranco_benign_proxy,0,0.08336893792505254,0
phishtank,1,0.9998586621026256,1
phishtank,1,0.9957111135004296,1
phishtank,1,0.9987336835010234,1
tranco_benign_proxy,0,0.10249396457332473,0
phishtank,1,0.9960134566201363,1
tranco_benign_proxy,0,0.07460525430003798,0
phishtank,1,0.08167186209000679,0
phishtank,1,0.9925653410714503,1
tranco_benign_proxy,0,0.22337767509241588,0
tranco_benign_proxy,0,0.009956588823743192,0
tranco_benign_proxy,0,0.1448865261994423,0
phishtank,1,0.9965545370811466,1
phishtank,1,0.9950090148288274,1
tranco_benign_proxy,0,0.6451026755237329,0
tranco_benign_proxy,0,0.7854819393483784,1
phishtank,1,0.968364898287079,1
phishtank,1,0.9995442132395201,1
tranco_benign_proxy,0,0.48761927461655596,0
tranco_benign_proxy,0,0.9069953959023762,1
phishtank,1,0.6087493172197511,0
phishtank,1,0.9990213632391407,1
phishtank,1,0.9923170556304828,1
phishtank,1,0.9990856619814632,1
tranco_benign_proxy,0,0.8272162319733709,1
phishtank,1,0.9785150698409176,1
tranco_benign_proxy,0,0.012155509031596122,0
phishtank,1,0.9344703393057745,1
tranco_benign_proxy,0,0.1879264257309957,0
tranco_benign_proxy,0,0.5792456957857418,0
tranco_benign_proxy,0,0.7554958351775346,1
tranco_benign_proxy,0,0.07920418767442497,0
phishtank,1,0.9979278636545719,1
tranco_benign_proxy,0,0.7708222381103602,1
tranco_benign_proxy,0,0.4336552631641944,0
tranco_benign_proxy,0,0.14743431787267247,0
tranco_benign_proxy,0,0.8677137027835871,1
tranco_benign_proxy,0,0.10156593415810096,0
phishtank,1,0.7364521634871919,1
phishtank,1,0.9931157093438286,1
phishtank,1,0.9119273018895688,1
tranco_benign_proxy,0,0.2778909236327374,0
phishtank,1,0.10324711252419048,0
tranco_benign_proxy,0,0.4849612104406833,0
tranco_benign_proxy,0,0.30281012938779567,0
tranco_benign_proxy,0,0.12130513018229129,0
phishtank,1,0.4974158727015367,0
tranco_benign_proxy,0,0.3522063296390261,0
tranco_benign_proxy,0,0.08948771032357758,0
tranco_benign_proxy,0,0.40228321522126603,0
phishtank,1,0.9999727625415565,1
phishtank,1,0.9975607598788717,1
tranco_benign_proxy,0,0.1633635163194636,0
tranco_benign_proxy,0,0.9934269086261801,1
phishtank,1,0.9986689486956803,1
tranco_benign_proxy,0,0.8288975748417396,1
tranco_benign_proxy,0,0.2768369772963273,0
tranco_benign_proxy,0,0.33919623511052344,0
tranco_benign_proxy,0,0.9831234526093577,1
phishtank,1,0.9956223677841487,1
tranco_benign_proxy,0,0.22262916988149184,0
phishtank,1,0.9972372589180879,1
tranco_benign_proxy,0,0.43676519674191555,0
phishtank,1,0.9825096877573495,1
phishtank,1,0.9832872561623307,1
phishtank,1,0.9751456413727869,1
tranco_benign_proxy,0,0.16776986542212818,0
phishtank,1,0.9999523254156165,1
phishtank,1,0.999262761231473,1
tranco_benign_proxy,0,0.8839964633598765,1
tranco_benign_proxy,0,0.3476480336495168,0
phishtank,1,0.9982059842284289,1
phishtank,1,0.9846422667068733,1
phishtank,1,0.9965098210037294,1
tranco_benign_proxy,0,0.941631960982775,1
phishtank,1,0.9789760321336298,1
tranco_benign_proxy,0,0.13525753031725973,0
phishtank,1,0.9568821156164962,1
tranco_benign_proxy,0,0.09622362058975467,0
tranco_benign_proxy,0,0.6021425392287719,0
phishtank,1,0.9811396855293054,1
phishtank,1,0.9294681630110408,1
phishtank,1,0.9802381924519572,1
phishtank,1,0.9943878815917242,1
phishtank,1,0.9859000237616129,1
tranco_benign_proxy,0,0.9567374976008178,1
phishtank,1,0.9934685843700087,1
phishtank,1,0.9792594775124185,1
tranco_benign_proxy,0,0.08650021616264926,0
tranco_benign_proxy,0,0.7930291695063312,1
tranco_benign_proxy,0,0.21990647888825854,0
tranco_benign_proxy,0,0.1474019485006187,0
tranco_benign_proxy,0,0.29639822544243316,0
tranco_benign_proxy,0,0.704786802652322,1
tranco_benign_proxy,0,0.8242803280593906,1
phishtank,1,0.9836049922793368,1
phishtank,1,0.9939233131565073,1
tranco_benign_proxy,0,0.14984873468898943,0
phishtank,1,0.9997626509595371,1
tranco_benign_proxy,0,0.027715063426465743,0
phishtank,1,0.9979846784248595,1
phishtank,1,0.9965660418498042,1
tranco_benign_proxy,0,0.12482445384322693,0
phishtank,1,0.9987342853321193,1
tranco_benign_proxy,0,0.25438967696739595,0
tranco_benign_proxy,0,0.4743974301140751,0
phishtank,1,0.9988681456117784,1
tranco_benign_proxy,0,0.2823688265552028,0
phishtank,1,0.9907721660707777,1
phishtank,1,0.9027300420156419,1
tranco_benign_proxy,0,0.023063713764512533,0
phishtank,1,0.9369606239756392,1
phishtank,1,0.997364896628751,1
phishtank,1,0.9626589930547611,1
tranco_benign_proxy,0,0.08503783382855569,0
tranco_benign_proxy,0,0.10442977137824637,0
tranco_benign_proxy,0,0.23330385105348747,0
phishtank,1,0.9992950479379906,1
phishtank,1,0.9991018521340757,1
phishtank,1,0.9219158163442106,1
phishtank,1,0.9977804521780075,1
tranco_benign_proxy,0,0.09139130892224354,0
tranco_benign_proxy,0,0.01726119903060735,0
tranco_benign_proxy,0,0.7258034135970659,1
tranco_benign_proxy,0,0.5140903206673175,0
tranco_benign_proxy,0,0.15850672662795431,0
phishtank,1,0.9970374301804453,1
phishtank,1,0.9924515820598432,1
phishtank,1,0.9818593828296476,1
phishtank,1,0.5948503995739343,0
tranco_benign_proxy,0,0.4668721671880852,0
phishtank,1,0.9510067436039565,1
phishtank,1,0.8671488291845901,1
tranco_benign_proxy,0,0.09863864588877372,0
phishtank,1,0.9967763063941448,1
tranco_benign_proxy,0,0.40538011444922273,0
tranco_benign_proxy,0,0.21144841352301358,0
phishtank,1,0.9955444373699904,1
tranco_benign_proxy,0,0.9584247980712776,1
phishtank,1,0.9897005197160219,1
phishtank,1,0.9744177648586491,1
tranco_benign_proxy,0,0.1736092427715536,0
phishtank,1,0.9977656038270127,1
phishtank,1,0.956423119091343,1
tranco_benign_proxy,0,0.5291232637055484,0
tranco_benign_proxy,0,0.040208569097235004,0
tranco_benign_proxy,0,0.8796717752335237,1
tranco_benign_proxy,0,0.03949560146405392,0
phishtank,1,0.696282011448935,0
phishtank,1,0.9996649292537234,1
tranco_benign_proxy,0,0.6108111276529153,0
tranco_benign_proxy,0,0.7177133473667022,1
tranco_benign_proxy,0,0.006070335815820419,0
tranco_benign_proxy,0,0.5233744679574319,0
phishtank,1,0.997271057150978,1
phishtank,1,0.999981649374638,1
phishtank,1,0.9538831900591689,1
tranco_benign_proxy,0,0.03204808659927222,0
tranco_benign_proxy,0,0.4704198136614563,0
tranco_benign_proxy,0,0.0031424466835887114,0
tranco_benign_proxy,0,0.29334012024735023,0
phishtank,1,0.9728732974228008,1
phishtank,1,0.9927192881897514,1
tranco_benign_proxy,0,0.6673938315875738,0
tranco_benign_proxy,0,0.008622914273077794,0
tranco_benign_proxy,0,0.9838866738995308,1
phishtank,1,0.08635337210936159,0
phishtank,1,0.9982013773958536,1
phishtank,1,0.9949713047355953,1
phishtank,1,0.9743991645970587,1
phishtank,1,0.9987498284252873,1
phishtank,1,0.9998293550018152,1
tranco_benign_proxy,0,0.11142777706849856,0
tranco_benign_proxy,0,0.1273926201616194,0
tranco_benign_proxy,0,0.12377939958445554,0
phishtank,1,0.9274947559417224,1
phishtank,1,0.9977157896373754,1
tranco_benign_proxy,0,0.6127448485670897,0
phishtank,1,0.9640063941852319,1
tranco_benign_proxy,0,0.1403551123674015,0
tranco_benign_proxy,0,0.3494620111515551,0
phishtank,1,0.9964284568762147,1
phishtank,1,0.9809281747472461,1
phishtank,1,0.9965911123374444,1
phishtank,1,0.9963913212287553,1
tranco_benign_proxy,0,0.23506708742198884,0
phishtank,1,0.9669585211636295,1
phishtank,1,0.9998575016843807,1
tranco_benign_proxy,0,0.20371013315873518,0
phishtank,1,0.999098825187818,1
tranco_benign_proxy,0,0.5174625962134335,0
tranco_benign_proxy,0,0.22318966015844496,0
phishtank,1,0.11569703118748514,0
tranco_benign_proxy,0,0.021855529028875876,0
tranco_benign_proxy,0,0.08505753257456085,0
phishtank,1,0.9998114932018612,1
tranco_benign_proxy,0,0.1850636007283795,0
phishtank,1,0.9935740264398577,1
tranco_benign_proxy,0,0.8166579266308387,1
tranco_benign_proxy,0,0.1346984082721401,0
phishtank,1,0.30911013035734775,0
phishtank,1,0.9995565986321671,1
tranco_benign_proxy,0,0.2617808059645639,0
tranco_benign_proxy,0,0.8161702335978562,1
phishtank,1,0.9990317312891099,1
tranco_benign_proxy,0,0.418235779608322,0
phishtank,1,0.9992662338606717,1
phishtank,1,0.9995043189865452,1
phishtank,1,0.9158389558412727,1
phishtank,1,0.99928735894837,1
tranco_benign_proxy,0,0.19859203876582665,0
phishtank,1,0.7672947459128019,1
tranco_benign_proxy,0,0.9567660398360419,1
tranco_benign_proxy,0,0.14588413327933566,0
phishtank,1,0.9577198007443782,1
tranco_benign_proxy,0,0.9921852953194824,1
phishtank,1,0.872025827095237,1
tranco_benign_proxy,0,0.3648868309691587,0
phishtank,1,0.9990559874303178,1
phishtank,1,0.9932067673295032,1
phishtank,1,0.8750725668776926,1
tranco_benign_proxy,0,0.5733460480301988,0
phishtank,1,0.9912160268959832,1
phishtank,1,0.926104579509271,1
tranco_benign_proxy,0,0.30557232709786236,0
phishtank,1,0.7814207039602903,1
phishtank,1,0.4803158384772088,0
phishtank,1,0.9917093797471738,1
phishtank,1,0.9992696579283527,1
tranco_benign_proxy,0,0.9690255296583007,1
phishtank,1,0.9999448253652696,1
tranco_benign_proxy,0,0.07170809950434334,0
tranco_benign_proxy,0,0.0692777091721024,0
phishtank,1,0.9273089540494031,1
tranco_benign_proxy,0,0.3380801470016583,0
phishtank,1,0.9942835990626936,1
tranco_benign_proxy,0,0.05236522432158971,0
tranco_benign_proxy,0,0.6180630502326434,0
phishtank,1,0.9859949586738712,1
tranco_benign_proxy,0,0.39349857101375924,0
phishtank,1,0.9997913299329025,1
phishtank,1,0.9996671028842227,1
tranco_benign_proxy,0,0.4495161910367809,0
tranco_benign_proxy,0,0.45542603903649687,0
phishtank,1,0.9692170623058018,1
tranco_benign_proxy,0,0.1391704651917589,0
tranco_benign_proxy,0,0.43291476169190507,0
phishtank,1,0.9609007324071226,1
tranco_benign_proxy,0,0.724689471808947,1
phishtank,1,0.9996363732164,1
phishtank,1,0.9951911442200738,1
phishtank,1,0.9722005148037758,1
phishtank,1,0.9774487755099444,1
tranco_benign_proxy,0,0.5524563528736431,0
phishtank,1,0.9936202584695191,1
phishtank,1,0.9976851427995342,1
tranco_benign_proxy,0,0.4723106002976119,0
phishtank,1,0.82028788402208,1
tranco_benign_proxy,0,0.9597994405116211,1
tranco_benign_proxy,0,0.4859122825699812,0
phishtank,1,0.9146007524613159,1
tranco_benign_proxy,0,0.1855186982350685,0
tranco_benign_proxy,0,0.030352063392941598,0
phishtank,1,0.575136644665956,0
tranco_benign_proxy,0,0.06175787938065771,0
phishtank,1,0.9975310028129811,1
tranco_benign_proxy,0,0.23351689703920217,0
tranco_benign_proxy,0,0.6548082621102164,0
tranco_benign_proxy,0,0.5810477068182978,0
phishtank,1,0.9699914463367948,1
tranco_benign_proxy,0,0.22450890655413003,0
phishtank,1,0.9998930103280728,1
phishtank,1,0.9465372982484497,1
tranco_benign_proxy,0,0.36679832586391803,0
phishtank,1,0.9915178601041454,1
phishtank,1,0.9706266956487707,1
phishtank,1,0.9989381460924025,1
phishtank,1,0.9415712262734396,1
phishtank,1,0.9976066126084624,1
tranco_benign_proxy,0,0.3576549355412305,0
phishtank,1,0.9924750436370358,1
tranco_benign_proxy,0,0.11770538771070604,0
tranco_benign_proxy,0,0.1415282590770495,0
tranco_benign_proxy,0,0.06121665152265871,0
tranco_benign_proxy,0,0.8391090066980267,1
tranco_benign_proxy,0,0.1579467125406988,0
tranco_benign_proxy,0,0.5258085298595213,0
phishtank,1,0.9066871227829412,1
tranco_benign_proxy,0,0.31228244569818064,0
tranco_benign_proxy,0,0.06193254089957189,0
tranco_benign_proxy,0,0.5741477492401938,0
phishtank,1,0.5487035738815412,0
phishtank,1,0.9284791560647011,1
phishtank,1,0.9998357987422656,1
phishtank,1,0.9434425825401186,1
phishtank,1,0.9998613113553548,1
tranco_benign_proxy,0,0.4820852960677442,0
tranco_benign_proxy,0,0.7503376401980136,1
tranco_benign_proxy,0,0.2696802004188852,0
phishtank,1,0.9960226421248841,1
phishtank,1,0.9981029653060955,1
phishtank,1,0.9970493045666062,1
phishtank,1,0.9996608230078997,1
phishtank,1,0.956131752212569,1
phishtank,1,0.942527601085579,1
tranco_benign_proxy,0,0.04003324412673229,0
phishtank,1,0.9788939569442378,1
phishtank,1,0.9992016088504229,1
tranco_benign_proxy,0,0.7681151603261699,1
phishtank,1,0.9997975237803677,1
tranco_benign_proxy,0,0.021833259035647597,0
tranco_benign_proxy,0,0.006898097930290601,0
tranco_benign_proxy,0,0.9194093972807137,1
phishtank,1,0.9996279365741586,1
phishtank,1,0.9970539582125638,1
tranco_benign_proxy,0,0.18516086032146703,0
phishtank,1,0.9912316879688157,1
tranco_benign_proxy,0,0.056640827439228214,0
phishtank,1,0.9934466911981317,1
tranco_benign_proxy,0,0.1423794492316442,0
phishtank,1,0.9974528523721974,1
tranco_benign_proxy,0,0.14696299779585453,0
tranco_benign_proxy,0,0.363322820960422,0
phishtank,1,0.26295870737307253,0
phishtank,1,0.9997748688645421,1
tranco_benign_proxy,0,0.9083246999553078,1
tranco_benign_proxy,0,0.11007177621950563,0
phishtank,1,0.9977047740790685,1
phishtank,1,0.9995386296804207,1
phishtank,1,0.9590546988955124,1
tranco_benign_proxy,0,0.7562820599801887,1
tranco_benign_proxy,0,0.08274159915358731,0
tranco_benign_proxy,0,0.3510299782655153,0
tranco_benign_proxy,0,0.18745842321573644,0
phishtank,1,0.9374153594834574,1
phishtank,1,0.9772671950552557,1
tranco_benign_proxy,0,0.12130852845275994,0
tranco_benign_proxy,0,0.7790439550949568,1
tranco_benign_proxy,0,0.7314387509479802,1
tranco_benign_proxy,0,0.17035467225388537,0
phishtank,1,0.9990369560475216,1
tranco_benign_proxy,0,0.3709870911932346,0
phishtank,1,0.9970764986314408,1
tranco_benign_proxy,0,0.08913360441559982,0
tranco_benign_proxy,0,0.22228079599847705,0
tranco_benign_proxy,0,0.2472498632370819,0
phishtank,1,0.9969428601463894,1
tranco_benign_proxy,0,0.03798467782410274,0
phishtank,1,0.8097925647365616,1
phishtank,1,0.9790384434188987,1
tranco_benign_proxy,0,0.5410615698139923,0
phishtank,1,0.9853965524767974,1
phishtank,1,0.9810080210591074,1
phishtank,1,0.9661082061108185,1
tranco_benign_proxy,0,0.5766127695565778,0
phishtank,1,0.8665311638065283,1
phishtank,1,0.7050392947533383,1
phishtank,1,0.9508935548091618,1
tranco_benign_proxy,0,0.22756547130658875,0
tranco_benign_proxy,0,0.17328072951369847,0
tranco_benign_proxy,0,0.8470229896923132,1
tranco_benign_proxy,0,0.056034302147690174,0
tranco_benign_proxy,0,0.8607101814111644,1
tranco_benign_proxy,0,0.25880933732712197,0
phishtank,1,0.995035654983586,1
tranco_benign_proxy,0,0.10283334884974402,0
phishtank,1,0.9808080791437984,1
phishtank,1,0.9992966741756497,1
tranco_benign_proxy,0,0.14091209656021284,0
phishtank,1,0.9990945443417705,1
phishtank,1,0.9926451422610306,1
phishtank,1,0.9920420807133764,1
phishtank,1,0.9843568584177553,1
phishtank,1,0.838936718425484,1
phishtank,1,0.9800927918577939,1
tranco_benign_proxy,0,0.5450218209628095,0
phishtank,1,0.9975409770183724,1
tranco_benign_proxy,0,0.089951257008541,0
phishtank,1,0.9621282351879831,1
phishtank,1,0.9861027573216212,1
phishtank,1,0.9912376679911722,1
phishtank,1,0.999446881133939,1
tranco_benign_proxy,0,0.9644514756862805,1
tranco_benign_proxy,0,0.04380352568329783,0
tranco_benign_proxy,0,0.2513413363143335,0
phishtank,1,0.9725336535955412,1
phishtank,1,0.9995277400925265,1
phishtank,1,0.9988341591325892,1
tranco_benign_proxy,0,0.8176401714627884,1
phishtank,1,0.999095064280026,1
tranco_benign_proxy,0,0.6973221132630172,0
tranco_benign_proxy,0,0.13744961492505733,0
phishtank,1,0.44882451266258716,0
tranco_benign_proxy,0,0.07898350973389386,0
phishtank,1,0.9732621676447865,1
phishtank,1,0.4208412760931066,0
phishtank,1,0.9793497828631189,1
tranco_benign_proxy,0,0.9977662964194076,1
phishtank,1,0.985175569822258,1
phishtank,1,0.9992594703639442,1
phishtank,1,0.9946199416325351,1
phishtank,1,0.8091089636863901,1
phishtank,1,0.8042173696786645,1
phishtank,1,0.9877733332442628,1
tranco_benign_proxy,0,0.44935365330369614,0
phishtank,1,0.9998713194737134,1
tranco_benign_proxy,0,0.9446944626068788,1
tranco_benign_proxy,0,0.18343925963756155,0
phishtank,1,0.9640525212915576,1
tranco_benign_proxy,0,0.1465848146709088,0
phishtank,1,0.9981139998227709,1
tranco_benign_proxy,0,0.989566924096421,1
phishtank,1,0.9485881248238112,1
phishtank,1,0.9887194035175727,1
phishtank,1,0.9930093112184283,1
phishtank,1,0.998778160078663,1
phishtank,1,0.9858999230193385,1
tranco_benign_proxy,0,0.034934680508607104,0
phishtank,1,0.9930138523191718,1
phishtank,1,0.963459874749654,1
tranco_benign_proxy,0,0.6063961860155689,0
tranco_benign_proxy,0,0.6393881288534259,0
phishtank,1,0.9713334405677294,1
phishtank,1,0.2988634290081917,0
tranco_benign_proxy,0,0.6748211403229151,0
tranco_benign_proxy,0,0.09844239375318203,0
phishtank,1,0.9961391976319861,1
tranco_benign_proxy,0,0.10646024061907917,0
phishtank,1,0.9957340977862642,1
phishtank,1,0.999853554467488,1
tranco_benign_proxy,0,0.09975274299241928,0
tranco_benign_proxy,0,0.02737315906000252,0
tranco_benign_proxy,0,0.24136519010497193,0
phishtank,1,0.9957650578196429,1
tranco_benign_proxy,0,0.1392455812572035,0
phishtank,1,0.9995686308393368,1
tranco_benign_proxy,0,0.4811994904983046,0
phishtank,1,0.9994293924567773,1
tranco_benign_proxy,0,0.02859969394748132,0
phishtank,1,0.9972988682266816,1
phishtank,1,0.9779253979608539,1
tranco_benign_proxy,0,0.2689748554839756,0
tranco_benign_proxy,0,0.7867703400288291,1
phishtank,1,0.4764961222721176,0
tranco_benign_proxy,0,0.2728738897376597,0
tranco_benign_proxy,0,0.22791350625164417,0
tranco_benign_proxy,0,0.6180324349835769,0
phishtank,1,0.9255645958705133,1
tranco_benign_proxy,0,0.11044179814739573,0
tranco_benign_proxy,0,0.6752730990517778,0
phishtank,1,0.9780269919554777,1
tranco_benign_proxy,0,0.1026575493447482,0
tranco_benign_proxy,0,0.07429481230739278,0
tranco_benign_proxy,0,0.019641368506384177,0
tranco_benign_proxy,0,0.12072792300373,0
tranco_benign_proxy,0,0.35661972070073344,0
tranco_benign_proxy,0,0.2588757451451603,0
phishtank,1,0.9985604594118667,1
phishtank,1,0.9949229697639086,1
phishtank,1,0.7261472439972312,1
tranco_benign_proxy,0,0.07079782699848511,0
phishtank,1,0.995335116678568,1
phishtank,1,0.9861802319435733,1
phishtank,1,0.9992926404831262,1
tranco_benign_proxy,0,0.5285025494854014,0
phishtank,1,0.9901793514954289,1
phishtank,1,0.22205984338312643,0
tranco_benign_proxy,0,0.12884028086540844,0
phishtank,1,0.9883190442279517,1
tranco_benign_proxy,0,0.8878262164628616,1
tranco_benign_proxy,0,0.05859014116111684,0
phishtank,1,0.7907167184049015,1
tranco_benign_proxy,0,0.1824916467198792,0
tranco_benign_proxy,0,0.294313467841009,0
tranco_benign_proxy,0,0.20199255491631152,0
tranco_benign_proxy,0,0.032599648382019564,0
phishtank,1,0.9999165573568056,1
phishtank,1,0.9958066963439385,1
phishtank,1,0.9947757476332244,1
phishtank,1,0.99253455777265,1
phishtank,1,0.9981265232587129,1
tranco_benign_proxy,0,0.6771195125805699,0
phishtank,1,0.9645475932388594,1
tranco_benign_proxy,0,0.06388656335609467,0
phishtank,1,0.9991133667023617,1
tranco_benign_proxy,0,0.17218004553540317,0
tranco_benign_proxy,0,0.029557378726771538,0
tranco_benign_proxy,0,0.9806846290118534,1
tranco_benign_proxy,0,0.16184195084772518,0
tranco_benign_proxy,0,0.07449553632274984,0
phishtank,1,0.9907486044964985,1
tranco_benign_proxy,0,0.14176112384456327,0
tranco_benign_proxy,0,0.08879405553413071,0
tranco_benign_proxy,0,0.18765240763717425,0
phishtank,1,0.9583602025773066,1
tranco_benign_proxy,0,0.14091096207990148,0
tranco_benign_proxy,0,0.35534091821418345,0
phishtank,1,0.9987937792855115,1
phishtank,1,0.9991210219954775,1
tranco_benign_proxy,0,0.9340162654985862,1
tranco_benign_proxy,0,0.0006625600111459958,0
tranco_benign_proxy,0,0.7760674396546673,1
tranco_benign_proxy,0,0.0227346826619907,0
tranco_benign_proxy,0,0.035877183245841625,0
tranco_benign_proxy,0,0.38579327027039745,0
tranco_benign_proxy,0,0.10057556003419348,0
phishtank,1,0.9819664861548668,1
phishtank,1,0.9765497853322842,1
tranco_benign_proxy,0,0.5785730670290706,0
tranco_benign_proxy,0,0.035092676702601966,0
tranco_benign_proxy,0,0.19720976573701396,0
tranco_benign_proxy,0,0.18038569585976025,0
tranco_benign_proxy,0,0.30088417952371493,0
phishtank,1,0.9818136420405539,1
phishtank,1,0.9996804754287932,1
phishtank,1,0.9660729525488332,1
phishtank,1,0.9998881679649281,1
phishtank,1,0.9945351587828052,1
phishtank,1,0.38307363588369675,0
phishtank,1,0.9966922035938711,1
tranco_benign_proxy,0,0.37969150700354104,0
tranco_benign_proxy,0,0.3062603497096937,0
tranco_benign_proxy,0,0.09348402707388957,0
tranco_benign_proxy,0,0.8241539964892542,1
phishtank,1,0.9988831247787017,1
phishtank,1,0.9039965858979002,1
tranco_benign_proxy,0,0.5335152563956872,0
phishtank,1,0.9711356417437268,1
tranco_benign_proxy,0,0.7125103085901574,1
tranco_benign_proxy,0,0.0835830078598647,0
phishtank,1,0.9977040295149426,1
tranco_benign_proxy,0,0.7187564595917899,1
phishtank,1,0.9736843782135868,1
phishtank,1,0.9901943708474832,1
tranco_benign_proxy,0,0.9861078817211175,1
phishtank,1,0.9673953727698829,1
phishtank,1,0.7783819695351504,1
tranco_benign_proxy,0,0.05667845218982978,0
phishtank,1,0.9862445326828035,1
phishtank,1,0.9999418104734678,1
tranco_benign_proxy,0,0.535596212622132,0
phishtank,1,0.9884685453157014,1
tranco_benign_proxy,0,0.7941099028293493,1
phishtank,1,0.09367359104627716,0
phishtank,1,0.9629112747412032,1
phishtank,1,0.9898568684062665,1
tranco_benign_proxy,0,0.793454720194365,1
phishtank,1,0.8419022447997552,1
tranco_benign_proxy,0,0.7904534773920152,1
phishtank,1,0.9989397965370478,1
phishtank,1,0.9995963530447044,1
phishtank,1,0.9976185654254364,1
tranco_benign_proxy,0,0.7012527943788758,1
tranco_benign_proxy,0,0.019098967422605372,0
phishtank,1,0.9457794261248629,1
tranco_benign_proxy,0,0.10803290479607318,0
tranco_benign_proxy,0,0.12658982983916556,0
tranco_benign_proxy,0,0.16629430405129764,0
phishtank,1,0.9856298782108488,1
phishtank,1,0.9847499692756898,1
tranco_benign_proxy,0,0.7583765963387936,1
phishtank,1,0.8384601172484485,1
phishtank,1,0.9958913462511617,1
tranco_benign_proxy,0,0.3169938954376496,0
phishtank,1,0.9971006367311279,1
tranco_benign_proxy,0,0.9381935331344555,1
tranco_benign_proxy,0,0.03675109621419677,0
tranco_benign_proxy,0,0.058602809146157835,0
phishtank,1,0.9955782949931168,1
phishtank,1,0.9964365276008899,1
tranco_benign_proxy,0,0.03625282338415906,0
phishtank,1,0.9329829971539962,1
tranco_benign_proxy,0,0.018238569475808052,0
phishtank,1,0.9415267750471725,1
phishtank,1,0.9875632750048012,1
tranco_benign_proxy,0,0.3265913726504788,0
tranco_benign_proxy,0,0.5780504625536451,0
tranco_benign_proxy,0,0.49211707497745877,0
phishtank,1,0.9125086158886969,1
phishtank,1,0.6752784083783884,0
phishtank,1,0.9997249671329851,1
phishtank,1,0.9923703957248,1
tranco_benign_proxy,0,0.05602038180970214,0
phishtank,1,0.9901704295487673,1
phishtank,1,0.44441885336291836,0
phishtank,1,0.999235612227186,1
phishtank,1,0.9895766695093479,1
phishtank,1,0.9716524906859245,1
tranco_benign_proxy,0,0.016718491677765332,0
tranco_benign_proxy,0,0.7543389555225106,1
tranco_benign_proxy,0,0.7537566318024633,1
tranco_benign_proxy,0,0.09682179018161341,0
phishtank,1,0.9935276350427926,1
phishtank,1,0.9950936892945151,1
phishtank,1,0.997227259784549,1
phishtank,1,0.9944041429554367,1
tranco_benign_proxy,0,0.7215245300678398,1
tranco_benign_proxy,0,0.18486625011936547,0
tranco_benign_proxy,0,0.4222724289954847,0
phishtank,1,0.9997887567953251,1
tranco_benign_proxy,0,0.07563981078701314,0
tranco_benign_proxy,0,0.7922172020391383,1
tranco_benign_proxy,0,0.14059579774055878,0
phishtank,1,0.3080788646732641,0
phishtank,1,0.9773646556484501,1
phishtank,1,0.9094797673677211,1
phishtank,1,0.9986111377385305,1
phishtank,1,0.47208045387136804,0
tranco_benign_proxy,0,0.23226171031516238,0
phishtank,1,0.9291304224383244,1
tranco_benign_proxy,0,0.049877022803450036,0
tranco_benign_proxy,0,0.07950706217658456,0
phishtank,1,0.9537616019977456,1
tranco_benign_proxy,0,0.1794730195195016,0
tranco_benign_proxy,0,0.32144151423365375,0
tranco_benign_proxy,0,0.769378163874412,1
phishtank,1,0.10156429130897995,0
tranco_benign_proxy,0,0.1606122062727331,0
tranco_benign_proxy,0,0.09016803742118341,0
phishtank,1,0.9992967609153073,1
phishtank,1,0.9633716202478023,1
tranco_benign_proxy,0,0.4277950080052108,0
tranco_benign_proxy,0,0.0018145568176303308,0
tranco_benign_proxy,0,0.9277056436028565,1
phishtank,1,0.9919338804024463,1
tranco_benign_proxy,0,0.8671255197400543,1
phishtank,1,0.9862892249800186,1
tranco_benign_proxy,0,0.6184236468293889,0
phishtank,1,0.9546603336247725,1
phishtank,1,0.9365622615738596,1
tranco_benign_proxy,0,0.002767029234563392,0
tranco_benign_proxy,0,0.1776993789803269,0
phishtank,1,0.6539918207679616,0
phishtank,1,0.9244919791080436,1
tranco_benign_proxy,0,0.22886816281621378,0
tranco_benign_proxy,0,0.14428990064397693,0
tranco_benign_proxy,0,0.1962121263854492,0
phishtank,1,0.9639225976370297,1
phishtank,1,0.9595683543937596,1
phishtank,1,0.8527943327242781,1
tranco_benign_proxy,0,0.07748190555905643,0
tranco_benign_proxy,0,0.12153601920006382,0
phishtank,1,0.9999644058022784,1
tranco_benign_proxy,0,0.021400505763542108,0
phishtank,1,0.978163153306122,1
phishtank,1,0.9999539386155473,1
phishtank,1,0.9996428861362985,1
tranco_benign_proxy,0,0.33608541141915527,0
tranco_benign_proxy,0,0.9874375065783696,1
tranco_benign_proxy,0,0.04590805935140168,0
phishtank,1,0.1414138500523037,0
phishtank,1,0.9053951778940813,1
tranco_benign_proxy,0,0.940823115990582,1
phishtank,1,0.20318526758386085,0
tranco_benign_proxy,0,0.04486407550567666,0
phishtank,1,0.9987003872032059,1
tranco_benign_proxy,0,0.051166595796259144,0
tranco_benign_proxy,0,0.08006060577722021,0
tranco_benign_proxy,0,0.4906888475013279,0
tranco_benign_proxy,0,0.9845083879812955,1
tranco_benign_proxy,0,0.43256129187153297,0
tranco_benign_proxy,0,0.6573361488786742,0
tranco_benign_proxy,0,0.8632029709582257,1
phishtank,1,0.9999417576082802,1
phishtank,1,0.32659261038391457,0
phishtank,1,0.9244088575514415,1
phishtank,1,0.8940189831978381,1
phishtank,1,0.9993496826391571,1
phishtank,1,0.9983543543238372,1
phishtank,1,0.9839248379163092,1
tranco_benign_proxy,0,0.06394074553894998,0
phishtank,1,0.935276719434278,1
tranco_benign_proxy,0,0.2087759476777249,0
tranco_benign_proxy,0,0.009082128387296579,0
phishtank,1,0.9775587625695351,1
tranco_benign_proxy,0,0.15762765642539675,0
phishtank,1,0.9265832328556121,1
phishtank,1,0.9965833158730977,1
phishtank,1,0.9991384637656922,1
phishtank,1,0.04276946360034095,0
phishtank,1,0.9538309367112842,1
phishtank,1,0.999720443546607,1
tranco_benign_proxy,0,0.027636711966997646,0
tranco_benign_proxy,0,0.2855515783836451,0
phishtank,1,0.9392867179819947,1
tranco_benign_proxy,0,0.17261715983622386,0
tranco_benign_proxy,0,0.830031530580254,1
tranco_benign_proxy,0,0.46383501314253606,0
phishtank,1,0.9924155070386339,1
tranco_benign_proxy,0,0.2169206186101394,0
phishtank,1,0.942788239220086,1
tranco_benign_proxy,0,0.5349364690454659,0
tranco_benign_proxy,0,0.5621410159929049,0
phishtank,1,0.8971310818778805,1
phishtank,1,0.9982096898940748,1
tranco_benign_proxy,0,0.042510260713445484,0
phishtank,1,0.994242899365421,1
phishtank,1,0.9941240862349703,1
tranco_benign_proxy,0,0.1608172517425014,0
phishtank,1,0.216356713679794,0
phishtank,1,0.9546226265049209,1
phishtank,1,0.9362454031662805,1
tranco_benign_proxy,0,0.5420964589180022,0
tranco_benign_proxy,0,0.04351689290386292,0
phishtank,1,0.998824569214061,1
phishtank,1,0.9997854353301044,1
tranco_benign_proxy,0,0.2724409759778024,0
phishtank,1,0.9937559872792456,1
tranco_benign_proxy,0,0.08200967609449573,0
phishtank,1,0.994340214477865,1
tranco_benign_proxy,0,0.960338892183714,1
tranco_benign_proxy,0,0.4226878224153691,0
tranco_benign_proxy,0,0.05358773222264754,0
tranco_benign_proxy,0,0.2521380101160162,0
tranco_benign_proxy,0,0.7784597058485156,1
phishtank,1,0.9981123938611522,1
phishtank,1,0.9694885462088417,1
phishtank,1,0.19074650832415652,0
tranco_benign_proxy,0,0.5173752776344775,0
tranco_benign_proxy,0,0.134402857023008,0
phishtank,1,0.9744326763157117,1
tranco_benign_proxy,0,0.1451104566000517,0
tranco_benign_proxy,0,0.602080386965421,0
phishtank,1,0.9769729465731969,1
tranco_benign_proxy,0,0.06308470589886976,0
tranco_benign_proxy,0,0.8012762572929127,1
phishtank,1,0.9992139685040112,1
tranco_benign_proxy,0,0.1738344678371317,0
tranco_benign_proxy,0,0.13707954139351097,0
phishtank,1,0.970483111979137,1
tranco_benign_proxy,0,0.19238818465474256,0
tranco_benign_proxy,0,0.00547794528363987,0
tranco_benign_proxy,0,0.021533569755740094,0
tranco_benign_proxy,0,0.02147897122225672,0
phishtank,1,0.9980249388123414,1
tranco_benign_proxy,0,0.4204701480445944,0
phishtank,1,0.9988408732105412,1
phishtank,1,0.9988614578585618,1
tranco_benign_proxy,0,0.23463692129046,0
phishtank,1,0.9646135499763501,1
tranco_benign_proxy,0,0.6309109264235803,0
phishtank,1,0.9992766836707262,1
tranco_benign_proxy,0,0.46484652504494317,0
phishtank,1,0.8942257364958159,1
phishtank,1,0.9858426197086487,1
tranco_benign_proxy,0,0.12391655163683298,0
phishtank,1,0.9712339673303787,1
phishtank,1,0.9794966150059476,1
tranco_benign_proxy,0,0.25433403239864477,0
phishtank,1,0.9965108906717937,1
tranco_benign_proxy,0,0.2188293287026026,0
tranco_benign_proxy,0,0.9923742591894305,1
phishtank,1,0.9818522820329442,1
tranco_benign_proxy,0,0.28223121775331633,0
tranco_benign_proxy,0,0.7091587521411536,1
phishtank,1,0.9260400421265365,1
tranco_benign_proxy,0,0.8407573023442577,1
phishtank,1,0.3471688747425981,0
tranco_benign_proxy,0,0.5493925672448521,0
phishtank,1,0.9842774636529775,1
phishtank,1,0.9985263853926967,1
tranco_benign_proxy,0,0.7247109112314754,1
phishtank,1,0.9955228976869073,1
phishtank,1,0.9987196609638173,1
phishtank,1,0.9880109540912929,1
tranco_benign_proxy,0,0.376611679847205,0
tranco_benign_proxy,0,0.20148815644473794,0
phishtank,1,0.9999871767143819,1
tranco_benign_proxy,0,0.4207234891480327,0
tranco_benign_proxy,0,0.1325557935607214,0
tranco_benign_proxy,0,0.48958388796826136,0
tranco_benign_proxy,0,0.7979904714514945,1
phishtank,1,0.9642625403484102,1
tranco_benign_proxy,0,0.7876479791148873,1
phishtank,1,0.9686469532398634,1
phishtank,1,0.995928431832819,1
tranco_benign_proxy,0,0.19025685248182925,0
tranco_benign_proxy,0,0.921418220115187,1
tranco_benign_proxy,0,0.26352680150395114,0
tranco_benign_proxy,0,0.34617982055673757,0
phishtank,1,0.973384249549817,1
tranco_benign_proxy,0,0.2510868913682004,0
tranco_benign_proxy,0,0.007397228719438119,0
tranco_benign_proxy,0,0.00608398895565353,0
tranco_benign_proxy,0,0.986068387768732,1
tranco_benign_proxy,0,0.0953238472353581,0
tranco_benign_proxy,0,0.9756681620001615,1
tranco_benign_proxy,0,0.041012105205565925,0
tranco_benign_proxy,0,0.1636727277885463,0
tranco_benign_proxy,0,0.126188228439589,0
phishtank,1,0.9994972885788144,1
tranco_benign_proxy,0,0.12934746752557713,0
tranco_benign_proxy,0,0.11644699003973247,0
tranco_benign_proxy,0,0.11752123798240999,0
phishtank,1,0.9987923151567083,1
phishtank,1,0.9999433534053438,1
tranco_benign_proxy,0,0.6325907705109378,0
tranco_benign_proxy,0,0.10784186752907704,0
tranco_benign_proxy,0,0.08119458945727619,0
tranco_benign_proxy,0,0.00557779243608105,0
phishtank,1,0.37839163722813146,0
tranco_benign_proxy,0,0.056899214108397884,0
phishtank,1,0.9963353922098884,1
phishtank,1,0.9958201228440604,1
phishtank,1,0.9975809490054813,1
tranco_benign_proxy,0,0.32459109375534345,0
tranco_benign_proxy,0,0.38418937175311424,0
phishtank,1,0.9906780957301011,1
phishtank,1,0.9758762848743552,1
tranco_benign_proxy,0,0.33464078428215893,0
tranco_benign_proxy,0,0.9319528463483483,1
tranco_benign_proxy,0,0.9906273657153507,1
tranco_benign_proxy,0,0.06107521285034976,0
phishtank,1,0.9972579387624085,1
tranco_benign_proxy,0,0.6149420890089535,0
tranco_benign_proxy,0,0.26982380933547156,0
phishtank,1,0.9997265490120505,1
phishtank,1,0.40718369992493253,0
phishtank,1,0.9977802192322015,1
tranco_benign_proxy,0,0.26679636409288376,0
tranco_benign_proxy,0,0.17217026210108882,0
phishtank,1,0.24737827923723676,0
phishtank,1,0.997128579272453,1
phishtank,1,0.9977072302901165,1
tranco_benign_proxy,0,0.06539183049270153,0
phishtank,1,0.9936662036032194,1
phishtank,1,0.9909807900097318,1
tranco_benign_proxy,0,0.10669987814254969,0
phishtank,1,0.9855339712953026,1
phishtank,1,0.7504399567267958,1
tranco_benign_proxy,0,0.12074077422440553,0
tranco_benign_proxy,0,0.020974934973634098,0
tranco_benign_proxy,0,0.37756342507367446,0
phishtank,1,0.9727058697691018,1
phishtank,1,0.9851617850911275,1
phishtank,1,0.9787436908570091,1
phishtank,1,0.9998609602141378,1
tranco_benign_proxy,0,0.3438134699409671,0
phishtank,1,0.9967975827560652,1
tranco_benign_proxy,0,0.10057641139127414,0
phishtank,1,0.9986078476057809,1
tranco_benign_proxy,0,0.037593849082830776,0
phishtank,1,0.9971181496916504,1
tranco_benign_proxy,0,0.1256802667687996,0
tranco_benign_proxy,0,0.05986833649056669,0
tranco_benign_proxy,0,0.11637957111764793,0
tranco_benign_proxy,0,0.43071134004609557,0
tranco_benign_proxy,0,0.19737201941648974,0
phishtank,1,0.9425037389168195,1
phishtank,1,0.9619115231838087,1
phishtank,1,0.9779296476933335,1
phishtank,1,0.11024314929138915,0
phishtank,1,0.9678251158849412,1
phishtank,1,0.9990477644028228,1
phishtank,1,0.19162428149219524,0
phishtank,1,0.992544488650659,1
tranco_benign_proxy,0,0.9643690192604281,1
phishtank,1,0.9784596826186892,1
phishtank,1,0.9867251771231559,1
tranco_benign_proxy,0,0.34053396927154883,0
tranco_benign_proxy,0,0.7701570428454894,1
phishtank,1,0.9225921884479152,1
phishtank,1,0.999881253722703,1
phishtank,1,0.9964994853977078,1
tranco_benign_proxy,0,0.2054669821383516,0
tranco_benign_proxy,0,0.05656581575330617,0
phishtank,1,0.9982546530146635,1
phishtank,1,0.9007232791786485,1
phishtank,1,0.9999053362396332,1
tranco_benign_proxy,0,0.04833973915231757,0
phishtank,1,0.24441330896900515,0
tranco_benign_proxy,0,0.5511349646466452,0
tranco_benign_proxy,0,0.14221610840681712,0
tranco_benign_proxy,0,0.3785305750714941,0
tranco_benign_proxy,0,0.17149935261721316,0
tranco_benign_proxy,0,0.17265520106554355,0
tranco_benign_proxy,0,0.9770116543634043,1
tranco_benign_proxy,0,0.8257731002441492,1
phishtank,1,0.9179131163044074,1
tranco_benign_proxy,0,0.06200098716097746,0
phishtank,1,0.5615077331151154,0
phishtank,1,0.9964625784944556,1
phishtank,1,0.5552731863660364,0
phishtank,1,0.9995637293865994,1
phishtank,1,0.9971614410038516,1
phishtank,1,0.9888543930042516,1
phishtank,1,0.272581154799195,0
tranco_benign_proxy,0,0.39132884934245116,0
tranco_benign_proxy,0,0.3865226738215067,0
phishtank,1,0.975954966024894,1
phishtank,1,0.9269959887210552,1
phishtank,1,0.9938943730701829,1
phishtank,1,0.9947558845693444,1
tranco_benign_proxy,0,0.9800485876559429,1
phishtank,1,0.9968663315622166,1
tranco_benign_proxy,0,0.3794143325533051,0
phishtank,1,0.9968682371174844,1
phishtank,1,0.9903164404275521,1
tranco_benign_proxy,0,0.19554477109044782,0
phishtank,1,0.7531604216332711,1
phishtank,1,0.9338347076847612,1
tranco_benign_proxy,0,0.24832460231200432,0
tranco_benign_proxy,0,0.015319017030541187,0
tranco_benign_proxy,0,0.07160822141260553,0
phishtank,1,0.988651065564901,1
phishtank,1,0.9978691031493512,1
tranco_benign_proxy,0,0.25483166165909343,0
tranco_benign_proxy,0,0.19317899583283654,0
tranco_benign_proxy,0,0.9846051485045548,1
phishtank,1,0.9385201777639234,1
phishtank,1,0.9902723034799636,1
phishtank,1,0.9999203214907877,1
phishtank,1,0.9998770851049534,1
tranco_benign_proxy,0,0.6534285048620988,0
phishtank,1,0.9843441509809816,1
phishtank,1,0.9896971862315872,1
phishtank,1,0.5074262587484129,0
tranco_benign_proxy,0,0.19021015246192616,0
phishtank,1,0.9633101761141587,1
tranco_benign_proxy,0,0.2965117486164618,0
tranco_benign_proxy,0,0.0076041720329123865,0
phishtank,1,0.9976989952580602,1
tranco_benign_proxy,0,0.3130311829843862,0
phishtank,1,0.9977436807794733,1
tranco_benign_proxy,0,0.8491454897866223,1
phishtank,1,0.991991166786823,1
phishtank,1,0.9863737423122783,1
phishtank,1,0.9987094847056982,1
phishtank,1,0.9993403672295721,1
tranco_benign_proxy,0,0.6064167528949546,0
tranco_benign_proxy,0,0.5826651314600763,0
